{
"metadata": {
    "version": {
        "essentia": "2.0.1",
        "extractor": "archive-music 1.0 mod ismir14"
    },
    "audio_properties": {
        "analysis_sample_rate": 44100,
        "bitrate": 32,
        "channels": 2,
        "equal_loudness": 0,
        "length": 30.0408172607,
        "replay_gain": -9.60221099854,
        "downmix": "mix"
    },
    "tags": {
        "track": 0,
        "year": 0,
        "album": "",
        "artist": "",
        "comment": "",
        "genre": "",
        "title": ""
    }
},
"rhythm": {
    "bpm": 172.265594482,
    "bpm_histogram_first_peak": 172,
    "bpm_histogram_first_peak_spread": 0,
    "bpm_histogram_first_peak_weight": 0.529411792755,
    "bpm_histogram_second_peak": 178,
    "bpm_histogram_second_peak_spread": 0,
    "bpm_histogram_second_peak_weight": 0.258823543787
},
"tonal": {
    "tuning_frequency": {
        "dmean": 0.0248527992517,
        "dmean2": 0.040629889816,
        "dvar": 0.0525266639888,
        "dvar2": 0.0911185368896,
        "max": 436.708374023,
        "mean": 434.260498047,
        "median": 434.193115234,
        "min": 434.193115234,
        "var": 0.156831666827
    },
    "hpcp": {
        "dmean": [0.120725736022, 0.201753214002, 0.187046870589, 0.278452605009, 0.0464852191508, 0.146833851933, 0.158828258514, 0.279618114233, 0.0954426601529, 0.104496747255, 0.261378675699, 0.0822212100029],
        "dmean2": [0.215543925762, 0.372979581356, 0.323644399643, 0.488232254982, 0.0852287337184, 0.259212732315, 0.280193179846, 0.495252609253, 0.17132781446, 0.18156735599, 0.473461091518, 0.146609455347],
        "dvar": [0.0467636249959, 0.0710585713387, 0.0568674094975, 0.110387481749, 0.0152176851407, 0.0741917937994, 0.0833716243505, 0.118373833597, 0.041137367487, 0.0412112697959, 0.0949284210801, 0.0207721479237],
        "dvar2": [0.119747757912, 0.151787638664, 0.1496065557, 0.254212379456, 0.044382084161, 0.16699308157, 0.186201900244, 0.312311530113, 0.115960590541, 0.10877263546, 0.192638069391, 0.0594420284033],
        "max": [1, 1, 1, 1, 0.814082860947, 1, 1, 1, 1, 1, 1, 1],
        "mean": [0.100297749043, 0.237884193659, 0.171105414629, 0.396197229624, 0.0356988273561, 0.149629041553, 0.183217525482, 0.234582230449, 0.0685190185905, 0.081726141274, 0.382259964943, 0.0681133717299],
        "median": [0.0285740755498, 0.1062162444, 0.0733844786882, 0.174262702465, 0.00689158216119, 0.0302220042795, 0.0110107716173, 0.0483951792121, 0.0122480774298, 0.0171631686389, 0.185172662139, 0.0230479035527],
        "min": [0.000801503192633, 0.00326457922347, 0.00102146051358, 0.000124704456539, 9.44945277297e-05, 0.000689752167091, 8.58899293235e-05, 0.000289293529931, 0.000337615434546, 0.000164072349435, 0.00023773117573, 0.000426415266702],
        "var": [0.0391568243504, 0.100702673197, 0.0580821596086, 0.170357629657, 0.0100479125977, 0.0846422165632, 0.114744774997, 0.119558043778, 0.0297223106027, 0.0327960886061, 0.153320640326, 0.0156394708902]
    }
},
"lowlevel": {
    "melbands": {
        "dmean": [3.20156772204e-07, 1.42940752994e-05, 1.8031538275e-05, 0.000198402936803, 0.000154989756993, 7.97833854449e-05, 3.80834426323e-05, 3.29425201926e-05, 2.10191392398e-05, 1.55875077326e-05, 1.37997503771e-05, 9.0056037152e-06, 1.37968263516e-05, 5.20369667356e-06, 4.43648468718e-06, 3.1692416087e-06, 6.9598168011e-06, 2.83234157905e-06, 3.79849620913e-06, 8.65472998157e-07, 1.10761607175e-06, 9.66399511526e-07, 6.93140975727e-07, 1.07234370716e-06, 2.48091123467e-06, 2.98628629025e-06, 6.525544336e-07, 3.73767534256e-07, 1.55800492507e-07, 1.09697701589e-07, 4.45859278386e-08, 7.10361680589e-09, 1.30793342823e-09, 3.41737554921e-10, 7.98170834981e-11, 3.5561865952e-11, 1.75360628796e-11, 6.05214229427e-12, 2.93368649686e-12, 1.207575164e-12],
        "dmean2": [5.01504302974e-07, 2.46785184572e-05, 2.94806104648e-05, 0.000338774640113, 0.000264415080892, 0.000137671784614, 6.56074407743e-05, 5.58454921702e-05, 3.91474131902e-05, 2.93758057524e-05, 2.62394732999e-05, 1.72598829522e-05, 2.64808477368e-05, 9.83177960734e-06, 8.33317972138e-06, 5.92984679315e-06, 1.29637019199e-05, 4.99170664625e-06, 6.89620719641e-06, 1.51350104716e-06, 1.91238837033e-06, 1.72356703843e-06, 1.24959740333e-06, 1.89436593701e-06, 4.50734796686e-06, 5.62722470931e-06, 1.15857130822e-06, 6.77533876114e-07, 2.94436574677e-07, 2.08185710449e-07, 8.79683241806e-08, 1.33823414572e-08, 2.55232213142e-09, 6.63183397087e-10, 1.48047255011e-10, 6.56249429798e-11, 3.15054198008e-11, 1.06356286625e-11, 4.83527757764e-12, 1.89339212711e-12],
        "dvar": [1.3954100733e-13, 1.56189472467e-09, 5.48451228877e-10, 2.77683113836e-07, 2.84469034995e-08, 6.29692431531e-09, 1.92485738459e-09, 2.46335907228e-09, 3.08994252407e-09, 1.16708676057e-09, 1.1953407153e-09, 6.65489607865e-10, 1.77505921073e-09, 1.51140072679e-10, 1.79353920604e-10, 4.10118154714e-11, 6.47886355676e-10, 1.98544167218e-11, 5.98634475324e-11, 1.63467763631e-12, 2.22467964189e-12, 1.69477311959e-12, 2.00030226757e-12, 2.57212610585e-12, 3.35389806205e-11, 5.77415164293e-11, 8.34276061863e-13, 4.75311955593e-13, 1.37612482715e-13, 1.26634759536e-13, 3.3294049619e-14, 5.93568290426e-16, 5.41374689316e-17, 1.60599918001e-18, 2.47258179141e-20, 9.38249562289e-21, 2.37442962237e-21, 1.46408595528e-22, 1.01709155486e-22, 2.0198245475e-23],
        "dvar2": [3.45864721411e-13, 3.22394511088e-09, 1.33699240568e-09, 7.36528591005e-07, 7.79485631597e-08, 1.7871004232e-08, 5.20701703977e-09, 5.62165780593e-09, 8.81724915303e-09, 3.55190188372e-09, 3.65532981661e-09, 1.99512650845e-09, 5.25177457078e-09, 4.45164460849e-10, 5.38538713624e-10, 1.15443057891e-10, 1.93514360092e-09, 5.62720182951e-11, 1.71632860702e-10, 4.66232000923e-12, 6.13437382488e-12, 4.86934971511e-12, 5.83576719934e-12, 7.34888712384e-12, 9.89133774887e-11, 1.72497016671e-10, 2.19877826883e-12, 1.345126701e-12, 3.88647528873e-13, 3.57898118693e-13, 9.9839238168e-14, 1.70865783697e-15, 1.60909763729e-16, 5.06991405143e-18, 7.06307165333e-20, 2.75331655156e-20, 6.70070822234e-21, 2.7886982733e-22, 1.38634074696e-22, 2.28737682093e-23],
        "max": [2.47890056926e-06, 0.000398999982281, 0.000190080827451, 0.00521923834458, 0.0011354215676, 0.000484588701511, 0.000218316883547, 0.00037858079304, 0.000372890732251, 0.000200019669137, 0.000189550803043, 0.00015436951071, 0.00031505478546, 8.20767381811e-05, 9.45599385886e-05, 5.70163065277e-05, 0.000232275007875, 3.15215438604e-05, 7.34052664484e-05, 1.19252836157e-05, 9.75945386017e-06, 7.23936682334e-06, 9.237894119e-06, 8.52352059155e-06, 3.85490056942e-05, 6.05847526458e-05, 4.32784372606e-06, 3.8015566588e-06, 2.69903216576e-06, 3.05611933982e-06, 1.63611071002e-06, 2.22860023769e-07, 6.73055495781e-08, 8.44242276088e-09, 9.94144766508e-10, 8.54328774391e-10, 4.3228520763e-10, 1.3242293373e-10, 1.28186350423e-10, 6.02415409223e-11],
        "mean": [4.69361310707e-07, 1.91519829968e-05, 2.61103232333e-05, 0.000222726186621, 0.000206184515264, 9.79510805337e-05, 3.78068943974e-05, 3.71011701645e-05, 1.64110442711e-05, 1.10836290332e-05, 1.0316866792e-05, 5.77742048335e-06, 9.8122000054e-06, 3.58123838851e-06, 3.2358077533e-06, 2.43653926191e-06, 5.27731708644e-06, 2.51363007919e-06, 3.54421490556e-06, 9.57842303251e-07, 1.10558823962e-06, 9.57746124186e-07, 6.46237651836e-07, 8.7520948e-07, 1.92967718249e-06, 2.17369392885e-06, 5.61559716061e-07, 2.86506548264e-07, 1.05121905847e-07, 6.78915839103e-08, 2.762353013e-08, 4.63628513359e-09, 7.93237864283e-10, 2.33764146929e-10, 8.08410005604e-11, 3.83006126814e-11, 1.95610003889e-11, 8.35785433917e-12, 4.4879213193e-12, 2.06360037565e-12],