{
"metadata": {
    "version": {
        "essentia": "2.0.1",
        "extractor": "archive-music 1.0 mod ismir14"
    },
    "audio_properties": {
        "analysis_sample_rate": 44100,
        "bitrate": 32,
        "channels": 2,
        "equal_loudness": 0,
        "length": 30.0408172607,
        "replay_gain": -14.4096908569,
        "downmix": "mix"
    },
    "tags": {
        "track": 0,
        "year": 0,
        "album": "",
        "artist": "",
        "comment": "",
        "genre": "",
        "title": ""
    }
},
"rhythm": {
    "bpm": 109.315917969,
    "bpm_histogram_first_peak": 110,
    "bpm_histogram_first_peak_spread": 0.433962225914,
    "bpm_histogram_first_peak_weight": 0.566037714481,
    "bpm_histogram_second_peak": 0,
    "bpm_histogram_second_peak_spread": 0,
    "bpm_histogram_second_peak_weight": 0
},
"tonal": {
    "tuning_frequency": {
        "dmean": 0.164081901312,
        "dmean2": 0.301589667797,
        "dvar": 0.582596361637,
        "dvar2": 1.38258242607,
        "max": 446.142181396,
        "mean": 441.730682373,
        "median": 442.548919678,
        "min": 439.745910645,
        "var": 2.48290085793
    },
    "hpcp": {
        "dmean": [0.111931778491, 0.0902598649263, 0.0385066494346, 0.151477783918, 0.0386852994561, 0.142324492335, 0.0367360711098, 0.0993684157729, 0.126585513353, 0.0325772538781, 0.1719763726, 0.0684184581041],
        "dmean2": [0.212850749493, 0.160929575562, 0.0715480223298, 0.256578445435, 0.0674730166793, 0.234892442822, 0.0659844353795, 0.165967568755, 0.227228343487, 0.0617458559573, 0.28820002079, 0.129586189985],
        "dvar": [0.0444773472846, 0.0546564720571, 0.0027290598955, 0.0676946267486, 0.0104126166552, 0.0459011234343, 0.0107582900673, 0.031566798687, 0.033685028553, 0.00392889464274, 0.0681375041604, 0.0228609088808],
        "dvar2": [0.110657356679, 0.105978287756, 0.00664687668905, 0.15663933754, 0.0282182898372, 0.100229561329, 0.0305085591972, 0.0816222503781, 0.07069465518, 0.0112824589014, 0.146569922566, 0.0636388584971],
        "max": [1, 1, 0.246963053942, 1, 1, 1, 0.939977407455, 1, 1, 0.516318261623, 1, 0.944266855717],
        "mean": [0.162151709199, 0.24746838212, 0.0310335718095, 0.462133526802, 0.0318989157677, 0.253656059504, 0.029683496803, 0.10104060173, 0.229398861527, 0.025131424889, 0.222550943494, 0.045827485621],
        "median": [0.0418794006109, 0.0180023070425, 0.011410347186, 0.280077338219, 0.0105720134452, 0.0716823264956, 0.0106350695714, 0.0230867955834, 0.105541929603, 0.0101477326825, 0.0848532170057, 0.0105338776484],
        "min": [0.000242114881985, 0.000400656834245, 0.000144008474308, 0.00079811247997, 0.000233835875406, 0.000587212329265, 0.000111232620839, 0.00104003807064, 0.00075047230348, 8.82781314431e-05, 0.000557779450901, 0.000365291722119],
        "var": [0.0785833373666, 0.165243893862, 0.00232633040287, 0.194108009338, 0.00782210100442, 0.123847983778, 0.00644900370389, 0.0365083217621, 0.0925118848681, 0.00231749867089, 0.0994327068329, 0.0141581725329]
    }
},
"lowlevel": {
    "melbands": {
        "dmean": [0.000141061624163, 0.000266180926701, 0.000170527084265, 0.000107531952381, 4.40402145614e-05, 5.76399615966e-05, 2.55414706771e-05, 3.85943349102e-05, 5.8018402342e-05, 4.28981002187e-05, 1.03359689092e-05, 1.09679012894e-05, 7.72469502408e-06, 7.50426625018e-06, 6.3417455749e-06, 6.85339227857e-06, 6.29174519418e-06, 6.88807767801e-06, 3.77320088774e-06, 5.35637491339e-06, 2.40882695834e-06, 1.62559695127e-06, 1.80458062005e-06, 1.12830127819e-06, 6.69747066695e-07, 4.663797597e-07, 3.05974737103e-07, 2.33944319916e-07, 2.53191814181e-07, 1.88783047861e-07, 1.63589007229e-07, 1.74815482978e-07, 1.63476400417e-07, 1.25596386624e-07, 1.08312349312e-07, 9.19323497328e-08, 7.82293199109e-08, 4.51519852618e-08, 2.9508077759e-08, 2.05655634744e-08],
        "dmean2": [0.000261520763161, 0.000448314385721, 0.000281187560176, 0.000183413707418, 6.97358773323e-05, 0.00010089983698, 4.32738888776e-05, 6.50786387268e-05, 9.70149121713e-05, 6.96225688444e-05, 1.89115871763e-05, 2.02330174943e-05, 1.40330803333e-05, 1.36111821121e-05, 1.10165738079e-05, 1.2249237443e-05, 1.11268946057e-05, 1.21027160276e-05, 6.57880400468e-06, 7.76426622906e-06, 4.04727870773e-06, 2.88466185339e-06, 2.86193062493e-06, 1.76668868335e-06, 1.1917881011e-06, 8.43845157306e-07, 5.65906589145e-07, 4.31980055282e-07, 4.5506297397e-07, 3.43427217331e-07, 2.98101383578e-07, 3.23661424773e-07, 3.04097341086e-07, 2.33907016423e-07, 2.03042333169e-07, 1.76756699943e-07, 1.52841522549e-07, 8.78506440927e-08, 5.70498635e-08, 3.95097643491e-08],
        "dvar": [4.21237622561e-08, 8.4015283619e-08, 3.67728176798e-08, 1.11263096514e-08, 1.4921930358e-09, 7.33924698793e-09, 1.10632702999e-09, 4.42608749651e-09, 1.09152669125e-08, 7.42810835064e-09, 6.87122247989e-10, 1.13255160805e-09, 3.96944865866e-10, 1.74653014273e-10, 1.52459711522e-10, 1.90199481165e-10, 1.40190414832e-10, 2.1789270388e-10, 4.41337487389e-11, 2.13792206161e-10, 1.56414707575e-11, 5.29947656938e-12, 1.05600866593e-11, 3.20721097249e-12, 7.53513570984e-13, 3.36673722755e-13, 1.08680940766e-13, 7.40384790694e-14, 8.71420245533e-14, 5.46509113463e-14, 4.26593100579e-14, 6.75430780642e-14, 6.46276448698e-14, 5.28731924779e-14, 8.29741345619e-14, 1.04643337994e-13, 1.07658693971e-13, 3.03916675084e-14, 8.84035073335e-15, 6.16521866857e-15],
        "dvar2": [1.13871493568e-07, 2.11468901057e-07, 8.72556711329e-08, 3.01132097036e-08, 3.67154640024e-09, 1.96405327557e-08, 2.30206187446e-09, 1.13158895587e-08, 3.26407985085e-08, 1.83115069774e-08, 2.05695616096e-09, 3.3138882749e-09, 1.13362208509e-09, 5.01768182559e-10, 4.30912611149e-10, 5.01944319442e-10, 3.60314222903e-10, 5.95110793977e-10, 1.21307922041e-10, 3.00698493882e-10, 3.49558298973e-11, 1.62321042024e-11, 1.89513387622e-11, 5.59998575289e-12, 1.85394017846e-12, 9.12531335218e-13, 2.93865057071e-13, 1.85300708696e-13, 2.14322524029e-13, 1.3220721989e-13, 1.10184051553e-13, 1.83442453935e-13, 1.76429495471e-13, 1.50707964446e-13, 2.44710447652e-13, 3.11794643923e-13, 3.2101320842e-13, 8.99982060989e-14, 2.60348434299e-14, 1.81885722575e-14],
        "max": [0.000890767085366, 0.00185020233039, 0.00177263957448, 0.000638507714029, 0.000249221455306, 0.000463194039185, 0.000171439838596, 0.000435232272139, 0.000781470153015, 0.000688696629368, 0.000191065963008, 0.000297489663353, 0.000160275114467, 8.62363449414e-05, 9.53177150222e-05, 9.40588215599e-05, 8.22939691716e-05, 0.000124519865494, 4.02413315896e-05, 0.000203790026717, 4.43108292529e-05, 1.31607093863e-05, 2.6735222491e-05, 1.72794389073e-05, 4.94661117045e-06, 3.5686132378e-06, 1.45440924371e-06, 1.3356435602e-06, 1.75283844328e-06, 9.86966142591e-07, 9.30049850467e-07, 1.59867204275e-06, 1.68170379311e-06, 1.77438676019e-06, 2.55699160334e-06, 2.94475648843e-06, 2.99853900287e-06, 1.59734679528e-06, 8.48399508868e-07, 7.32424723537e-07],
        "mean": [0.000150713342009, 0.000657029740978, 0.000472861604067, 0.000175001026946, 7.31907930458e-05, 6.72219903208e-05, 3.42097227986e-05, 4.18262607127e-05, 5.96968166064e-05, 4.2577401473e-05, 9.18329897104e-06, 9.80294134934e-06, 6.32663204669e-06, 6.26826385997e-06, 5.87345857639e-06, 6.48458217256e-06, 6.18576541456e-06, 6.1403447944e-06, 3.41413920069e-06, 6.50066431263e-06, 2.85186115434e-06, 2.00058411792e-06, 2.62044818555e-06, 1.54910367201e-06, 7.95061112058e-07, 5.0215032843e-07, 2.84618778323e-07, 2.00551440344e-07, 2.20110592863e-07, 1.58308822051e-07, 1.30100701767e-07, 1.33013159598e-07, 1.22821191439e-07, 9.24286567283e-08, 7.98560151338e-08, 6.3053356314e-08, 5.03901027571e-08, 2.85208479056e-08, 1.89893079039e-08, 1.36938309581e-08],