{
"metadata": {
    "version": {
        "essentia": "2.0.1",
        "extractor": "archive-music 1.0 mod ismir14"
    },
    "audio_properties": {
        "analysis_sample_rate": 44100,
        "bitrate": 96,
        "channels": 2,
        "equal_loudness": 0,
        "length": 30.0669155121,
        "replay_gain": -8.41567611694,
        "downmix": "mix"
    },
    "tags": {
        "track": 7,
        "year": 0,
        "album": "The Cool Jazz Collection",
        "artist": "Astrud Gilberto",
        "comment": "",
        "genre": "Jazz",
        "title": "Girl From Ipanema"
    }
},
"rhythm": {
    "bpm": 130.002792358,
    "bpm_histogram_first_peak": 129,
    "bpm_histogram_first_peak_spread": 0.490909099579,
    "bpm_histogram_first_peak_weight": 0.444444447756,
    "bpm_histogram_second_peak": 136,
    "bpm_histogram_second_peak_spread": 0.199999988079,
    "bpm_histogram_second_peak_weight": 0.0634920671582
},
"tonal": {
    "tuning_frequency": {
        "dmean": 0.131793215871,
        "dmean2": 0.230412051082,
        "dvar": 1.27087855339,
        "dvar2": 2.94991731644,
        "max": 454.990661621,
        "mean": 441.672973633,
        "median": 442.804626465,
        "min": 434.695007324,
        "var": 5.29146194458
    },
    "hpcp": {
        "dmean": [0.114209115505, 0.160384312272, 0.137143015862, 0.169723197818, 0.105647839606, 0.128286495805, 0.118690699339, 0.0471021942794, 0.117252454162, 0.103267431259, 0.13431327045, 0.100126102567],
        "dmean2": [0.2120962888, 0.283739626408, 0.259691625834, 0.307628750801, 0.188238084316, 0.234067723155, 0.202199146152, 0.0875458717346, 0.207838341594, 0.187502294779, 0.238019958138, 0.181202813983],
        "dvar": [0.0606822445989, 0.076951906085, 0.0817488506436, 0.0889191105962, 0.0491060204804, 0.0699601024389, 0.0534766986966, 0.0274170618504, 0.0572215877473, 0.0602008253336, 0.0679010674357, 0.0481156259775],
        "dvar2": [0.161950901151, 0.170813798904, 0.223712235689, 0.204742640257, 0.122429922223, 0.177400633693, 0.11612496525, 0.07383608073, 0.128495201468, 0.146261766553, 0.152286827564, 0.113832958043],
        "max": [1, 1, 1, 1, 1, 1, 1, 1, 1, 1, 1, 1],
        "mean": [0.0940344706178, 0.23959428072, 0.0970247238874, 0.253727823496, 0.112873479724, 0.138625755906, 0.190175026655, 0.0623270794749, 0.155623137951, 0.0865041092038, 0.13774895668, 0.13286305964],
        "median": [0.00337181938812, 0.0312680229545, 0.00213487865403, 0.0270750410855, 0.00643444387242, 0.00546744232997, 0.02059732005, 0.00128120509908, 0.0118760643527, 0.00181837147102, 0.00913841556758, 0.0074163316749],
        "min": [3.78126560463e-06, 0, 1.16043679554e-06, 0, 1.97177564587e-06, 6.52290555081e-06, 1.66565987456e-05, 5.94899393036e-06, 0, 9.3202561402e-07, 0, 5.20258026881e-07],
        "var": [0.0575621314347, 0.133069530129, 0.0640293285251, 0.150677919388, 0.0628537237644, 0.0868993774056, 0.111177779734, 0.0460566580296, 0.0897912755609, 0.057928558439, 0.0805816277862, 0.0788059383631]
    }
},
"lowlevel": {
    "melbands": {
        "dmean": [0.00025938579347, 0.000728092563804, 0.000802430906333, 0.00043132569408, 0.000250531302299, 9.50754110818e-05, 5.95345773036e-05, 6.55698386254e-05, 2.50850152952e-05, 1.69930754055e-05, 1.49534607772e-05, 1.46387974382e-05, 3.55740257874e-06, 2.5123292744e-06, 3.80677056455e-06, 2.42897431235e-06, 1.99222267838e-06, 6.82646543737e-07, 6.93926608619e-07, 6.94045979799e-07, 4.2617557483e-07, 5.94238827034e-07, 7.29930775378e-07, 6.54191865124e-07, 2.70905360367e-07, 1.57044922844e-07, 2.02401380989e-07, 3.15184252031e-07, 2.72262752787e-07, 3.52570680207e-07, 6.370266874e-07, 9.17530883271e-07, 1.17007607514e-06, 6.70049189466e-07, 2.94726731909e-07, 1.52761842287e-07, 9.0800824637e-08, 3.58451721638e-08, 1.20287708683e-08, 1.289389151e-09],
        "dmean2": [0.00035841477802, 0.00104782043491, 0.00116406904999, 0.000656720425468, 0.000363236147678, 0.000143249417306, 9.13950207178e-05, 9.49490931816e-05, 3.66991953342e-05, 2.28905901167e-05, 2.16909411392e-05, 2.00378763111e-05, 5.19671175425e-06, 3.62746686733e-06, 5.08010225531e-06, 3.40064343618e-06, 2.90977868644e-06, 1.05065123535e-06, 1.06114896425e-06, 1.05504898329e-06, 6.80601146996e-07, 9.44330508901e-07, 1.11391796054e-06, 1.07916673642e-06, 4.33565702451e-07, 2.27762214422e-07, 2.93762241199e-07, 4.68906250717e-07, 4.14270772353e-07, 5.311659379e-07, 9.20197635423e-07, 1.29655973069e-06, 1.95407187675e-06, 9.11275208182e-07, 4.00916746912e-07, 2.06714020123e-07, 1.17375826392e-07, 4.76246562187e-08, 1.56074531077e-08, 1.79027337399e-09],
        "dvar": [3.89091582065e-07, 1.36458743327e-06, 1.06639322439e-06, 5.24685844994e-07, 1.69337013745e-07, 4.2385128296e-08, 3.68538870532e-08, 3.19213597777e-08, 4.98819829886e-09, 3.62679863919e-09, 1.72141312316e-09, 9.36322042122e-09, 8.03466945754e-11, 4.03041870711e-11, 2.275603872e-10, 8.67327668019e-11, 9.98630622639e-11, 3.7415895035e-12, 8.49733217817e-12, 1.140127142e-11, 2.11549701368e-12, 2.47425777783e-12, 3.45058031627e-12, 4.31780349322e-12, 7.23663750452e-13, 1.58252724076e-13, 3.52681994937e-13, 1.49229684599e-12, 6.07451263769e-13, 1.79845645754e-12, 6.9521645385e-12, 1.57380272009e-11, 5.17726694849e-11, 1.24383411557e-11, 1.19473810185e-12, 1.81038100093e-13, 5.33857016211e-14, 1.15058448338e-14, 1.63529377231e-15, 3.12010475647e-17],
        "dvar2": [7.44793851482e-07, 2.6636421353e-06, 1.84730708952e-06, 1.06615584627e-06, 3.41608739518e-07, 9.07475623535e-08, 7.89030423221e-08, 6.4331679539e-08, 9.2652143735e-09, 6.56340848337e-09, 2.94891067121e-09, 1.66056377537e-08, 1.5582780899e-10, 7.99931024198e-11, 4.12999273669e-10, 1.91389154525e-10, 2.33664809723e-10, 7.76161600269e-12, 1.86782846134e-11, 2.05805286008e-11, 5.39694027316e-12, 6.31292284073e-12, 8.0885957654e-12, 1.08798794626e-11, 1.84034536742e-12, 3.24797019792e-13, 6.51888916112e-13, 3.13545522011e-12, 1.30636961752e-12, 4.08169288299e-12, 1.52012829407e-11, 2.84942069939e-11, 1.40905884183e-10, 2.0057445288e-11, 1.90642770667e-12, 3.14039836887e-13, 8.75049747831e-14, 1.91252619481e-14, 2.55081536846e-15, 6.49009548204e-17],
        "max": [0.0100219184533, 0.0114231500775, 0.0117051089182, 0.0140828909352, 0.00509006157517, 0.00207101972774, 0.00236931000836, 0.00205445801839, 0.00101697747596, 0.0010113370372, 0.000441141950432, 0.00219292659312, 0.000114432732516, 0.000126102764625, 0.000344280852005, 0.000165333171026, 0.000199818736291, 2.34433937294e-05, 4.12660665461e-05, 4.31716216553e-05, 1.80766237463e-05, 1.68449641933e-05, 1.71614210558e-05, 2.27713917411e-05, 1.25583219415e-05, 6.68964821671e-06, 1.01108926174e-05, 2.2739995984e-05, 8.56752376421e-06, 2.18268287426e-05, 3.77727446903e-05, 6.20229184278e-05, 0.000114570379083, 8.2051679783e-05, 1.98702618945e-05, 5.12909718964e-06, 2.54705446423e-06, 1.64647030942e-06, 5.97654093326e-07, 9.41020417145e-08],
        "mean": [0.000455337547464, 0.00156919949222, 0.00200466741808, 0.000757800415158, 0.000558630446903, 0.00016695188242, 6.83406542521e-05, 7.88407560322e-05, 3.23367567034e-05, 2.21044356294e-05, 2.07678549486e-05, 2.15038271563e-05, 4.68524331154e-06, 3.15710326504e-06, 5.07335153088e-06, 2.88113733404e-06, 2.03898684958e-06, 8.19465640234e-07, 7.98063695129e-07, 8.32894158975e-07, 4.36311808016e-07, 6.64451022203e-07, 7.79525691996e-07, 6.3128442207e-07, 2.71903303428e-07, 1.84617093169e-07, 2.4696984724e-07, 3.23823314829e-07, 2.80105297179e-07, 3.40104065799e-07, 6.19179445494e-07, 9.93681396722e-07, 1.06553386559e-06, 7.15005569418e-07, 3.33346179104e-07, 1.80913119152e-07, 1.04317734895e-07, 4.06457694169e-08, 1.32812196796e-08, 1.24358623399e-09],