{
"metadata": {
    "version": {
        "essentia": "2.0.1",
        "extractor": "archive-music 1.0 mod ismir14"
    },
    "audio_properties": {
        "analysis_sample_rate": 44100,
        "bitrate": 96,
        "channels": 2,
        "equal_loudness": 0,
        "length": 30.0669155121,
        "replay_gain": -11.7147388458,
        "downmix": "mix"
    },
    "tags": {
        "track": 6,
        "year": 0,
        "album": "Swing Classics (Jazz & Tzaz 70)",
        "artist": "Benny Carter",
        "comment": "",
        "genre": "Jazz",
        "title": "Babalu"
    }
},
"rhythm": {
    "bpm": 92.6367721558,
    "bpm_histogram_first_peak": 94,
    "bpm_histogram_first_peak_spread": 0.555555582047,
    "bpm_histogram_first_peak_weight": 0.355555564165,
    "bpm_histogram_second_peak": 89,
    "bpm_histogram_second_peak_spread": 0,
    "bpm_histogram_second_peak_weight": 0.177777782083
},
"tonal": {
    "tuning_frequency": {
        "dmean": 0.108043015003,
        "dmean2": 0.208915323019,
        "dvar": 1.25812101364,
        "dvar2": 3.49604773521,
        "max": 452.37008667,
        "mean": 438.10168457,
        "median": 440.254241943,
        "min": 431.941772461,
        "var": 15.7317886353
    },
    "hpcp": {
        "dmean": [0.1187729761, 0.138880863786, 0.0902522280812, 0.19398663938, 0.136951610446, 0.125346153975, 0.153385102749, 0.0809569954872, 0.20282535255, 0.1024132967, 0.196518674493, 0.206625506282],
        "dmean2": [0.216572314501, 0.238233864307, 0.164949536324, 0.331059485674, 0.234227225184, 0.221081763506, 0.260793060064, 0.143417656422, 0.349323570728, 0.18247397244, 0.340599447489, 0.359149485826],
        "dvar": [0.0575161464512, 0.0416973941028, 0.0401207618415, 0.0654757022858, 0.0555014200509, 0.0410799197853, 0.0475662611425, 0.0281471945345, 0.0572286434472, 0.0347759202123, 0.0619936212897, 0.0646249949932],
        "dvar2": [0.160961315036, 0.108346827328, 0.0979765430093, 0.148552343249, 0.130145654082, 0.106399863958, 0.106162056327, 0.075506798923, 0.137851163745, 0.0896957963705, 0.159296184778, 0.138592213392],
        "max": [1, 1, 1, 1, 1, 1, 1, 1, 1, 1, 1, 1],
        "mean": [0.106556683779, 0.216103464365, 0.0791791155934, 0.432405412197, 0.211109891534, 0.131579697132, 0.302846848965, 0.0680223554373, 0.37401714921, 0.0859263688326, 0.252550721169, 0.344311118126],
        "median": [0.016964122653, 0.0678296610713, 0.0106175867841, 0.277999788523, 0.0332468375564, 0.0502396263182, 0.132841899991, 0.017367284745, 0.256251245737, 0.0187155306339, 0.136681959033, 0.203693136573],
        "min": [0, 0, 0, 0, 0, 0, 0, 0, 0, 0, 0, 0],
        "var": [0.0501536540687, 0.0809434950352, 0.0403888374567, 0.155451610684, 0.108395181596, 0.0444136075675, 0.128357350826, 0.0232788268477, 0.121447451413, 0.0305133461952, 0.0865328833461, 0.128204852343]
    }
},
"lowlevel": {
    "melbands": {
        "dmean": [8.69890391186e-06, 4.09263921028e-05, 2.59361986537e-05, 5.12504557264e-05, 5.29822682438e-05, 8.36647959659e-05, 6.39962527202e-05, 0.00014286901569, 9.51437541516e-05, 7.12698165444e-05, 4.13541201851e-05, 3.50533409801e-05, 3.30438524543e-05, 2.47831176239e-05, 4.99203197251e-05, 4.25889375038e-05, 2.4872875656e-05, 1.63665263244e-05, 1.32117502289e-05, 1.63668264577e-05, 4.89113017466e-06, 6.57611735733e-06, 3.05998923977e-06, 2.82340488411e-06, 4.01759962187e-06, 1.23621680359e-06, 6.52289315894e-07, 7.75045577939e-07, 7.86122654972e-07, 7.77487798587e-07, 3.8866886598e-07, 1.90776333397e-07, 1.32107345507e-07, 5.08071877903e-08, 2.0658127653e-08, 1.5650982732e-08, 2.96254398791e-09, 3.11249553908e-10, 3.54286495974e-11, 2.42300385485e-12],
        "dmean2": [1.46461470649e-05, 6.97867217241e-05, 4.01951328968e-05, 7.62968484196e-05, 8.03357033874e-05, 0.000128700412461, 9.9545410194e-05, 0.000213564242586, 0.000144509918755, 0.000109323242214, 6.55058902339e-05, 5.44010363228e-05, 5.12997503392e-05, 3.81061290682e-05, 7.94022998889e-05, 6.93260881235e-05, 3.76644966309e-05, 2.43099020736e-05, 2.0415209292e-05, 2.48092528636e-05, 7.69564121583e-06, 9.99683197733e-06, 4.63426977149e-06, 4.26277802035e-06, 6.03769240115e-06, 1.85307931133e-06, 9.51927916049e-07, 1.20086576771e-06, 1.14718977784e-06, 1.19926130537e-06, 5.43786654816e-07, 2.7029423677e-07, 1.81916433917e-07, 7.21840578422e-08, 2.86387056292e-08, 2.30057999318e-08, 4.52507231685e-09, 4.91511276124e-10, 5.43670074238e-11, 4.07139946756e-12],
        "dvar": [1.16119919236e-10, 2.44186759701e-09, 2.09170258891e-09, 5.89846127497e-09, 5.08841502267e-09, 1.72260321563e-08, 8.05336686227e-09, 8.28584276746e-08, 2.67555400058e-08, 1.4053159525e-08, 5.68834890302e-09, 5.11256326163e-09, 5.73749048272e-09, 2.33364749747e-09, 1.01725392554e-08, 1.01414476816e-08, 2.92499113819e-09, 1.35496180942e-09, 8.36712032992e-10, 1.32931254893e-09, 7.40797423404e-11, 1.88427093373e-10, 2.88132885606e-11, 2.69969151201e-11, 6.60660207097e-11, 7.99511151728e-12, 1.79953946709e-12, 4.31049640426e-12, 2.22629792206e-12, 2.26593743768e-12, 6.61530292351e-13, 2.15446719709e-13, 1.29918780812e-13, 2.13741276468e-14, 2.2756736562e-15, 1.30736179041e-15, 3.67390019134e-17, 5.6588650966e-19, 7.408182714e-21, 2.91874054202e-23],
        "dvar2": [2.68532834857e-10, 5.77887515618e-09, 5.49220491308e-09, 1.41247644692e-08, 1.01532453556e-08, 3.57432305975e-08, 1.73071352805e-08, 1.51451118313e-07, 5.36081294911e-08, 3.16177448667e-08, 1.20299512574e-08, 1.17787219978e-08, 1.46173508853e-08, 4.79545247956e-09, 2.26036434015e-08, 2.50409364355e-08, 6.58061027892e-09, 2.77530509685e-09, 1.87468929269e-09, 2.84104384463e-09, 1.58191015842e-10, 4.05261324499e-10, 6.02633359881e-11, 5.4960317547e-11, 1.40688835581e-10, 1.7242268377e-11, 3.58266151121e-12, 9.38325458999e-12, 4.53044459586e-12, 4.33510128836e-12, 1.18185582848e-12, 3.94609095834e-13, 2.3495783227e-13, 3.83084067398e-14, 4.05889252127e-15, 2.60968225247e-15, 6.96840439944e-17, 1.24917497046e-18, 1.69875287434e-20, 7.52281361937e-23],
        "max": [8.45665344968e-05, 0.000567261478864, 0.00073720299406, 0.00115266162902, 0.000864819099661, 0.00124968332238, 0.00139918201603, 0.00400502700359, 0.00188277522102, 0.00108244118746, 0.000731531472411, 0.000878602266312, 0.00103775714524, 0.000714731635526, 0.00108168181032, 0.00109093193896, 0.000639580830466, 0.000444583973149, 0.000277889077552, 0.000574061821681, 0.000114200433018, 0.000161814576131, 7.25614663679e-05, 6.41959995846e-05, 6.8171248131e-05, 4.12849294662e-05, 1.33669554998e-05, 2.67317500402e-05, 1.15969623948e-05, 1.35176223921e-05, 7.75534590503e-06, 4.97869268656e-06, 4.30877116742e-06, 1.96263158614e-06, 4.19180224753e-07, 4.64782772269e-07, 5.17198799344e-08, 6.42817177265e-09, 7.3117611965e-10, 5.79009375168e-11],
        "mean": [1.14621934699e-05, 5.54046418983e-05, 3.90029344999e-05, 8.34556485643e-05, 0.000104963502963, 0.000148639563122, 0.000140061776619, 0.00033689889824, 0.000186189005035, 0.000109055537905, 7.25274803699e-05, 5.86633868807e-05, 4.83964904561e-05, 3.66656859114e-05, 7.6643009379e-05, 6.38545316178e-05, 4.36706359324e-05, 2.21167319978e-05, 1.84177424671e-05, 2.52324880421e-05, 7.57497946324e-06, 1.03913034764e-05, 5.33216643817e-06, 4.29530473411e-06, 6.08124582868e-06, 1.97699455384e-06, 1.02654473721e-06, 1.13540647817e-06, 1.15624300179e-06, 1.23496749893e-06, 5.86060423302e-07, 2.762077429e-07, 1.77171784799e-07, 7.10187393338e-08, 2.94693638381e-08, 2.39559536652e-08, 5.07504260838e-09, 4.16433360018e-10, 4.40077939368e-11, 2.68666339176e-12],