{
"metadata": {
    "version": {
        "essentia": "2.0.1",
        "extractor": "archive-music 1.0 mod ismir14"
    },
    "audio_properties": {
        "analysis_sample_rate": 44100,
        "bitrate": 96,
        "channels": 2,
        "equal_loudness": 0,
        "length": 30.0669155121,
        "replay_gain": -12.9685745239,
        "downmix": "mix"
    },
    "tags": {
        "track": 0,
        "year": 0,
        "album": "",
        "artist": "",
        "comment": "",
        "genre": "",
        "title": ""
    }
},
"rhythm": {
    "bpm": 88.2881317139,
    "bpm_histogram_first_peak": 89,
    "bpm_histogram_first_peak_spread": 0.309523820877,
    "bpm_histogram_first_peak_weight": 0.674418628216,
    "bpm_histogram_second_peak": 94,
    "bpm_histogram_second_peak_spread": 0,
    "bpm_histogram_second_peak_weight": 0.0232558138669
},
"tonal": {
    "tuning_frequency": {
        "dmean": 0.0875332057476,
        "dmean2": 0.169047474861,
        "dvar": 1.30599176884,
        "dvar2": 2.78651785851,
        "max": 454.202880859,
        "mean": 443.962615967,
        "median": 449.245300293,
        "min": 431.692352295,
        "var": 84.3753890991
    },
    "hpcp": {
        "dmean": [0.158863261342, 0.161353960633, 0.176480650902, 0.155812710524, 0.137757018209, 0.222521141171, 0.303198248148, 0.253599971533, 0.215625017881, 0.270053714514, 0.279081851244, 0.204468369484],
        "dmean2": [0.292959213257, 0.30097258091, 0.328510463238, 0.288530021906, 0.257027000189, 0.409328907728, 0.563549995422, 0.466013073921, 0.402465760708, 0.500881016254, 0.51629525423, 0.381913453341],
        "dvar": [0.0688925683498, 0.0788229480386, 0.0835589021444, 0.075201548636, 0.0655135065317, 0.0854501053691, 0.117327056825, 0.102237530053, 0.0965320765972, 0.107060097158, 0.107323147357, 0.0895032733679],
        "dvar2": [0.194120809436, 0.203966319561, 0.227098539472, 0.20568151772, 0.184400722384, 0.234388291836, 0.3238235116, 0.266568273306, 0.258653879166, 0.296317726374, 0.304357677698, 0.256571531296],
        "max": [1, 1, 1, 1, 1, 1, 1, 1, 1, 1, 1, 1],
        "mean": [0.133690685034, 0.134461924434, 0.145406454802, 0.139128774405, 0.100580401719, 0.223681509495, 0.287902146578, 0.246477752924, 0.179477214813, 0.228376209736, 0.263614833355, 0.159512504935],
        "median": [0.0323467329144, 0.0139899225906, 0.0238043107092, 0.0216862577945, 0.016856983304, 0.0543820783496, 0.0818562060595, 0.0623809173703, 0.0285002496094, 0.0676016360521, 0.085742816329, 0.0276079028845],
        "min": [0, 0, 0, 0, 0, 0, 0, 0, 0, 0, 0, 0],
        "var": [0.0596058182418, 0.0725993961096, 0.0735770389438, 0.0730860903859, 0.0483801886439, 0.105388127267, 0.136186987162, 0.11850874126, 0.0907673537731, 0.105931863189, 0.117441125214, 0.0779645889997]
    }
},
"lowlevel": {
    "melbands": {
        "dmean": [0.00021504588949, 0.000793005514424, 0.000976532930508, 0.000495975429658, 0.000282050808892, 0.000440944771981, 0.000545283895917, 0.000389648543205, 0.000424392928835, 0.000257801642874, 0.000131315246108, 8.02830982138e-05, 6.33799281786e-05, 4.49182334705e-05, 6.2864884967e-05, 4.12598565163e-05, 4.34038265666e-05, 3.65408850485e-05, 2.83745866909e-05, 2.39314049395e-05, 2.1053088858e-05, 2.03666058951e-05, 2.48172818829e-05, 2.56894727499e-05, 1.96433920792e-05, 1.56465321197e-05, 1.13060732474e-05, 7.62987110647e-06, 4.44966235591e-06, 3.46704973708e-06, 2.49807908403e-06, 1.59565479407e-06, 7.88303623267e-07, 6.15477574684e-07, 5.22672280567e-07, 3.90193065414e-07, 2.58257585983e-07, 1.04974176907e-07, 1.92796161258e-08, 1.0287201091e-09],
        "dmean2": [0.000369732733816, 0.00136489525903, 0.00169388286304, 0.000843145244289, 0.000474279018817, 0.000745124125388, 0.000968626700342, 0.000635102915112, 0.000714478723239, 0.000437097449321, 0.000204268450034, 0.000119160249596, 9.99225012492e-05, 7.01348471921e-05, 9.32161710807e-05, 6.59538491163e-05, 7.05710408511e-05, 5.95898018219e-05, 4.63838623546e-05, 3.97507319576e-05, 3.47269960912e-05, 3.21470288327e-05, 3.97200201405e-05, 4.12515437347e-05, 3.03460219584e-05, 2.52142926911e-05, 1.73536791408e-05, 1.19820815598e-05, 7.36910169508e-06, 5.51631592316e-06, 3.95149345422e-06, 2.60237811744e-06, 1.27807550143e-06, 1.02823810266e-06, 8.41144355945e-07, 6.36082688743e-07, 4.21440773835e-07, 1.69531276129e-07, 3.13944497066e-08, 1.7184748069e-09],
        "dvar": [9.03824144416e-08, 1.20147012694e-06, 1.61660716458e-06, 5.90354034102e-07, 1.68857013705e-07, 3.27109148657e-07, 8.71652559908e-07, 9.13082203624e-07, 5.45174543731e-07, 2.51388428296e-07, 8.7792123793e-08, 4.7977440687e-08, 4.05251157076e-08, 1.66059734852e-08, 5.14296836229e-08, 1.14684013397e-08, 1.90740685468e-08, 9.36262800622e-09, 6.79334322129e-09, 6.5596044152e-09, 3.35144867414e-09, 3.26047944199e-09, 3.60065799399e-09, 4.02180333481e-09, 2.33780839132e-09, 1.06506925501e-09, 9.32447230539e-10, 4.67455185671e-10, 8.88797854759e-11, 6.33791769067e-11, 3.64255882401e-11, 1.31285416566e-11, 2.58013814307e-12, 1.18783867291e-12, 9.90056344199e-13, 4.41809403732e-13, 2.2296654269e-13, 5.27461714171e-14, 2.73697796367e-15, 4.81660735963e-18],
        "dvar2": [2.6197187708e-07, 3.11580606649e-06, 4.56684301753e-06, 1.70120335952e-06, 4.475739388e-07, 8.67244864367e-07, 2.4772971301e-06, 2.25521534958e-06, 1.56906401116e-06, 6.95188703048e-07, 2.2382255338e-07, 8.41800797957e-08, 9.1314099393e-08, 3.87148695324e-08, 1.18639327695e-07, 2.80225744831e-08, 4.58626239208e-08, 2.35944348503e-08, 1.80313293185e-08, 1.77413372882e-08, 9.05146624319e-09, 8.8803027154e-09, 9.47235800908e-09, 1.00047650164e-08, 5.5402384902e-09, 2.56910626106e-09, 1.80876258415e-09, 9.77282144099e-10, 2.26684393478e-10, 1.38078520839e-10, 7.92242452197e-11, 3.1353347002e-11, 6.35275642855e-12, 3.23929685159e-12, 2.74053154302e-12, 1.16975461435e-12, 5.96539365214e-13, 1.38894443364e-13, 7.79407191998e-15, 1.36134308102e-17],
        "max": [0.00382439862005, 0.0144112054259, 0.0153724709526, 0.0122100654989, 0.00574736297131, 0.00629616016522, 0.0103346984833, 0.0108190197498, 0.0164160244167, 0.012186053209, 0.00687992526218, 0.00566660705954, 0.0058523863554, 0.00361471669748, 0.00860935542732, 0.00278561841697, 0.00375220505521, 0.00178866949864, 0.0010884309886, 0.00169276434463, 0.000883400673047, 0.00154016399756, 0.00130969961174, 0.00130744243506, 0.000904484069906, 0.000737908587325, 0.000729016843252, 0.000682304787915, 0.000158256880241, 0.000278774881735, 0.000181159339263, 0.000104219499917, 3.70358975488e-05, 2.21971622523e-05, 1.74713550223e-05, 9.80406002782e-06, 8.714244359e-06, 5.04964691572e-06, 1.15263719636e-06, 4.6290367095e-08],
        "mean": [0.00025813569664, 0.0010749604553, 0.00127337698359, 0.000725772057194, 0.0003781124542, 0.000652823306154, 0.000654603471048, 0.000505062111188, 0.000769688107539, 0.000442908378318, 0.000283578498056, 0.000157327449415, 0.000110252251034, 7.85392549005e-05, 0.000120667660667, 7.40480681998e-05, 7.54009306547e-05, 6.2980245275e-05, 4.41021875304e-05, 3.90338973375e-05, 3.6397803342e-05, 3.72353752027e-05, 5.64843430766e-05, 6.24340900686e-05, 4.00848075515e-05, 3.40576116287e-05, 2.78867410088e-05, 1.60051386047e-05, 8.52993798617e-06, 7.03313162376e-06, 5.65177015233e-06, 3.48092567037e-06, 1.72589534486e-06, 1.32933587338e-06, 1.20179947771e-06, 8.39621009163e-07, 5.22154550708e-07, 2.0398491074e-07, 3.56596778772e-08, 1.76048442491e-09],