{
"metadata": {
    "version": {
        "essentia": "2.0.1",
        "extractor": "archive-music 1.0 mod ismir14"
    },
    "audio_properties": {
        "analysis_sample_rate": 44100,
        "bitrate": 96,
        "channels": 2,
        "equal_loudness": 0,
        "length": 30.0669155121,
        "replay_gain": -13.4233722687,
        "downmix": "mix"
    },
    "tags": {
        "track": 0,
        "year": 0,
        "album": "",
        "artist": "",
        "comment": "",
        "genre": "",
        "title": ""
    }
},
"rhythm": {
    "bpm": 90.2956161499,
    "bpm_histogram_first_peak": 91,
    "bpm_histogram_first_peak_spread": 0.341463446617,
    "bpm_histogram_first_peak_weight": 0.62790697813,
    "bpm_histogram_second_peak": 83,
    "bpm_histogram_second_peak_spread": 0.5,
    "bpm_histogram_second_peak_weight": 0.0232558138669
},
"tonal": {
    "tuning_frequency": {
        "dmean": 0.112708829343,
        "dmean2": 0.207572922111,
        "dvar": 1.77740800381,
        "dvar2": 3.43973779678,
        "max": 454.727905273,
        "mean": 445.943359375,
        "median": 445.884552002,
        "min": 431.443084717,
        "var": 34.5995254517
    },
    "hpcp": {
        "dmean": [0.187904715538, 0.170509293675, 0.17426520586, 0.12664988637, 0.167509049177, 0.189390003681, 0.204190641642, 0.227297201753, 0.215949475765, 0.167135104537, 0.184875592589, 0.185895472765],
        "dmean2": [0.347237318754, 0.326597929001, 0.321131706238, 0.236852049828, 0.304800719023, 0.354111939669, 0.385294675827, 0.416643559933, 0.400946646929, 0.313009649515, 0.346309989691, 0.345404863358],
        "dvar": [0.0890520885587, 0.0993803292513, 0.0834298282862, 0.0666048750281, 0.0746904313564, 0.0919406935573, 0.111528448761, 0.0972870290279, 0.106005236506, 0.0852255299687, 0.0974351242185, 0.0852918848395],
        "dvar2": [0.236109852791, 0.283680617809, 0.245258420706, 0.192833691835, 0.206661567092, 0.257755935192, 0.297179371119, 0.256929993629, 0.287769973278, 0.242547675967, 0.281019538641, 0.240282639861],
        "max": [1, 1, 1, 1, 1, 1, 1, 1, 1, 1, 1, 1],
        "mean": [0.184125393629, 0.118166536093, 0.159482002258, 0.11430644244, 0.16676799953, 0.203905239701, 0.148032307625, 0.268229573965, 0.168048277497, 0.122329808772, 0.136262729764, 0.14930151403],
        "median": [0.0334180518985, 0.00798788946122, 0.0287531483918, 0.0102815153077, 0.0208595525473, 0.0295803491026, 0.00843948684633, 0.0744078755379, 0.0200861487538, 0.0157238896936, 0.0129802878946, 0.0249013975263],
        "min": [0, 0, 0, 0, 0, 0, 0, 0, 0, 0, 0, 0],
        "var": [0.097664527595, 0.0741992592812, 0.0807933360338, 0.0670019611716, 0.0881553292274, 0.112140201032, 0.0924566835165, 0.131173118949, 0.0923408195376, 0.0645539090037, 0.0778918340802, 0.0740983113647]
    }
},
"lowlevel": {
    "melbands": {
        "dmean": [0.000752972497139, 0.00248448783532, 0.00121735816356, 0.000473408814287, 0.000332543684635, 0.000254276965279, 0.000280215230305, 0.00031293646316, 0.000455371657154, 0.000311708048685, 0.000142351476825, 0.000158562979777, 0.000140380478115, 9.64305436355e-05, 0.000137708964758, 0.000136261136504, 3.27262496285e-05, 2.50910288742e-05, 1.46132797454e-05, 1.77144102054e-05, 2.7521242373e-05, 2.04614898394e-05, 3.52137540176e-05, 2.50646044151e-05, 1.46254697029e-05, 1.72898180608e-05, 1.32051691253e-05, 8.12451435195e-06, 3.88765192838e-06, 3.25175960825e-06, 1.74871388481e-06, 8.52671121265e-07, 4.97330404414e-07, 3.94983970864e-07, 3.6487296029e-07, 3.19598427723e-07, 1.6528325375e-07, 1.12037916722e-07, 3.16194750383e-08, 2.90131341174e-09],
        "dmean2": [0.00123771780636, 0.00451273843646, 0.00213467166759, 0.000804248382337, 0.000570058939047, 0.000434211746324, 0.000465600081952, 0.000487976620207, 0.000667866610456, 0.000427201972343, 0.000212115919567, 0.000220857909881, 0.000185363081982, 0.0001526986307, 0.000203356757993, 0.000195616201381, 4.74618427688e-05, 3.75245035684e-05, 2.34377184825e-05, 2.83981225948e-05, 4.44963407062e-05, 3.34094220307e-05, 5.59883701499e-05, 3.75851013814e-05, 2.20005767915e-05, 2.72624965874e-05, 1.96469227376e-05, 1.20304939628e-05, 5.96374593442e-06, 4.8680162763e-06, 2.70387158707e-06, 1.36008793561e-06, 7.98066650987e-07, 6.32513092569e-07, 5.79424408897e-07, 5.15473004725e-07, 2.64709370867e-07, 1.82028514928e-07, 4.9964082649e-08, 4.80732920138e-09],
        "dvar": [6.5413195216e-07, 8.24907601782e-06, 1.81983773473e-06, 4.61649676708e-07, 5.21489823768e-07, 1.9016086128e-07, 2.28423090221e-07, 3.65894436527e-07, 8.32010755403e-07, 1.0270103985e-06, 2.97416590911e-07, 2.20365890868e-07, 1.33275861458e-07, 9.28134014089e-08, 1.37094104957e-07, 1.69097560843e-07, 9.14642761529e-09, 4.17115986195e-09, 6.21183771088e-10, 9.05316210886e-10, 3.2791047655e-09, 2.04439265516e-09, 6.01315131021e-09, 2.92529445112e-09, 8.38636049494e-10, 1.14642018101e-09, 8.12195422029e-10, 2.94989394023e-10, 6.39048744477e-11, 5.40610264887e-11, 1.35083923214e-11, 2.40232269841e-12, 5.95651132584e-13, 3.42583329326e-13, 3.74472859405e-13, 2.15749361193e-13, 6.72229334914e-14, 3.340745039e-14, 2.95591628702e-15, 2.82785919908e-17],
        "dvar2": [1.83819156518e-06, 2.73965852102e-05, 5.29031558472e-06, 1.19745914162e-06, 1.462395403e-06, 5.26418432401e-07, 6.0065605112e-07, 8.49558659866e-07, 1.64191123986e-06, 1.80723895937e-06, 5.09062033416e-07, 3.44174111433e-07, 2.18102130134e-07, 2.19546706148e-07, 2.41412720925e-07, 2.90284930315e-07, 1.22621468535e-08, 8.5685636364e-09, 1.43181932977e-09, 2.23539564637e-09, 8.02828381552e-09, 5.35428590354e-09, 1.57561448333e-08, 6.01970207015e-09, 1.81702730639e-09, 2.88945112281e-09, 1.67444369481e-09, 5.75220426846e-10, 1.25982335675e-10, 1.06007605472e-10, 2.96557188528e-11, 5.91070898823e-12, 1.48140061416e-12, 7.99275142599e-13, 8.7842190119e-13, 5.12493205426e-13, 1.56978664551e-13, 8.61817873467e-14, 6.47262386578e-15, 7.46481269039e-17],
        "max": [0.00849833898246, 0.0248430520296, 0.0128022842109, 0.00892843399197, 0.0112639097497, 0.00642074365169, 0.0101880338043, 0.0103790350258, 0.018015505746, 0.0196297653019, 0.025556659326, 0.0170148853213, 0.0146217932925, 0.00770343188196, 0.00891646090895, 0.0124047808349, 0.00446214154363, 0.0016735245008, 0.000416665629018, 0.000361873535439, 0.00090600940166, 0.000669841072522, 0.00115882023238, 0.000850288139191, 0.000578623148613, 0.000626847846434, 0.000542171008419, 0.000312841730192, 0.000159837523825, 0.000148817372974, 7.33554188628e-05, 3.83334590879e-05, 1.14520671559e-05, 9.69987740973e-06, 1.18434263641e-05, 7.1057356763e-06, 5.70819292989e-06, 3.55222073267e-06, 1.06797995159e-06, 1.03701630394e-07],
        "mean": [0.00128260592464, 0.00345119857229, 0.00181199645158, 0.000678054697346, 0.000439975498011, 0.000381188321626, 0.000441904325271, 0.00059360062005, 0.000896069803275, 0.000603898777626, 0.000235334897297, 0.000269241048954, 0.000312835501973, 0.000145262936712, 0.000230193661992, 0.000246147246799, 6.1043559981e-05, 4.25216676376e-05, 2.57168885582e-05, 3.01765976474e-05, 4.45719342679e-05, 3.43449828506e-05, 5.72601602471e-05, 4.53433640359e-05, 2.81185712083e-05, 3.09569695673e-05, 2.50042521657e-05, 1.51166686919e-05, 7.40831001167e-06, 5.82604116062e-06, 3.14848671223e-06, 1.6361419739e-06, 9.90897888187e-07, 8.5105494918e-07, 7.67386268308e-07, 6.56220606743e-07, 3.5913967622e-07, 2.39806212221e-07, 7.08382543735e-08, 5.06851183246e-09],