{
"metadata": {
    "version": {
        "essentia": "2.0.1",
        "extractor": "archive-music 1.0 mod ismir14"
    },
    "audio_properties": {
        "analysis_sample_rate": 44100,
        "bitrate": 32,
        "channels": 2,
        "equal_loudness": 0,
        "length": 30.0408172607,
        "replay_gain": -13.3254871368,
        "downmix": "mix"
    },
    "tags": {
        "track": 0,
        "year": 0,
        "album": "",
        "artist": "",
        "comment": "",
        "genre": "",
        "title": ""
    }
},
"rhythm": {
    "bpm": 90.2956161499,
    "bpm_histogram_first_peak": 91,
    "bpm_histogram_first_peak_spread": 0.341463446617,
    "bpm_histogram_first_peak_weight": 0.62790697813,
    "bpm_histogram_second_peak": 85,
    "bpm_histogram_second_peak_spread": 0,
    "bpm_histogram_second_peak_weight": 0.0465116277337
},
"tonal": {
    "tuning_frequency": {
        "dmean": 0.173062309623,
        "dmean2": 0.32487770915,
        "dvar": 2.35558199883,
        "dvar2": 6.21922636032,
        "max": 456.570251465,
        "mean": 446.687683105,
        "median": 444.341888428,
        "min": 432.940917969,
        "var": 17.0360145569
    },
    "hpcp": {
        "dmean": [0.227355480194, 0.144734025002, 0.11405390501, 0.126262426376, 0.232995793223, 0.317178726196, 0.187767937779, 0.198618635535, 0.1485594064, 0.0862901359797, 0.0879412293434, 0.103797979653],
        "dmean2": [0.384946167469, 0.273177087307, 0.196264281869, 0.229967102408, 0.410165995359, 0.5773884058, 0.35585218668, 0.343450993299, 0.271125674248, 0.15686711669, 0.152042642236, 0.177303284407],
        "dvar": [0.0810762420297, 0.0633748322725, 0.0313116386533, 0.050926104188, 0.0816230773926, 0.111755229533, 0.0932629033923, 0.0691543146968, 0.0625774487853, 0.029101409018, 0.0249550975859, 0.0305657368153],
        "dvar2": [0.178866505623, 0.176376447082, 0.0792672783136, 0.12602956593, 0.214412838221, 0.267538845539, 0.257363438606, 0.158354029059, 0.179922327399, 0.0810266658664, 0.0587252229452, 0.0761531665921],
        "max": [1, 1, 1, 1, 1, 1, 1, 1, 1, 1, 1, 1],
        "mean": [0.435233175755, 0.0995262637734, 0.134712100029, 0.125732064247, 0.221304357052, 0.453228741884, 0.137695506215, 0.26551964879, 0.128997921944, 0.0777511000633, 0.095511816442, 0.102637536824],
        "median": [0.213481351733, 0.0193450972438, 0.0466725714505, 0.0266770347953, 0.0699399039149, 0.296632170677, 0.0233196094632, 0.10533772409, 0.0317130200565, 0.0248910784721, 0.0293025635183, 0.0354291051626],
        "min": [0.00195595645346, 0.000457540736534, 0.000951277033892, 0.000426361541031, 0.00139736221172, 0.00130691612139, 0.000356937554898, 0.00147541728802, 0.000518598419148, 0.000384350278182, 0.000556957849767, 0.00116364029236],
        "var": [0.167560964823, 0.0431061126292, 0.0456391386688, 0.0610755458474, 0.091205842793, 0.166086107492, 0.0746047347784, 0.107385896146, 0.057808406651, 0.0240370221436, 0.0310184899718, 0.0311748385429]
    }
},
"lowlevel": {
    "melbands": {
        "dmean": [0.000232341233641, 0.00048270606203, 0.000173975597136, 0.000118262672913, 8.53473757161e-05, 6.0696478613e-05, 7.99697736511e-05, 0.000119087773783, 0.000191359242308, 0.000145857280586, 5.52413985133e-05, 6.79553704686e-05, 6.44296742394e-05, 3.4125525417e-05, 5.49808173673e-05, 6.37957200524e-05, 1.38962659548e-05, 1.00109391497e-05, 5.39565280633e-06, 6.52945163893e-06, 1.00400520751e-05, 7.47902777221e-06, 1.40809124787e-05, 1.21005214169e-05, 6.769590982e-06, 6.84427141096e-06, 6.43348494123e-06, 3.91788717025e-06, 1.68586780092e-06, 1.5575208181e-06, 7.72962721385e-07, 3.50972953811e-07, 1.96309613898e-07, 1.74966061195e-07, 1.67368170878e-07, 1.55060860152e-07, 1.29076340727e-07, 1.74340300418e-07, 1.6661103075e-07, 1.3856858061e-07],
        "dmean2": [0.000380779238185, 0.000711030268576, 0.000270997872576, 0.000188649079064, 0.000138613788295, 9.24969135667e-05, 0.000123064164654, 0.000185174620128, 0.000310861854814, 0.000238695429289, 8.89148504939e-05, 0.000105295352114, 9.6771713288e-05, 5.84198751312e-05, 9.294301708e-05, 0.000105057260953, 2.10493562918e-05, 1.61944572028e-05, 8.61291482579e-06, 1.0214734175e-05, 1.58839829965e-05, 1.18421457955e-05, 2.30348578043e-05, 1.94245913008e-05, 1.08617414298e-05, 1.05878043541e-05, 1.03424990812e-05, 6.26582368568e-06, 2.63952483692e-06, 2.49350114245e-06, 1.24156599668e-06, 5.62860918762e-07, 3.1125790656e-07, 2.78839195289e-07, 2.63938602529e-07, 2.48022672622e-07, 2.00726816502e-07, 2.69780628059e-07, 2.57847204921e-07, 2.20395222073e-07],
        "dvar": [5.81102774788e-08, 2.18208441538e-07, 3.30515703695e-08, 2.79362506461e-08, 2.12119015686e-08, 6.8883534432e-09, 1.69102243319e-08, 4.5621369793e-08, 1.41033197565e-07, 1.67487485214e-07, 7.4157512131e-08, 3.33843352962e-08, 2.77676921456e-08, 7.65502150557e-09, 1.72467178317e-08, 3.32873426601e-08, 2.41850295346e-09, 6.80806244713e-10, 6.70833805172e-11, 6.55709167519e-11, 2.21204277118e-10, 1.23122206874e-10, 5.2325072053e-10, 3.76756237319e-10, 1.05864199351e-10, 1.08406263133e-10, 1.29472613186e-10, 4.27140406378e-11, 7.54137030601e-12, 7.77974906718e-12, 1.40531596776e-12, 2.74759273493e-13, 6.6019008294e-14, 5.0172824337e-14, 5.08172097338e-14, 3.56495906471e-14, 2.96378149616e-14, 5.0017004156e-14, 6.29368315818e-14, 3.57883312558e-14],
        "dvar2": [1.57846073989e-07, 4.83328449263e-07, 6.82481768877e-08, 7.06291274355e-08, 5.29234576163e-08, 1.47227803282e-08, 3.4508751412e-08, 1.09100149359e-07, 3.44485357573e-07, 3.83972832196e-07, 1.54408454023e-07, 7.92210954614e-08, 5.86051562834e-08, 2.0809375556e-08, 4.49785488854e-08, 8.00868562578e-08, 3.93750587691e-09, 1.55512103195e-09, 1.54894888582e-10, 1.58265497929e-10, 5.33889599197e-10, 3.08897157852e-10, 1.32619137894e-09, 9.31107801971e-10, 2.57914828383e-10, 2.57657062352e-10, 3.34263311474e-10, 1.10206545278e-10, 1.70180813885e-11, 1.91009100897e-11, 3.56750848481e-12, 7.22347637434e-13, 1.53387637878e-13, 1.13875448242e-13, 1.2663794438e-13, 8.30415787132e-14, 6.77300351763e-14, 1.06180458848e-13, 1.52723347207e-13, 7.67405954863e-14],
        "max": [0.00212799664587, 0.0045439065434, 0.0024786433205, 0.00183371582534, 0.00131956278346, 0.00113441189751, 0.00220190850087, 0.00175781699363, 0.00444357935339, 0.00473661813885, 0.00576714985073, 0.00203278032131, 0.00241331406869, 0.000713557121344, 0.00135916017462, 0.00226152781397, 0.00109262519982, 0.000371723144781, 9.33866176638e-05, 5.76771999476e-05, 0.000139567520819, 8.33560188767e-05, 0.000183907293831, 0.000124386686366, 7.75870066718e-05, 0.0001174520512, 9.88489700831e-05, 6.77678981447e-05, 2.44341645157e-05, 2.99229941447e-05, 1.00010902315e-05, 7.2674661169e-06, 2.1451610337e-06, 1.85574378975e-06, 2.04067919185e-06, 1.53920439061e-06, 2.06725917451e-06, 2.38481811721e-06, 3.27551674673e-06, 1.87258024198e-06],
        "mean": [0.000409991742345, 0.00106090761255, 0.000347586523276, 0.000163222546689, 0.000109069776954, 8.93296892173e-05, 0.000117627481814, 0.000143383425893, 0.000236900435993, 0.000149978033733, 5.63074172533e-05, 7.06294376869e-05, 8.2156569988e-05, 3.49984729837e-05, 5.86359601584e-05, 6.3557010435e-05, 1.52396351041e-05, 1.1107793398e-05, 6.75059027344e-06, 8.20626974019e-06, 1.20475669974e-05, 8.8201077233e-06, 1.48891931531e-05, 1.16918736239e-05, 7.46656178308e-06, 8.27788153401e-06, 6.7459704951e-06, 4.05236960432e-06, 2.01449620363e-06, 1.61110131103e-06, 8.74888655744e-07, 4.68290551225e-07, 2.89245463136e-07, 2.56835875234e-07, 2.43608241135e-07, 2.43249218101e-07, 1.87787705386e-07, 2.75562683782e-07, 2.53350009416e-07, 2.05952602528e-07],