{
"metadata": {
    "version": {
        "essentia": "2.0.1",
        "extractor": "archive-music 1.0 mod ismir14"
    },
    "audio_properties": {
        "analysis_sample_rate": 44100,
        "bitrate": 32,
        "channels": 2,
        "equal_loudness": 0,
        "length": 30.0408172607,
        "replay_gain": -11.7791290283,
        "downmix": "mix"
    },
    "tags": {
        "track": 6,
        "year": 0,
        "album": "Swing Classics (Jazz & Tzaz 70)",
        "artist": "Benny Carter",
        "comment": "",
        "genre": "Jazz",
        "title": "Babalu"
    }
},
"rhythm": {
    "bpm": 92.4049606323,
    "bpm_histogram_first_peak": 92,
    "bpm_histogram_first_peak_spread": 0.613636374474,
    "bpm_histogram_first_peak_weight": 0.377777785063,
    "bpm_histogram_second_peak": 99,
    "bpm_histogram_second_peak_spread": 0,
    "bpm_histogram_second_peak_weight": 0.0222222227603
},
"tonal": {
    "tuning_frequency": {
        "dmean": 0.0529957786202,
        "dmean2": 0.0994575992227,
        "dvar": 0.371753633022,
        "dvar2": 0.782086133957,
        "max": 454.990661621,
        "mean": 437.096374512,
        "median": 437.465789795,
        "min": 434.695007324,
        "var": 4.43632745743
    },
    "hpcp": {
        "dmean": [0.149265542626, 0.143428117037, 0.156273826957, 0.192565947771, 0.137126162648, 0.118959143758, 0.152177616954, 0.12715870142, 0.192656934261, 0.145234584808, 0.1828250736, 0.19397239387],
        "dmean2": [0.277829259634, 0.258570194244, 0.296444892883, 0.345624834299, 0.254340678453, 0.219726651907, 0.268334180117, 0.236471951008, 0.345702290535, 0.271306157112, 0.332289934158, 0.3470890522],
        "dvar": [0.0689639076591, 0.0599506907165, 0.0824458822608, 0.0795888379216, 0.0623643584549, 0.055619481951, 0.0580324418843, 0.0608477517962, 0.0749467536807, 0.0693995207548, 0.0693937465549, 0.0770299434662],
        "dvar2": [0.198896870017, 0.16622659564, 0.237259924412, 0.211327910423, 0.168448910117, 0.155603572726, 0.153424412012, 0.171187534928, 0.200599700212, 0.200296476483, 0.18954987824, 0.205137103796],
        "max": [1, 1, 1, 1, 1, 1, 1, 1, 1, 1, 1, 1],
        "mean": [0.112699978054, 0.151030659676, 0.113902114332, 0.397371292114, 0.161331802607, 0.103461116552, 0.243506386876, 0.095486305654, 0.28806746006, 0.105437405407, 0.192242190242, 0.236777156591],
        "median": [0.0102263363078, 0.0212745536119, 0.00370647781529, 0.194056972861, 0.0116610275581, 0.0131512898952, 0.0602748431265, 0.00713360635564, 0.101608045399, 0.00819353479892, 0.0646509826183, 0.0641306489706],
        "min": [0, 0, 0, 0, 0, 0, 0, 0, 0, 0, 0, 0],
        "var": [0.0574968978763, 0.0681248754263, 0.0695673152804, 0.173391997814, 0.0921313986182, 0.0508321411908, 0.118293300271, 0.0487846583128, 0.129904448986, 0.0526878610253, 0.0765854492784, 0.108589060605]
    }
},
"lowlevel": {
    "melbands": {
        "dmean": [2.77883973467e-05, 0.000122814104543, 0.000138593633892, 0.000258318934357, 0.000310453178827, 0.000345451233443, 0.000265713257249, 0.000341351493262, 0.000247244664934, 0.000158576513059, 0.000116776245704, 9.68162494246e-05, 9.32234688662e-05, 7.9357654613e-05, 0.000147942235344, 0.000132076253067, 7.14912021067e-05, 3.71780406567e-05, 3.98229858547e-05, 4.33034911111e-05, 1.48934386743e-05, 2.22315538849e-05, 1.02236572275e-05, 6.90732076691e-06, 8.739306395e-06, 3.06134916173e-06, 1.85261126262e-06, 2.22685571316e-06, 1.74514127593e-06, 1.65173742062e-06, 8.10452320366e-07, 3.95636789108e-07, 2.67398348797e-07, 1.05150263607e-07, 4.5835882645e-08, 4.30243893845e-08, 1.20574128459e-08, 2.24251928138e-09, 9.3195784423e-10, 5.70092861807e-10],
        "dmean2": [4.29232022725e-05, 0.000200162743567, 0.000242118563619, 0.000467839185148, 0.000566052156501, 0.000592732802033, 0.00041587697342, 0.000481750728795, 0.000342513987562, 0.000218239190872, 0.000179946058779, 0.000147712940816, 0.000143438359373, 0.000123719859403, 0.000224845905905, 0.000208803685382, 0.000107133819256, 5.22594600625e-05, 5.80858832109e-05, 6.46150001558e-05, 2.29831239267e-05, 3.54788098775e-05, 1.67228827195e-05, 1.06354400486e-05, 1.27001540022e-05, 4.58947624793e-06, 2.89935269393e-06, 3.38164045388e-06, 2.64864843302e-06, 2.36641790252e-06, 1.17079412121e-06, 5.76383456519e-07, 3.90827693764e-07, 1.5133069553e-07, 6.57547403193e-08, 6.1670704099e-08, 1.73520842139e-08, 3.37583760945e-09, 1.43056955171e-09, 9.06797248401e-10],
        "dvar": [1.28172072955e-09, 2.3899715984e-08, 4.80299569006e-08, 1.55892593057e-07, 2.10987522564e-07, 2.80795859453e-07, 1.40399237125e-07, 5.15928775258e-07, 2.13937667581e-07, 8.85159465724e-08, 6.80391636365e-08, 5.48518244159e-08, 5.01215033921e-08, 2.98782900643e-08, 8.74877912338e-08, 1.21305234302e-07, 3.55132740992e-08, 7.63375229695e-09, 1.17209175698e-08, 1.13706075666e-08, 7.15048631417e-10, 4.05752942356e-09, 5.53297907491e-10, 2.05908165518e-10, 4.55153720269e-10, 5.88601598017e-11, 2.0722893887e-11, 5.02725951146e-11, 1.95483559895e-11, 1.50609923838e-11, 4.48663719024e-12, 1.25497724192e-12, 7.12864771553e-13, 1.27219402005e-13, 1.65489909103e-14, 1.45098285465e-14, 8.38624610006e-16, 3.82120451483e-17, 6.83004479351e-18, 1.93526162817e-18],
        "dvar2": [2.67678834653e-09, 5.98486877834e-08, 1.37399482014e-07, 4.61170543531e-07, 6.60818614051e-07, 8.13739234218e-07, 3.43105597267e-07, 1.11090628252e-06, 4.5631063017e-07, 1.79869928729e-07, 1.67589732314e-07, 1.3995024517e-07, 1.23922390571e-07, 8.0218690357e-08, 2.02845740205e-07, 3.15095633141e-07, 8.94578207067e-08, 1.53467372144e-08, 2.69479762949e-08, 2.44226896484e-08, 1.70303970926e-09, 1.09315330121e-08, 1.56858881439e-09, 4.97092755847e-10, 9.66833280103e-10, 1.27853616583e-10, 5.03465324986e-11, 1.21412213616e-10, 4.60478565001e-11, 3.18054298176e-11, 1.01232191033e-11, 2.82434709301e-12, 1.65858732998e-12, 2.79434028e-13, 3.41989484691e-14, 3.19213107553e-14, 1.80649490694e-15, 7.79944761458e-17, 1.47321181424e-17, 4.70634087525e-18],
        "max": [0.000480881746626, 0.00220221444033, 0.0044636153616, 0.0095085920766, 0.00634892191738, 0.00773887708783, 0.00608198903501, 0.0176409874111, 0.00829729158431, 0.0053116963245, 0.00480888038874, 0.0044844741933, 0.00518574425951, 0.00371206831187, 0.00573996454477, 0.00556816114113, 0.00413028383628, 0.00224692141637, 0.00196013972163, 0.0024855339434, 0.000529368175194, 0.00150775001384, 0.000413956324337, 0.000293549790513, 0.000369281013263, 0.000189137004782, 8.28231059131e-05, 0.000136577917146, 6.86878702254e-05, 6.89805674483e-05, 4.58067697764e-05, 3.00740575767e-05, 2.16400621866e-05, 7.45317947803e-06, 2.62493063019e-06, 2.6760280889e-06, 4.78965660022e-07, 1.261815612e-07, 4.95300902514e-08, 2.77253811021e-08],
        "mean": [3.91081812268e-05, 0.000176255736733, 0.000176197238034, 0.000326500914525, 0.000414836948039, 0.000566512171645, 0.000613925862126, 0.00123652047478, 0.00076959701255, 0.000431678374298, 0.000297744438285, 0.000243536778726, 0.000191281156731, 0.000146418344229, 0.000295984937111, 0.000240806592046, 0.000177370122401, 9.20043312362e-05, 7.35672292649e-05, 9.78924363153e-05, 3.10687901219e-05, 4.03354169976e-05, 2.1671923605e-05, 1.67563975992e-05, 2.38265602093e-05, 7.86785949458e-06, 4.04920729125e-06, 4.40675421487e-06, 4.57037867818e-06, 4.90685215482e-06, 2.28660974244e-06, 1.08094332063e-06, 6.99244139923e-07, 2.87591944925e-07, 1.28261262944e-07, 1.19267525633e-07, 3.42417578736e-08, 5.29098276303e-09, 1.98008387464e-09, 1.17098108987e-09],