{
"metadata": {
    "version": {
        "essentia": "2.0.1",
        "extractor": "archive-music 1.0 mod ismir14"
    },
    "audio_properties": {
        "analysis_sample_rate": 44100,
        "bitrate": 64,
        "channels": 2,
        "equal_loudness": 0,
        "length": 30.0669155121,
        "replay_gain": -9.80090904236,
        "downmix": "mix"
    },
    "tags": {
        "track": 0,
        "year": 0,
        "album": "",
        "artist": "",
        "comment": "",
        "genre": "",
        "title": ""
    }
},
"rhythm": {
    "bpm": 172.265563965,
    "bpm_histogram_first_peak": 172,
    "bpm_histogram_first_peak_spread": 0,
    "bpm_histogram_first_peak_weight": 0.511904776096,
    "bpm_histogram_second_peak": 178,
    "bpm_histogram_second_peak_spread": 0,
    "bpm_histogram_second_peak_weight": 0.25
},
"tonal": {
    "tuning_frequency": {
        "dmean": 0.040964204818,
        "dmean2": 0.0680670440197,
        "dvar": 0.382590651512,
        "dvar2": 0.966128587723,
        "max": 456.570251465,
        "mean": 432.844268799,
        "median": 432.191345215,
        "min": 431.193908691,
        "var": 2.55951881409
    },
    "hpcp": {
        "dmean": [0.131253033876, 0.124251797795, 0.159067496657, 0.135926797986, 0.0969442799687, 0.0719009786844, 0.0953676402569, 0.0988598689437, 0.107706360519, 0.0911659672856, 0.115405246615, 0.0863620564342],
        "dmean2": [0.247213512659, 0.23154720664, 0.292219132185, 0.253341704607, 0.184347599745, 0.134062618017, 0.181016847491, 0.185185983777, 0.20170275867, 0.166313841939, 0.20784047246, 0.15895549953],
        "dvar": [0.0764454826713, 0.0709484517574, 0.0818361118436, 0.0750105753541, 0.0582105480134, 0.0407921411097, 0.0644580125809, 0.0616327635944, 0.0675885006785, 0.0503191165626, 0.0578842796385, 0.0456500835717],
        "dvar2": [0.21621312201, 0.189069792628, 0.217039391398, 0.202443048358, 0.160493344069, 0.110901705921, 0.174976989627, 0.165340274572, 0.187374010682, 0.142619654536, 0.151614874601, 0.125050708652],
        "max": [1, 1, 1, 1, 1, 1, 1, 1, 1, 1, 1, 1],
        "mean": [0.118450276554, 0.141084551811, 0.148122951388, 0.299888491631, 0.0691855847836, 0.0801421776414, 0.129988744855, 0.11902654916, 0.0843715667725, 0.0858639478683, 0.243777424097, 0.0725066065788],
        "median": [0.00838519912213, 0.0084024509415, 0.0197052508593, 0.0190684571862, 0.00106173323002, 0.00563442986459, 0.000481801922433, 0.00245332205668, 0.0015772220213, 0.00196593254805, 0.0273237954825, 0.00279710069299],
        "min": [0, 0, 0, 0, 0, 0, 0, 0, 0, 0, 0, 0],
        "var": [0.0707495957613, 0.0871563628316, 0.077872723341, 0.176425173879, 0.0446762442589, 0.0489618964493, 0.0976489037275, 0.0850481987, 0.0575247332454, 0.0517233200371, 0.140698596835, 0.0395023673773]
    }
},
"lowlevel": {
    "melbands": {
        "dmean": [8.678282029e-06, 0.000140524338349, 0.000363109953469, 0.00130167603493, 0.00148277368862, 0.000771893246565, 0.000265221111476, 0.000202813127544, 0.000110946995846, 7.39438692108e-05, 4.72791980428e-05, 3.62294740626e-05, 5.08697667101e-05, 2.56564453593e-05, 2.38317734329e-05, 1.87467230717e-05, 3.42448838637e-05, 2.0601632059e-05, 2.22575017688e-05, 6.72617352393e-06, 9.50079356699e-06, 8.80307925399e-06, 5.63563025935e-06, 6.71681254971e-06, 1.38393124871e-05, 1.30340959004e-05, 4.92151639264e-06, 2.63367883235e-06, 7.8187224517e-07, 5.02050852447e-07, 2.08119686818e-07, 3.8372981237e-08, 5.18197795785e-09, 1.57432744619e-09, 6.27912388751e-10, 2.75574923991e-10, 1.31947897053e-10, 7.36371519316e-11, 4.91636800715e-11, 2.71793160894e-11],
        "dmean2": [1.38743116622e-05, 0.00022584128601, 0.000631360919215, 0.00201928685419, 0.0023011113517, 0.00119377439842, 0.000382532074582, 0.000299346196698, 0.000150195337483, 9.43333070609e-05, 5.43258938706e-05, 4.53598440799e-05, 5.71136806684e-05, 3.14794997394e-05, 3.12955089612e-05, 2.61439690803e-05, 4.51077685284e-05, 2.98529594147e-05, 3.27006600855e-05, 9.82586516329e-06, 1.44148816617e-05, 1.28514575408e-05, 7.67492292653e-06, 9.62637386692e-06, 1.93048217625e-05, 1.73260377778e-05, 7.25294466974e-06, 3.94068410969e-06, 1.12493671622e-06, 7.0622917292e-07, 3.08477751787e-07, 5.76452130474e-08, 7.30930294068e-09, 2.26709051532e-09, 9.53468193288e-10, 4.39734582081e-10, 2.23830343149e-10, 1.34451103029e-10, 9.17230458253e-11, 5.00931761349e-11],
        "dvar": [2.63829680325e-10, 4.71474805863e-08, 5.96702079747e-07, 6.82046993461e-06, 8.68725419423e-06, 2.1120731617e-06, 2.94854260119e-07, 2.5443611662e-07, 1.830104992e-07, 1.3041017155e-07, 3.49881901229e-08, 2.48154030658e-08, 4.93442406935e-08, 1.09605204912e-08, 2.07744221825e-08, 2.97421554052e-09, 1.16470078027e-08, 2.76350853312e-09, 2.88040036267e-09, 2.79502504474e-10, 6.91960433397e-10, 6.93978430277e-10, 3.70487446277e-10, 3.48952478024e-10, 2.25125762476e-09, 2.29347740799e-09, 3.12972675554e-10, 1.22640619882e-10, 9.25191260409e-12, 9.2788658701e-12, 2.38492949348e-12, 6.41096537294e-14, 1.79154562245e-15, 9.31205324375e-17, 5.79148686082e-18, 1.35178703564e-18, 1.23089334834e-18, 7.90400543604e-19, 3.010561838e-19, 1.24708907621e-20],
        "dvar2": [6.93895330084e-10, 1.16081636747e-07, 1.87285763786e-06, 1.7368227418e-05, 2.32811999012e-05, 5.29503540747e-06, 5.45706370758e-07, 4.7000614245e-07, 3.23388178458e-07, 2.37775168443e-07, 4.53742288187e-08, 3.87915299882e-08, 6.33342907008e-08, 1.77139121149e-08, 4.06510807238e-08, 5.36157784836e-09, 1.93694589257e-08, 5.91532245409e-09, 5.91953464024e-09, 6.56237009178e-10, 1.65242897143e-09, 1.65057589818e-09, 6.95338786549e-10, 7.11154968247e-10, 4.28236468508e-09, 5.02760899579e-09, 7.84163345369e-10, 2.97454672005e-10, 1.86643426409e-11, 1.959126264e-11, 5.38891110555e-12, 1.62480190977e-13, 2.28848947645e-15, 1.65500629363e-16, 1.17774786252e-17, 3.46180008078e-18, 3.52053031786e-18, 2.29458785228e-18, 8.83714478313e-19, 3.73261632499e-20],
        "max": [0.00038665116881, 0.0076298546046, 0.0153705039993, 0.0998773872852, 0.0720618963242, 0.0182905457914, 0.0107060223818, 0.0114785740152, 0.0123872971162, 0.0104831960052, 0.00727686099708, 0.00455449195579, 0.00679799681529, 0.00331410649233, 0.00537528889254, 0.00198233360425, 0.00509256403893, 0.00105255970266, 0.00184725807048, 0.000422918325057, 0.000451949832495, 0.000578012492042, 0.000465283927042, 0.0004706599575, 0.00183865590952, 0.00141385407187, 0.000472254672786, 0.000259823282249, 0.000100052391645, 0.000129791369545, 7.15365385986e-05, 9.46811724134e-06, 2.48743526754e-06, 4.36638316614e-07, 8.27269488468e-08, 2.67655160258e-08, 3.80355587026e-08, 2.9589841688e-08, 1.46384477873e-08, 3.50100126667e-09],
        "mean": [1.20176946439e-05, 0.000242394977249, 0.000570452422835, 0.00308576296084, 0.00344094075263, 0.00168128695805, 0.000668120512273, 0.000531104742549, 0.000281304557575, 0.000169139704667, 0.000153491622768, 8.85509361979e-05, 0.000143559911521, 6.13804149907e-05, 4.66622877866e-05, 4.02715741075e-05, 7.73777428549e-05, 3.98530901293e-05, 5.11596845172e-05, 1.50855421452e-05, 1.74338747456e-05, 1.53717046487e-05, 1.00950474007e-05, 1.35541658892e-05, 2.90231491817e-05, 3.10355899273e-05, 8.93307060323e-06, 4.32691285823e-06, 1.51817118876e-06, 9.01821749721e-07, 3.56917723821e-07, 6.32997796401e-08, 1.03211643676e-08, 3.04403724449e-09, 1.21768173322e-09, 5.13749209841e-10, 2.06634709343e-10, 7.52749182431e-11, 3.80567972968e-11, 2.13348418793e-11],