{
"metadata": {
    "version": {
        "essentia": "2.0.1",
        "extractor": "archive-music 1.0 mod ismir14"
    },
    "audio_properties": {
        "analysis_sample_rate": 44100,
        "bitrate": 96,
        "channels": 2,
        "equal_loudness": 0,
        "length": 30.0669155121,
        "replay_gain": -13.5051937103,
        "downmix": "mix"
    },
    "tags": {
        "track": 0,
        "year": 0,
        "album": "",
        "artist": "",
        "comment": "",
        "genre": "",
        "title": ""
    }
},
"rhythm": {
    "bpm": 88.3256530762,
    "bpm_histogram_first_peak": 89,
    "bpm_histogram_first_peak_spread": 0.357142865658,
    "bpm_histogram_first_peak_weight": 0.62790697813,
    "bpm_histogram_second_peak": 94,
    "bpm_histogram_second_peak_spread": 0,
    "bpm_histogram_second_peak_weight": 0.0232558138669
},
"tonal": {
    "tuning_frequency": {
        "dmean": 0.316618740559,
        "dmean2": 0.626206278801,
        "dvar": 5.64300251007,
        "dvar2": 16.6679134369,
        "max": 456.04309082,
        "mean": 437.483612061,
        "median": 435.700531006,
        "min": 434.193115234,
        "var": 12.7244234085
    },
    "hpcp": {
        "dmean": [0.218606263399, 0.150443390012, 0.223530709743, 0.252546936274, 0.121521115303, 0.228697270155, 0.255026698112, 0.269970208406, 0.193235978484, 0.111628964543, 0.245854571462, 0.080824047327],
        "dmean2": [0.375451475382, 0.271731466055, 0.410468190908, 0.444741159678, 0.213081762195, 0.381717801094, 0.433187067509, 0.471358507872, 0.338998883963, 0.197330579162, 0.428583949804, 0.150482580066],
        "dvar": [0.0430693514645, 0.032495778054, 0.0579179599881, 0.0590816177428, 0.0297865308821, 0.0670249834657, 0.0632331594825, 0.0484722740948, 0.0479108542204, 0.0209971368313, 0.063534155488, 0.0143276276067],
        "dvar2": [0.100637450814, 0.087725058198, 0.156444326043, 0.177418023348, 0.0821428149939, 0.157464787364, 0.148354709148, 0.133191436529, 0.128223702312, 0.0515752471983, 0.171782135963, 0.0419035479426],
        "max": [1, 1, 1, 1, 1, 1, 1, 1, 1, 1, 1, 1],
        "mean": [0.30575722456, 0.173629432917, 0.234749823809, 0.304682523012, 0.13559666276, 0.320611327887, 0.351469218731, 0.391043335199, 0.251824021339, 0.134527683258, 0.780995666981, 0.0985278114676],
        "median": [0.226492881775, 0.108371369541, 0.13987852633, 0.212111011147, 0.0816875845194, 0.146455481648, 0.247130587697, 0.331554919481, 0.128093779087, 0.0848557651043, 1, 0.0698774456978],
        "min": [0.0186205934733, 0.00697606429458, 0.00574735039845, 0.0056250365451, 0.00355540728197, 0.0257717333734, 0.0074530756101, 0.00773338926956, 0.0114033790305, 0.0039281938225, 0.1242082268, 0.00600566063076],
        "var": [0.068143196404, 0.0351966544986, 0.0640521347523, 0.0720425397158, 0.0283832494169, 0.10885232687, 0.0961992144585, 0.0844826549292, 0.0730393603444, 0.0251584816724, 0.0777925774455, 0.0103301052004]
    }
},
"lowlevel": {
    "melbands": {
        "dmean": [1.44317255035e-05, 6.45319960313e-05, 5.67427669012e-05, 3.74638220819e-05, 1.61337738973e-05, 2.84316975012e-05, 3.02486623696e-05, 3.76509597118e-05, 4.29448264185e-05, 2.51936180575e-05, 1.66678764799e-05, 1.05738154161e-05, 9.3678236226e-06, 5.09469327881e-06, 8.59238389239e-06, 5.3173116612e-06, 6.43576731818e-06, 3.84308714274e-06, 2.87097100227e-06, 3.00501574202e-06, 2.28372505262e-06, 2.47587945523e-06, 3.92805077354e-06, 4.15229942519e-06, 2.56647285823e-06, 1.71009776295e-06, 1.73763930889e-06, 1.03925083295e-06, 4.74498875747e-07, 4.36343725596e-07, 3.58195251238e-07, 1.83416489108e-07, 8.91286120464e-08, 5.54712045187e-08, 5.00128116698e-08, 3.44089734483e-08, 1.93503595369e-08, 8.41670910745e-09, 1.45038625554e-09, 4.25655413694e-11],
        "dmean2": [2.60733813775e-05, 0.000123010555399, 0.000103262180346, 6.65549450787e-05, 2.9779612305e-05, 5.05382486153e-05, 5.58051324333e-05, 6.8060864578e-05, 7.07389044692e-05, 4.51617852377e-05, 2.89920681098e-05, 1.92954503291e-05, 1.66611880559e-05, 9.17790293897e-06, 1.56938895088e-05, 9.68025960901e-06, 1.1796569197e-05, 6.8810159064e-06, 5.18167144037e-06, 5.1869615163e-06, 3.97711983169e-06, 4.30477439295e-06, 7.26513871996e-06, 6.96557845004e-06, 4.57092755823e-06, 3.01441059491e-06, 2.98022359857e-06, 1.76830553755e-06, 8.01970145403e-07, 7.55324606416e-07, 6.25678126198e-07, 3.13147893394e-07, 1.5248606644e-07, 9.67455591194e-08, 8.18887215814e-08, 5.66736986229e-08, 3.45809390012e-08, 1.49420085194e-08, 2.61129917689e-09, 7.74853722851e-11],
        "dvar": [4.40623121323e-10, 4.88138551802e-09, 3.22047122303e-09, 2.51153164932e-09, 2.33375041514e-10, 6.00602234613e-10, 7.93260623855e-10, 1.54823309728e-09, 6.48267528547e-09, 5.17848830484e-09, 5.72629554885e-10, 6.12319084325e-10, 5.30353594375e-10, 9.71506139424e-11, 3.08823550066e-10, 9.48324752059e-11, 2.3267628102e-10, 5.93035759389e-11, 1.7111739109e-11, 4.54972344521e-11, 1.08119520281e-11, 1.28523884244e-11, 4.52901847969e-11, 4.51982964944e-11, 1.82783753411e-11, 8.27793996544e-12, 1.15218216912e-11, 4.8252994482e-12, 4.36107557402e-13, 6.84191418798e-13, 4.80905191971e-13, 1.01531501576e-13, 2.10112434856e-14, 8.48177796986e-15, 6.295676142e-15, 1.69080746464e-15, 4.08762403766e-16, 5.75757212483e-17, 1.58522546951e-18, 3.08463829331e-21],
        "dvar2": [1.11325371144e-09, 1.55548445235e-08, 8.96953267215e-09, 6.81825351734e-09, 6.4102212427e-10, 2.00450611665e-09, 2.07306416478e-09, 4.14936351945e-09, 1.4081146027e-08, 1.47821781482e-08, 1.41086464733e-09, 1.72553227262e-09, 1.47484746638e-09, 2.74842065773e-10, 9.42971256634e-10, 2.7336352626e-10, 6.57594256825e-10, 1.54253318452e-10, 4.57656273989e-11, 1.18453469256e-10, 2.44770748808e-11, 3.67777301669e-11, 1.3166819024e-10, 1.21981758028e-10, 4.35842299751e-11, 2.25563265982e-11, 2.86330265054e-11, 1.27035595585e-11, 1.08251938229e-12, 1.70478540139e-12, 1.22485940661e-12, 2.67609420951e-13, 4.73942953839e-14, 2.00784755575e-14, 1.21578433627e-14, 3.55406935503e-15, 9.41131954947e-16, 1.56566046427e-16, 4.10173719474e-18, 8.91395273585e-21],
        "max": [0.000139643467264, 0.00042787307757, 0.000273662328254, 0.000298886006931, 0.000104036691482, 0.000135989976116, 0.000138226008858, 0.000163558506756, 0.000809176359326, 0.000589580682572, 0.00015566078946, 0.000154234046931, 0.000135768175824, 6.12096264376e-05, 0.000104003665911, 5.5599884945e-05, 9.87848980003e-05, 7.3767711001e-05, 2.18938439502e-05, 5.76095408178e-05, 2.17502329178e-05, 2.52044937952e-05, 3.4330496419e-05, 5.03634473716e-05, 3.17719131999e-05, 1.77777037607e-05, 2.78719835478e-05, 1.34915744638e-05, 5.46305500393e-06, 7.2888547038e-06, 4.16952661908e-06, 1.80204403932e-06, 9.94518131847e-07, 6.90491162914e-07, 7.15434794074e-07, 3.53368733386e-07, 1.49695495111e-07, 5.45811360553e-08, 8.65877591849e-09, 3.31881355731e-10],
        "mean": [1.87328132597e-05, 7.33418637537e-05, 7.89137848187e-05, 4.0934599383e-05, 2.20841993723e-05, 4.05969731219e-05, 4.0778391849e-05, 3.10267532768e-05, 4.83394687762e-05, 2.53153611993e-05, 1.91820927284e-05, 8.75474688655e-06, 7.13265671948e-06, 4.66557457912e-06, 7.53866970626e-06, 4.40274607172e-06, 4.94481537316e-06, 3.89188380723e-06, 2.70167856797e-06, 2.45161845669e-06, 2.20276683649e-06, 2.31745070778e-06, 3.6252956761e-06, 3.83420501748e-06, 2.51549340646e-06, 2.10722623706e-06, 1.73604951215e-06, 9.94618858385e-07, 5.59214413443e-07, 4.59242158968e-07, 3.74418789306e-07, 2.29503257287e-07, 1.18768454627e-07, 8.95481875318e-08, 8.38963956085e-08, 5.75596530439e-08, 3.46168960164e-08, 1.32400836961e-08, 1.93110127888e-09, 3.79519714266e-11],