{
"metadata": {
    "version": {
        "essentia": "2.0.1",
        "extractor": "archive-music 1.0 mod ismir14"
    },
    "audio_properties": {
        "analysis_sample_rate": 44100,
        "bitrate": 128,
        "channels": 2,
        "equal_loudness": 0,
        "length": 30.0669155121,
        "replay_gain": -13.8883152008,
        "downmix": "mix"
    },
    "tags": {
        "track": 0,
        "year": 0,
        "album": "",
        "artist": "",
        "comment": "",
        "genre": "",
        "title": ""
    }
},
"rhythm": {
    "bpm": 90.2942581177,
    "bpm_histogram_first_peak": 91,
    "bpm_histogram_first_peak_spread": 0.31707316637,
    "bpm_histogram_first_peak_weight": 0.651162803173,
    "bpm_histogram_second_peak": 83,
    "bpm_histogram_second_peak_spread": 0.5,
    "bpm_histogram_second_peak_weight": 0.0232558138669
},
"tonal": {
    "tuning_frequency": {
        "dmean": 0.0610588937998,
        "dmean2": 0.101856678724,
        "dvar": 0.161081582308,
        "dvar2": 0.250158160925,
        "max": 452.37008667,
        "mean": 450.511108398,
        "median": 450.544708252,
        "min": 448.985931396,
        "var": 0.382129669189
    },
    "hpcp": {
        "dmean": [0.281908422709, 0.0753224268556, 0.161800920963, 0.1656165272, 0.382990270853, 0.297247648239, 0.124727129936, 0.316991537809, 0.132896080613, 0.0925334244967, 0.123431310058, 0.14453099668],
        "dmean2": [0.501268386841, 0.121969163418, 0.272235065699, 0.299783915281, 0.685194075108, 0.529059708118, 0.208938911557, 0.530360102654, 0.22672688961, 0.160460710526, 0.217565000057, 0.255746901035],
        "dvar": [0.0965098440647, 0.00844523962587, 0.0365611314774, 0.0565275251865, 0.0956117585301, 0.0795473009348, 0.0167163535953, 0.0868313610554, 0.028729615733, 0.0171742718667, 0.0280335564166, 0.036259252578],
        "dvar2": [0.174904793501, 0.019540861249, 0.0871997922659, 0.165372550488, 0.239941447973, 0.189981579781, 0.0416983477771, 0.177322909236, 0.0904387235641, 0.0487540736794, 0.0737670212984, 0.101304881275],
        "max": [1, 0.577634334564, 1, 1, 1, 1, 0.735906422138, 1, 1, 1, 1, 1],
        "mean": [0.567600905895, 0.0822610482574, 0.189102947712, 0.151786640286, 0.412817448378, 0.385669708252, 0.132338792086, 0.429082810879, 0.12109746784, 0.0990076139569, 0.12190862, 0.147148102522],
        "median": [0.578204095364, 0.056038942188, 0.101536236703, 0.0733657628298, 0.298876494169, 0.257099360228, 0.0746118500829, 0.280339956284, 0.0711373239756, 0.0671072602272, 0.0703713148832, 0.0840082541108],
        "min": [0.00596922403201, 0.00215081730857, 0.00989646464586, 0.00844927597791, 0.0139793688431, 0.0103345615789, 0.00527927698568, 0.00527182593942, 0.00160577252973, 0.00434102024883, 0.00425625080243, 0.00522817485034],
        "var": [0.155442893505, 0.0102814650163, 0.0467931479216, 0.0501199141145, 0.121859781444, 0.12737108767, 0.020770907402, 0.146196916699, 0.0250773318112, 0.0143989361823, 0.0247712172568, 0.0312206987292]
    }
},
"lowlevel": {
    "melbands": {
        "dmean": [6.63824685034e-05, 0.00016807008069, 4.80653980048e-05, 3.05262365146e-05, 2.7870399208e-05, 1.97347762878e-05, 2.86755257548e-05, 3.90144959965e-05, 6.91846435075e-05, 4.8682151828e-05, 1.93554278667e-05, 2.20569054363e-05, 2.7996751669e-05, 9.50134563027e-06, 1.70935472852e-05, 1.93458745343e-05, 5.13241184308e-06, 3.18089064422e-06, 1.41521672958e-06, 1.63828178756e-06, 3.10761788569e-06, 2.29000966101e-06, 4.14844043917e-06, 3.26516124005e-06, 1.85267208508e-06, 2.20028255171e-06, 1.90373941678e-06, 1.13466899165e-06, 5.01187287227e-07, 4.26926334285e-07, 2.03614888505e-07, 8.15895120354e-08, 4.68910847928e-08, 4.14565661799e-08, 3.59612783996e-08, 2.77714455876e-08, 1.82325656795e-08, 1.2054570675e-08, 3.59112362069e-09, 2.44413489447e-10],
        "dmean2": [0.000106196435809, 0.000276435224805, 8.47497358336e-05, 5.32196136191e-05, 4.95496533404e-05, 3.46697197529e-05, 5.00865789945e-05, 7.19914532965e-05, 0.000125842532725, 8.88795620995e-05, 3.71509631805e-05, 4.10362845287e-05, 5.14882558491e-05, 1.76522571564e-05, 3.06120673486e-05, 3.54015392077e-05, 9.71556983131e-06, 5.86673058933e-06, 2.59076000475e-06, 2.94953565572e-06, 5.67830647924e-06, 4.30102636528e-06, 7.86356031313e-06, 6.0288602981e-06, 3.44385261997e-06, 4.08558798881e-06, 3.52136112269e-06, 2.09945119423e-06, 9.23697541566e-07, 8.02991507953e-07, 3.81452196052e-07, 1.53784000645e-07, 8.79269279608e-08, 7.63808145621e-08, 6.64129302663e-08, 4.97386203335e-08, 3.41743238153e-08, 2.20337081913e-08, 6.50898090981e-09, 4.54459775368e-10],
        "dvar": [2.25982321744e-09, 1.69033107511e-08, 2.65667754462e-09, 6.14106876462e-10, 1.40001166216e-09, 4.43102915471e-10, 2.37042208084e-09, 2.63983523929e-09, 6.66136434901e-09, 1.00824752991e-08, 5.78108139138e-09, 1.26673727063e-09, 3.0915938698e-09, 2.09696315867e-10, 5.54990498003e-10, 9.5822849655e-10, 3.16040499326e-10, 4.15839064571e-11, 2.40168171808e-12, 1.8101722378e-12, 7.64051062002e-12, 5.60260431798e-12, 1.98913437804e-11, 8.31182171701e-12, 2.67534215267e-12, 4.84369272122e-12, 3.60280967386e-12, 1.38824281931e-12, 2.43148085216e-13, 2.00476855711e-13, 3.60022036868e-14, 4.9755981636e-15, 1.65454788999e-15, 1.20811705756e-15, 1.13810798452e-15, 7.44422476051e-16, 3.50716400561e-16, 1.97183036488e-16, 1.41395623475e-17, 7.77039638006e-20],
        "dvar2": [5.66593039153e-09, 4.56018227624e-08, 7.42949923804e-09, 1.73620684496e-09, 3.76864317531e-09, 1.1328779026e-09, 6.22331075562e-09, 7.78645770083e-09, 1.98487200009e-08, 2.73245337468e-08, 1.72254672748e-08, 3.75419872967e-09, 8.53768966635e-09, 6.17564943628e-10, 1.46561418557e-09, 2.52598719719e-09, 9.41464128879e-10, 1.21396698249e-10, 6.65520373186e-12, 4.9660514416e-12, 1.90005615408e-11, 1.53388655943e-11, 5.46189829476e-11, 2.23221840318e-11, 7.45855634199e-12, 1.35775184498e-11, 9.95003992393e-12, 3.79699787237e-12, 6.79246155849e-13, 5.52593778028e-13, 1.04948811956e-13, 1.46735159695e-14, 4.83352278626e-15, 3.3187062158e-15, 3.17269382932e-15, 2.20064580708e-15, 1.06182027977e-15, 5.89823134249e-16, 4.2859212004e-17, 2.35565735614e-19],
        "max": [0.000290078605758, 0.000781120790634, 0.000386767555028, 0.00014825600374, 0.000326309964294, 0.000187938683666, 0.000456033914816, 0.00027569924714, 0.000431630003732, 0.000815948005766, 0.000701379380189, 0.000199358095415, 0.000362068967661, 8.48355921335e-05, 0.000117867311928, 0.000172825617483, 0.000162174983416, 4.5601711463e-05, 1.08456397356e-05, 6.78231936035e-06, 1.51092008309e-05, 1.2161783161e-05, 2.60686047113e-05, 1.41309619721e-05, 8.47129194881e-06, 1.22773590192e-05, 9.04504577193e-06, 7.2620678111e-06, 3.06639162773e-06, 2.93291168418e-06, 1.06360550944e-06, 5.08404241373e-07, 2.25319936931e-07, 2.13675079408e-07, 2.03428726309e-07, 1.72525844278e-07, 1.03079543123e-07, 8.60610285258e-08, 2.31920402882e-08, 2.30948615787e-09],
        "mean": [9.83506251941e-05, 0.000261136883637, 8.4301631432e-05, 4.00316312152e-05, 2.69842839771e-05, 2.13830771827e-05, 2.87563216261e-05, 3.45979606209e-05, 5.90180789004e-05, 3.56933451258e-05, 1.4048495359e-05, 1.74026699824e-05, 2.01857747015e-05, 8.23983828013e-06, 1.41117798194e-05, 1.50096329889e-05, 3.80170763492e-06, 2.72232136922e-06, 1.54197255142e-06, 1.86374802524e-06, 2.77772414847e-06, 2.12149575418e-06, 3.64462403013e-06, 2.82928886008e-06, 1.79475716777e-06, 1.99353667085e-06, 1.60334309385e-06, 9.70573864834e-07, 4.80610481191e-07, 3.73966429379e-07, 2.08644920008e-07, 1.05398093808e-07, 6.76548168599e-08, 5.81487960005e-08, 5.30836530288e-08, 4.40038014915e-08, 2.4053118608e-08, 1.60297410901e-08, 4.42492087416e-09, 2.53574689024e-10],