{
"metadata": {
    "version": {
        "essentia": "2.0.1",
        "extractor": "archive-music 1.0 mod ismir14"
    },
    "audio_properties": {
        "analysis_sample_rate": 44100,
        "bitrate": 32,
        "channels": 2,
        "equal_loudness": 0,
        "length": 30.0408172607,
        "replay_gain": -8.82323265076,
        "downmix": "mix"
    },
    "tags": {
        "track": 7,
        "year": 0,
        "album": "The Cool Jazz Collection",
        "artist": "Astrud Gilberto",
        "comment": "",
        "genre": "Jazz",
        "title": "Girl From Ipanema"
    }
},
"rhythm": {
    "bpm": 130.35269165,
    "bpm_histogram_first_peak": 129,
    "bpm_histogram_first_peak_spread": 0.482758641243,
    "bpm_histogram_first_peak_weight": 0.47619047761,
    "bpm_histogram_second_peak": 123,
    "bpm_histogram_second_peak_spread": 0,
    "bpm_histogram_second_peak_weight": 0.047619048506
},
"tonal": {
    "tuning_frequency": {
        "dmean": 0.211896926165,
        "dmean2": 0.381132900715,
        "dvar": 1.48579514027,
        "dvar2": 3.10495615005,
        "max": 443.316436768,
        "mean": 441.330047607,
        "median": 442.548919678,
        "min": 431.692352295,
        "var": 8.6124830246
    },
    "hpcp": {
        "dmean": [0.0780527293682, 0.240516856313, 0.122721292078, 0.258013367653, 0.123837456107, 0.123878158629, 0.208504781127, 0.0499528236687, 0.215215325356, 0.15320456028, 0.203451320529, 0.180526033044],
        "dmean2": [0.138727098703, 0.415337711573, 0.214499533176, 0.458944708109, 0.22115547955, 0.229191631079, 0.380517542362, 0.0945768281817, 0.397958785295, 0.286286145449, 0.390358150005, 0.319545567036],
        "dvar": [0.0346548371017, 0.0922715216875, 0.051545009017, 0.104899995029, 0.0480700135231, 0.0598576031625, 0.087882861495, 0.0236071832478, 0.0844226330519, 0.0775200352073, 0.095948792994, 0.0839834064245],
        "dvar2": [0.0885794758797, 0.173355489969, 0.123784720898, 0.243825808167, 0.104242905974, 0.155616953969, 0.178935572505, 0.0578941144049, 0.240392059088, 0.228964924812, 0.279024422169, 0.199482440948],
        "max": [1, 1, 1, 1, 1, 1, 1, 1, 1, 1, 1, 1],
        "mean": [0.0614140853286, 0.307951301336, 0.0931064486504, 0.31325507164, 0.123683482409, 0.120137229562, 0.235655263066, 0.0628215447068, 0.212264969945, 0.115602456033, 0.167676866055, 0.171176627278],
        "median": [0.00721477624029, 0.118516758084, 0.00964847113937, 0.0891322791576, 0.0273639038205, 0.015223255381, 0.0712869167328, 0.00679980637506, 0.048611279577, 0.0157941710204, 0.0335451588035, 0.0269895493984],
        "min": [6.0893027694e-05, 3.15177567245e-05, 3.70352609025e-05, 0.000236827996559, 4.85431264678e-05, 0.000112452275062, 7.42625634302e-05, 6.13860975136e-05, 3.73855300495e-06, 6.01430256211e-05, 4.73100044474e-05, 0.000355671800207],
        "var": [0.0279396791011, 0.138590037823, 0.0418767854571, 0.152824223042, 0.0559635907412, 0.0647979080677, 0.115065127611, 0.0413972437382, 0.104490995407, 0.064234033227, 0.0912078544497, 0.0903330892324]
    }
},
"lowlevel": {
    "melbands": {
        "dmean": [0.000126089275, 0.000308414135361, 0.000310557457851, 0.000159657371114, 0.000102768994111, 3.10951763822e-05, 1.59341598192e-05, 2.25133699132e-05, 9.3485632533e-06, 6.86540943207e-06, 6.96287088431e-06, 9.20365164347e-06, 1.32251852847e-06, 1.01701061794e-06, 1.56330634127e-06, 1.05666015315e-06, 8.21675769203e-07, 2.68208424359e-07, 3.09551580813e-07, 3.03461320073e-07, 1.24536271073e-07, 1.75501767785e-07, 2.17395481172e-07, 1.82993687758e-07, 6.43456772309e-08, 4.93982952321e-08, 6.44455795396e-08, 1.05323373134e-07, 8.88937492505e-08, 1.12773570038e-07, 2.09973521237e-07, 3.81080042189e-07, 4.29586833661e-07, 2.51027728382e-07, 1.12968571386e-07, 7.29216154127e-08, 5.66672007096e-08, 4.0787753619e-08, 5.33537338754e-08, 8.20473502472e-08],
        "dmean2": [0.000200614449568, 0.000478616886539, 0.000506313284859, 0.000260764965788, 0.000160984825925, 5.04564413859e-05, 2.83379631583e-05, 4.00506905862e-05, 1.66078461916e-05, 1.22602805277e-05, 1.27016346596e-05, 1.7093572751e-05, 2.32671050071e-06, 1.88717842775e-06, 2.75843080999e-06, 1.96801579477e-06, 1.55703844484e-06, 4.86509577513e-07, 5.86945759551e-07, 5.71683472117e-07, 2.2355470719e-07, 3.07595570348e-07, 3.84505653983e-07, 3.3378603348e-07, 1.11014266224e-07, 8.60622506593e-08, 1.13785546318e-07, 1.96679479814e-07, 1.60740938782e-07, 2.05394954378e-07, 3.83308531582e-07, 7.01487181232e-07, 8.13391579868e-07, 4.4686066758e-07, 2.01236986186e-07, 1.30972011902e-07, 1.02833176641e-07, 7.30007982952e-08, 9.73094458345e-08, 1.52045103619e-07],
        "dvar": [7.36274188284e-08, 9.43203417592e-08, 1.33278149406e-07, 9.01334757941e-08, 1.78103558568e-08, 1.98936711548e-09, 1.24323307205e-09, 1.53913504164e-09, 3.58803819989e-10, 2.47071169079e-10, 1.63784791285e-10, 2.22559148888e-09, 6.30057724743e-12, 4.04554731728e-12, 1.64159744825e-11, 7.60937233363e-12, 8.67197546411e-12, 2.29860916542e-13, 8.45101007403e-13, 9.02984284568e-13, 5.75010145835e-14, 8.18812791008e-14, 1.62778820913e-13, 1.48832389555e-13, 1.1114306395e-14, 1.04674823903e-14, 2.30417999947e-14, 1.43578250959e-13, 3.38432996634e-14, 8.32209328576e-14, 3.33893421809e-13, 1.13877787408e-12, 1.67531895474e-12, 7.13233779762e-13, 6.7678508468e-14, 1.76764696901e-14, 1.05248019569e-14, 6.74059247953e-15, 1.86803240113e-14, 5.15028524114e-14],
        "dvar2": [1.77583714844e-07, 2.14739813487e-07, 2.84643789428e-07, 2.19514760147e-07, 3.61569547636e-08, 3.69593977645e-09, 3.36212768737e-09, 4.32207025725e-09, 1.05426445351e-09, 6.96527058253e-10, 4.74926431515e-10, 6.45615116923e-09, 1.73989885e-11, 1.1680663381e-11, 4.18987934625e-11, 2.19596823364e-11, 2.53848123077e-11, 6.3002413616e-13, 2.4099318461e-12, 2.57335017011e-12, 1.65473971331e-13, 2.22552025094e-13, 4.57300592793e-13, 4.30647976047e-13, 2.83717039933e-14, 2.78913397505e-14, 6.50770195653e-14, 4.21362597591e-13, 9.52829869584e-14, 2.40890803398e-13, 9.34015451787e-13, 3.20219935637e-12, 4.7027780975e-12, 1.86519614857e-12, 1.78329220965e-13, 4.70569662067e-14, 2.76577178992e-14, 1.73222354294e-14, 4.91873895943e-14, 1.40538852799e-13],
        "max": [0.00186032021884, 0.00185822148342, 0.00275015854277, 0.0035742262844, 0.00105318950955, 0.000331715476932, 0.000280692183878, 0.000267612660537, 0.000104907463538, 0.000152892185724, 6.82380268699e-05, 0.00044198759133, 1.6862013581e-05, 1.46473776113e-05, 3.38717109116e-05, 2.01431103051e-05, 2.53993875958e-05, 2.79841856354e-06, 7.13323242962e-06, 6.8090989771e-06, 1.57672707246e-06, 1.90255980215e-06, 2.4873008897e-06, 3.01821319226e-06, 8.30938063245e-07, 9.65868935054e-07, 1.23727511436e-06, 3.26621125168e-06, 1.11880410714e-06, 2.20773972615e-06, 4.01674424211e-06, 6.15753288002e-06, 8.92021580512e-06, 7.85898919275e-06, 1.5262752413e-06, 5.80255004934e-07, 4.12895872159e-07, 4.42459764827e-07, 7.71660950249e-07, 1.38137659178e-06],
        "mean": [0.00010923382797, 0.000391299516195, 0.000502169888932, 0.000186512173968, 0.000139593699714, 3.98751581088e-05, 1.57013328135e-05, 1.96544224309e-05, 7.82284496381e-06, 5.23232938576e-06, 5.01574186274e-06, 5.83151268074e-06, 1.06013101231e-06, 8.11174629689e-07, 1.21923051211e-06, 7.29610178496e-07, 5.2726204558e-07, 2.07662679941e-07, 2.04368589607e-07, 2.05397427067e-07, 1.03233851689e-07, 1.61154275702e-07, 1.88256919387e-07, 1.47477507539e-07, 6.0708266858e-08, 4.40947864888e-08, 5.73316221164e-08, 7.97804773356e-08, 6.78143408095e-08, 8.13110219156e-08, 1.4472185228e-07, 2.43447573212e-07, 2.66609077926e-07, 1.69340751199e-07, 8.07232041211e-08, 5.38163753561e-08, 4.41689564923e-08, 3.34764287402e-08, 4.24964703427e-08, 6.10716810456e-08],