{
"metadata": {
    "version": {
        "essentia": "2.0.1",
        "extractor": "archive-music 1.0 mod ismir14"
    },
    "audio_properties": {
        "analysis_sample_rate": 44100,
        "bitrate": 32,
        "channels": 2,
        "equal_loudness": 0,
        "length": 30.0408172607,
        "replay_gain": -12.206199646,
        "downmix": "mix"
    },
    "tags": {
        "track": 6,
        "year": 0,
        "album": "Swing Classics (Jazz & Tzaz 70)",
        "artist": "Benny Carter",
        "comment": "",
        "genre": "Jazz",
        "title": "Babalu"
    }
},
"rhythm": {
    "bpm": 92.4049606323,
    "bpm_histogram_first_peak": 92,
    "bpm_histogram_first_peak_spread": 0.613636374474,
    "bpm_histogram_first_peak_weight": 0.377777785063,
    "bpm_histogram_second_peak": 99,
    "bpm_histogram_second_peak_spread": 0,
    "bpm_histogram_second_peak_weight": 0.0222222227603
},
"tonal": {
    "tuning_frequency": {
        "dmean": 0.43154925108,
        "dmean2": 0.728469014168,
        "dvar": 4.68623256683,
        "dvar2": 7.98376703262,
        "max": 455.779724121,
        "mean": 438.600708008,
        "median": 440.254241943,
        "min": 432.191345215,
        "var": 9.91050052643
    },
    "hpcp": {
        "dmean": [0.0925162062049, 0.178039163351, 0.0760351791978, 0.224080786109, 0.144074812531, 0.102065145969, 0.212315812707, 0.0742375180125, 0.182595163584, 0.0880065560341, 0.140337303281, 0.211209401488],
        "dmean2": [0.16481423378, 0.312600135803, 0.138541251421, 0.403258889914, 0.252271085978, 0.184504911304, 0.367983698845, 0.135096237063, 0.299875378609, 0.158035174012, 0.23872487247, 0.362211227417],
        "dvar": [0.0376000590622, 0.0528359748423, 0.0290522575378, 0.0739785432816, 0.0564274452627, 0.0171305928379, 0.0753511115909, 0.0160398483276, 0.0400670617819, 0.0224234983325, 0.0345429033041, 0.0522153936327],
        "dvar2": [0.109739460051, 0.127278029919, 0.0831025093794, 0.157173842192, 0.116657398641, 0.0492544807494, 0.128250032663, 0.0451322123408, 0.0843492746353, 0.0642313361168, 0.0820892974734, 0.119628481567],
        "max": [1, 1, 1, 1, 1, 1, 1, 0.612328469753, 1, 1, 1, 1],
        "mean": [0.081068828702, 0.245602637529, 0.0653006583452, 0.458166986704, 0.264417350292, 0.114540718496, 0.353996872902, 0.0668759420514, 0.423232108355, 0.0803240910172, 0.213774576783, 0.404765814543],
        "median": [0.0277403388172, 0.116290740669, 0.0268584452569, 0.305576205254, 0.0998816564679, 0.0796160176396, 0.174026891589, 0.0348571948707, 0.293208420277, 0.0401515252888, 0.149128392339, 0.328524798155],
        "min": [0.00125610735267, 0.00320660276338, 0.00108409987297, 0.00177360186353, 0.00124695838895, 0.00351904192939, 0.00374713307247, 0.00302698928863, 0.0119901681319, 0.00300362450071, 0.00258358079009, 0.00316036376171],
        "var": [0.0247071385384, 0.074946500361, 0.018641911447, 0.138875082135, 0.123742304742, 0.0144724315032, 0.139666229486, 0.0105584030971, 0.114198073745, 0.0150038786232, 0.0473671108484, 0.11430580169]
    }
},
"lowlevel": {
    "melbands": {
        "dmean": [1.5898546053e-06, 9.54817369347e-06, 6.89127045916e-06, 1.52846914716e-05, 1.72453874256e-05, 2.8660566386e-05, 2.19896373892e-05, 6.34382013232e-05, 3.57210556103e-05, 2.56069215538e-05, 1.4994596313e-05, 1.19929809443e-05, 1.09549891931e-05, 9.54397182795e-06, 1.91722847376e-05, 1.38345276355e-05, 8.7163725766e-06, 5.59141381018e-06, 5.43249279872e-06, 6.59610577713e-06, 1.75767468136e-06, 2.32025740843e-06, 1.15117438781e-06, 1.00212150755e-06, 1.54453709911e-06, 4.47226796041e-07, 2.89866449066e-07, 3.22667233377e-07, 3.14626049658e-07, 3.35499208859e-07, 1.67086568581e-07, 8.47566994366e-08, 5.86940558378e-08, 2.52205918372e-08, 1.08394262455e-08, 9.30027521662e-09, 2.27905250227e-09, 3.87536863711e-10, 1.39554021117e-10, 6.81454476181e-11],
        "dmean2": [2.79331334241e-06, 1.69577269844e-05, 1.25303567984e-05, 2.75170586974e-05, 3.0874463846e-05, 4.93221850775e-05, 3.39371326845e-05, 0.000104117571027, 6.07518304605e-05, 4.38090974058e-05, 2.46046365646e-05, 1.92461866391e-05, 1.83500287676e-05, 1.74299275386e-05, 3.34739306709e-05, 2.29840497923e-05, 1.39281792144e-05, 9.72775524133e-06, 9.02934698388e-06, 1.10190949272e-05, 3.04264995066e-06, 4.01153738494e-06, 1.97311078409e-06, 1.76363812443e-06, 2.69636166195e-06, 7.85023871686e-07, 5.19823402101e-07, 5.63572939427e-07, 5.4025576901e-07, 6.14165571733e-07, 3.04396309048e-07, 1.56540494345e-07, 1.07470718547e-07, 4.62474964991e-08, 1.98194936019e-08, 1.61704409862e-08, 4.1321328581e-09, 6.94920399003e-10, 2.54186283133e-10, 1.23105997618e-10],
        "dvar": [2.59286732709e-12, 1.50399151466e-10, 4.11031660097e-11, 2.43773168318e-10, 3.77877756863e-10, 1.10542630605e-09, 7.20693837941e-10, 1.23603456359e-08, 3.40865602411e-09, 1.13984788275e-09, 4.50137760399e-10, 2.90594187602e-10, 2.54007453959e-10, 2.38231601113e-10, 8.3465201417e-10, 6.03280592149e-10, 2.23307358715e-10, 8.78692466011e-11, 6.86784587534e-11, 1.46780129717e-10, 4.40633033533e-12, 1.20425319022e-11, 1.90222490537e-12, 1.8486221668e-12, 4.92284555134e-12, 7.82943859485e-13, 2.15977016545e-13, 3.16146360393e-13, 1.87705062539e-13, 2.10306584972e-13, 6.83567650183e-14, 2.28970539225e-14, 1.33516083999e-14, 2.51731945056e-15, 3.54817628212e-16, 2.39621623842e-16, 1.12335403708e-17, 4.38975703794e-19, 4.98835695109e-20, 1.00836507455e-20],
        "dvar2": [6.59103197367e-12, 4.22898938091e-10, 1.15997947359e-10, 7.60030594016e-10, 1.22279275594e-09, 3.60461105409e-09, 1.76150627418e-09, 3.02650917661e-08, 8.89839046891e-09, 3.31001692722e-09, 1.06752306994e-09, 7.26174009813e-10, 6.8539124376e-10, 7.11032566159e-10, 2.15392326197e-09, 1.0257557026e-09, 4.76956030226e-10, 2.71138195229e-10, 1.8025228532e-10, 3.95782157048e-10, 1.16229673455e-11, 3.29362127849e-11, 4.4927134929e-12, 5.52079692726e-12, 1.4365217349e-11, 2.09117705791e-12, 6.70139996013e-13, 8.7450912397e-13, 5.65688717657e-13, 6.02619299947e-13, 2.06408498691e-13, 6.78520282495e-14, 3.87558264832e-14, 7.53497809394e-15, 1.04450989094e-15, 6.56272551324e-16, 3.10698534108e-17, 1.22535320279e-18, 1.39571011937e-19, 2.74563572721e-20],
        "max": [7.99290864961e-06, 9.26927386899e-05, 4.6879205911e-05, 0.000113587499072, 0.000110410539492, 0.000159190210979, 0.000252886238741, 0.000733367283829, 0.000348188565113, 0.000206720389542, 0.000107631480205, 0.000117327137559, 9.63886850514e-05, 0.000104032864328, 0.000163501434145, 0.000146886319271, 0.000119449177873, 5.89865958318e-05, 5.41836125194e-05, 0.000110225751996, 1.13466385301e-05, 2.69353877229e-05, 1.03248739833e-05, 7.95100550022e-06, 1.23943691506e-05, 6.8885519795e-06, 2.52725772043e-06, 3.61593356502e-06, 2.10500297726e-06, 2.50005496127e-06, 1.47753416968e-06, 8.43181624077e-07, 6.15064891463e-07, 2.68509069201e-07, 8.57212683059e-08, 1.08054720727e-07, 2.00734753264e-08, 3.3817850742e-09, 1.00246844159e-09, 5.55286649995e-10],
        "mean": [2.40563394982e-06, 1.40126721817e-05, 9.28840108827e-06, 2.03102790692e-05, 2.58273939835e-05, 3.69069821318e-05, 3.39552170772e-05, 8.38928972371e-05, 4.59438924736e-05, 2.74508438451e-05, 1.78664904524e-05, 1.42825474541e-05, 1.23944164443e-05, 9.30661008169e-06, 1.91078761418e-05, 1.55732413987e-05, 1.11647441372e-05, 5.48753632756e-06, 4.76074228573e-06, 6.39099698674e-06, 1.86946897429e-06, 2.62337448476e-06, 1.30253454245e-06, 1.074024226e-06, 1.48090100538e-06, 4.86551016365e-07, 2.60519158246e-07, 2.79263502989e-07, 2.90763779276e-07, 3.0782388194e-07, 1.45835272747e-07, 6.84101664206e-08, 4.4336928795e-08, 1.81871850913e-08, 8.18569567684e-09, 7.62411822564e-09, 2.11966955099e-09, 3.16172560355e-10, 1.18148421602e-10, 6.73187963707e-11],