{
"metadata": {
    "version": {
        "essentia": "2.0.1",
        "extractor": "archive-music 1.0 mod ismir14"
    },
    "audio_properties": {
        "analysis_sample_rate": 44100,
        "bitrate": 32,
        "channels": 2,
        "equal_loudness": 0,
        "length": 30.0408172607,
        "replay_gain": -13.0453701019,
        "downmix": "mix"
    },
    "tags": {
        "track": 0,
        "year": 0,
        "album": "",
        "artist": "",
        "comment": "",
        "genre": "",
        "title": ""
    }
},
"rhythm": {
    "bpm": 172.265609741,
    "bpm_histogram_first_peak": 172,
    "bpm_histogram_first_peak_spread": 0,
    "bpm_histogram_first_peak_weight": 0.441860467196,
    "bpm_histogram_second_peak": 178,
    "bpm_histogram_second_peak_spread": 0,
    "bpm_histogram_second_peak_weight": 0.430232554674
},
"tonal": {
    "tuning_frequency": {
        "dmean": 0.116911023855,
        "dmean2": 0.230238288641,
        "dvar": 1.65479040146,
        "dvar2": 3.25598692894,
        "max": 456.306610107,
        "mean": 445.577972412,
        "median": 439.491973877,
        "min": 433.942382812,
        "var": 74.8016357422
    },
    "hpcp": {
        "dmean": [0.152050927281, 0.17026810348, 0.18445751071, 0.164913147688, 0.127725988626, 0.2225651443, 0.299806773663, 0.270205646753, 0.214442893863, 0.273179203272, 0.280734211206, 0.190595194697],
        "dmean2": [0.277865707874, 0.319116920233, 0.340551912785, 0.304491102695, 0.235339075327, 0.40659737587, 0.557829856873, 0.498466491699, 0.39653980732, 0.498703747988, 0.52389472723, 0.355093359947],
        "dvar": [0.0655481666327, 0.0890868231654, 0.0877922475338, 0.0792561843991, 0.0585766173899, 0.0887978151441, 0.115857683122, 0.107790470123, 0.095713481307, 0.101989947259, 0.113309890032, 0.082983776927],
        "dvar2": [0.182873725891, 0.232393726707, 0.238903611898, 0.220260500908, 0.164488956332, 0.243753090501, 0.330336838961, 0.290724307299, 0.266596704721, 0.284850925207, 0.329339176416, 0.233938738704],
        "max": [1, 1, 1, 1, 1, 1, 1, 1, 1, 1, 1, 1],
        "mean": [0.128770053387, 0.139186069369, 0.160419568419, 0.131014287472, 0.0990641489625, 0.217574566603, 0.278275638819, 0.254533708096, 0.173035830259, 0.254167824984, 0.22935757041, 0.154142171144],
        "median": [0.0279705952853, 0.0136678693816, 0.0234668292105, 0.0182579029351, 0.0171852372587, 0.0503898896277, 0.0848741307855, 0.0634857863188, 0.028830382973, 0.0818285867572, 0.0616420805454, 0.0279636010528],
        "min": [0, 0, 0, 0, 0, 0, 0, 0, 0, 0, 0, 0],
        "var": [0.0579680874944, 0.0788596719503, 0.0847780406475, 0.0679981485009, 0.0459913089871, 0.10420511663, 0.129970937967, 0.124438226223, 0.0862806811929, 0.11332988739, 0.10807171464, 0.0760336965322]
    }
},
"lowlevel": {
    "melbands": {
        "dmean": [0.000207423086977, 0.000795642146841, 0.000939009652939, 0.000478621717775, 0.000280943902908, 0.000440285657533, 0.00054434168851, 0.000383594713639, 0.000409970874898, 0.000252653349889, 0.000123897028971, 7.91383718024e-05, 6.18839039817e-05, 4.37451890321e-05, 6.21153230895e-05, 4.06844119425e-05, 4.19042153226e-05, 3.53582727257e-05, 2.83185945591e-05, 2.34833623836e-05, 2.10365724342e-05, 2.01305520022e-05, 2.47298667091e-05, 2.54296701314e-05, 1.87939931493e-05, 1.55934212671e-05, 1.08071908471e-05, 7.38076096241e-06, 4.26371025242e-06, 3.31243973051e-06, 2.46128706749e-06, 1.50224173012e-06, 7.63373975587e-07, 6.20549485575e-07, 5.70961219637e-07, 5.02274644987e-07, 4.94690539199e-07, 3.65775917999e-07, 1.96966183807e-07, 1.01066483182e-07],
        "dmean2": [0.000355568859959, 0.0013624856947, 0.0016259016702, 0.000821694557089, 0.000475345441373, 0.000743154843803, 0.000968390726484, 0.000616914650891, 0.000683610211127, 0.000422117329435, 0.000189910235349, 0.000115084723802, 9.54303832259e-05, 6.81771634845e-05, 9.29548696149e-05, 6.40535072307e-05, 6.7080341978e-05, 5.84098161198e-05, 4.66286765004e-05, 3.94872840843e-05, 3.42442981491e-05, 3.22085506923e-05, 3.97309413529e-05, 3.99005693907e-05, 2.88597875624e-05, 2.4966602723e-05, 1.62168180395e-05, 1.14215363283e-05, 6.97007635608e-06, 5.23087237525e-06, 3.8103796669e-06, 2.44263924287e-06, 1.26137251755e-06, 1.03590650724e-06, 9.26857580907e-07, 8.20846480565e-07, 8.04058629456e-07, 5.98995541168e-07, 3.22424028809e-07, 1.65184346201e-07],
        "dvar": [8.02857726967e-08, 1.18229093005e-06, 1.45500337112e-06, 5.15497220022e-07, 1.83566726264e-07, 3.15497089787e-07, 8.46496902795e-07, 8.78268053839e-07, 5.08588811954e-07, 2.37905567246e-07, 6.57195968756e-08, 4.82726960627e-08, 4.08311571221e-08, 1.54822039633e-08, 6.96522732824e-08, 1.11606297537e-08, 1.78466272871e-08, 9.35902200183e-09, 6.60765397953e-09, 7.65241381373e-09, 3.31601968107e-09, 2.84984924548e-09, 3.66029206944e-09, 3.93001675647e-09, 2.19543561109e-09, 1.01112662687e-09, 8.44313063908e-10, 4.62907184806e-10, 7.58961088421e-11, 5.03607502922e-11, 3.36755623387e-11, 1.00769930594e-11, 2.3040527819e-12, 1.09874641937e-12, 1.23083444478e-12, 8.42547386026e-13, 8.5700717356e-13, 8.91069227953e-13, 2.7346056192e-13, 4.40019114895e-14],
        "dvar2": [2.29144049513e-07, 3.1274214507e-06, 4.00777480536e-06, 1.47770197145e-06, 4.9788133083e-07, 8.4592818439e-07, 2.40778217631e-06, 2.1279208795e-06, 1.44370142152e-06, 6.67214294481e-07, 1.57177183269e-07, 8.89183198183e-08, 9.11949129545e-08, 3.53604470149e-08, 1.79615696538e-07, 2.74653402244e-08, 4.30798081652e-08, 2.43039703918e-08, 1.77389090084e-08, 2.11036876863e-08, 8.87665763116e-09, 7.68183294753e-09, 9.87217063653e-09, 9.93155602202e-09, 5.00975749773e-09, 2.46854958696e-09, 1.59069146743e-09, 9.7754160322e-10, 1.92985225023e-10, 1.03309499844e-10, 7.18314296932e-11, 2.16655322155e-11, 5.61622580039e-12, 2.96109165833e-12, 3.39647710998e-12, 2.23446131389e-12, 2.27373632075e-12, 2.45767186983e-12, 7.79728874783e-13, 1.14176978419e-13],
        "max": [0.00394421303645, 0.015047468245, 0.0132291791961, 0.00965184904635, 0.00646058795974, 0.00610667001456, 0.010021305643, 0.0121073815972, 0.0160420872271, 0.0121377967298, 0.00487822247669, 0.00577153544873, 0.00613699993119, 0.00354582536966, 0.0100052896887, 0.00295002106577, 0.00387478410266, 0.00159443949815, 0.00128126470372, 0.00198415596969, 0.00108840235043, 0.00128165795468, 0.0011800652137, 0.00125091336668, 0.000835627433844, 0.00068888993701, 0.000687729218043, 0.000670490320772, 0.000149903993588, 0.000255949154962, 0.000194921827642, 0.000100074626971, 2.94416277029e-05, 1.98595607799e-05, 1.96509427042e-05, 1.80542574526e-05, 1.7595688405e-05, 2.34540475503e-05, 9.70413566392e-06, 5.50894628759e-06],
        "mean": [0.000253587670159, 0.00105908024125, 0.00124894222245, 0.000711231958121, 0.000373598653823, 0.000647193053737, 0.000648148998152, 0.000498471432365, 0.000754594919272, 0.000433731242083, 0.000274847930996, 0.000154347420903, 0.000108500025817, 7.7450851677e-05, 0.000118600051792, 7.27495353203e-05, 7.43488708395e-05, 6.14826567471e-05, 4.34260036855e-05, 3.84849445254e-05, 3.60287522199e-05, 3.6757770431e-05, 5.54250327696e-05, 6.13068114035e-05, 3.925216879e-05, 3.35251243087e-05, 2.73502173513e-05, 1.56535534188e-05, 8.31494708109e-06, 6.86999737809e-06, 5.54807365916e-06, 3.41015584127e-06, 1.68541953371e-06, 1.33319588258e-06, 1.29337877297e-06, 1.0689437886e-06, 9.84258804237e-07, 7.01815508819e-07, 3.81787032211e-07, 2.01393646648e-07],