{
"metadata": {
    "version": {
        "essentia": "2.0.1",
        "extractor": "archive-music 1.0 mod ismir14"
    },
    "audio_properties": {
        "analysis_sample_rate": 44100,
        "bitrate": 32,
        "channels": 2,
        "equal_loudness": 0,
        "length": 30.0408172607,
        "replay_gain": -13.2592163086,
        "downmix": "mix"
    },
    "tags": {
        "track": 0,
        "year": 0,
        "album": "",
        "artist": "",
        "comment": "",
        "genre": "",
        "title": ""
    }
},
"rhythm": {
    "bpm": 90.2956161499,
    "bpm_histogram_first_peak": 91,
    "bpm_histogram_first_peak_spread": 0.341463446617,
    "bpm_histogram_first_peak_weight": 0.62790697813,
    "bpm_histogram_second_peak": 85,
    "bpm_histogram_second_peak_spread": 0,
    "bpm_histogram_second_peak_weight": 0.0465116277337
},
"tonal": {
    "tuning_frequency": {
        "dmean": 0.126847654581,
        "dmean2": 0.23196130991,
        "dvar": 2.13319063187,
        "dvar2": 4.01746845245,
        "max": 456.570251465,
        "mean": 444.747009277,
        "median": 449.504882812,
        "min": 431.692352295,
        "var": 96.0975570679
    },
    "hpcp": {
        "dmean": [0.205536454916, 0.177416801453, 0.184897661209, 0.149092018604, 0.148049533367, 0.193591624498, 0.188922330737, 0.231868878007, 0.249358519912, 0.183923780918, 0.177075698972, 0.182281792164],
        "dmean2": [0.379487276077, 0.335185438395, 0.345859706402, 0.278075277805, 0.273890048265, 0.35612565279, 0.35326397419, 0.429280102253, 0.45927670598, 0.350190401077, 0.329785645008, 0.34269669652],
        "dvar": [0.0949078425765, 0.0953796803951, 0.0964534804225, 0.0761537998915, 0.0696522146463, 0.091685667634, 0.101429663599, 0.110204271972, 0.118990652263, 0.105858497322, 0.0904918983579, 0.0925111547112],
        "dvar2": [0.264181703329, 0.259880959988, 0.276059120893, 0.217946827412, 0.191641137004, 0.246540099382, 0.269577682018, 0.293960303068, 0.300310969353, 0.30579829216, 0.262999922037, 0.270207136869],
        "max": [1, 1, 1, 1, 1, 1, 1, 1, 1, 1, 1, 1],
        "mean": [0.189535558224, 0.143438532948, 0.155130296946, 0.129144608974, 0.117692098022, 0.173606410623, 0.161280244589, 0.212142005563, 0.254028767347, 0.124532938004, 0.134081482887, 0.129576563835],
        "median": [0.0370113253593, 0.0148306358606, 0.0197240430862, 0.0149653162807, 0.0179406423122, 0.02325675264, 0.014289803803, 0.0331768207252, 0.0453270636499, 0.0095267277211, 0.0163928158581, 0.016537796706],
        "min": [0, 0, 0, 0, 0, 0, 0, 0, 0, 0, 0, 0],
        "var": [0.0960903614759, 0.0843080952764, 0.0856098309159, 0.071549423039, 0.0570682883263, 0.0925647541881, 0.0971418693662, 0.11223898083, 0.137236684561, 0.076702915132, 0.0721499398351, 0.0702638179064]
    }
},
"lowlevel": {
    "melbands": {
        "dmean": [0.00078525923891, 0.0025987427216, 0.00124526233412, 0.000496498076245, 0.000347428693203, 0.000262120534899, 0.000287142553134, 0.000331851129886, 0.000472843035823, 0.000318045786116, 0.000145721642184, 0.00016210116155, 0.000144264151459, 0.000102136255009, 0.000141895230627, 0.000142213946674, 3.40721308021e-05, 2.62541598204e-05, 1.5102415091e-05, 1.85330045497e-05, 2.85325913865e-05, 2.11695551116e-05, 3.57067910954e-05, 2.65672479145e-05, 1.53205273818e-05, 1.77232886927e-05, 1.38421246447e-05, 8.31193847262e-06, 3.94649305235e-06, 3.3044243537e-06, 1.80186304988e-06, 8.79188746694e-07, 5.28460304849e-07, 4.1990008981e-07, 4.14111667624e-07, 4.34321236753e-07, 3.21947766224e-07, 4.70509604611e-07, 3.90333013911e-07, 3.3933127952e-07],
        "dmean2": [0.00129093951546, 0.00470965914428, 0.00218802806921, 0.000853967154399, 0.0006018228014, 0.000444678444183, 0.000482922536321, 0.000516105326824, 0.000685533042997, 0.000432841130532, 0.000214549378143, 0.000226454489166, 0.000194025211385, 0.000163669159519, 0.000209836303839, 0.000208533267141, 4.97445616929e-05, 3.92816546082e-05, 2.4003069484e-05, 2.9391998396e-05, 4.54697910754e-05, 3.42597122653e-05, 5.69399744563e-05, 3.94289854739e-05, 2.28143035201e-05, 2.80814019789e-05, 2.06046661333e-05, 1.22841429402e-05, 6.01279225521e-06, 5.01891963722e-06, 2.76382638731e-06, 1.39839448821e-06, 8.53899678077e-07, 6.67176095703e-07, 6.66208393341e-07, 6.96304141456e-07, 5.05291154695e-07, 7.60490195262e-07, 6.04475360433e-07, 5.54975201794e-07],
        "dvar": [6.86352279899e-07, 8.7366115622e-06, 2.01674970413e-06, 5.1125130085e-07, 4.97508096942e-07, 1.87506444149e-07, 2.482105117e-07, 4.0220109554e-07, 8.85498934622e-07, 1.05287085717e-06, 3.09794955911e-07, 2.28229765753e-07, 1.41842861012e-07, 9.97537128455e-08, 1.41875517556e-07, 1.89018351193e-07, 1.0316571597e-08, 5.10405628873e-09, 6.6982375202e-10, 9.51496215151e-10, 3.23765392274e-09, 2.30943220103e-09, 5.95124971525e-09, 3.34870531304e-09, 8.96848484366e-10, 1.10933584541e-09, 8.25035151308e-10, 3.17575854503e-10, 6.89344761828e-11, 5.61221520645e-11, 1.37756707083e-11, 2.26979264377e-12, 6.89930914049e-13, 3.80342729967e-13, 4.68758278721e-13, 3.71093021763e-13, 2.65131883462e-13, 5.35331056827e-13, 4.64946169672e-13, 3.64044027128e-13],
        "dvar2": [1.92925085685e-06, 2.90587413474e-05, 5.83186147196e-06, 1.40809561344e-06, 1.401776899e-06, 5.04343176999e-07, 6.46121577574e-07, 9.61821797318e-07, 1.72148713773e-06, 1.7620664039e-06, 5.12626570526e-07, 3.40009563615e-07, 2.10820005009e-07, 2.2967604707e-07, 2.50563147119e-07, 3.3569259017e-07, 1.40262068626e-08, 1.11502558298e-08, 1.5235864792e-09, 2.32108066101e-09, 7.81232856184e-09, 6.0107772093e-09, 1.54224490956e-08, 7.36693328562e-09, 1.95291427474e-09, 2.70573652372e-09, 1.61577073943e-09, 5.98413818498e-10, 1.33643165978e-10, 1.08793522802e-10, 3.10678913151e-11, 5.60949854275e-12, 1.74330385197e-12, 8.68182912714e-13, 1.06587275898e-12, 8.86918739406e-13, 6.06750381275e-13, 1.34212064205e-12, 1.01371808083e-12, 9.24678411098e-13],
        "max": [0.00846538785845, 0.0245462246239, 0.0147565919906, 0.0105842482299, 0.00959186535329, 0.0058250031434, 0.0103194825351, 0.00981852412224, 0.0181429609656, 0.0203256886452, 0.0265814736485, 0.0165176950395, 0.0150016974658, 0.00792474672198, 0.00913941580802, 0.0128209292889, 0.0048779156059, 0.00172632851172, 0.000471618928714, 0.000343823659932, 0.000941982551012, 0.000780243310146, 0.00119160208851, 0.000891944509931, 0.000548447365873, 0.000529724755324, 0.000498735113069, 0.000411709857872, 0.000163111006259, 0.00015574702411, 6.90884990036e-05, 3.01872551063e-05, 1.12654042823e-05, 1.00062843558e-05, 1.27844086819e-05, 7.99227291282e-06, 1.24321031763e-05, 1.13883415906e-05, 1.45173680721e-05, 1.15214024845e-05],
        "mean": [0.00133277452551, 0.00356847699732, 0.00186436716467, 0.000700361269992, 0.000455640227301, 0.000395266833948, 0.000459146656794, 0.00061847048346, 0.000936426222324, 0.000629245187156, 0.00024346455757, 0.000280349253444, 0.000326842622599, 0.000151414627908, 0.000237895786995, 0.000256257917499, 6.38965793769e-05, 4.43697172159e-05, 2.67766881734e-05, 3.14837416227e-05, 4.62917014374e-05, 3.55286138074e-05, 5.91292300669e-05, 4.70360137115e-05, 2.92019540211e-05, 3.21228144458e-05, 2.59565531451e-05, 1.55988127517e-05, 7.70935912442e-06, 6.01188776272e-06, 3.24305483446e-06, 1.67177972799e-06, 1.01292891941e-06, 9.0157050181e-07, 8.61346734382e-07, 8.84041241989e-07, 7.15122780548e-07, 9.8776502e-07, 9.13652741019e-07, 7.51429183765e-07],