{
"metadata": {
    "version": {
        "essentia": "2.0.1",
        "extractor": "archive-music 1.0 mod ismir14"
    },
    "audio_properties": {
        "analysis_sample_rate": 44100,
        "bitrate": 32,
        "channels": 2,
        "equal_loudness": 0,
        "length": 30.0408172607,
        "replay_gain": -13.0211219788,
        "downmix": "mix"
    },
    "tags": {
        "track": 0,
        "year": 0,
        "album": "",
        "artist": "",
        "comment": "",
        "genre": "",
        "title": ""
    }
},
"rhythm": {
    "bpm": 86.9152679443,
    "bpm_histogram_first_peak": 88,
    "bpm_histogram_first_peak_spread": 0.444444477558,
    "bpm_histogram_first_peak_weight": 0.476190507412,
    "bpm_histogram_second_peak": 82,
    "bpm_histogram_second_peak_spread": 0,
    "bpm_histogram_second_peak_weight": 0.142857149243
},
"tonal": {
    "tuning_frequency": {
        "dmean": 0.230235353112,
        "dmean2": 0.337198019028,
        "dvar": 3.02111005783,
        "dvar2": 3.92081236839,
        "max": 455.253540039,
        "mean": 439.359283447,
        "median": 440.763122559,
        "min": 434.946166992,
        "var": 7.11432886124
    },
    "hpcp": {
        "dmean": [0.225086092949, 0.151490226388, 0.231155231595, 0.250906407833, 0.116506762803, 0.213160783052, 0.261547923088, 0.273500949144, 0.177539989352, 0.113892152905, 0.239235132933, 0.0808516293764],
        "dmean2": [0.384934306145, 0.268705606461, 0.427297502756, 0.446418255568, 0.205700069666, 0.346363902092, 0.453879326582, 0.480308026075, 0.300571501255, 0.196275621653, 0.443325906992, 0.144596382976],
        "dvar": [0.0430744327605, 0.0317011512816, 0.058953166008, 0.0603649951518, 0.0277148038149, 0.0605051852763, 0.0666816085577, 0.0470990277827, 0.0397509932518, 0.0194004885852, 0.0676701664925, 0.0141859389842],
        "dvar2": [0.117709852755, 0.0825417488813, 0.16804651916, 0.176869273186, 0.0779280588031, 0.142231330276, 0.150187239051, 0.119900874794, 0.099180623889, 0.0485315769911, 0.170890942216, 0.0416164062917],
        "max": [1, 1, 1, 1, 1, 1, 1, 1, 1, 0.981801092625, 1, 1],
        "mean": [0.304936468601, 0.177956834435, 0.235248595476, 0.307794690132, 0.131621539593, 0.325075417757, 0.35224545002, 0.400718033314, 0.248353764415, 0.137288525701, 0.785967588425, 0.0996144786477],
        "median": [0.250162988901, 0.119747832417, 0.131929278374, 0.211034223437, 0.0780750438571, 0.141941308975, 0.248259067535, 0.349282026291, 0.142876163125, 0.0792058557272, 1, 0.0732987672091],
        "min": [0.0167882312089, 0.00629541324452, 0.00880593620241, 0.00845784787089, 0.00672297971323, 0.0204301141202, 0.00829775538296, 0.0140328174457, 0.0067006512545, 0.00478580174968, 0.148704141378, 0.00514494907111],
        "var": [0.0636871829629, 0.0373833738267, 0.0615342669189, 0.0725016891956, 0.0251944363117, 0.111558325589, 0.0968304872513, 0.0863123461604, 0.0670500844717, 0.0251326393336, 0.0763445273042, 0.0104904836044]
    }
},
"lowlevel": {
    "melbands": {
        "dmean": [1.49931147462e-05, 6.36113181827e-05, 5.88529801462e-05, 3.88318585465e-05, 1.60520630743e-05, 2.9091426768e-05, 2.9688973882e-05, 3.62634200428e-05, 4.25209509558e-05, 2.35255320149e-05, 1.63669519679e-05, 1.0698288861e-05, 9.34713898459e-06, 5.2122818488e-06, 8.45502927405e-06, 4.98027930007e-06, 6.51138134344e-06, 3.93569325752e-06, 2.59995977103e-06, 2.39345718001e-06, 2.34986077885e-06, 2.3208078801e-06, 3.70473117073e-06, 3.95504048356e-06, 2.51464098255e-06, 1.55908219313e-06, 1.65928872775e-06, 1.05339256606e-06, 4.68439083079e-07, 4.12086620827e-07, 3.65731125385e-07, 1.8406893787e-07, 7.27272180256e-08, 4.96245249337e-08, 4.62456668515e-08, 3.73364485995e-08, 3.25145848024e-08, 2.80473422265e-08, 1.66455471629e-08, 8.33925994925e-09],
        "dmean2": [2.64737464022e-05, 0.000119487573102, 0.000105592880573, 7.0602465712e-05, 2.90726802632e-05, 5.26125513716e-05, 5.27244956174e-05, 6.63332320983e-05, 7.07244471414e-05, 4.17685005232e-05, 2.79743089777e-05, 1.9415116185e-05, 1.69462709891e-05, 9.08352467377e-06, 1.55281340994e-05, 8.85453755473e-06, 1.19836649901e-05, 6.9053576226e-06, 4.70482973469e-06, 3.92718447983e-06, 4.14017085859e-06, 4.11443852499e-06, 6.73610520607e-06, 6.74162447467e-06, 4.28132443631e-06, 2.65402240984e-06, 2.81674465441e-06, 1.80250253834e-06, 8.13373901565e-07, 7.43197063002e-07, 6.22489153557e-07, 3.20042175872e-07, 1.29224957846e-07, 8.70606768899e-08, 7.94799248638e-08, 6.30830641057e-08, 5.9271453523e-08, 4.95848269111e-08, 2.92672872604e-08, 1.51977701535e-08],
        "dvar": [4.71818639713e-10, 4.89262186321e-09, 2.91255353169e-09, 3.17122905713e-09, 2.14269865739e-10, 6.11014405738e-10, 7.26608162527e-10, 1.51777035384e-09, 6.76613964856e-09, 3.86160792232e-09, 5.24767396204e-10, 6.43751218998e-10, 5.27398735795e-10, 1.15023865432e-10, 3.30836275042e-10, 7.3306652415e-11, 2.23502397145e-10, 5.23003029773e-11, 1.56855414074e-11, 2.72379271915e-11, 1.21295308866e-11, 1.01209188599e-11, 3.93150199895e-11, 4.61732214962e-11, 1.79418285784e-11, 7.78645550814e-12, 1.12473259872e-11, 5.36901729672e-12, 4.63035263343e-13, 6.4182681522e-13, 5.38573255004e-13, 1.24422729606e-13, 1.32184099278e-14, 5.42209887625e-15, 5.57886942819e-15, 1.70256449371e-15, 1.51392305657e-15, 6.90264989349e-16, 2.88636985279e-16, 1.27612739754e-16],
        "dvar2": [1.22708943007e-09, 1.60636819402e-08, 8.45569125829e-09, 8.77999983828e-09, 5.82380865755e-10, 1.9811743357e-09, 1.99778393828e-09, 4.00164834602e-09, 1.43386369444e-08, 1.06846655967e-08, 1.31202293474e-09, 1.77019676695e-09, 1.45571388277e-09, 3.3015049028e-10, 9.71605351729e-10, 2.08921074885e-10, 6.34746089023e-10, 1.30872049309e-10, 4.18763426713e-11, 6.50261580692e-11, 3.03551524194e-11, 2.83513108823e-11, 1.12930449714e-10, 1.23171389754e-10, 4.25397252146e-11, 2.08014144104e-11, 2.83983930122e-11, 1.40649861549e-11, 1.12373630366e-12, 1.59578144969e-12, 1.54307068425e-12, 3.46079041076e-13, 2.93159559941e-14, 1.19130347473e-14, 1.11549546591e-14, 3.30400744131e-15, 3.65781860909e-15, 1.69257225779e-15, 7.49429764259e-16, 3.3384125432e-16],
        "max": [0.000170269500813, 0.000420248834416, 0.000273726152955, 0.000333975593094, 8.97868230822e-05, 0.00015058858844, 0.000154603563715, 0.000152828768478, 0.000877905113157, 0.000521169567946, 0.000154275854584, 0.000142153323395, 0.000145852012793, 7.66688608564e-05, 0.000124856524053, 4.73121908726e-05, 9.22623657971e-05, 7.01309545548e-05, 2.54312108154e-05, 5.15691644978e-05, 2.27163236559e-05, 2.15171385207e-05, 3.14650023938e-05, 4.90554957651e-05, 3.36430857715e-05, 1.97648587346e-05, 2.58473264694e-05, 1.4270977772e-05, 4.88245723318e-06, 5.65934169572e-06, 4.93121524414e-06, 2.42703254116e-06, 7.30745398414e-07, 5.27990664523e-07, 6.38632684513e-07, 3.48507825265e-07, 3.24794910966e-07, 2.06850700124e-07, 1.47999443811e-07, 1.15411587842e-07],
        "mean": [1.89736492757e-05, 7.38010494388e-05, 7.96184322098e-05, 4.165952123e-05, 2.24791529035e-05, 4.115793854e-05, 4.05859282182e-05, 3.08501221298e-05, 4.87551151309e-05, 2.47724328801e-05, 1.91193557839e-05, 8.9755458248e-06, 7.07321805749e-06, 4.81500319438e-06, 7.71881423134e-06, 4.24938161814e-06, 4.9140394367e-06, 3.94931839764e-06, 2.67582117885e-06, 2.28787166634e-06, 2.18841159949e-06, 2.23662414101e-06, 3.50009804606e-06, 3.81489235224e-06, 2.4708942874e-06, 2.05348578675e-06, 1.71026897533e-06, 9.98545942821e-07, 5.36895527148e-07, 4.38357176336e-07, 3.55998793111e-07, 2.20820695063e-07, 1.0714880716e-07, 8.58243396351e-08, 8.25532637805e-08, 6.82960461518e-08, 6.37489421251e-08, 4.58229045819e-08, 2.51580107857e-08, 1.39882700978e-08],