{
"metadata": {
    "version": {
        "essentia": "2.0.1",
        "extractor": "archive-music 1.0 mod ismir14"
    },
    "audio_properties": {
        "analysis_sample_rate": 44100,
        "bitrate": 32,
        "channels": 2,
        "equal_loudness": 0,
        "length": 30.0408172607,
        "replay_gain": -13.3073253632,
        "downmix": "mix"
    },
    "tags": {
        "track": 0,
        "year": 0,
        "album": "",
        "artist": "",
        "comment": "",
        "genre": "",
        "title": ""
    }
},
"rhythm": {
    "bpm": 90.2983322144,
    "bpm_histogram_first_peak": 91,
    "bpm_histogram_first_peak_spread": 0.390243828297,
    "bpm_histogram_first_peak_weight": 0.58139538765,
    "bpm_histogram_second_peak": 85,
    "bpm_histogram_second_peak_spread": 0,
    "bpm_histogram_second_peak_weight": 0.0465116277337
},
"tonal": {
    "tuning_frequency": {
        "dmean": 0.191977232695,
        "dmean2": 0.37500756979,
        "dvar": 1.08741462231,
        "dvar2": 2.10120224953,
        "max": 454.465301514,
        "mean": 450.207305908,
        "median": 451.065460205,
        "min": 442.03793335,
        "var": 8.08210277557
    },
    "hpcp": {
        "dmean": [0.280874818563, 0.0802230462432, 0.152658611536, 0.16700899601, 0.417960077524, 0.294899135828, 0.12352052331, 0.31546792388, 0.130891412497, 0.0989424735308, 0.121770590544, 0.149649992585],
        "dmean2": [0.488576322794, 0.135559827089, 0.252423465252, 0.310879290104, 0.756296038628, 0.53385668993, 0.21279489994, 0.521947801113, 0.228366971016, 0.174987763166, 0.213011398911, 0.264972418547],
        "dvar": [0.0944673418999, 0.0115094827488, 0.0292742662132, 0.0575940236449, 0.0910439640284, 0.0834503769875, 0.0149365961552, 0.0888292640448, 0.0280095469207, 0.0172525607049, 0.026385480538, 0.031093288213],
        "dvar2": [0.166367650032, 0.0283918119967, 0.0743751674891, 0.161975488067, 0.23784160614, 0.198561921716, 0.0365896634758, 0.196350306273, 0.0831551328301, 0.0486973710358, 0.0737941712141, 0.0886701196432],
        "max": [1, 0.696669757366, 1, 1, 1, 1, 0.619689166546, 1, 1, 1, 1, 1],
        "mean": [0.559981167316, 0.0865846797824, 0.186364635825, 0.15160381794, 0.422127664089, 0.385045617819, 0.131824359298, 0.429521620274, 0.120316557586, 0.101102806628, 0.118981778622, 0.149696499109],
        "median": [0.507482111454, 0.049991492182, 0.10828243196, 0.0723904892802, 0.282219916582, 0.252010911703, 0.0787606239319, 0.312404215336, 0.067377269268, 0.0668167993426, 0.0702391117811, 0.086102321744],
        "min": [0.00777958100662, 0.00229160790332, 0.0103190541267, 0.00716524617746, 0.0279385540634, 0.00967985857278, 0.00516755320132, 0.0078182388097, 0.00130797817837, 0.00426701689139, 0.0039796535857, 0.00458268914372],
        "var": [0.156926348805, 0.0123286712915, 0.0404672846198, 0.0497202388942, 0.123790577054, 0.132461905479, 0.0200875662267, 0.143559515476, 0.0241198819131, 0.0143974851817, 0.0220536254346, 0.0289492700249]
    }
},
"lowlevel": {
    "melbands": {
        "dmean": [6.87675274094e-05, 0.000174752422026, 4.95093845529e-05, 3.11820840579e-05, 2.79396481346e-05, 2.04792177101e-05, 2.72095057881e-05, 4.215768422e-05, 7.24886558601e-05, 5.4419535445e-05, 2.22003563977e-05, 2.52584377449e-05, 3.08607086481e-05, 1.03006887002e-05, 1.74702454387e-05, 2.15714899241e-05, 5.5547611737e-06, 3.66926042261e-06, 1.56703515586e-06, 1.84564328265e-06, 3.31266164721e-06, 2.40144709096e-06, 4.44603665528e-06, 3.57365615855e-06, 1.91901835933e-06, 2.28461499319e-06, 2.02134924621e-06, 1.25108010707e-06, 5.41904910278e-07, 4.91901630539e-07, 2.29047103062e-07, 8.97958685186e-08, 5.03175456856e-08, 4.47923937941e-08, 4.30009521324e-08, 3.90583458909e-08, 3.81352798229e-08, 5.12781888062e-08, 4.8518124629e-08, 3.69100270348e-08],
        "dmean2": [0.000108079671918, 0.000279552885331, 8.78510181792e-05, 5.47397503396e-05, 5.04550298501e-05, 3.72492177121e-05, 4.64694021503e-05, 7.95598898549e-05, 0.000133990339236, 0.00010126401321, 4.32564993389e-05, 4.77094981761e-05, 5.6161214161e-05, 1.93856594706e-05, 3.1645737181e-05, 3.91620233131e-05, 1.04426462713e-05, 6.82271002006e-06, 2.83203939944e-06, 3.25540690937e-06, 6.00628436587e-06, 4.42589816885e-06, 8.438900295e-06, 6.60456817059e-06, 3.52196616404e-06, 4.26139786214e-06, 3.73970078726e-06, 2.28294629778e-06, 1.01049363366e-06, 9.28923043375e-07, 4.22244113452e-07, 1.64659198276e-07, 9.4265338646e-08, 8.20573688998e-08, 7.75871740188e-08, 6.99324971265e-08, 6.99545097405e-08, 9.32494046424e-08, 8.88636435548e-08, 6.73507969395e-08],
        "dvar": [2.20031437514e-09, 1.6278388415e-08, 2.56563259526e-09, 6.10147432578e-10, 1.34664712714e-09, 4.07749917164e-10, 1.87918924865e-09, 3.40402883658e-09, 7.37743155454e-09, 1.48138568079e-08, 9.82237935432e-09, 1.94497196127e-09, 3.36622418828e-09, 2.26970026107e-10, 5.7076809945e-10, 1.26344679163e-09, 3.96713994988e-10, 6.15275538851e-11, 2.85056245102e-12, 2.0620872631e-12, 9.4783599372e-12, 5.61702203847e-12, 2.20775116938e-11, 1.00236667924e-11, 2.98685381983e-12, 5.29199037022e-12, 4.0764583549e-12, 1.4891382398e-12, 3.31132934657e-13, 3.34861587244e-13, 4.50869098729e-14, 8.27346885121e-15, 2.20880188732e-15, 1.35977830676e-15, 1.15198217244e-15, 1.36822057827e-15, 1.37463579406e-15, 3.29418800011e-15, 2.47809081367e-15, 1.61340104112e-15],
        "dvar2": [5.59643309472e-09, 4.77279158417e-08, 7.06724678778e-09, 1.65367608496e-09, 3.49407591749e-09, 8.93970897309e-10, 4.78142458959e-09, 9.98212446035e-09, 2.14861817227e-08, 4.19709103028e-08, 2.95273334672e-08, 5.76206060643e-09, 9.45438749511e-09, 6.60524190899e-10, 1.49214240963e-09, 3.51449269687e-09, 1.18809928562e-09, 1.79054757132e-10, 8.39396434305e-12, 5.96201820552e-12, 2.46476068722e-11, 1.62111487428e-11, 6.07545680431e-11, 2.68349266419e-11, 8.72434589849e-12, 1.43457780377e-11, 1.11902605238e-11, 4.18710292133e-12, 9.25524847734e-13, 9.5692908892e-13, 1.35205553893e-13, 2.65454382786e-14, 6.73162282413e-15, 3.90375928401e-15, 3.4445645121e-15, 4.073912533e-15, 4.35049547182e-15, 1.01406886089e-14, 7.6674464236e-15, 4.93221821824e-15],
        "max": [0.000272227480309, 0.000808752432931, 0.000415787333623, 0.000189004422282, 0.000312561256578, 0.000159945702762, 0.00042973519885, 0.000289693591185, 0.000495973275974, 0.000929290079512, 0.000901796796825, 0.000270586373517, 0.000340045138728, 7.94628213043e-05, 0.000126294515212, 0.000165270903381, 0.000180714385351, 5.086463716e-05, 1.35258660521e-05, 6.70736926622e-06, 1.73966236616e-05, 1.15493103294e-05, 2.48279284278e-05, 1.72222353285e-05, 9.59237786446e-06, 1.38197274282e-05, 1.17573663374e-05, 7.73383271735e-06, 3.70631573787e-06, 4.43064254796e-06, 1.37081258345e-06, 7.56570557314e-07, 2.80425837218e-07, 2.39492891296e-07, 1.9544208385e-07, 2.19786386424e-07, 1.96316889856e-07, 3.09181274361e-07, 3.02841101529e-07, 2.82712562694e-07],
        "mean": [0.000101511141111, 0.000268472358584, 8.64114699652e-05, 4.09508320445e-05, 2.73538298643e-05, 2.21354639507e-05, 2.87789189315e-05, 3.59740079148e-05, 6.0297188611e-05, 3.80774326914e-05, 1.53311902977e-05, 1.85804274224e-05, 2.14527462958e-05, 8.58679140947e-06, 1.46703514474e-05, 1.58687289513e-05, 4.04764750783e-06, 2.92593722406e-06, 1.65369681326e-06, 2.01091188501e-06, 2.93389030048e-06, 2.18286731979e-06, 3.7692202568e-06, 2.97909491564e-06, 1.84310215445e-06, 2.04720845431e-06, 1.65463984558e-06, 1.02265187252e-06, 5.02969157878e-07, 4.0611064378e-07, 2.1843359832e-07, 1.11482513887e-07, 7.15775669846e-08, 6.33897627722e-08, 6.05762338068e-08, 6.11174186815e-08, 5.09071149679e-08, 6.86485677193e-08, 6.24611047328e-08, 5.24057277573e-08],