{
"metadata": {
    "version": {
        "essentia": "2.0.1",
        "extractor": "archive-music 1.0 mod ismir14"
    },
    "audio_properties": {
        "analysis_sample_rate": 44100,
        "bitrate": 128,
        "channels": 2,
        "equal_loudness": 0,
        "length": 30.0669155121,
        "replay_gain": -14.8304538727,
        "downmix": "mix"
    },
    "tags": {
        "track": 0,
        "year": 0,
        "album": "",
        "artist": "",
        "comment": "",
        "genre": "",
        "title": ""
    }
},
"rhythm": {
    "bpm": 109.229476929,
    "bpm_histogram_first_peak": 110,
    "bpm_histogram_first_peak_spread": 0.471698105335,
    "bpm_histogram_first_peak_weight": 0.528301894665,
    "bpm_histogram_second_peak": 0,
    "bpm_histogram_second_peak_spread": 0,
    "bpm_histogram_second_peak_weight": 0
},
"tonal": {
    "tuning_frequency": {
        "dmean": 0.069893963635,
        "dmean2": 0.120444156229,
        "dvar": 0.203523665667,
        "dvar2": 0.389737159014,
        "max": 450.284484863,
        "mean": 441.991485596,
        "median": 442.293365479,
        "min": 439.491973877,
        "var": 0.905665814877
    },
    "hpcp": {
        "dmean": [0.130212143064, 0.0773459523916, 0.0667042210698, 0.130064874887, 0.0752536281943, 0.110915891826, 0.0542102791369, 0.0835173353553, 0.10693231225, 0.0476966835558, 0.119540899992, 0.0767287537456],
        "dmean2": [0.235161289573, 0.143192872405, 0.118368156254, 0.223219498992, 0.139308139682, 0.194068789482, 0.102898105979, 0.144693762064, 0.174669653177, 0.086647555232, 0.203686892986, 0.14209549129],
        "dvar": [0.0682190060616, 0.0435520000756, 0.0306991301477, 0.0570783950388, 0.0390990190208, 0.0466996841133, 0.0252463649958, 0.0315870344639, 0.0415224581957, 0.0228258408606, 0.051649723202, 0.0404193513095],
        "dvar2": [0.177589595318, 0.108777217567, 0.0797235742211, 0.123081251979, 0.104730635881, 0.119600996375, 0.0737434178591, 0.078779488802, 0.0994543209672, 0.0633006766438, 0.129380375147, 0.107275947928],
        "max": [1, 1, 1, 1, 1, 1, 1, 1, 1, 1, 1, 1],
        "mean": [0.167199775577, 0.211101159453, 0.0506516806781, 0.412894189358, 0.0514182038605, 0.216329783201, 0.0330454446375, 0.101270243526, 0.204804107547, 0.0325456298888, 0.2170355618, 0.0514921694994],
        "median": [0.0227513462305, 0.00482356455177, 0.00355551531538, 0.158029317856, 0.00270846439525, 0.0357423499227, 0.00232588290237, 0.0119621809572, 0.057688459754, 0.00238186516799, 0.0533375814557, 0.00240138010122],
        "min": [0, 8.45341128297e-06, 2.39394580603e-06, 0, 3.072202162e-06, 2.77792196357e-06, 8.84628150288e-07, 2.11622937059e-05, 1.0559463135e-06, 1.72384079633e-06, 4.74805983686e-06, 2.05076321436e-06],
        "var": [0.0941888689995, 0.146087408066, 0.0237101372331, 0.189625948668, 0.0281015876681, 0.11885779351, 0.0144376754761, 0.0499701425433, 0.0993407145143, 0.0146127352491, 0.106412597001, 0.0281468871981]
    }
},
"lowlevel": {
    "melbands": {
        "dmean": [0.000507752294652, 0.000866303569637, 0.000631001254078, 0.000399156939238, 0.00016532074369, 0.000151367174112, 8.72043165145e-05, 0.000123211968457, 0.000168619328178, 0.000112738503958, 2.69832435151e-05, 3.25451728713e-05, 2.01439306693e-05, 2.20439742407e-05, 2.15375093831e-05, 2.11746992136e-05, 1.94340882445e-05, 1.6750938812e-05, 9.62474041444e-06, 1.52382235683e-05, 6.97085670254e-06, 4.89477679366e-06, 5.06045535076e-06, 3.34850778927e-06, 1.98723864742e-06, 1.47547689267e-06, 8.73810904523e-07, 6.5152676143e-07, 7.11243728801e-07, 5.52168614831e-07, 4.59883722215e-07, 4.54088791457e-07, 4.25395739967e-07, 2.93038254995e-07, 2.44273820726e-07, 1.7546626907e-07, 9.84811947546e-08, 2.94331456985e-08, 6.56227516771e-09, 3.74351577515e-10],
        "dmean2": [0.000873591168784, 0.00141960685141, 0.000966998108197, 0.000654742296319, 0.000266686955001, 0.000229850847973, 0.000139708819916, 0.000187981160707, 0.000260409666225, 0.000179344555363, 4.12827866967e-05, 5.41072149645e-05, 3.07118825731e-05, 3.50404588971e-05, 3.40018850693e-05, 3.36436241923e-05, 3.22425730701e-05, 2.59932076005e-05, 1.5118880583e-05, 2.28330554819e-05, 1.09568300104e-05, 7.62577519708e-06, 8.04005412647e-06, 5.38436825082e-06, 3.19560740536e-06, 2.32429829339e-06, 1.34107710892e-06, 9.80064555733e-07, 1.05458104827e-06, 8.32254727356e-07, 6.92901380717e-07, 6.54558732549e-07, 5.99723591677e-07, 4.29539028346e-07, 3.37561431252e-07, 2.44340412792e-07, 1.34183608225e-07, 4.08888389813e-08, 9.64072821574e-09, 6.66380395309e-10],
        "dvar": [1.84150496807e-06, 1.48779190567e-06, 5.65669949992e-07, 5.3278051837e-07, 4.56668978188e-08, 7.33411269493e-08, 2.16008935183e-08, 6.32853556226e-08, 1.00687934435e-07, 7.71340822325e-08, 4.41618785985e-09, 9.83971926161e-09, 2.85155765667e-09, 3.10705150497e-09, 3.70276742601e-09, 2.52448861815e-09, 1.63170965628e-09, 1.66516755939e-09, 4.48108744555e-10, 2.28635577137e-09, 1.9942486551e-10, 7.10855957431e-11, 1.1432039343e-10, 4.21231938219e-11, 1.1397849678e-11, 1.00856952998e-11, 2.47791305703e-12, 1.47544379058e-12, 1.74119085036e-12, 1.25741799785e-12, 9.36499684225e-13, 9.29856126992e-13, 8.37413471899e-13, 5.53386275606e-13, 5.99728654325e-13, 5.36222379433e-13, 2.54164500861e-13, 1.1638995872e-14, 4.79803612917e-16, 2.48241823552e-18],
        "dvar2": [5.0056632972e-06, 3.7301674638e-06, 1.42543535731e-06, 1.50369271523e-06, 1.24719164774e-07, 1.54300252575e-07, 5.06428676772e-08, 1.37466287242e-07, 2.18536214902e-07, 1.79104674203e-07, 7.64535634801e-09, 2.30680825553e-08, 6.37166897022e-09, 7.6289143891e-09, 8.49615044984e-09, 5.82469628085e-09, 4.11104661424e-09, 3.32983929319e-09, 9.76381420159e-10, 5.26881915874e-09, 4.80580408802e-10, 1.91607438249e-10, 2.60882704328e-10, 1.01389771578e-10, 2.65126635923e-11, 2.64816744922e-11, 5.8297767655e-12, 3.33892830919e-12, 3.74534561351e-12, 2.92325798984e-12, 2.07248953242e-12, 1.87269579184e-12, 1.55092442795e-12, 1.01077945926e-12, 9.87772906004e-13, 9.89978281643e-13, 4.89088262078e-13, 1.80073715813e-14, 8.39305783314e-16, 5.18891059999e-18],
        "max": [0.00968237686902, 0.00930132064968, 0.00851951539516, 0.00587378442287, 0.00171663158108, 0.00243439292535, 0.00145891355351, 0.0024575330317, 0.0035536440555, 0.00426915241405, 0.00120522163343, 0.00153928808868, 0.000859674008097, 0.000506717362441, 0.000668588909321, 0.00053487502737, 0.000386091676774, 0.000623638450634, 0.000222853166633, 0.00120151240844, 0.000271133583738, 9.3431728601e-05, 0.000183313357411, 9.11316383281e-05, 3.18228921969e-05, 4.35711008322e-05, 1.85904464161e-05, 1.12917623483e-05, 1.18366178867e-05, 1.1016033568e-05, 1.08582244138e-05, 9.1813144536e-06, 1.26674194689e-05, 1.07899841169e-05, 1.77139172592e-05, 1.7381626094e-05, 1.18938605738e-05, 2.51829624176e-06, 4.96540224049e-07, 2.85501915442e-08],
        "mean": [0.000643451407086, 0.00263639795594, 0.00191094586626, 0.000721759686712, 0.000302682485199, 0.000264978938503, 0.000140698481118, 0.000174880595296, 0.000239291708567, 0.000177126479684, 3.7256268115e-05, 3.90073982999e-05, 2.65201542788e-05, 2.6080339012e-05, 2.5354560421e-05, 2.76394130196e-05, 2.45522915066e-05, 2.36088471866e-05, 1.31906290335e-05, 2.72962442978e-05, 1.151230299e-05, 7.86320561019e-06, 1.05617082227e-05, 6.35130345472e-06, 3.11945314024e-06, 2.01392185772e-06, 1.12808311314e-06, 8.02006127287e-07, 8.89092518719e-07, 6.44994088361e-07, 5.42981581475e-07, 5.37375058229e-07, 5.03935325469e-07, 3.62939061915e-07, 2.91319423695e-07, 1.90924225763e-07, 1.05547158569e-07, 3.22669428954e-08, 6.72831701465e-09, 3.02832009469e-10],