{
"metadata": {
    "version": {
        "essentia": "2.0.1",
        "extractor": "archive-music 1.0 mod ismir14"
    },
    "audio_properties": {
        "analysis_sample_rate": 44100,
        "bitrate": 721,
        "channels": 2,
        "equal_loudness": 0,
        "length": 29.9995231628,
        "replay_gain": -10.2216567993,
        "downmix": "mix"
    },
    "tags": {
        "track": 0,
        "year": 0,
        "album": "",
        "artist": "",
        "comment": "",
        "genre": "",
        "title": ""
    }
},
"rhythm": {
    "bpm": 172.265563965,
    "bpm_histogram_first_peak": 172,
    "bpm_histogram_first_peak_spread": 0,
    "bpm_histogram_first_peak_weight": 0.517647087574,
    "bpm_histogram_second_peak": 178,
    "bpm_histogram_second_peak_spread": 0,
    "bpm_histogram_second_peak_weight": 0.29411765933
},
"tonal": {
    "tuning_frequency": {
        "dmean": 0.0186093170196,
        "dmean2": 0.0343233682215,
        "dvar": 0.0269298143685,
        "dvar2": 0.0583993904293,
        "max": 435.952270508,
        "mean": 434.023620605,
        "median": 433.942382812,
        "min": 433.942382812,
        "var": 0.133870720863
    },
    "hpcp": {
        "dmean": [0.113548994064, 0.203005641699, 0.176818147302, 0.262525290251, 0.0523483976722, 0.132999554276, 0.155623927712, 0.277847290039, 0.103911973536, 0.108572006226, 0.254916578531, 0.0899182632565],
        "dmean2": [0.193944722414, 0.375839859247, 0.308422833681, 0.467090249062, 0.097370326519, 0.235461980104, 0.26456362009, 0.487058848143, 0.190766841173, 0.195302650332, 0.451792091131, 0.161851972342],
        "dvar": [0.039784964174, 0.0767384395003, 0.0562887266278, 0.114946044981, 0.0215358771384, 0.0661193802953, 0.0756797119975, 0.121756032109, 0.0554515980184, 0.0526514649391, 0.0866832509637, 0.0297568496317],
        "dvar2": [0.102805994451, 0.17093205452, 0.145774409175, 0.2475502491, 0.0620786584914, 0.154717370868, 0.161512866616, 0.338330149651, 0.161205098033, 0.147605121136, 0.183106184006, 0.0839682072401],
        "max": [1, 1, 1, 1, 0.979034900665, 1, 1, 1, 1, 1, 1, 1],
        "mean": [0.0949515551329, 0.23291708529, 0.162054762244, 0.388081789017, 0.0364120565355, 0.133224144578, 0.178419351578, 0.225734755397, 0.0672719329596, 0.0784985348582, 0.369858950377, 0.0692982971668],
        "median": [0.027422092855, 0.0989050120115, 0.0653182640672, 0.188012108207, 0.00769641762599, 0.028100926429, 0.00977660529315, 0.0366648361087, 0.0105427997187, 0.0196447018534, 0.191414937377, 0.0216198340058],
        "min": [0.000673411646858, 0.00298246834427, 0.000394135306124, 0.000171915497049, 6.26116234343e-05, 0.000542681664228, 3.85403800465e-05, 0.00019001509645, 0.000266802002443, 8.77555503394e-05, 0.000180249611731, 0.000350419461029],
        "var": [0.0346207134426, 0.101661257446, 0.0549294874072, 0.172424942255, 0.0130277583376, 0.0716718807817, 0.108574777842, 0.117637015879, 0.0352981388569, 0.0356638133526, 0.147735998034, 0.0200950279832]
    }
},
"lowlevel": {
    "melbands": {
        "dmean": [3.16202459771e-07, 1.37936822284e-05, 1.78794125532e-05, 0.000181092196726, 0.000144498670124, 7.40587856853e-05, 3.7923346099e-05, 3.1310297345e-05, 1.84815107787e-05, 1.45129652083e-05, 1.37911656566e-05, 7.26686948838e-06, 1.46212587424e-05, 5.06986179971e-06, 3.82180132874e-06, 2.94665414913e-06, 6.64120716465e-06, 2.66240863311e-06, 3.27599173033e-06, 8.08936931662e-07, 1.06846118797e-06, 8.58574253471e-07, 6.54688335544e-07, 1.02353124021e-06, 2.31874719248e-06, 2.60972637989e-06, 5.94598020598e-07, 3.45481254271e-07, 1.36665775585e-07, 9.70621272245e-08, 3.8714055961e-08, 5.34345367953e-09, 1.12921227924e-09, 2.42233039183e-10, 6.03884928174e-11, 2.17086314203e-11, 8.59726873026e-12, 2.16334827656e-12, 1.17397573867e-12, 9.24240068159e-13],
        "dmean2": [5.02906232214e-07, 2.25537896767e-05, 2.84259494947e-05, 0.000302693806589, 0.000244423717959, 0.000124595419038, 6.41262085992e-05, 5.10290192324e-05, 3.13008386001e-05, 2.6835801691e-05, 2.62719786406e-05, 1.31953702294e-05, 2.80700278381e-05, 9.57573593041e-06, 6.71957695886e-06, 5.53148765903e-06, 1.23754507513e-05, 4.77502453577e-06, 5.97120560997e-06, 1.4338611436e-06, 1.79552466761e-06, 1.51110020852e-06, 1.20440449791e-06, 1.86043973827e-06, 4.18302715843e-06, 4.91954278914e-06, 1.02090689325e-06, 6.18161436705e-07, 2.53586222243e-07, 1.83538787724e-07, 7.55123465979e-08, 9.9526333841e-09, 2.18177342859e-09, 4.65030014496e-10, 1.08223270623e-10, 3.91531737587e-11, 1.49325170284e-11, 3.32242957105e-12, 1.50154530736e-12, 1.13260540269e-12],
        "dvar": [1.54127931121e-13, 1.73572856088e-09, 5.19227938423e-10, 1.84678555115e-07, 2.75200999766e-08, 5.70050184834e-09, 1.84993331764e-09, 2.34912556074e-09, 2.1271002737e-09, 9.67498636761e-10, 1.24350185704e-09, 3.9304948185e-10, 1.89296356368e-09, 1.51171131169e-10, 1.13680752312e-10, 3.03614182406e-11, 7.09617531403e-10, 1.75432654514e-11, 3.94146243421e-11, 1.13981946711e-12, 2.13536046484e-12, 1.28154550774e-12, 1.78304083737e-12, 2.54810820881e-12, 2.19445989158e-11, 4.43761624669e-11, 6.78006153824e-13, 3.88040077501e-13, 1.13288129149e-13, 1.14659624568e-13, 3.21298638194e-14, 3.97406815377e-16, 3.86661639958e-17, 8.18251249539e-19, 1.77123295993e-20, 2.6801312218e-21, 4.91490181828e-22, 8.70849238585e-23, 1.08470444439e-22, 8.1678916873e-23],
        "dvar2": [3.93132873261e-13, 4.23800416982e-09, 1.40734990328e-09, 4.66560294399e-07, 7.66957910514e-08, 1.5238816431e-08, 5.1660067335e-09, 5.18259257731e-09, 5.30657562337e-09, 2.88746604404e-09, 3.74750985799e-09, 1.13768672261e-09, 5.58079671364e-09, 4.38665020974e-10, 3.16330878158e-10, 8.56578211139e-11, 2.11997130961e-09, 4.90371424022e-11, 1.12593726009e-10, 3.28254892885e-12, 5.89861276143e-12, 3.60861709438e-12, 5.13672004238e-12, 7.16773342069e-12, 6.36984562319e-11, 1.30463417847e-10, 1.88065600419e-12, 1.12472010871e-12, 3.21640310956e-13, 3.2805981781e-13, 9.62510033156e-14, 1.16826606321e-15, 1.15146082366e-16, 2.51306672478e-18, 5.02676268844e-20, 7.65032772142e-21, 1.31547162893e-21, 9.14957481021e-23, 1.11614137188e-22, 8.41077628022e-23],
        "max": [2.76847754321e-06, 0.000447828526376, 0.000154894631123, 0.00435250997543, 0.00136837013997, 0.00051406363491, 0.000220333051402, 0.000351740745828, 0.000314588163747, 0.000185294280527, 0.000216943706619, 0.000125288730487, 0.000320155435475, 8.011826867e-05, 7.72526764194e-05, 4.83297917526e-05, 0.000245316070504, 3.15548859362e-05, 5.56705017516e-05, 8.54317113408e-06, 9.41723101278e-06, 6.65225343255e-06, 8.52878838487e-06, 7.09503228791e-06, 3.26661138388e-05, 5.62945424463e-05, 4.67866857434e-06, 4.00261478717e-06, 2.79794448943e-06, 3.04164632325e-06, 1.66794450251e-06, 1.88173473248e-07, 5.68225360098e-08, 6.6331478088e-09, 1.11379994117e-09, 4.77146433475e-10, 1.94681659682e-10, 1.24304275206e-10, 1.32443014889e-10, 1.14401467466e-10],
        "mean": [4.41800438011e-07, 1.79584239959e-05, 2.47821990342e-05, 0.000209873673157, 0.000198640133021, 9.47427688516e-05, 3.64029874618e-05, 3.70314301108e-05, 1.64394277817e-05, 1.08121776066e-05, 1.03243582998e-05, 5.28602458871e-06, 9.89948148344e-06, 3.56402119905e-06, 3.20024150824e-06, 2.31626245295e-06, 5.17355920238e-06, 2.40579311139e-06, 3.23043332173e-06, 8.94269305718e-07, 1.07506343738e-06, 9.11056645236e-07, 6.28095108368e-07, 8.49442244544e-07, 1.82086273526e-06, 2.01204125005e-06, 5.16242380399e-07, 2.63751132934e-07, 9.37614714758e-08, 6.02848118092e-08, 2.43750193363e-08, 3.72555097883e-09, 7.03237246213e-10, 1.79972703407e-10, 6.47607523163e-11, 2.60161545085e-11, 9.9363781092e-12, 3.07062600173e-12, 1.4822599528e-12, 1.00156927023e-12],