{
"metadata": {
    "version": {
        "essentia": "2.0.1",
        "extractor": "archive-music 1.0 mod ismir14"
    },
    "audio_properties": {
        "analysis_sample_rate": 44100,
        "bitrate": 721,
        "channels": 2,
        "equal_loudness": 0,
        "length": 29.9995231628,
        "replay_gain": -14.8590297699,
        "downmix": "mix"
    },
    "tags": {
        "track": 0,
        "year": 0,
        "album": "",
        "artist": "",
        "comment": "",
        "genre": "",
        "title": ""
    }
},
"rhythm": {
    "bpm": 109.404251099,
    "bpm_histogram_first_peak": 110,
    "bpm_histogram_first_peak_spread": 0.433962285519,
    "bpm_histogram_first_peak_weight": 0.566037714481,
    "bpm_histogram_second_peak": 0,
    "bpm_histogram_second_peak_spread": 0,
    "bpm_histogram_second_peak_weight": 0
},
"tonal": {
    "tuning_frequency": {
        "dmean": 0.175124183297,
        "dmean2": 0.317509800196,
        "dvar": 0.729661464691,
        "dvar2": 2.16102004051,
        "max": 446.399932861,
        "mean": 441.016876221,
        "median": 440.763122559,
        "min": 440,
        "var": 0.903172016144
    },
    "hpcp": {
        "dmean": [0.111297406256, 0.0880479961634, 0.0313716568053, 0.149216607213, 0.0471307262778, 0.145472079515, 0.0358346216381, 0.0913311615586, 0.119788937271, 0.0475149042904, 0.169364124537, 0.066170103848],
        "dmean2": [0.199311584234, 0.152756616473, 0.0567162446678, 0.257773697376, 0.0890018120408, 0.253962725401, 0.0639525353909, 0.151531845331, 0.201310455799, 0.0921746939421, 0.276714473963, 0.123644813895],
        "dvar": [0.0386922173202, 0.0510145761073, 0.00174767163116, 0.0675354152918, 0.0223681367934, 0.0557915084064, 0.00593931600451, 0.0248536299914, 0.0294862557203, 0.0202944818884, 0.0586459077895, 0.0147619452327],
        "dvar2": [0.0855396017432, 0.0966056585312, 0.00479280110449, 0.159358933568, 0.0682555735111, 0.135971903801, 0.01586859487, 0.0555357970297, 0.0632335022092, 0.0598754249513, 0.128226175904, 0.0417105853558],
        "max": [1, 1, 0.201313301921, 1, 1, 1, 0.627830326557, 1, 1, 0.992251992226, 1, 0.528626918793],
        "mean": [0.169006466866, 0.24338708818, 0.0251777339727, 0.465327531099, 0.0346299372613, 0.251752525568, 0.0292243752629, 0.103148795664, 0.223159000278, 0.0331971943378, 0.216934978962, 0.0442716255784],
        "median": [0.0368233062327, 0.0169781185687, 0.0108582144603, 0.291999936104, 0.0106848562136, 0.0623664334416, 0.0101460628211, 0.0245766490698, 0.115421496332, 0.0101489694789, 0.0750832930207, 0.00984477717429],
        "min": [9.79480537353e-05, 0.00023905398848, 0.000214676838368, 0.000746962847188, 0.000245359522523, 0.000253876496572, 0.000381493620807, 0.000701828103047, 0.000556975719519, 0.000202133160201, 0.000738935079426, 0.00040326101589],
        "var": [0.0795927196741, 0.161838889122, 0.00141728471499, 0.193155258894, 0.0127250822261, 0.12694516778, 0.00419905083254, 0.0363389775157, 0.0903144702315, 0.0109137687832, 0.0940341502428, 0.00929987244308]
    }
},
"lowlevel": {
    "melbands": {
        "dmean": [0.000142935794429, 0.000270449992968, 0.000173997192178, 0.000106354636955, 4.53970351373e-05, 5.90490235481e-05, 2.6991332561e-05, 3.6207777157e-05, 5.52474339202e-05, 4.1230890929e-05, 1.06443367258e-05, 1.06382394733e-05, 7.5773905337e-06, 6.97129735272e-06, 6.39822337689e-06, 7.1600584306e-06, 6.59552370053e-06, 6.64920480631e-06, 3.61690399586e-06, 5.50060303794e-06, 2.40414647124e-06, 1.54776523686e-06, 1.84373107004e-06, 1.0437858009e-06, 6.08867082974e-07, 4.56637451407e-07, 2.80524716345e-07, 2.10324643035e-07, 2.31463815226e-07, 1.65290202858e-07, 1.43978780898e-07, 1.41382713537e-07, 1.30821106836e-07, 9.76085416937e-08, 7.52597344444e-08, 5.33775583733e-08, 3.08003009764e-08, 1.00565973327e-08, 2.21223372954e-09, 2.10194028849e-10],
        "dmean2": [0.000264219095698, 0.000450097868452, 0.0002808093559, 0.000177607071237, 7.28654122213e-05, 0.000102728743514, 4.53572283732e-05, 6.2641716795e-05, 9.40560930758e-05, 7.04458434484e-05, 1.95660268218e-05, 1.94371677935e-05, 1.36144954013e-05, 1.24325069919e-05, 1.07486321212e-05, 1.24355074149e-05, 1.16339460874e-05, 1.17684312499e-05, 6.41211545371e-06, 7.52128380554e-06, 3.8808429963e-06, 2.67821269517e-06, 2.67223776973e-06, 1.57244016918e-06, 1.05052959043e-06, 8.14348197764e-07, 5.13654299539e-07, 3.81352919021e-07, 4.15395902564e-07, 2.97811936889e-07, 2.61496921894e-07, 2.60282575937e-07, 2.40290006559e-07, 1.80785477255e-07, 1.38049372822e-07, 1.00635205058e-07, 5.8684324955e-08, 1.9019166686e-08, 4.1354337732e-09, 3.83476694843e-10],
        "dvar": [4.3992702814e-08, 8.17015859411e-08, 3.79568199094e-08, 1.05235944403e-08, 1.60919877423e-09, 8.41389891093e-09, 1.16766896152e-09, 4.007402854e-09, 9.27344334656e-09, 7.69241914611e-09, 7.71789132603e-10, 8.22765744424e-10, 3.21929538583e-10, 1.35205568963e-10, 1.46131162726e-10, 1.86657564405e-10, 1.38611649936e-10, 2.31411570462e-10, 4.25357318812e-11, 2.57357163358e-10, 1.77748631786e-11, 4.217343922e-12, 9.77855123263e-12, 3.10079219246e-12, 6.27438042928e-13, 3.26958539453e-13, 1.00460289501e-13, 6.34280090473e-14, 9.23702574932e-14, 3.97609361072e-14, 3.29744200423e-14, 3.91816333339e-14, 3.7154500532e-14, 2.58447641543e-14, 2.70293719183e-14, 2.47966117041e-14, 1.10626856661e-14, 9.77857291837e-16, 2.7648060334e-17, 3.74711886908e-19],
        "dvar2": [1.18475796285e-07, 2.23052722959e-07, 9.98429499077e-08, 2.73654858773e-08, 3.90035292952e-09, 2.37829471672e-08, 2.5685016336e-09, 9.98852200951e-09, 2.68199844555e-08, 1.85940205455e-08, 2.29662289186e-09, 2.3942556826e-09, 9.09091579793e-10, 3.57923801708e-10, 3.95333182857e-10, 4.9780896072e-10, 3.48747142276e-10, 6.48923526025e-10, 1.14523973638e-10, 4.01343402956e-10, 4.08581571354e-11, 1.28145194109e-11, 1.65633930183e-11, 5.53021170524e-12, 1.55352044163e-12, 8.83442570401e-13, 2.79886519777e-13, 1.66455838371e-13, 2.43180990752e-13, 9.90751331345e-14, 8.63469791002e-14, 1.04808963429e-13, 1.00561594642e-13, 7.09625026384e-14, 7.67527859845e-14, 7.19948325132e-14, 3.23412866312e-14, 2.80839999354e-15, 7.79185740528e-17, 9.89273994811e-19],
        "max": [0.00100599101279, 0.00191842950881, 0.00174161954783, 0.000557165534701, 0.000264567293925, 0.000492601422593, 0.00019501557108, 0.000377013144316, 0.000687128456775, 0.00066124193836, 0.000217905253521, 0.000252906116657, 0.000143495359225, 6.95633498253e-05, 7.61909032008e-05, 9.86730010482e-05, 7.44841017877e-05, 0.000131577107823, 4.19547686761e-05, 0.000229883939028, 5.02205875819e-05, 1.30149674078e-05, 2.86213871732e-05, 1.72357540578e-05, 5.06062451677e-06, 3.65618825526e-06, 1.48439858094e-06, 1.24230189158e-06, 2.00486169888e-06, 8.39616063786e-07, 8.27739427223e-07, 9.57977022154e-07, 1.21517496154e-06, 1.15731643291e-06, 1.46282513924e-06, 1.45416902342e-06, 9.72129782895e-07, 2.92308698135e-07, 4.76679780093e-08, 5.35759570042e-09],
        "mean": [0.000151159023517, 0.000657477532513, 0.00047202577116, 0.000176248824573, 7.30356987333e-05, 6.61496669636e-05, 3.45446642314e-05, 4.08059786423e-05, 5.87752037973e-05, 4.30092477472e-05, 9.2615655376e-06, 9.68954191194e-06, 6.372154985e-06, 6.23284722678e-06, 6.14861437498e-06, 6.60081241222e-06, 6.17713840256e-06, 5.96303971179e-06, 3.34058631779e-06, 6.55653366266e-06, 2.82250607597e-06, 1.92829065782e-06, 2.57176247942e-06, 1.49585684994e-06, 7.43248335766e-07, 4.78632557588e-07, 2.65366509211e-07, 1.81808431421e-07, 2.03141127031e-07, 1.38613359013e-07, 1.12724734436e-07, 1.11779975498e-07, 1.02193773444e-07, 7.47321777794e-08, 5.88146065184e-08, 3.93349424144e-08, 2.16919371354e-08, 7.16867010198e-09, 1.61066504578e-09, 1.55270185598e-10],