{
"metadata": {
    "version": {
        "essentia": "2.0.1",
        "extractor": "archive-music 1.0 mod ismir14"
    },
    "audio_properties": {
        "analysis_sample_rate": 44100,
        "bitrate": 32,
        "channels": 2,
        "equal_loudness": 0,
        "length": 30.0408172607,
        "replay_gain": -11.7841053009,
        "downmix": "mix"
    },
    "tags": {
        "track": 6,
        "year": 0,
        "album": "Swing Classics (Jazz & Tzaz 70)",
        "artist": "Benny Carter",
        "comment": "",
        "genre": "Jazz",
        "title": "Babalu"
    }
},
"rhythm": {
    "bpm": 92.4009475708,
    "bpm_histogram_first_peak": 92,
    "bpm_histogram_first_peak_spread": 0.590909123421,
    "bpm_histogram_first_peak_weight": 0.40000000596,
    "bpm_histogram_second_peak": 99,
    "bpm_histogram_second_peak_spread": 0,
    "bpm_histogram_second_peak_weight": 0.0222222227603
},
"tonal": {
    "tuning_frequency": {
        "dmean": 0.0389725863934,
        "dmean2": 0.0736582130194,
        "dvar": 0.37851446867,
        "dvar2": 0.785729467869,
        "max": 454.727905273,
        "mean": 437.198547363,
        "median": 437.465789795,
        "min": 431.443084717,
        "var": 3.83800578117
    },
    "hpcp": {
        "dmean": [0.146019488573, 0.141903117299, 0.153991103172, 0.192360803485, 0.136355280876, 0.119202710688, 0.153218314052, 0.12571670115, 0.193825095892, 0.143769681454, 0.187158569694, 0.19316804409],
        "dmean2": [0.270406961441, 0.257092654705, 0.292990475893, 0.344445317984, 0.251900285482, 0.21962697804, 0.267498642206, 0.232955142856, 0.350751847029, 0.269468516111, 0.340077996254, 0.344290316105],
        "dvar": [0.0667225494981, 0.0601684898138, 0.0811257362366, 0.078935302794, 0.0608504898846, 0.0544742308557, 0.058885063976, 0.0587958693504, 0.0766490548849, 0.0700031816959, 0.0722407028079, 0.0757052823901],
        "dvar2": [0.191909626126, 0.166746094823, 0.232278004289, 0.209670737386, 0.163384139538, 0.152686834335, 0.157101601362, 0.165431752801, 0.204848662019, 0.201627850533, 0.199145495892, 0.201788336039],
        "max": [1, 1, 1, 1, 1, 1, 1, 1, 1, 1, 1, 1],
        "mean": [0.111662223935, 0.149947658181, 0.113513000309, 0.395352840424, 0.162756234407, 0.103948198259, 0.240459024906, 0.0956341326237, 0.288948595524, 0.104800000787, 0.193943202496, 0.236815065145],
        "median": [0.0114198764786, 0.0205916594714, 0.00373965501785, 0.193034917116, 0.0111407982185, 0.0138165075332, 0.0612050332129, 0.00686271581799, 0.103198006749, 0.00893929041922, 0.0655601024628, 0.0675224512815],
        "min": [0, 0, 0, 0, 0, 0, 0, 0, 0, 0, 0, 0],
        "var": [0.0561811812222, 0.0677930936217, 0.0688235536218, 0.172604843974, 0.0926037877798, 0.0504213646054, 0.117351166904, 0.048316501081, 0.130600169301, 0.053135253489, 0.0782033354044, 0.1076778844]
    }
},
"lowlevel": {
    "melbands": {
        "dmean": [2.80947151623e-05, 0.000122815006762, 0.000138287097798, 0.000258673768258, 0.000312323420076, 0.000347409484675, 0.000266280520009, 0.000344745698385, 0.000250193756074, 0.000158958515385, 0.000117117393529, 9.77650415734e-05, 9.36534488574e-05, 7.91036291048e-05, 0.000147485872731, 0.000131266133394, 7.3500086728e-05, 3.75415038434e-05, 3.98788251914e-05, 4.37806411355e-05, 1.5465728211e-05, 2.27033469855e-05, 1.05049812191e-05, 7.18753381079e-06, 9.2917607617e-06, 3.23864355778e-06, 1.96107748707e-06, 2.31719081967e-06, 1.90929540622e-06, 1.76032972377e-06, 9.16527199024e-07, 4.22829856461e-07, 3.00499067407e-07, 1.17803402588e-07, 5.64379618595e-08, 4.97261360977e-08, 1.36894415803e-08, 2.49766207716e-09, 1.00400143754e-09, 5.93151527895e-10],
        "dmean2": [4.34313224105e-05, 0.000200419890461, 0.000241443689447, 0.000468191195978, 0.000567236624192, 0.000594999932218, 0.000416332564782, 0.000488516699988, 0.000350834103301, 0.000221740294364, 0.000181382958544, 0.000150000472786, 0.000144568635733, 0.00012338256056, 0.000223473849474, 0.000209666977753, 0.000111717890832, 5.32918347744e-05, 5.8637571783e-05, 6.56236734358e-05, 2.40270474023e-05, 3.65419800801e-05, 1.71929987118e-05, 1.11408517114e-05, 1.38680070449e-05, 4.91020455229e-06, 3.06417950924e-06, 3.51308267454e-06, 2.94895744446e-06, 2.59034686678e-06, 1.34503420668e-06, 6.34309571979e-07, 4.49452613793e-07, 1.74191370661e-07, 8.67305871566e-08, 7.55178319878e-08, 2.06526742375e-08, 3.78686504376e-09, 1.50353252071e-09, 9.31113242064e-10],
        "dvar": [1.3150578404e-09, 2.3977881014e-08, 4.68000997955e-08, 1.56991731615e-07, 2.15344556409e-07, 2.83367569409e-07, 1.4173691909e-07, 5.17268972544e-07, 2.11536402617e-07, 8.74920687011e-08, 6.7286975991e-08, 5.3047369164e-08, 4.99571122248e-08, 2.86044876674e-08, 8.61350599735e-08, 1.1827329871e-07, 3.91066663497e-08, 7.95697729927e-09, 1.18368221891e-08, 1.17968657065e-08, 8.04952604572e-10, 4.20995416306e-09, 5.92643489838e-10, 2.4097945861e-10, 5.17530851507e-10, 6.59029567029e-11, 2.31108361615e-11, 5.61570547009e-11, 2.31194126343e-11, 1.66992374789e-11, 5.92346180786e-12, 1.36402380276e-12, 9.89623205432e-13, 1.52233802821e-13, 2.6649028714e-14, 2.10680336566e-14, 1.07962215946e-15, 5.27434512238e-17, 7.37419273818e-18, 1.99522167602e-18],
        "dvar2": [2.76291745038e-09, 5.96516400719e-08, 1.33333742269e-07, 4.66332011229e-07, 6.75423450502e-07, 8.22484651053e-07, 3.45477928931e-07, 1.11854888019e-06, 4.54121874327e-07, 1.75921726964e-07, 1.6624642285e-07, 1.34132008611e-07, 1.2276716177e-07, 7.70613723944e-08, 1.97621062625e-07, 3.07365297658e-07, 9.8059388165e-08, 1.60785873504e-08, 2.74253277865e-08, 2.55569325702e-08, 1.94495397565e-09, 1.13587450556e-08, 1.67719382826e-09, 5.9655314022e-10, 1.16590248567e-09, 1.51671217252e-10, 5.6009367283e-11, 1.34548872044e-10, 5.64991456398e-11, 3.69311838055e-11, 1.44662571852e-11, 2.94971664282e-12, 2.37869446362e-12, 3.33972758303e-13, 6.47517995711e-14, 5.01078636862e-14, 2.48082609482e-15, 1.13188999507e-16, 1.46963806312e-17, 4.66456246405e-18],
        "max": [0.000480815098854, 0.00213660765439, 0.00415599392727, 0.0094231525436, 0.00641708355397, 0.00791619811207, 0.00624861009419, 0.0174374394119, 0.00821295008063, 0.00533663574606, 0.0047620087862, 0.00447407411411, 0.00526145240292, 0.0037582940422, 0.00585017632693, 0.0053629335016, 0.0046910927631, 0.0023970848415, 0.0021155087743, 0.00281881657429, 0.00055446033366, 0.0015845784219, 0.000432503700722, 0.000319194747135, 0.000415067159338, 0.000184600925422, 9.25064523472e-05, 0.000168821308762, 7.59099420975e-05, 7.70307087805e-05, 5.20403846167e-05, 2.76973860309e-05, 2.49277109106e-05, 8.672531294e-06, 3.67072993868e-06, 3.19488981404e-06, 5.8544304693e-07, 1.26585717908e-07, 5.12874755998e-08, 2.49891538573e-08],
        "mean": [3.92967849621e-05, 0.000176171030034, 0.000175563574885, 0.000326153152855, 0.000416045775637, 0.000567067298107, 0.000611627765466, 0.0012323113624, 0.000766828714404, 0.000429732492194, 0.000297673541354, 0.00024323600519, 0.000190739505342, 0.000145871643326, 0.000294935860438, 0.000239920555032, 0.000178054513526, 9.2618567578e-05, 7.37940208637e-05, 9.77173622232e-05, 3.1444371416e-05, 4.04559614253e-05, 2.17065371544e-05, 1.68471779034e-05, 2.37073491007e-05, 7.93888193584e-06, 4.14839405494e-06, 4.4713360694e-06, 4.63482547275e-06, 4.94384630656e-06, 2.32917773246e-06, 1.10927260266e-06, 7.22710012724e-07, 2.88159895945e-07, 1.33208359898e-07, 1.24888558162e-07, 3.46762654146e-08, 4.98388263992e-09, 2.00281324858e-09, 1.2145713324e-09],