{
"metadata": {
    "version": {
        "essentia": "2.0.1",
        "extractor": "archive-music 1.0 mod ismir14"
    },
    "audio_properties": {
        "analysis_sample_rate": 44100,
        "bitrate": 32,
        "channels": 2,
        "equal_loudness": 0,
        "length": 30.0408172607,
        "replay_gain": -9.58841705322,
        "downmix": "mix"
    },
    "tags": {
        "track": 0,
        "year": 0,
        "album": "",
        "artist": "",
        "comment": "",
        "genre": "",
        "title": ""
    }
},
"rhythm": {
    "bpm": 172.265594482,
    "bpm_histogram_first_peak": 172,
    "bpm_histogram_first_peak_spread": 0,
    "bpm_histogram_first_peak_weight": 0.529411792755,
    "bpm_histogram_second_peak": 178,
    "bpm_histogram_second_peak_spread": 0,
    "bpm_histogram_second_peak_weight": 0.258823543787
},
"tonal": {
    "tuning_frequency": {
        "dmean": 0.108647659421,
        "dmean2": 0.215420410037,
        "dvar": 2.108720541,
        "dvar2": 4.6188659668,
        "max": 455.779724121,
        "mean": 438.5546875,
        "median": 432.940917969,
        "min": 431.443084717,
        "var": 96.1932754517
    },
    "hpcp": {
        "dmean": [0.120728351176, 0.121474325657, 0.164611294866, 0.130608856678, 0.0829405337572, 0.0743453279138, 0.0940812453628, 0.0938657447696, 0.106649160385, 0.0946712642908, 0.113336481154, 0.0839257985353],
        "dmean2": [0.225478559732, 0.224836692214, 0.305442541838, 0.240085363388, 0.156742230058, 0.140002846718, 0.176079288125, 0.177672728896, 0.202836766839, 0.172353625298, 0.203097164631, 0.155884504318],
        "dvar": [0.071513466537, 0.0693500936031, 0.0881382375956, 0.0721727907658, 0.0491329804063, 0.0430127233267, 0.0618378408253, 0.0598794855177, 0.0685426071286, 0.05100620538, 0.0569838993251, 0.0443918667734],
        "dvar2": [0.197054579854, 0.186015829444, 0.238660976291, 0.19514977932, 0.139650225639, 0.118499487638, 0.169471517205, 0.159951046109, 0.196637898684, 0.14263908565, 0.148707002401, 0.124179460108],
        "max": [1, 1, 1, 1, 1, 1, 1, 1, 1, 1, 1, 1],
        "mean": [0.117394924164, 0.137421369553, 0.150598838925, 0.296466261148, 0.0596606880426, 0.086376003921, 0.126875713468, 0.120654128492, 0.0810667425394, 0.0917380750179, 0.243094399571, 0.0697930008173],
        "median": [0.00818724557757, 0.00746415322646, 0.0185161866248, 0.0192170552909, 0.000831734214444, 0.00588242756203, 0.000421380682383, 0.00238396367058, 0.00137647869997, 0.00210606586188, 0.0270174667239, 0.00258499151096],
        "min": [0, 0, 0, 0, 0, 0, 0, 0, 0, 0, 0, 0],
        "var": [0.0708223432302, 0.0848795250058, 0.0823366641998, 0.175127655268, 0.0378827303648, 0.0549359247088, 0.0949099957943, 0.0866435915232, 0.0568518266082, 0.0550115779042, 0.140458494425, 0.0380852259696]
    }
},
"lowlevel": {
    "melbands": {
        "dmean": [8.73996759765e-06, 0.000147414626554, 0.000382836500648, 0.00135139352642, 0.00153652194422, 0.000822385947686, 0.000273695797659, 0.000213945182622, 0.000115683898912, 7.82510833233e-05, 5.03995033796e-05, 3.82387697755e-05, 5.278070239e-05, 2.70009040833e-05, 2.53735652223e-05, 1.97995614144e-05, 3.62537975889e-05, 2.1433499569e-05, 2.34560484387e-05, 7.07264234734e-06, 1.01083560367e-05, 9.13892563403e-06, 5.61555089007e-06, 6.76586341797e-06, 1.44216292028e-05, 1.37043971336e-05, 5.07971572006e-06, 2.85729925054e-06, 7.90529213646e-07, 5.32742035375e-07, 2.24059704124e-07, 3.81753793022e-08, 5.98536864516e-09, 1.66434732662e-09, 8.10686684449e-10, 4.08240607985e-10, 2.22702148389e-10, 1.41871209225e-10, 1.30863361814e-10, 1.15056748851e-10],
        "dmean2": [1.38108862302e-05, 0.000236517749727, 0.000664993654937, 0.00210387562402, 0.00238194176927, 0.00127022888046, 0.000394962116843, 0.000320845923852, 0.000154973284225, 9.55061477725e-05, 5.90049749007e-05, 4.76984969282e-05, 6.00534185651e-05, 3.18489946949e-05, 3.21298248309e-05, 2.78363622783e-05, 4.75790475321e-05, 3.03057095152e-05, 3.40424157912e-05, 1.02253497971e-05, 1.56695605256e-05, 1.32386257974e-05, 7.69806410972e-06, 9.43530085351e-06, 1.95150769287e-05, 1.77991842065e-05, 7.28026043362e-06, 4.29610008723e-06, 1.14437193588e-06, 7.75110322593e-07, 3.43848057582e-07, 5.54244330431e-08, 8.80877770726e-09, 2.4792117248e-09, 1.30977084734e-09, 6.46937725612e-10, 3.71415426192e-10, 2.57776799906e-10, 2.46264286741e-10, 2.19232326737e-10],
        "dvar": [2.38808556263e-10, 5.39256994614e-08, 7.21137212167e-07, 8.01471560408e-06, 9.30305304792e-06, 2.31973012887e-06, 3.11399418251e-07, 2.90204809517e-07, 1.97077596908e-07, 1.46110920696e-07, 4.46525803e-08, 3.04139398111e-08, 5.34720641099e-08, 1.18173693053e-08, 2.16734576952e-08, 3.23367688182e-09, 1.33121291768e-08, 2.95553204133e-09, 3.30767013779e-09, 2.78837286594e-10, 9.14414099995e-10, 6.93303914279e-10, 3.43443828932e-10, 3.41293077133e-10, 2.24768093027e-09, 2.15161977124e-09, 3.04032021781e-10, 1.2788976822e-10, 9.22994233127e-12, 1.28839144214e-11, 2.37889829363e-12, 5.02357419443e-14, 1.91780583588e-15, 7.60270436025e-17, 2.1088987915e-17, 9.56961197478e-18, 6.04750174194e-18, 4.97866817165e-18, 5.26227697083e-18, 4.87234072135e-18],
        "dvar2": [6.11455386323e-10, 1.35634977028e-07, 2.29062288781e-06, 2.09285608435e-05, 2.44489638135e-05, 5.89653518546e-06, 5.44879355857e-07, 5.49840081021e-07, 3.40347980909e-07, 2.71012311259e-07, 6.90048196361e-08, 5.15986684491e-08, 6.62928840711e-08, 1.82337256405e-08, 4.11450926663e-08, 6.02958971641e-09, 2.2968157154e-08, 6.15387740766e-09, 6.83651046884e-09, 6.15416051453e-10, 2.24114438119e-09, 1.59428215074e-09, 5.7779647733e-10, 6.61657562073e-10, 4.09888878394e-09, 4.40700809179e-09, 7.22657156338e-10, 3.13884779279e-10, 1.79700178349e-11, 2.60866363233e-11, 5.95228467209e-12, 1.13477837424e-13, 3.69896704615e-15, 1.57385484629e-16, 5.80585763503e-17, 2.72474848875e-17, 1.77975221067e-17, 1.49095467295e-17, 1.56572700267e-17, 1.44878566706e-17],
        "max": [0.000294705241686, 0.00798208080232, 0.0167098883539, 0.106323935091, 0.0811942815781, 0.0186202451587, 0.0101038599387, 0.0122352391481, 0.0132616022602, 0.0107109807432, 0.00824753660709, 0.0048975078389, 0.00716349575669, 0.00367729505524, 0.00543586723506, 0.0018380607944, 0.00547251198441, 0.00102777162101, 0.00193638436031, 0.00040752539644, 0.000517771928571, 0.000558692379855, 0.000443132070359, 0.0004747241328, 0.00184837612323, 0.00146902899724, 0.000475561450003, 0.000219810564886, 0.000101538767922, 0.000159738934599, 6.6273882112e-05, 8.78448099684e-06, 2.37177187046e-06, 2.99769141066e-07, 1.31246068236e-07, 1.05854304877e-07, 8.84979698412e-08, 8.00672097512e-08, 7.2768408188e-08, 7.06664735617e-08],
        "mean": [1.19778842418e-05, 0.000255571590969, 0.00060145673342, 0.00323004671372, 0.00360167538747, 0.00176498130895, 0.000702346849721, 0.000558223284315, 0.000295302073937, 0.000177280162461, 0.000161558404216, 9.32580369408e-05, 0.000151361906319, 6.47046545055e-05, 4.92950966873e-05, 4.24303980253e-05, 8.10568017187e-05, 4.19131138187e-05, 5.39817665413e-05, 1.58468374138e-05, 1.8367125449e-05, 1.61488333106e-05, 1.04936052594e-05, 1.41676919156e-05, 3.04025033984e-05, 3.2518099033e-05, 9.27156270336e-06, 4.53508755527e-06, 1.57880845109e-06, 9.50146898049e-07, 3.72992701614e-07, 6.51726921319e-08, 1.03418882347e-08, 3.08296255191e-09, 1.38313116516e-09, 6.88689882899e-10, 3.6560540706e-10, 1.91803906091e-10, 1.34881064651e-10, 1.00247352086e-10],