{
"metadata": {
    "version": {
        "essentia": "2.0.1",
        "extractor": "archive-music 1.0 mod ismir14"
    },
    "audio_properties": {
        "analysis_sample_rate": 44100,
        "bitrate": 32,
        "channels": 2,
        "equal_loudness": 0,
        "length": 30.0408172607,
        "replay_gain": -14.3957881927,
        "downmix": "mix"
    },
    "tags": {
        "track": 0,
        "year": 0,
        "album": "",
        "artist": "",
        "comment": "",
        "genre": "",
        "title": ""
    }
},
"rhythm": {
    "bpm": 109.315917969,
    "bpm_histogram_first_peak": 110,
    "bpm_histogram_first_peak_spread": 0.433962225914,
    "bpm_histogram_first_peak_weight": 0.566037714481,
    "bpm_histogram_second_peak": 0,
    "bpm_histogram_second_peak_spread": 0,
    "bpm_histogram_second_peak_weight": 0
},
"tonal": {
    "tuning_frequency": {
        "dmean": 0.0353110544384,
        "dmean2": 0.0636556223035,
        "dvar": 0.448264509439,
        "dvar2": 0.819133579731,
        "max": 455.779724121,
        "mean": 434.978210449,
        "median": 434.193115234,
        "min": 434.193115234,
        "var": 7.15582752228
    },
    "hpcp": {
        "dmean": [0.157581731677, 0.203957349062, 0.243056029081, 0.284466058016, 0.216125890613, 0.156444817781, 0.123181551695, 0.138645246625, 0.202423542738, 0.115291826427, 0.120885245502, 0.127280384302],
        "dmean2": [0.299244940281, 0.393910676241, 0.46531522274, 0.543555498123, 0.414563179016, 0.290326237679, 0.230698660016, 0.259394437075, 0.37429818511, 0.218628868461, 0.229500189424, 0.243113547564],
        "dvar": [0.0875732451677, 0.125020325184, 0.14108364284, 0.14929792285, 0.128695905209, 0.0844547748566, 0.0725634992123, 0.0786446332932, 0.0959237143397, 0.0720391646028, 0.0712216794491, 0.0750569775701],
        "dvar2": [0.236079573631, 0.343567579985, 0.371833145618, 0.392387956381, 0.334413945675, 0.2287402004, 0.201791480184, 0.217670530081, 0.247798278928, 0.210455656052, 0.204407140613, 0.209079802036],
        "max": [1, 1, 1, 1, 1, 1, 1, 1, 1, 1, 1, 1],
        "mean": [0.11679919064, 0.135014802217, 0.180639192462, 0.2467944175, 0.144290998578, 0.12729409337, 0.0920973718166, 0.122020110488, 0.226461663842, 0.075834646821, 0.0959118455648, 0.0833824425936],
        "median": [0.00800900999457, 0.00355793978088, 0.00580342719331, 0.02140317671, 0.00297259679064, 0.0095761725679, 0.00227885390632, 0.00511208735406, 0.0250817481428, 0.00201272848062, 0.00444599799812, 0.00322407856584],
        "min": [0, 0, 0, 0, 4.32386304539e-09, 6.35283015527e-07, 0, 0, 0, 0, 0, 0],
        "var": [0.0685709416866, 0.0913127139211, 0.119624145329, 0.146601483226, 0.0983573421836, 0.0729165077209, 0.0584903731942, 0.0759046152234, 0.126819580793, 0.0488569699228, 0.0583349578083, 0.0508302561939]
    }
},
"lowlevel": {
    "melbands": {
        "dmean": [0.00177017762326, 0.00527775287628, 0.00512016937137, 0.00214816234075, 0.000917417812161, 0.000584582972806, 0.00034863781184, 0.000333915028023, 0.000409791711718, 0.000323659769492, 7.21957258065e-05, 8.67447524797e-05, 5.38527092431e-05, 4.96591383126e-05, 5.62576715311e-05, 5.77974169573e-05, 6.27701883786e-05, 4.94584965054e-05, 2.64696464001e-05, 5.17915832461e-05, 2.50905723078e-05, 1.74042670551e-05, 1.99833611987e-05, 1.17270765259e-05, 6.81536175762e-06, 4.73842874271e-06, 2.68408939519e-06, 1.91660456039e-06, 2.02741557587e-06, 1.46301704262e-06, 1.1932805819e-06, 1.07779521841e-06, 1.03773504634e-06, 7.44045166812e-07, 6.2387800881e-07, 5.1143069868e-07, 4.24568895596e-07, 2.73764214853e-07, 2.30909364518e-07, 1.90330098349e-07],
        "dmean2": [0.00287985615432, 0.00895777810365, 0.00858093891293, 0.00354906939901, 0.00152999546845, 0.00101254950278, 0.000592827156652, 0.000510990212206, 0.000604838365689, 0.000470852100989, 0.000106038380181, 0.000128527273773, 7.89031473687e-05, 7.32822809368e-05, 8.17180625745e-05, 8.58570856508e-05, 0.000100107936305, 7.55692381063e-05, 3.91430367017e-05, 7.92546197772e-05, 3.95841270802e-05, 2.71832723229e-05, 3.16514706356e-05, 1.85550725291e-05, 1.10379178295e-05, 7.52140067561e-06, 4.37909147877e-06, 3.12878887598e-06, 3.32515719492e-06, 2.35411221183e-06, 1.96911491912e-06, 1.73736691522e-06, 1.63106244599e-06, 1.1306029819e-06, 9.83143650046e-07, 8.06015862054e-07, 6.60470163893e-07, 4.13798829868e-07, 3.27913511455e-07, 2.83900192244e-07],
        "dvar": [1.94424301299e-05, 4.08295891248e-05, 2.77321032627e-05, 8.03606326372e-06, 1.67482642155e-06, 9.22156687011e-07, 2.97345366107e-07, 4.10163039533e-07, 6.92962942139e-07, 6.79688525906e-07, 2.43782078968e-08, 6.07506294159e-08, 1.95646006063e-08, 2.43636932851e-08, 2.5665512382e-08, 2.80940266606e-08, 3.64515315709e-08, 1.58431223696e-08, 4.23766000068e-09, 4.87034164109e-08, 3.28329941013e-09, 1.52072632265e-09, 2.64810440243e-09, 7.86463061342e-10, 2.10484213392e-10, 1.55678789304e-10, 4.11459651073e-11, 2.72420523639e-11, 2.25566613998e-11, 1.61468043797e-11, 1.10916926685e-11, 7.65013052906e-12, 8.07555931848e-12, 5.97882594128e-12, 4.24188678974e-12, 5.31605662268e-12, 7.26542914373e-12, 1.67547139357e-12, 1.15555308378e-12, 9.47536970761e-13],
        "dvar2": [4.11498367612e-05, 0.000121509088785, 8.06229290902e-05, 2.0981513444e-05, 4.48248056273e-06, 2.77637195722e-06, 8.13451833892e-07, 8.95470691376e-07, 1.33606010877e-06, 1.35400546242e-06, 4.65668144045e-08, 1.18689506223e-07, 3.58638168052e-08, 5.27471364364e-08, 4.4901288021e-08, 6.73962503583e-08, 9.72908082986e-08, 3.54395304214e-08, 8.61955129494e-09, 1.19378327668e-07, 7.92316967591e-09, 3.66593022605e-09, 7.14924919265e-09, 2.14885287342e-09, 5.41677702692e-10, 3.98602845175e-10, 1.03363526072e-10, 7.15686537811e-11, 5.8115182805e-11, 4.07882616571e-11, 2.81957495546e-11, 1.70578273728e-11, 1.88944467711e-11, 1.44367824986e-11, 8.53887446861e-12, 1.17128147459e-11, 1.7329774768e-11, 3.30814542426e-12, 2.15838935266e-12, 1.81269615204e-12],
        "max": [0.0708856284618, 0.0604957416654, 0.0514011383057, 0.0371320359409, 0.0126759074628, 0.0125328917056, 0.0082685360685, 0.0125187700614, 0.019492097199, 0.0190574340522, 0.00661673629656, 0.00939788017422, 0.00476786214858, 0.00443510478362, 0.00390680739656, 0.00349641405046, 0.00356737314723, 0.00265848310664, 0.00119296158664, 0.00603726971895, 0.00121578690596, 0.000976750976406, 0.001131563331, 0.000520737492479, 0.000264814298134, 0.000269123876933, 0.000123848047224, 0.00012399769912, 6.76462732372e-05, 0.000100803656096, 8.82720050868e-05, 5.72871795157e-05, 5.39213033335e-05, 7.50301478547e-05, 7.6548596553e-05, 9.82863275567e-05, 0.000110273394966, 5.9809328377e-05, 5.84292029089e-05, 4.96047214256e-05],
        "mean": [0.00232712645084, 0.00911358930171, 0.00805067177862, 0.00313050416298, 0.00134346319828, 0.00101681926753, 0.000615000200924, 0.000700537289958, 0.000914277508855, 0.000721115618944, 0.000168670972926, 0.000154984169058, 0.000107900603325, 0.000103401638626, 0.000102809884993, 0.000107503386971, 0.000100811957964, 9.55673895078e-05, 5.44550457562e-05, 0.000105335428088, 4.69535916636e-05, 3.19411847158e-05, 4.20428623329e-05, 2.50355187745e-05, 1.25972583191e-05, 8.10125129647e-06, 4.68151392852e-06, 3.25425799019e-06, 3.47691843672e-06, 2.55767827184e-06, 2.0834913812e-06, 2.08692586057e-06, 1.94062363335e-06, 1.49884601797e-06, 1.27953137508e-06, 1.00196484709e-06, 8.04530429832e-07, 5.51939876914e-07, 4.33765421803e-07, 3.66127608231e-07],