{
"metadata": {
    "version": {
        "essentia": "2.0.1",
        "extractor": "archive-music 1.0 mod ismir14"
    },
    "audio_properties": {
        "analysis_sample_rate": 44100,
        "bitrate": 160,
        "channels": 2,
        "equal_loudness": 0,
        "length": 30.0669155121,
        "replay_gain": -8.42432594299,
        "downmix": "mix"
    },
    "tags": {
        "track": 7,
        "year": 0,
        "album": "The Cool Jazz Collection",
        "artist": "Astrud Gilberto",
        "comment": "",
        "genre": "Jazz",
        "title": "Girl From Ipanema"
    }
},
"rhythm": {
    "bpm": 130.002792358,
    "bpm_histogram_first_peak": 129,
    "bpm_histogram_first_peak_spread": 0.490909099579,
    "bpm_histogram_first_peak_weight": 0.444444447756,
    "bpm_histogram_second_peak": 136,
    "bpm_histogram_second_peak_spread": 0.199999988079,
    "bpm_histogram_second_peak_weight": 0.0634920671582
},
"tonal": {
    "tuning_frequency": {
        "dmean": 0.209969609976,
        "dmean2": 0.324762761593,
        "dvar": 3.54668974876,
        "dvar2": 9.15466022491,
        "max": 454.727905273,
        "mean": 436.584106445,
        "median": 436.456176758,
        "min": 436.456176758,
        "var": 2.07112383842
    },
    "hpcp": {
        "dmean": [0.0581486709416, 0.24001441896, 0.0785296782851, 0.254865735769, 0.152366235852, 0.0715783163905, 0.215260863304, 0.0464661717415, 0.196022778749, 0.122446358204, 0.174006566405, 0.185743242502],
        "dmean2": [0.110909812152, 0.418531775475, 0.141575142741, 0.471241593361, 0.270475059748, 0.131779760122, 0.361854195595, 0.0868919938803, 0.357355237007, 0.228523015976, 0.31730261445, 0.326447308064],
        "dvar": [0.022444518283, 0.0976397693157, 0.0320727340877, 0.113813668489, 0.06079473719, 0.0258834604174, 0.0829837620258, 0.0138104315847, 0.0747519135475, 0.055130764842, 0.0793686434627, 0.0764950290322],
        "dvar2": [0.0629595667124, 0.216237962246, 0.0869032666087, 0.242582187057, 0.126912906766, 0.0631653741002, 0.182785302401, 0.0276390388608, 0.191656246781, 0.156994730234, 0.219091519713, 0.176232725382],
        "max": [1, 1, 1, 1, 1, 1, 1, 1, 1, 1, 1, 1],
        "mean": [0.0414883457124, 0.313389629126, 0.0486631989479, 0.323935121298, 0.152221336961, 0.0746450573206, 0.278410047293, 0.0564869195223, 0.20247502625, 0.085879765451, 0.133285820484, 0.174579024315],
        "median": [0.00520206103101, 0.0996266081929, 0.0065944720991, 0.0659436434507, 0.0306046158075, 0.00938096828759, 0.0867313742638, 0.00728894909844, 0.038175765425, 0.00974982883781, 0.0309517439455, 0.0228994172066],
        "min": [7.04187477822e-05, 5.12657861691e-05, 2.15946201934e-05, 0.00028804023168, 3.67560060113e-05, 0.000176737288712, 3.01205564028e-05, 0.000100160803413, 8.60239379108e-06, 7.8052697063e-05, 6.97943614796e-05, 0.000420255790232],
        "var": [0.0162019692361, 0.146626845002, 0.0188591871411, 0.167291879654, 0.0709496736526, 0.0387031584978, 0.132956206799, 0.0304601434618, 0.10078895092, 0.0416025668383, 0.0686339586973, 0.0888343974948]
    }
},
"lowlevel": {
    "melbands": {
        "dmean": [0.000129547450342, 0.000321545259794, 0.000323736923747, 0.000158852664754, 0.000106438099465, 3.42970379279e-05, 1.92901788978e-05, 2.59359767369e-05, 1.01678815554e-05, 7.9479177657e-06, 7.49243918108e-06, 8.28110933071e-06, 1.38290624818e-06, 1.02608294128e-06, 1.6583520619e-06, 1.16510955195e-06, 9.03827356069e-07, 2.78720847291e-07, 3.37133997164e-07, 2.87493605811e-07, 1.13511127608e-07, 1.7680237363e-07, 2.19668308432e-07, 1.89491714764e-07, 6.79312250895e-08, 5.08990893877e-08, 7.72781234559e-08, 1.23845353528e-07, 9.84137358273e-08, 1.40304734941e-07, 2.63132164946e-07, 4.59581002588e-07, 4.44328662752e-07, 2.38220437154e-07, 1.18506072511e-07, 6.27456486768e-08, 3.55525493489e-08, 1.2466821353e-08, 3.69567842995e-09, 3.51965290246e-10],
        "dmean2": [0.000211615508306, 0.000513331964612, 0.000516771746334, 0.000250346609391, 0.000169118618942, 5.72976896365e-05, 3.45824373653e-05, 4.85053060402e-05, 1.85232584045e-05, 1.48241842908e-05, 1.37450742841e-05, 1.4660045963e-05, 2.51252004091e-06, 1.91470280697e-06, 3.07395316668e-06, 2.19992534767e-06, 1.73804801307e-06, 5.15407123203e-07, 6.34457421711e-07, 5.26514781996e-07, 1.99071891416e-07, 3.28738508415e-07, 3.96062546315e-07, 3.53939128672e-07, 1.15958634694e-07, 8.9160778316e-08, 1.43281951637e-07, 2.35339555843e-07, 1.78834682174e-07, 2.6808939424e-07, 5.09958226758e-07, 8.84771907295e-07, 8.41911457883e-07, 4.58408692339e-07, 2.21516827992e-07, 1.19286511335e-07, 6.71598598956e-08, 2.36085817562e-08, 7.04229163873e-09, 6.60065280211e-10],
        "dvar": [6.82736427393e-08, 1.10021147748e-07, 1.259665936e-07, 7.19146981965e-08, 1.74077925408e-08, 2.36951458454e-09, 1.92726656856e-09, 2.51125364947e-09, 4.63532323636e-10, 4.58619947574e-10, 2.06099540212e-10, 1.44593359508e-09, 8.27517828567e-12, 3.42688659567e-12, 2.47380310681e-11, 9.50181600068e-12, 9.92030155939e-12, 2.94126620845e-13, 1.0840317359e-12, 7.91939105439e-13, 4.13132052982e-14, 9.95505896684e-14, 1.42709330681e-13, 1.60293138355e-13, 1.6154509032e-14, 9.10078456551e-15, 3.84870222714e-14, 1.701085697e-13, 4.39624837998e-14, 1.39168773619e-13, 5.51387874161e-13, 1.71027178964e-12, 1.46780873046e-12, 4.39976126278e-13, 7.74783476308e-14, 1.56269853828e-14, 4.6287381717e-15, 6.6653080853e-16, 8.69638139034e-17, 8.12083687495e-19],
        "dvar2": [1.53787297563e-07, 2.56781618191e-07, 2.66504457613e-07, 1.65485033676e-07, 3.48272486406e-08, 4.87081486256e-09, 5.59415713752e-09, 7.77420083864e-09, 1.42414291471e-09, 1.47572809528e-09, 6.08067041163e-10, 3.99811650453e-09, 2.31123297584e-11, 9.82738630056e-12, 6.96412233436e-11, 2.79400790698e-11, 2.90431064615e-11, 8.23748404558e-13, 3.10616137845e-12, 2.17002544406e-12, 1.14929536699e-13, 2.76698369078e-13, 4.01101732123e-13, 4.46413278522e-13, 4.30921201771e-14, 2.40282816701e-14, 1.10179863822e-13, 4.98634174315e-13, 1.25362502497e-13, 4.12948131636e-13, 1.59926987018e-12, 4.90803188022e-12, 4.12174894909e-12, 1.03497885175e-12, 2.11093065228e-13, 4.32711456727e-14, 1.28622435849e-14, 1.85934722175e-15, 2.390405063e-16, 2.2276106245e-18],
        "max": [0.00181903527118, 0.00220252177678, 0.00278324726969, 0.00326434173621, 0.000934575917199, 0.000304462300846, 0.000297015212709, 0.00033161076135, 0.000138942006743, 0.000181545241503, 6.5875115979e-05, 0.000371498492314, 1.84382133739e-05, 1.11524268505e-05, 4.43385251856e-05, 2.12168251892e-05, 2.63064575847e-05, 3.71556257051e-06, 8.21267167339e-06, 5.57458906769e-06, 1.09332006559e-06, 2.254627816e-06, 2.58649924945e-06, 2.60482579506e-06, 9.51009269556e-07, 8.15029579826e-07, 1.41074974636e-06, 3.37733081324e-06, 1.20125787362e-06, 2.37167751038e-06, 4.88372052132e-06, 7.07753997631e-06, 6.34909793007e-06, 4.67305653729e-06, 1.54918495809e-06, 5.65846846712e-07, 3.17932432381e-07, 1.69917214521e-07, 6.4356768803e-08, 5.76688297116e-09],
        "mean": [0.000112444336992, 0.00038859480992, 0.00049621949438, 0.000186802630196, 0.000138871997478, 4.04267411795e-05, 1.64123812283e-05, 2.01102411665e-05, 7.86998225522e-06, 5.4062570598e-06, 5.0970884331e-06, 5.61673004995e-06, 1.09948143745e-06, 7.98504572685e-07, 1.20378763313e-06, 7.52520691094e-07, 5.55561257443e-07, 2.08085779718e-07, 2.14704982682e-07, 2.05461631708e-07, 1.00348387377e-07, 1.59134401656e-07, 1.88307609506e-07, 1.5294112643e-07, 6.25449558811e-08, 4.47949446425e-08, 6.10425274772e-08, 8.4763023267e-08, 7.04681397679e-08, 8.91319231755e-08, 1.5794567787e-07, 2.66437410801e-07, 2.70093664767e-07, 1.66472332808e-07, 7.83673002047e-08, 4.31234710163e-08, 2.48336995412e-08, 9.01639118922e-09, 2.80752776582e-09, 2.64170879616e-10],