{
"metadata": {
    "version": {
        "essentia": "2.0.1",
        "extractor": "archive-music 1.0 mod ismir14"
    },
    "audio_properties": {
        "analysis_sample_rate": 44100,
        "bitrate": 112,
        "channels": 2,
        "equal_loudness": 0,
        "length": 30.0669155121,
        "replay_gain": -10.2236347198,
        "downmix": "mix"
    },
    "tags": {
        "track": 0,
        "year": 0,
        "album": "",
        "artist": "",
        "comment": "",
        "genre": "",
        "title": ""
    }
},
"rhythm": {
    "bpm": 172.265594482,
    "bpm_histogram_first_peak": 172,
    "bpm_histogram_first_peak_spread": 0,
    "bpm_histogram_first_peak_weight": 0.5,
    "bpm_histogram_second_peak": 178,
    "bpm_histogram_second_peak_spread": 0,
    "bpm_histogram_second_peak_weight": 0.27380952239
},
"tonal": {
    "tuning_frequency": {
        "dmean": 0.0671719014645,
        "dmean2": 0.128454864025,
        "dvar": 1.13059341908,
        "dvar2": 2.86693716049,
        "max": 456.570251465,
        "mean": 434.295257568,
        "median": 434.193115234,
        "min": 431.443084717,
        "var": 1.22107923031
    },
    "hpcp": {
        "dmean": [0.136423453689, 0.117537483573, 0.162154376507, 0.134531721473, 0.0806187912822, 0.0755521357059, 0.0979121029377, 0.0902752280235, 0.10683042556, 0.0937606170774, 0.110296726227, 0.0834925174713],
        "dmean2": [0.257036685944, 0.219910040498, 0.298650473356, 0.25074160099, 0.152594178915, 0.139466717839, 0.186833456159, 0.169142052531, 0.200480893254, 0.170692294836, 0.199767366052, 0.155534267426],
        "dvar": [0.0798861011863, 0.0666413009167, 0.0853746756911, 0.0743935480714, 0.0506224408746, 0.043151050806, 0.0678292587399, 0.0552566125989, 0.0665820688009, 0.0510157421231, 0.0553777143359, 0.0450729764998],
        "dvar2": [0.22858209908, 0.175386607647, 0.227578058839, 0.200489386916, 0.140641987324, 0.116536602378, 0.183050096035, 0.146686702967, 0.185929149389, 0.146979600191, 0.143812730908, 0.124403886497],
        "max": [1, 1, 1, 1, 1, 1, 1, 1, 1, 1, 1, 1],
        "mean": [0.122407913208, 0.133986383677, 0.15201869607, 0.294540852308, 0.0581431724131, 0.0887280628085, 0.131348580122, 0.113886639476, 0.0806914120913, 0.0910402312875, 0.244200929999, 0.0728323161602],
        "median": [0.00865123793483, 0.00730627588928, 0.0193038415164, 0.0165694355965, 0.000705097569153, 0.00580632686615, 0.000451271567727, 0.00200063642114, 0.00142615661025, 0.0023274354171, 0.026896616444, 0.00265681068413],
        "min": [0, 0, 0, 0, 0, 0, 0, 0, 0, 0, 0, 0],
        "var": [0.0732808709145, 0.08253159374, 0.0823995918036, 0.174373820424, 0.0385732017457, 0.0562262125313, 0.0997248291969, 0.0818112269044, 0.0551153458655, 0.0543598458171, 0.141707807779, 0.0410125218332]
    }
},
"lowlevel": {
    "melbands": {
        "dmean": [8.63231707626e-06, 0.000140713556902, 0.000364184466889, 0.00130681262817, 0.00149046338629, 0.000777151435614, 0.000266198592726, 0.000203863150091, 0.000111673180072, 7.39648457966e-05, 4.75224805996e-05, 3.61443817383e-05, 5.10784884682e-05, 2.57009178313e-05, 2.40743356699e-05, 1.87051100511e-05, 3.4164495446e-05, 2.05301566893e-05, 2.24366540351e-05, 6.76249737808e-06, 9.52593291004e-06, 8.75870864547e-06, 5.57585644856e-06, 6.68241636959e-06, 1.38731247716e-05, 1.30371881824e-05, 4.9388017942e-06, 2.62258663497e-06, 7.79393644734e-07, 4.92669812502e-07, 2.1007117823e-07, 3.78741553675e-08, 5.65409630227e-09, 1.45670009388e-09, 6.15625161959e-10, 2.61821175851e-10, 1.24208476837e-10, 7.156100712e-11, 5.56055618217e-11, 2.88532479159e-11],
        "dmean2": [1.37274309964e-05, 0.000226359101362, 0.000633054645732, 0.00202579051256, 0.00231069629081, 0.00120162696112, 0.00038329459494, 0.000300966727082, 0.000150522828335, 9.39299643505e-05, 5.3963267419e-05, 4.49746876257e-05, 5.73089091631e-05, 3.12100019073e-05, 3.12517913699e-05, 2.58559484791e-05, 4.44384677394e-05, 2.97942988254e-05, 3.28705682477e-05, 9.90143871604e-06, 1.44164287121e-05, 1.27418570628e-05, 7.52104597268e-06, 9.51225592871e-06, 1.92364877876e-05, 1.73290009116e-05, 7.16855356586e-06, 3.88984699384e-06, 1.12150758014e-06, 6.93574293109e-07, 3.14210211627e-07, 5.52442358526e-08, 7.86627651905e-09, 2.13286788231e-09, 9.83578885005e-10, 4.12030909391e-10, 2.07349790116e-10, 1.31433100514e-10, 1.04231193121e-10, 5.31900148926e-11],
        "dvar": [2.56541426991e-10, 4.75665373756e-08, 5.99125144163e-07, 6.86911471348e-06, 8.66507070896e-06, 2.15655222746e-06, 2.98133329579e-07, 2.57818243199e-07, 1.8477224728e-07, 1.29504613255e-07, 3.45316841788e-08, 2.48823308624e-08, 5.01314048051e-08, 1.08688045231e-08, 2.11481037127e-08, 2.96213298334e-09, 1.16007399242e-08, 2.71204836366e-09, 2.92840129923e-09, 2.89367280137e-10, 7.09437009139e-10, 6.45352271622e-10, 3.59091839597e-10, 3.43740480524e-10, 2.25715823809e-09, 2.21469664829e-09, 3.01158098459e-10, 1.19754983707e-10, 9.13991105023e-12, 9.56528346113e-12, 2.81203229105e-12, 6.53438349436e-14, 2.46449953476e-15, 5.73242517246e-17, 6.21738809615e-18, 1.52986216771e-18, 8.1466557668e-19, 7.23029267651e-19, 5.06066875712e-19, 1.83011270991e-20],
        "dvar2": [6.6924465969e-10, 1.17164610458e-07, 1.88051956229e-06, 1.75421046151e-05, 2.31858830375e-05, 5.42480029253e-06, 5.49558762941e-07, 4.72343288038e-07, 3.2716539522e-07, 2.34949652622e-07, 4.3533439964e-08, 3.93361858642e-08, 6.47668016995e-08, 1.73655845259e-08, 4.11556619895e-08, 5.27207122403e-09, 1.91715106013e-08, 5.78596770495e-09, 6.01384897436e-09, 6.87374157593e-10, 1.69830127739e-09, 1.49785484016e-09, 6.58699539358e-10, 6.99016400318e-10, 4.25488311251e-09, 4.74250994031e-09, 7.27008564461e-10, 2.86096146773e-10, 1.80537321204e-11, 2.03232534968e-11, 6.84425823308e-12, 1.60564378633e-13, 4.34499738096e-15, 1.09384273091e-16, 1.50118573907e-17, 4.04728596297e-18, 2.34710286104e-18, 2.12813781314e-18, 1.48228718497e-18, 5.38968559725e-20],
        "max": [0.000375268456992, 0.00767824798822, 0.0153148202226, 0.0995619893074, 0.0716928243637, 0.0185006409883, 0.0106239579618, 0.0115142613649, 0.0124606220052, 0.0106227565557, 0.0073718521744, 0.00450907740742, 0.00681081274524, 0.00332678598352, 0.00542410323396, 0.00191801786423, 0.0051475353539, 0.000987939420156, 0.00184037967119, 0.000435879570432, 0.000452506064903, 0.000556638406124, 0.000437393668108, 0.000481812981889, 0.00184249889571, 0.00137151358649, 0.000460683717392, 0.000258068321273, 9.82718775049e-05, 0.000129787702463, 7.67055898905e-05, 1.01144087239e-05, 2.78473066828e-06, 2.63421270574e-07, 8.0501173727e-08, 3.38347270201e-08, 2.73999631872e-08, 2.61655941358e-08, 2.22322427135e-08, 3.65498165067e-09],
        "mean": [1.20340018839e-05, 0.000243631264311, 0.000572927528992, 0.00309884781018, 0.00345687428489, 0.00169046409428, 0.000672083289828, 0.000533959246241, 0.000282893131953, 0.000169677237864, 0.000154028792167, 8.8758788479e-05, 0.000144172023283, 6.1708742578e-05, 4.70677223348e-05, 4.05057398893e-05, 7.73257925175e-05, 4.00239041483e-05, 5.16174368386e-05, 1.51422900672e-05, 1.74738270289e-05, 1.54203571583e-05, 1.00840607047e-05, 1.36046983243e-05, 2.91618453048e-05, 3.11665789923e-05, 8.91572472028e-06, 4.33147397416e-06, 1.51112374169e-06, 8.88922045306e-07, 3.52484875066e-07, 6.23363902719e-08, 9.91625803692e-09, 2.81938028479e-09, 1.13496301246e-09, 4.84006446033e-10, 2.02443770081e-10, 7.43443639983e-11, 4.14494445711e-11, 2.24431393608e-11],