{
"metadata": {
    "version": {
        "essentia": "2.0.1",
        "extractor": "archive-music 1.0 mod ismir14"
    },
    "audio_properties": {
        "analysis_sample_rate": 44100,
        "bitrate": 128,
        "channels": 2,
        "equal_loudness": 0,
        "length": 30.0669155121,
        "replay_gain": -14.8066997528,
        "downmix": "mix"
    },
    "tags": {
        "track": 0,
        "year": 0,
        "album": "",
        "artist": "",
        "comment": "",
        "genre": "",
        "title": ""
    }
},
"rhythm": {
    "bpm": 109.27457428,
    "bpm_histogram_first_peak": 110,
    "bpm_histogram_first_peak_spread": 0.490566015244,
    "bpm_histogram_first_peak_weight": 0.509433984756,
    "bpm_histogram_second_peak": 0,
    "bpm_histogram_second_peak_spread": 0,
    "bpm_histogram_second_peak_weight": 0
},
"tonal": {
    "tuning_frequency": {
        "dmean": 0.0417848788202,
        "dmean2": 0.0830140635371,
        "dvar": 0.53643476963,
        "dvar2": 1.63606202602,
        "max": 453.154663086,
        "mean": 434.483215332,
        "median": 434.193115234,
        "min": 432.690917969,
        "var": 3.29156780243
    },
    "hpcp": {
        "dmean": [0.150865152478, 0.186003997922, 0.258802890778, 0.282194882631, 0.222770377994, 0.154901847243, 0.121977113187, 0.136003628373, 0.204472586513, 0.113015025854, 0.130825847387, 0.142662480474],
        "dmean2": [0.286697387695, 0.357093185186, 0.497551888227, 0.538343608379, 0.428301781416, 0.285842597485, 0.228142723441, 0.253181695938, 0.383558869362, 0.216048419476, 0.249234363437, 0.27491235733],
        "dvar": [0.0846704989672, 0.11509591341, 0.152563095093, 0.145684808493, 0.130959004164, 0.0857420265675, 0.073879532516, 0.0747391656041, 0.0997254475951, 0.071124471724, 0.07781919837, 0.0863114073873],
        "dvar2": [0.232395783067, 0.313577145338, 0.416788160801, 0.380747407675, 0.351446509361, 0.230887338519, 0.202421665192, 0.204329490662, 0.269857615232, 0.206321060658, 0.231556206942, 0.243288770318],
        "max": [1, 1, 1, 1, 1, 1, 1, 1, 1, 1, 1, 1],
        "mean": [0.116287648678, 0.126229673624, 0.186143815517, 0.243848636746, 0.14682841301, 0.132095679641, 0.0910581797361, 0.118338003755, 0.222094938159, 0.0715806484222, 0.0966685935855, 0.0903737768531],
        "median": [0.00711563881487, 0.00308085000142, 0.00571216316894, 0.0211399532855, 0.00315183610655, 0.00918422918767, 0.00217030709609, 0.00479804025963, 0.0241685733199, 0.00198473292403, 0.00457800319418, 0.00293231266551],
        "min": [0, 0, 0, 0, 0, 0, 0, 0, 0, 0, 0, 0],
        "var": [0.0690466538072, 0.083980217576, 0.125703722239, 0.143036648631, 0.0991010963917, 0.0789410248399, 0.0588886626065, 0.0722597911954, 0.124159619212, 0.0457589514554, 0.0591628290713, 0.0576691403985]
    }
},
"lowlevel": {
    "melbands": {
        "dmean": [0.00174849375617, 0.00556045304984, 0.00514240656048, 0.00215275981463, 0.00091414747294, 0.000600483675953, 0.000357435987098, 0.000334088574164, 0.00042702985229, 0.00032242963789, 7.43926284485e-05, 8.57165359776e-05, 5.5953496485e-05, 4.92606159241e-05, 5.53948957531e-05, 5.59880172659e-05, 6.23918240308e-05, 5.01429822179e-05, 2.60167398665e-05, 5.17778862559e-05, 2.40590052272e-05, 1.64574630617e-05, 1.98711823032e-05, 1.16514020192e-05, 6.3445777414e-06, 4.45592922915e-06, 2.42164173869e-06, 1.7064031681e-06, 1.85151418464e-06, 1.32325089908e-06, 1.07726896204e-06, 1.03868501355e-06, 9.13877101993e-07, 6.3352399593e-07, 5.36957600161e-07, 3.70103492742e-07, 1.94263577669e-07, 5.76418486276e-08, 1.48761500895e-08, 1.63740787595e-09],
        "dmean2": [0.00287942867726, 0.00938416738063, 0.0085614612326, 0.00355120794848, 0.00150765222497, 0.00104652903974, 0.000610224960838, 0.000505616422743, 0.000620613747742, 0.000472946587251, 0.000109589469503, 0.000128376850626, 8.27964904602e-05, 7.0541187597e-05, 8.01680071163e-05, 8.26319592306e-05, 9.88871543086e-05, 7.56403242121e-05, 3.84940649383e-05, 7.7586293628e-05, 3.66482636309e-05, 2.52557929343e-05, 3.13727250614e-05, 1.88595477084e-05, 1.01847326732e-05, 7.09735195414e-06, 3.8923685679e-06, 2.82837709165e-06, 3.01247632706e-06, 2.1549842586e-06, 1.71221245182e-06, 1.72436136836e-06, 1.45799515394e-06, 9.86132022263e-07, 8.54474819789e-07, 5.86286205362e-07, 3.07617540329e-07, 8.57736282001e-08, 2.1992343946e-08, 2.41832620596e-09],
        "dvar": [1.87537370948e-05, 4.38678107457e-05, 2.85620590148e-05, 8.30857061374e-06, 1.61561240475e-06, 9.76171122602e-07, 3.06111815007e-07, 4.13726894521e-07, 7.54768336719e-07, 6.5340753963e-07, 3.06429583929e-08, 6.30265617474e-08, 2.23304752467e-08, 2.15034656748e-08, 2.85242283127e-08, 2.41532038814e-08, 3.14534212009e-08, 1.57588821992e-08, 4.56412196925e-09, 5.00377161927e-08, 3.30906835266e-09, 1.56545321151e-09, 2.76548006717e-09, 8.87953377493e-10, 1.65021080134e-10, 1.39565276003e-10, 3.55118746909e-11, 2.09944023971e-11, 1.92711038099e-11, 1.33492297077e-11, 9.32812681265e-12, 9.94065333521e-12, 6.16864588923e-12, 4.24254078049e-12, 4.1346973588e-12, 2.95470830962e-12, 1.68728160783e-12, 8.80484107933e-14, 5.18028748695e-15, 1.6353260125e-16],
        "dvar2": [3.8745252823e-05, 0.000132065993967, 8.32274599816e-05, 2.1036965336e-05, 4.26161295763e-06, 3.0443588912e-06, 8.61405908381e-07, 8.68958579758e-07, 1.47980688325e-06, 1.22758149246e-06, 6.04127663451e-08, 1.19211478022e-07, 4.51756676512e-08, 4.2101639508e-08, 5.1839908366e-08, 5.4362693902e-08, 8.15723737446e-08, 3.54068667718e-08, 9.5370804587e-09, 1.21105699691e-07, 7.53812035015e-09, 3.78511400001e-09, 7.52605000542e-09, 2.48601228492e-09, 4.02887084805e-10, 3.75112024775e-10, 8.63232332837e-11, 5.55458838647e-11, 4.96875388056e-11, 3.41963679595e-11, 2.31100225762e-11, 2.58854552376e-11, 1.47896209168e-11, 9.65931154506e-12, 1.05709278136e-11, 7.06094557823e-12, 4.28516597206e-12, 1.61013143465e-13, 9.67328905237e-15, 3.34675475894e-16],
        "max": [0.0670009031892, 0.0685368478298, 0.047591548413, 0.0327401384711, 0.0123709794134, 0.0120496423915, 0.00726808095351, 0.0125501221046, 0.0216029472649, 0.0181750450283, 0.0072635114193, 0.0088200615719, 0.00470839487389, 0.00402081618086, 0.00402480503544, 0.00278368592262, 0.00332900206558, 0.00265915784985, 0.00125379650854, 0.00647780112922, 0.00129355804529, 0.00104844360612, 0.00119769095909, 0.000534118793439, 0.000185554745258, 0.000291542935884, 0.00010755234689, 9.76838637143e-05, 6.75788542139e-05, 7.65876611695e-05, 8.72616728884e-05, 6.68886132189e-05, 5.78875005885e-05, 6.31468719803e-05, 8.37684856378e-05, 7.87507451605e-05, 6.11519426457e-05, 1.43869629028e-05, 3.87911359212e-06, 6.71249097195e-07],
        "mean": [0.00233096652664, 0.009208063595, 0.00811700709164, 0.00316389324144, 0.00136585254222, 0.00103108468466, 0.000624152482487, 0.000705783371814, 0.000930101727135, 0.000731615000404, 0.000171796695213, 0.000156525115017, 0.000108757165435, 0.000104476639535, 0.000103573816887, 0.000107084539195, 0.000100629251392, 9.60745455814e-05, 5.41002045793e-05, 0.000104775455839, 4.68651523988e-05, 3.16532423312e-05, 4.2171937821e-05, 2.49919339694e-05, 1.22695519167e-05, 7.77530658524e-06, 4.38687493443e-06, 2.97430324281e-06, 3.30126385961e-06, 2.33048808695e-06, 1.88494493614e-06, 1.87507509963e-06, 1.72390537045e-06, 1.26463794459e-06, 9.93505409497e-07, 6.60830949073e-07, 3.66049391687e-07, 1.19777936902e-07, 2.84184586974e-08, 2.3768300661e-09],