{
"metadata": {
    "version": {
        "essentia": "2.0.1",
        "extractor": "archive-music 1.0 mod ismir14"
    },
    "audio_properties": {
        "analysis_sample_rate": 44100,
        "bitrate": 112,
        "channels": 2,
        "equal_loudness": 0,
        "length": 30.0669155121,
        "replay_gain": -10.2236347198,
        "downmix": "mix"
    },
    "tags": {
        "track": 0,
        "year": 0,
        "album": "",
        "artist": "",
        "comment": "",
        "genre": "",
        "title": ""
    }
},
"rhythm": {
    "bpm": 172.265594482,
    "bpm_histogram_first_peak": 172,
    "bpm_histogram_first_peak_spread": 0,
    "bpm_histogram_first_peak_weight": 0.5,
    "bpm_histogram_second_peak": 178,
    "bpm_histogram_second_peak_spread": 0,
    "bpm_histogram_second_peak_weight": 0.27380952239
},
"tonal": {
    "tuning_frequency": {
        "dmean": 0.0248134285212,
        "dmean2": 0.0421260111034,
        "dvar": 0.0352432839572,
        "dvar2": 0.0605711378157,
        "max": 435.952270508,
        "mean": 434.682952881,
        "median": 434.695007324,
        "min": 433.942382812,
        "var": 0.0331500098109
    },
    "hpcp": {
        "dmean": [0.127296790481, 0.209401324391, 0.179862484336, 0.277020543814, 0.039409302175, 0.155142858624, 0.172920837998, 0.267562061548, 0.0952767208219, 0.0904075428843, 0.24818444252, 0.0867367461324],
        "dmean2": [0.235882803798, 0.388251513243, 0.312529414892, 0.502110540867, 0.068168208003, 0.270549654961, 0.314283877611, 0.468085378408, 0.169874876738, 0.159684419632, 0.427460432053, 0.1575730443],
        "dvar": [0.0538428910077, 0.0785053148866, 0.0525443069637, 0.11332282424, 0.00675423257053, 0.0771583467722, 0.100812703371, 0.107333526015, 0.045687019825, 0.0283139757812, 0.0784428864717, 0.0256941281259],
        "dvar2": [0.146522149444, 0.18488059938, 0.130786180496, 0.253683745861, 0.0199293456972, 0.180812224746, 0.242515280843, 0.275483042002, 0.12740086019, 0.0706524252892, 0.147157073021, 0.0747010931373],
        "max": [1, 1, 1, 1, 0.539765357971, 1, 1, 1, 1, 1, 1, 1],
        "mean": [0.104715615511, 0.239596635103, 0.175921678543, 0.400194227695, 0.0327095128596, 0.146612435579, 0.185683488846, 0.228904694319, 0.0669854059815, 0.0754929855466, 0.3775190413, 0.0705165788531],
        "median": [0.0232458095998, 0.0997037068009, 0.0736610069871, 0.150731906295, 0.00749406870455, 0.0262512732297, 0.0153271676973, 0.0469324216247, 0.0124053116888, 0.019362302497, 0.200140222907, 0.0232807472348],
        "min": [0.00088311341824, 0.00461698602885, 0.00063892104663, 0.000171633175341, 7.21419928595e-05, 0.00112355849706, 0.00013937886979, 0.000359201803803, 0.000412141875131, 0.000122762474348, 0.000899342354387, 0.000538215332199],
        "var": [0.0432295054197, 0.099262714386, 0.0619217380881, 0.173832014203, 0.00553572271019, 0.0819000676274, 0.120489262044, 0.113557502627, 0.0324670448899, 0.0249890666455, 0.145249828696, 0.0189503673464]
    }
},
"lowlevel": {
    "melbands": {
        "dmean": [2.86916304049e-07, 1.42124108606e-05, 1.79566759471e-05, 0.000195840970264, 0.000168862723513, 7.87903700257e-05, 3.62021601177e-05, 3.22966880049e-05, 2.08590099646e-05, 1.41695027196e-05, 1.19063606689e-05, 9.08257425181e-06, 1.07967853182e-05, 4.63113974547e-06, 4.31996659245e-06, 3.08761786982e-06, 6.37228231426e-06, 2.63031051873e-06, 3.70800898963e-06, 8.709158692e-07, 1.11217798349e-06, 1.03605486856e-06, 6.90379977186e-07, 1.02483807041e-06, 2.37278300119e-06, 2.84949283014e-06, 6.66550818096e-07, 3.53939412889e-07, 1.49892755985e-07, 9.80640848525e-08, 3.95216126492e-08, 6.58287291344e-09, 1.08891518025e-09, 2.65684835243e-10, 7.23127183133e-11, 2.87531231463e-11, 1.07664875279e-11, 2.54224484346e-12, 1.31200909512e-12, 3.33570573507e-13],
        "dmean2": [4.62082965669e-07, 2.43624908762e-05, 3.1136933103e-05, 0.000334925891366, 0.000303566746879, 0.00013876495359, 6.21553845122e-05, 5.42374255019e-05, 3.89156339224e-05, 2.6724061172e-05, 2.21629161388e-05, 1.76189842023e-05, 1.99759815587e-05, 8.63201057655e-06, 8.27156054584e-06, 5.6688454606e-06, 1.16467499538e-05, 4.63676769868e-06, 6.65564266455e-06, 1.53604105435e-06, 1.94097810891e-06, 1.86846921224e-06, 1.21731534364e-06, 1.8218453306e-06, 4.36625805378e-06, 5.34156470167e-06, 1.19490948691e-06, 6.49744265502e-07, 2.81035880789e-07, 1.84289291383e-07, 7.78127002832e-08, 1.23367644989e-08, 2.11598893962e-09, 5.12306419509e-10, 1.34643241001e-10, 5.13140849256e-11, 1.88836082188e-11, 3.56639934598e-12, 1.51494951566e-12, 4.55704809825e-13],
        "dvar": [9.75166738267e-14, 1.44258627266e-09, 7.71988084569e-10, 2.99326899267e-07, 3.91087731089e-08, 5.96362603744e-09, 1.7544684594e-09, 2.25088436778e-09, 3.22440008027e-09, 9.80301728681e-10, 8.70360616911e-10, 7.00434654721e-10, 9.95420523786e-10, 1.39983399872e-10, 1.71633957047e-10, 4.34359562207e-11, 3.84608539461e-10, 1.64586937829e-11, 5.1641756843e-11, 1.74938871982e-12, 2.2649679441e-12, 2.4613451468e-12, 1.43009725156e-12, 2.81684896762e-12, 3.31339643223e-11, 4.64378674403e-11, 9.51858166939e-13, 4.24980824186e-13, 1.15847422258e-13, 8.63977604195e-14, 2.13893860983e-14, 3.4629562973e-16, 2.56255077833e-17, 7.80193910327e-19, 2.46734292702e-20, 5.28506009368e-21, 8.75689020145e-22, 1.22419537349e-22, 9.52330176614e-23, 3.04938087775e-24],
        "dvar2": [2.17804317333e-13, 2.89712787094e-09, 2.0196022632e-09, 7.95338337412e-07, 1.10330269365e-07, 1.70346758921e-08, 4.81282969034e-09, 5.16775822135e-09, 9.76904246386e-09, 2.9782516453e-09, 2.67897037887e-09, 2.12911199782e-09, 2.85762147278e-09, 4.1870340528e-10, 5.35479494079e-10, 1.22393303825e-10, 1.11458142715e-09, 4.6455509578e-11, 1.47452605681e-10, 4.91900010308e-12, 6.72258039167e-12, 7.24337300209e-12, 4.15934691203e-12, 8.06609466719e-12, 9.78385705785e-11, 1.37669778355e-10, 2.51502681528e-12, 1.16924666563e-12, 3.27387449832e-13, 2.44621082288e-13, 6.37709218656e-14, 9.87845927867e-16, 7.5810977409e-17, 2.47514587037e-18, 7.49897192546e-20, 1.57059012416e-20, 2.45211997647e-21, 1.2427886357e-22, 9.21130033615e-23, 2.9985504281e-24],
        "max": [2.10600728678e-06, 0.000409938511439, 0.000231468540733, 0.00545674236491, 0.00118655222468, 0.000387712876545, 0.000225629890338, 0.000390710512875, 0.000372075213818, 0.000217770982999, 0.000160613533808, 0.000144319201354, 0.000250136072282, 9.26509164856e-05, 8.37260158733e-05, 5.92147698626e-05, 0.000183583048056, 2.61675268121e-05, 7.08572624717e-05, 1.27663724925e-05, 9.78236312221e-06, 9.25980748434e-06, 7.68099835113e-06, 1.15795992315e-05, 3.72176073142e-05, 5.34694736416e-05, 4.81830329591e-06, 4.21452932642e-06, 1.85063663594e-06, 2.18290256271e-06, 1.25881342683e-06, 1.53109809276e-07, 4.59649847073e-08, 6.26229335055e-09, 9.21458132019e-10, 6.02915051218e-10, 2.58794957686e-10, 1.28207194861e-10, 1.11614599507e-10, 1.88424501696e-11],
        "mean": [4.36507320956e-07, 1.84872533282e-05, 2.56505918514e-05, 0.000221021909965, 0.000204080206458, 9.44779603742e-05, 3.64736588381e-05, 3.51712224074e-05, 1.52123357111e-05, 1.01297755464e-05, 9.52763002715e-06, 5.597967629e-06, 8.82286803972e-06, 3.33690081789e-06, 2.96209418593e-06, 2.37076505982e-06, 4.95075801155e-06, 2.38314578382e-06, 3.41607983501e-06, 9.37712286486e-07, 1.06395077637e-06, 9.50112564624e-07, 6.10290783243e-07, 8.43624889058e-07, 1.84228963462e-06, 2.08015512726e-06, 5.50285562895e-07, 2.7423286042e-07, 9.9625481198e-08, 6.08838064409e-08, 2.49570231148e-08, 4.20608925467e-09, 6.76566580537e-10, 1.89269322437e-10, 7.02674377018e-11, 2.91622385962e-11, 1.14705215812e-11, 3.36292473903e-12, 1.45458460814e-12, 3.09470683671e-13],