{
"metadata": {
    "version": {
        "essentia": "2.0.1",
        "extractor": "archive-music 1.0 mod ismir14"
    },
    "audio_properties": {
        "analysis_sample_rate": 44100,
        "bitrate": 128,
        "channels": 2,
        "equal_loudness": 0,
        "length": 30.0669155121,
        "replay_gain": -14.8066997528,
        "downmix": "mix"
    },
    "tags": {
        "track": 0,
        "year": 0,
        "album": "",
        "artist": "",
        "comment": "",
        "genre": "",
        "title": ""
    }
},
"rhythm": {
    "bpm": 109.27457428,
    "bpm_histogram_first_peak": 110,
    "bpm_histogram_first_peak_spread": 0.490566015244,
    "bpm_histogram_first_peak_weight": 0.509433984756,
    "bpm_histogram_second_peak": 0,
    "bpm_histogram_second_peak_spread": 0,
    "bpm_histogram_second_peak_weight": 0
},
"tonal": {
    "tuning_frequency": {
        "dmean": 0.0978159978986,
        "dmean2": 0.166583895683,
        "dvar": 0.273964226246,
        "dvar2": 0.395385444164,
        "max": 446.399932861,
        "mean": 442.399169922,
        "median": 441.782684326,
        "min": 439.745910645,
        "var": 0.718374192715
    },
    "hpcp": {
        "dmean": [0.124595455825, 0.0964573100209, 0.0590595193207, 0.157511666417, 0.0436184816062, 0.144143119454, 0.0508818440139, 0.0993587970734, 0.148395568132, 0.0364044085145, 0.165906444192, 0.067732706666],
        "dmean2": [0.232334449887, 0.173705145717, 0.110756739974, 0.265499919653, 0.0811984166503, 0.239668667316, 0.0957656800747, 0.179326474667, 0.260524302721, 0.0699015706778, 0.27055940032, 0.128198817372],
        "dvar": [0.0428284518421, 0.0551951378584, 0.0102277826518, 0.0677770599723, 0.0138454567641, 0.0524080432951, 0.0158655177802, 0.0307641644031, 0.0383848175406, 0.00525777414441, 0.0631789788604, 0.0248114597052],
        "dvar2": [0.105099871755, 0.107858493924, 0.0246344078332, 0.155140906572, 0.0291147325188, 0.113571584225, 0.0438086315989, 0.0748843923211, 0.0940599888563, 0.0149356694892, 0.127770602703, 0.0672422349453],
        "max": [1, 1, 0.547549545765, 1, 1, 1, 0.969269037247, 1, 1, 0.484758526087, 1, 1],
        "mean": [0.166196420789, 0.247765600681, 0.0440110675991, 0.458714723587, 0.0382178649306, 0.253717899323, 0.0354753658175, 0.101517952979, 0.233607381582, 0.0258062779903, 0.227026775479, 0.0466725192964],
        "median": [0.0426862277091, 0.0153664108366, 0.0105933872983, 0.256560742855, 0.0100437961519, 0.0778020173311, 0.0105651766062, 0.0246203579009, 0.108282275498, 0.0105074886233, 0.0823024362326, 0.00986682530493],
        "min": [3.21173174598e-05, 0.000224252144108, 0.000534475722816, 0.000753000902478, 9.41709658946e-05, 0.000600475061219, 0.000317102734698, 0.00106046360452, 0.000732802902348, 0.000178118236363, 0.000398507923819, 0.000602276879363],
        "var": [0.0782728046179, 0.163659930229, 0.00817105639726, 0.191706925631, 0.0134129934013, 0.125229388475, 0.0093967076391, 0.0373130738735, 0.0926908105612, 0.00301146600395, 0.0994307547808, 0.0162923894823]
    }
},
"lowlevel": {
    "melbands": {
        "dmean": [0.00014723817003, 0.000256398750935, 0.000170806830283, 0.000115720133181, 4.48141618108e-05, 5.6319990108e-05, 2.56870716839e-05, 4.05174359912e-05, 6.0307142121e-05, 4.3940552132e-05, 9.39927758736e-06, 1.09456768769e-05, 7.60657712817e-06, 7.82944243838e-06, 6.20128685114e-06, 6.88148520567e-06, 6.22943844064e-06, 6.71186808177e-06, 3.66290851161e-06, 5.39506436326e-06, 2.31089074987e-06, 1.58411660323e-06, 1.85557485111e-06, 1.20762604183e-06, 6.5369732738e-07, 4.36766526946e-07, 2.88204802246e-07, 2.12618388673e-07, 2.40742224378e-07, 1.80546066986e-07, 1.49299481222e-07, 1.57218906338e-07, 1.4800092174e-07, 1.11766212285e-07, 8.75741932305e-08, 6.48578577511e-08, 3.76362301324e-08, 1.26169839021e-08, 2.78018763566e-09, 2.33514402259e-10],
        "dmean2": [0.000271107739536, 0.000428523373557, 0.000266825634753, 0.000192039340618, 7.11562897777e-05, 9.63099228102e-05, 4.41884658358e-05, 6.73539325362e-05, 0.000101143181382, 7.02074248693e-05, 1.64881039382e-05, 2.01656694117e-05, 1.3632912669e-05, 1.42808730743e-05, 1.0931835277e-05, 1.21038774523e-05, 1.05893150248e-05, 1.15407337944e-05, 6.26640485279e-06, 8.25005190563e-06, 3.90233753933e-06, 2.81784627987e-06, 2.98625923278e-06, 1.95833354155e-06, 1.17887680062e-06, 7.96753624854e-07, 5.34320861334e-07, 3.94398426806e-07, 4.33356035501e-07, 3.33477856884e-07, 2.72931742984e-07, 2.89060068326e-07, 2.74183719284e-07, 2.08906641319e-07, 1.63747074566e-07, 1.24160322912e-07, 7.23244468759e-08, 2.43809346046e-08, 5.31598498554e-09, 4.52199500067e-10],
        "dvar": [4.43766623448e-08, 8.58925801595e-08, 3.40248291764e-08, 1.21143681753e-08, 1.47523726568e-09, 5.56751977854e-09, 1.1383353149e-09, 4.59545157483e-09, 1.17128777788e-08, 7.0725429957e-09, 4.2178480153e-10, 9.66141722181e-10, 3.67160857273e-10, 1.8667904722e-10, 1.85079687687e-10, 1.95787663859e-10, 1.26574153936e-10, 1.6211085252e-10, 3.56826929115e-11, 2.28461777274e-10, 1.35223368961e-11, 4.87666634505e-12, 1.38851768625e-11, 3.82680302377e-12, 8.13017676186e-13, 2.50343989245e-13, 9.24688995621e-14, 5.70651517576e-14, 7.75761833244e-14, 4.92112555946e-14, 3.29939153527e-14, 4.78312356356e-14, 5.57822966421e-14, 4.80945781789e-14, 6.01901476794e-14, 5.16973243999e-14, 2.30143696797e-14, 2.25618491039e-15, 8.68310150192e-17, 9.5796500183e-19],
        "dvar2": [1.22867049868e-07, 2.02209932354e-07, 8.14037264263e-08, 3.69704089564e-08, 3.64040619871e-09, 1.40415767902e-08, 2.45250642017e-09, 1.14029727882e-08, 3.49746507311e-08, 1.6555450344e-08, 1.21626897442e-09, 2.81403300662e-09, 1.04052555461e-09, 5.62009883076e-10, 5.3409032752e-10, 5.19050136205e-10, 3.33028410404e-10, 4.10790707006e-10, 9.63345236915e-11, 3.89140691892e-10, 2.89572983647e-11, 1.46561443537e-11, 2.89196045583e-11, 7.31009697219e-12, 1.99125850357e-12, 6.30675036934e-13, 2.46863510536e-13, 1.40487244776e-13, 1.87780238407e-13, 1.1548898502e-13, 8.53417542798e-14, 1.3096853246e-13, 1.56234603705e-13, 1.40767782088e-13, 1.79254939885e-13, 1.54876504958e-13, 6.88117030262e-14, 6.71617336669e-15, 2.57288322371e-16, 2.85433394176e-18],
        "max": [0.000826914852951, 0.00187407445628, 0.00163754471578, 0.000717294518836, 0.000293116550893, 0.0004166639701, 0.000175551322172, 0.000478825852042, 0.000827885989565, 0.000667398795485, 0.000133959256345, 0.000262973335339, 0.000151939879288, 9.09388909349e-05, 0.000116355062346, 9.58506498137e-05, 8.0321697169e-05, 0.000107656385808, 3.51308444806e-05, 0.000185227574548, 3.5782391933e-05, 1.35439531732e-05, 3.14002354571e-05, 1.68187598319e-05, 5.2209934438e-06, 3.43546867043e-06, 1.38449570386e-06, 1.05045876353e-06, 1.63802383213e-06, 1.03074717117e-06, 7.61827664064e-07, 1.3128228602e-06, 1.7464725488e-06, 1.80517542958e-06, 2.22654830395e-06, 2.08842607208e-06, 1.39934718391e-06, 4.35601862137e-07, 8.59538289433e-08, 9.05851660349e-09],
        "mean": [0.000153400411364, 0.00066369160777, 0.000476445740787, 0.000177713809535, 7.46868681745e-05, 6.82580357534e-05, 3.41882696375e-05, 4.37978123955e-05, 6.11303767073e-05, 4.36508453276e-05, 9.07420144358e-06, 9.7678948805e-06, 6.34894968243e-06, 6.40207008473e-06, 5.8377604546e-06, 6.64081062496e-06, 6.163501439e-06, 6.170283541e-06, 3.3799638004e-06, 6.5604313022e-06, 2.80047152046e-06, 1.96946757569e-06, 2.61373611465e-06, 1.56559269726e-06, 7.75278181209e-07, 4.77085905004e-07, 2.66080462552e-07, 1.81653305731e-07, 2.07983092082e-07, 1.46659687061e-07, 1.15637242004e-07, 1.16984395504e-07, 1.07862184962e-07, 8.03358943813e-08, 6.42130615347e-08, 4.43965966213e-08, 2.47257041508e-08, 8.18337575481e-09, 1.85055148982e-09, 1.49577780717e-10],