{
"metadata": {
    "version": {
        "essentia": "2.0.1",
        "extractor": "archive-music 1.0 mod ismir14"
    },
    "audio_properties": {
        "analysis_sample_rate": 44100,
        "bitrate": 128,
        "channels": 2,
        "equal_loudness": 0,
        "length": 30.0669155121,
        "replay_gain": -8.88716506958,
        "downmix": "mix"
    },
    "tags": {
        "track": 7,
        "year": 0,
        "album": "The Cool Jazz Collection",
        "artist": "Astrud Gilberto",
        "comment": "",
        "genre": "Jazz",
        "title": "Girl From Ipanema"
    }
},
"rhythm": {
    "bpm": 130.002792358,
    "bpm_histogram_first_peak": 129,
    "bpm_histogram_first_peak_spread": 0.490909099579,
    "bpm_histogram_first_peak_weight": 0.444444447756,
    "bpm_histogram_second_peak": 136,
    "bpm_histogram_second_peak_spread": 0.199999988079,
    "bpm_histogram_second_peak_weight": 0.0634920671582
},
"tonal": {
    "tuning_frequency": {
        "dmean": 0.139746576548,
        "dmean2": 0.258469730616,
        "dvar": 1.27500224113,
        "dvar2": 3.09853696823,
        "max": 454.727905273,
        "mean": 440.501098633,
        "median": 438.731048584,
        "min": 431.443084717,
        "var": 5.90627193451
    },
    "hpcp": {
        "dmean": [0.0881531760097, 0.139646023512, 0.114300727844, 0.16230648756, 0.104109376669, 0.088295981288, 0.121189139783, 0.0387276262045, 0.12446834147, 0.101642422378, 0.121618926525, 0.0945855677128],
        "dmean2": [0.16430939734, 0.240623652935, 0.214789301157, 0.296384394169, 0.183341726661, 0.157563522458, 0.213376104832, 0.0709701701999, 0.217296808958, 0.185349568725, 0.225183919072, 0.169785916805],
        "dvar": [0.0483145825565, 0.0632096901536, 0.0669955462217, 0.0865288674831, 0.0469026044011, 0.0458670146763, 0.0596903413534, 0.021921666339, 0.0587475039065, 0.0606627576053, 0.0665395855904, 0.0464353486896],
        "dvar2": [0.126269891858, 0.126843035221, 0.18430057168, 0.191734954715, 0.111463829875, 0.120594516397, 0.129137858748, 0.0526365377009, 0.126246362925, 0.14725124836, 0.166125848889, 0.106236830354],
        "max": [1, 1, 1, 1, 1, 1, 1, 1, 1, 1, 1, 1],
        "mean": [0.0686165615916, 0.244908541441, 0.070365794003, 0.26162147522, 0.121925741434, 0.0902119800448, 0.217958778143, 0.061266772449, 0.165134608746, 0.0872787460685, 0.11123598367, 0.138368040323],
        "median": [0.00212688045576, 0.0359725095332, 0.00113326997962, 0.0204449035227, 0.00739620067179, 0.00376714044251, 0.0251682661474, 0.00107234157622, 0.0143121760339, 0.00133901787922, 0.00622254982591, 0.00731211295351],
        "min": [2.78945958598e-06, 2.39598807639e-06, 1.80980998721e-06, 7.05687807567e-06, 2.5011740945e-06, 0, 2.67128762061e-05, 5.47002355233e-06, 1.27644239001e-06, 0, 0, 7.40211305583e-07],
        "var": [0.0405271686614, 0.132484823465, 0.044558275491, 0.156666025519, 0.0691204890609, 0.0561195462942, 0.127983152866, 0.0459082089365, 0.0960022136569, 0.0601390898228, 0.0649502724409, 0.0851550623775]
    }
},
"lowlevel": {
    "melbands": {
        "dmean": [0.000255336199189, 0.000722872791812, 0.000798721099272, 0.000427430059062, 0.000249073898885, 9.53080962063e-05, 5.93955301156e-05, 6.5668784373e-05, 2.54115166172e-05, 1.69601134985e-05, 1.49796378537e-05, 1.44540945257e-05, 3.57628505299e-06, 2.55381769421e-06, 3.75228114535e-06, 2.43186809712e-06, 1.96679184228e-06, 6.76671504607e-07, 6.85882184825e-07, 6.8815825216e-07, 4.1923038907e-07, 5.99970121584e-07, 7.33204501557e-07, 6.59554871163e-07, 2.65867470262e-07, 1.57230047648e-07, 2.05169243372e-07, 3.22893754401e-07, 2.61581419636e-07, 3.69386270904e-07, 6.17224088728e-07, 8.9476446874e-07, 1.18046352782e-06, 6.86015880547e-07, 3.05689894731e-07, 1.53481693133e-07, 9.33713337758e-08, 3.5343980187e-08, 1.1740561412e-08, 1.37431710456e-09],
        "dmean2": [0.000352427741745, 0.00103672058322, 0.00115875247866, 0.000647930661216, 0.000361758313375, 0.000143738725455, 9.16849894566e-05, 9.54274655669e-05, 3.72323811462e-05, 2.30932473642e-05, 2.14713199966e-05, 2.01981201826e-05, 5.27719339516e-06, 3.71150690626e-06, 4.90215370519e-06, 3.35317145073e-06, 2.85940222966e-06, 1.04746720808e-06, 1.05344281565e-06, 1.04431455838e-06, 6.69933285735e-07, 9.62247781899e-07, 1.10791347652e-06, 1.09478935428e-06, 4.22033735958e-07, 2.33896869872e-07, 3.07830845259e-07, 4.65530604288e-07, 4.03080264277e-07, 5.56046188649e-07, 9.05992010303e-07, 1.28439535274e-06, 1.96900782612e-06, 9.2114146355e-07, 4.21819976282e-07, 2.15904307765e-07, 1.23819660303e-07, 4.67749963207e-08, 1.54590704682e-08, 1.91814675254e-09],
        "dvar": [3.81650835379e-07, 1.34407969199e-06, 1.05587605503e-06, 5.11522614488e-07, 1.65160059851e-07, 4.27229736033e-08, 3.66872718871e-08, 3.20269570864e-08, 5.10858200187e-09, 3.66520924722e-09, 1.71286573813e-09, 9.42814804006e-09, 8.27967902572e-11, 4.16163943584e-11, 2.17211026943e-10, 8.17686959809e-11, 9.2582053135e-11, 3.62202542264e-12, 8.56731005583e-12, 1.12954732373e-11, 1.9206246836e-12, 2.57370752314e-12, 3.49688702474e-12, 4.57009603771e-12, 6.8546497688e-13, 1.77622863249e-13, 4.48477111567e-13, 1.74216218708e-12, 5.33398737505e-13, 2.15593493579e-12, 6.42854302776e-12, 1.48765218894e-11, 5.27378349324e-11, 1.30665825382e-11, 1.3208940235e-12, 1.92605561491e-13, 6.40325805074e-14, 1.14155663682e-14, 1.68913976265e-15, 4.41327425838e-17],
        "dvar2": [7.31455884306e-07, 2.62009893959e-06, 1.83690849553e-06, 1.0340420431e-06, 3.31097282924e-07, 9.19801337318e-08, 7.85046623264e-08, 6.46419664463e-08, 9.69902025361e-09, 6.71354261073e-09, 2.92587842843e-09, 1.63846216594e-08, 1.63556432287e-10, 8.27219542865e-11, 3.74017539162e-10, 1.78154643815e-10, 2.15337844778e-10, 7.35441482019e-12, 1.8722589451e-11, 2.07791353568e-11, 4.86741289635e-12, 6.4805040674e-12, 7.99729813622e-12, 1.16304813003e-11, 1.7206522665e-12, 3.867573037e-13, 8.63368350337e-13, 3.60604753523e-12, 1.10107040673e-12, 4.94523866301e-12, 1.35455899969e-11, 2.64904088249e-11, 1.43672407305e-10, 2.11147297563e-11, 2.11189399302e-12, 3.34960087011e-13, 1.08657183186e-13, 1.79885013813e-14, 2.93687138648e-15, 1.01349775157e-16],
        "max": [0.00985953677446, 0.0111456606537, 0.0116289323196, 0.0139261381701, 0.00505578937009, 0.00208013434894, 0.00235733785667, 0.0020294750575, 0.00101921183523, 0.00100416562054, 0.000433248584159, 0.00218952237628, 0.000114321061119, 0.000126800194266, 0.000340083817719, 0.00015700289805, 0.00019191201136, 2.31807880482e-05, 4.21179538534e-05, 4.62246243842e-05, 1.72090749402e-05, 1.71700066858e-05, 1.6967587726e-05, 2.52767113125e-05, 1.23809550132e-05, 7.11488246452e-06, 1.15524971989e-05, 2.69888805633e-05, 7.5875004768e-06, 2.42094229179e-05, 3.60946760338e-05, 5.9187917941e-05, 0.000116529525258, 8.46444891067e-05, 2.08916462725e-05, 5.0197741075e-06, 3.56959026249e-06, 1.82826340733e-06, 6.11758309788e-07, 1.21567310885e-07],
        "mean": [0.000451663159765, 0.00155925401486, 0.00199150992557, 0.000751735467929, 0.000554777798243, 0.000166586891282, 6.8126435508e-05, 7.8628436313e-05, 3.22720188706e-05, 2.20503243327e-05, 2.06494096346e-05, 2.15186864807e-05, 4.68278267363e-06, 3.17313288178e-06, 5.01018530485e-06, 2.86056456389e-06, 2.01717625714e-06, 8.14621216705e-07, 7.91957916135e-07, 8.12177972875e-07, 4.30709746979e-07, 6.64927767957e-07, 7.75251237428e-07, 6.21840854365e-07, 2.68637876388e-07, 1.83082107696e-07, 2.49967854415e-07, 3.28548395601e-07, 2.75927789062e-07, 3.54977430561e-07, 6.23155983703e-07, 9.82666392702e-07, 1.07773587388e-06, 7.2934471973e-07, 3.43785615087e-07, 1.83525557418e-07, 1.05226590108e-07, 4.03118249892e-08, 1.26883623608e-08, 1.30327915127e-09],