{
"metadata": {
    "version": {
        "essentia": "2.0.1",
        "extractor": "archive-music 1.0 mod ismir14"
    },
    "audio_properties": {
        "analysis_sample_rate": 44100,
        "bitrate": 32,
        "channels": 2,
        "equal_loudness": 0,
        "length": 30.0408172607,
        "replay_gain": -13.4732723236,
        "downmix": "mix"
    },
    "tags": {
        "track": 0,
        "year": 0,
        "album": "",
        "artist": "",
        "comment": "",
        "genre": "",
        "title": ""
    }
},
"rhythm": {
    "bpm": 178.205886841,
    "bpm_histogram_first_peak": 178,
    "bpm_histogram_first_peak_spread": 0,
    "bpm_histogram_first_peak_weight": 0.453488379717,
    "bpm_histogram_second_peak": 172,
    "bpm_histogram_second_peak_spread": 0,
    "bpm_histogram_second_peak_weight": 0.430232554674
},
"tonal": {
    "tuning_frequency": {
        "dmean": 0.274714618921,
        "dmean2": 0.521913528442,
        "dvar": 4.01494216919,
        "dvar2": 9.6798286438,
        "max": 456.04309082,
        "mean": 446.311828613,
        "median": 441.527557373,
        "min": 434.444000244,
        "var": 39.5651779175
    },
    "hpcp": {
        "dmean": [0.16556173563, 0.160294279456, 0.162239611149, 0.215069159865, 0.0953509584069, 0.158747896552, 0.198497384787, 0.260221630335, 0.160357192159, 0.110669143498, 0.259116083384, 0.0764802992344],
        "dmean2": [0.280820190907, 0.280139148235, 0.274519115686, 0.36200979352, 0.170060142875, 0.270357012749, 0.333583950996, 0.446696221828, 0.275223374367, 0.1956127882, 0.450987458229, 0.135180622339],
        "dvar": [0.0430709086359, 0.0562015399337, 0.0493877232075, 0.062758050859, 0.0233427155763, 0.0532824061811, 0.0551401227713, 0.071788571775, 0.0497698485851, 0.0307950638235, 0.0713278874755, 0.0192509628832],
        "dvar2": [0.108648344874, 0.142381280661, 0.120967507362, 0.133608475327, 0.0616825222969, 0.114856213331, 0.129169806838, 0.174756780267, 0.122920788825, 0.0808159932494, 0.142220512033, 0.0502794459462],
        "max": [1, 1, 1, 1, 1, 1, 1, 1, 1, 1, 1, 1],
        "mean": [0.23552583158, 0.150703459978, 0.163248822093, 0.271563857794, 0.0865371525288, 0.259167760611, 0.277619808912, 0.340893954039, 0.193387851119, 0.109794944525, 0.63575732708, 0.0762727856636],
        "median": [0.138279020786, 0.0390972048044, 0.0576393641531, 0.131613925099, 0.0307027455419, 0.0901893749833, 0.131060779095, 0.208079382777, 0.0673734098673, 0.0384128727019, 0.678177952766, 0.0312161054462],
        "min": [0.00184087350499, 0.000248622818617, 0.000858884188347, 0.000657009251881, 0.000602288055234, 0.00327056483366, 0.000574748206418, 0.00244077155367, 0.000564638350625, 0.000500677619129, 0.0102016124874, 0.000676465162542],
        "var": [0.0682577416301, 0.0578540153801, 0.0580108389258, 0.0958719328046, 0.0222280733287, 0.11412807554, 0.101758189499, 0.113159157336, 0.0778042450547, 0.0330740921199, 0.127273306251, 0.0177635066211]
    }
},
"lowlevel": {
    "melbands": {
        "dmean": [5.01501526742e-05, 0.000217210676055, 0.000197964298422, 0.000108005573566, 6.54557952657e-05, 0.000116767041618, 0.000117248106108, 0.000124998579849, 0.000132012821268, 6.94549526088e-05, 5.18302913406e-05, 3.02512926282e-05, 2.47883726843e-05, 1.59232185979e-05, 2.54454262176e-05, 1.3742601368e-05, 1.51958165588e-05, 1.15448974611e-05, 8.69550603966e-06, 7.63579373597e-06, 6.79145114191e-06, 6.75375895298e-06, 8.96431083675e-06, 8.62868091644e-06, 6.67655604047e-06, 5.06564492753e-06, 4.98518784298e-06, 3.09222627948e-06, 1.28797205434e-06, 1.14874239898e-06, 8.66292282353e-07, 5.14360749548e-07, 2.37113241042e-07, 1.80923706239e-07, 1.79103039954e-07, 1.52334550307e-07, 1.48209508666e-07, 1.11926176771e-07, 6.10079027297e-08, 3.06760910007e-08],
        "dmean2": [7.5247582572e-05, 0.000334147596732, 0.000309501949232, 0.00014938415552, 0.000104398546682, 0.000187674799236, 0.00018938066205, 0.000207978184335, 0.000197987305, 0.000104197271867, 7.95496671344e-05, 4.59227449028e-05, 3.80019300792e-05, 2.34490562434e-05, 4.08501982747e-05, 2.14607098314e-05, 2.29749457503e-05, 1.78939208126e-05, 1.41717873703e-05, 1.11690333142e-05, 1.02352105387e-05, 1.04122354969e-05, 1.30609960252e-05, 1.25012911667e-05, 1.01739105958e-05, 7.69161943026e-06, 7.51468996896e-06, 4.97977043779e-06, 2.00913768822e-06, 1.71732779108e-06, 1.28312683501e-06, 7.86601390246e-07, 3.70282947415e-07, 2.77119596603e-07, 2.83014401248e-07, 2.42650230575e-07, 2.36531633391e-07, 1.84835187156e-07, 9.92334747707e-08, 4.79873634163e-08],
        "dvar": [4.62701299497e-09, 9.4994540234e-08, 5.71081919531e-08, 2.81119802992e-08, 7.09135683508e-09, 1.814522399e-08, 2.53688661189e-08, 5.30319859138e-08, 5.46601981455e-08, 2.849689551e-08, 8.37984526214e-09, 8.71868710561e-09, 7.14008008273e-09, 1.27093846558e-09, 7.20793247311e-09, 1.26963550784e-09, 1.68694869185e-09, 6.50718645634e-10, 2.93605889601e-10, 3.36746686092e-10, 1.55278775948e-10, 1.67574149001e-10, 3.18918169651e-10, 3.5375197216e-10, 2.04092062694e-10, 9.46418082792e-11, 1.48429324387e-10, 8.66329022409e-11, 4.5408238801e-12, 7.18799715929e-12, 4.69771227127e-12, 1.72520266302e-12, 1.92975802981e-13, 6.55048186375e-14, 6.13472082378e-14, 3.30041746157e-14, 4.01224599334e-14, 2.78713887364e-14, 7.8638843755e-15, 1.59000376765e-15],
        "dvar2": [9.38459265853e-09, 2.18064599267e-07, 1.18210813582e-07, 4.82792827938e-08, 1.75929510959e-08, 4.53609310114e-08, 6.42525108674e-08, 1.38473552624e-07, 9.77923306777e-08, 5.19123624088e-08, 1.95178895268e-08, 1.91509794689e-08, 1.72963332545e-08, 2.85856205373e-09, 1.82579871222e-08, 2.60664867469e-09, 3.33598926261e-09, 1.47434242592e-09, 6.3315569454e-10, 6.7951577698e-10, 3.32615740506e-10, 3.46290746078e-10, 5.73996628006e-10, 5.96183935553e-10, 4.68949601373e-10, 1.82015250094e-10, 3.58798768474e-10, 2.20747045643e-10, 1.08569108564e-11, 1.36648158067e-11, 9.35428904475e-12, 4.15887810301e-12, 4.25102688511e-13, 1.29856398529e-13, 1.2408247986e-13, 7.52738935636e-14, 1.02844612709e-13, 7.00383287065e-14, 2.01762350181e-14, 3.54374127055e-15],
        "max": [0.000915404001717, 0.00256653921679, 0.00170092657208, 0.00194363272749, 0.000939438701607, 0.000981761259027, 0.00118739635218, 0.00184241635725, 0.00438464805484, 0.00277275824919, 0.00107456289697, 0.00117197504733, 0.00109791511204, 0.000462295371108, 0.00125122210011, 0.000455952889752, 0.000646685133688, 0.000374550494598, 0.000165939243743, 0.000344747415511, 0.000120624361443, 0.000144210993312, 0.000195229542442, 0.000232925551245, 0.000166268480825, 0.000119364747661, 0.000141282158438, 0.000134150570375, 2.52765603364e-05, 5.70596603211e-05, 3.49278998328e-05, 2.29645938816e-05, 5.56167242394e-06, 4.00387489208e-06, 3.85572730011e-06, 2.15627323996e-06, 2.59828584603e-06, 2.15177033169e-06, 8.25874849397e-07, 5.61388219467e-07],
        "mean": [7.76462620706e-05, 0.000294606521493, 0.000316096178722, 0.000167604433955, 9.19150261325e-05, 0.000165526013006, 0.000160833864356, 0.000121760102047, 0.000195460321265, 0.000100390629086, 7.62956042308e-05, 3.42575258401e-05, 2.66634433501e-05, 1.89226084331e-05, 3.10466530209e-05, 1.74859123945e-05, 1.87901732716e-05, 1.52542643264e-05, 1.07391442725e-05, 9.52485243033e-06, 8.84544169821e-06, 9.03240197658e-06, 1.39712283271e-05, 1.54424797074e-05, 9.8421378425e-06, 8.29194505059e-06, 6.83783946442e-06, 3.91765979657e-06, 2.05919695873e-06, 1.73072146481e-06, 1.39186704473e-06, 8.61748787884e-07, 4.22438461101e-07, 3.34001981628e-07, 3.2479596257e-07, 2.66503604962e-07, 2.45420494593e-07, 1.75053514795e-07, 9.49363609948e-08, 5.03666051088e-08],