{
"metadata": {
    "version": {
        "essentia": "2.0.1",
        "extractor": "archive-music 1.0 mod ismir14"
    },
    "audio_properties": {
        "analysis_sample_rate": 44100,
        "bitrate": 32,
        "channels": 2,
        "equal_loudness": 0,
        "length": 30.0408172607,
        "replay_gain": -13.7347183228,
        "downmix": "mix"
    },
    "tags": {
        "track": 0,
        "year": 0,
        "album": "",
        "artist": "",
        "comment": "",
        "genre": "",
        "title": ""
    }
},
"rhythm": {
    "bpm": 90.2956161499,
    "bpm_histogram_first_peak": 91,
    "bpm_histogram_first_peak_spread": 0.341463446617,
    "bpm_histogram_first_peak_weight": 0.62790697813,
    "bpm_histogram_second_peak": 85,
    "bpm_histogram_second_peak_spread": 0,
    "bpm_histogram_second_peak_weight": 0.0465116277337
},
"tonal": {
    "tuning_frequency": {
        "dmean": 0.166272446513,
        "dmean2": 0.312058210373,
        "dvar": 2.42108345032,
        "dvar2": 6.46565771103,
        "max": 456.306610107,
        "mean": 448.718688965,
        "median": 450.024475098,
        "min": 431.443084717,
        "var": 10.256521225
    },
    "hpcp": {
        "dmean": [0.227003335953, 0.143231704831, 0.114389762282, 0.127817809582, 0.231245413423, 0.316581398249, 0.185455009341, 0.201018720865, 0.143935844302, 0.0876696184278, 0.0893586203456, 0.103885054588],
        "dmean2": [0.386762082577, 0.270134031773, 0.197015702724, 0.233243137598, 0.407274901867, 0.583129882812, 0.353761434555, 0.34634077549, 0.264350652695, 0.158486142755, 0.153444230556, 0.180109262466],
        "dvar": [0.0812599360943, 0.063818320632, 0.0306164957583, 0.0502394214272, 0.0802552774549, 0.114753559232, 0.094016738236, 0.0710375532508, 0.0603896118701, 0.029723007232, 0.0253076273948, 0.0300145931542],
        "dvar2": [0.179314285517, 0.177646830678, 0.0769238993526, 0.123685561121, 0.208424717188, 0.27240434289, 0.257311344147, 0.161891907454, 0.172734126449, 0.0817204266787, 0.0597659833729, 0.0777482539415],
        "max": [1, 1, 1, 1, 1, 1, 1, 1, 1, 1, 1, 1],
        "mean": [0.43660056591, 0.0982381179929, 0.133942946792, 0.126031011343, 0.220663353801, 0.454283833504, 0.135012403131, 0.265767544508, 0.126880064607, 0.0787417143583, 0.0955574437976, 0.10150578618],
        "median": [0.229991957545, 0.0173242464662, 0.0451853312552, 0.0251261871308, 0.0724637508392, 0.292109131813, 0.0224953759462, 0.103105381131, 0.0319447889924, 0.0242833625525, 0.0285329222679, 0.0331259518862],
        "min": [0.00188736722339, 0.000421392935095, 0.000876418314874, 0.000235331433942, 0.00126533594448, 0.0010273414664, 0.000357086973963, 0.0015579109313, 0.000166234240169, 0.000514243904036, 0.000604126311373, 0.000780667178333],
        "var": [0.168423429132, 0.0431066825986, 0.0449939109385, 0.0610403232276, 0.0910749658942, 0.167962908745, 0.0745099708438, 0.109198912978, 0.0573227070272, 0.024837423116, 0.0312168840319, 0.0299039911479]
    }
},
"lowlevel": {
    "melbands": {
        "dmean": [0.000233709884924, 0.000482932489831, 0.000174509332282, 0.000119018237456, 8.69237119332e-05, 6.17570185568e-05, 8.07121541584e-05, 0.00011989873019, 0.000193682848476, 0.000147702055983, 5.56971208425e-05, 6.90934248269e-05, 6.58570133965e-05, 3.4377881093e-05, 5.5404882005e-05, 6.47338165436e-05, 1.38073937705e-05, 1.01367340903e-05, 5.24820461578e-06, 6.115823453e-06, 9.68043514149e-06, 7.36740639695e-06, 1.4208828361e-05, 1.20380027511e-05, 6.60192699797e-06, 6.63393529976e-06, 6.23109781372e-06, 3.8529133235e-06, 1.61924663189e-06, 1.47574769471e-06, 7.20432922208e-07, 3.01430162608e-07, 1.59704811153e-07, 1.41456482083e-07, 1.37123990385e-07, 1.32041890311e-07, 1.08196729798e-07, 1.44296762983e-07, 1.37451735327e-07, 1.13692699699e-07],
        "dmean2": [0.000382572354283, 0.00070778169902, 0.000272690987913, 0.000191151761101, 0.000140722258948, 9.48887609411e-05, 0.000125232167193, 0.000187750440091, 0.000316070421832, 0.000244527531322, 9.00045633898e-05, 0.00010760006262, 9.93260982796e-05, 5.8296143834e-05, 9.39105448197e-05, 0.000106941297418, 2.10776815948e-05, 1.64982848219e-05, 8.37799416331e-06, 9.64005994319e-06, 1.53780711116e-05, 1.16673645607e-05, 2.33235150517e-05, 1.92831339518e-05, 1.06151001091e-05, 1.0113873941e-05, 9.99239637167e-06, 6.19287857262e-06, 2.5658089271e-06, 2.38861093749e-06, 1.15278726298e-06, 4.75322451621e-07, 2.46779904955e-07, 2.22320821308e-07, 2.1699989361e-07, 2.10510691545e-07, 1.66990162143e-07, 2.25526704867e-07, 2.11137432871e-07, 1.7722001644e-07],
        "dvar": [5.89907749315e-08, 2.08707689353e-07, 3.32990026664e-08, 2.91891968374e-08, 2.19120757095e-08, 7.41337435883e-09, 1.80419057472e-08, 4.56679707384e-08, 1.46067961282e-07, 1.76663107254e-07, 7.64581145063e-08, 3.36837366888e-08, 3.05250473787e-08, 7.8656405833e-09, 1.74503433925e-08, 3.40075274607e-08, 2.31365082648e-09, 6.99119928615e-10, 6.98040861224e-11, 5.68729646711e-11, 2.10502518194e-10, 1.23087706694e-10, 5.57078883023e-10, 3.77539194352e-10, 1.00231871414e-10, 9.77133235436e-11, 1.23114324291e-10, 4.44833198054e-11, 6.76151235696e-12, 7.16558062885e-12, 1.2155404721e-12, 1.82549057793e-13, 3.77162764995e-14, 3.24670100375e-14, 3.47421947439e-14, 2.46079537498e-14, 1.69763596897e-14, 3.63348945116e-14, 4.02757288512e-14, 2.2424744963e-14],
        "dvar2": [1.60053986065e-07, 4.56872868426e-07, 6.87632706331e-08, 7.41835961549e-08, 5.47408305351e-08, 1.5856754132e-08, 3.76589248674e-08, 1.0643079662e-07, 3.60136510835e-07, 4.10042105159e-07, 1.55679842351e-07, 8.01149226959e-08, 6.5964144369e-08, 2.13434692142e-08, 4.55089761431e-08, 8.1366344773e-08, 3.791102543e-09, 1.60693092166e-09, 1.64063762575e-10, 1.42353878685e-10, 5.07467512456e-10, 3.13660292184e-10, 1.41167633139e-09, 9.31226595835e-10, 2.39715858275e-10, 2.32871832928e-10, 3.19909321256e-10, 1.16179260656e-10, 1.53354707405e-11, 1.76148765713e-11, 3.07505626865e-12, 4.58363219342e-13, 8.53054809408e-14, 7.52138084345e-14, 8.43556317463e-14, 5.67051525906e-14, 3.67029743729e-14, 7.83704495072e-14, 9.53448949024e-14, 4.70260223991e-14],
        "max": [0.00214979890734, 0.00454689282924, 0.00246398639865, 0.00202208710834, 0.00147077965084, 0.00128661282361, 0.00220313947648, 0.00166186224669, 0.00448546791449, 0.00472366856411, 0.00583119317889, 0.00197022012435, 0.00260213669389, 0.000725686375517, 0.00131995766424, 0.00221203733236, 0.00105504353996, 0.000359716708772, 9.22023973544e-05, 4.93228653795e-05, 0.0001439597836, 8.75957339304e-05, 0.000212948929402, 0.000141741227708, 7.79335387051e-05, 9.42675833357e-05, 0.000101396544778, 7.11442989996e-05, 2.09455047298e-05, 2.78854768112e-05, 8.29757664178e-06, 4.81084271087e-06, 1.53260577918e-06, 1.48139224621e-06, 1.63836682532e-06, 1.63070842518e-06, 1.32089917315e-06, 1.96020619114e-06, 2.46830268225e-06, 1.67884184066e-06],
        "mean": [0.000413441652199, 0.00107072747778, 0.000350108079147, 0.000164925149875, 0.000110877088446, 9.0782501502e-05, 0.00011914413335, 0.000145550235175, 0.00023945637804, 0.000150885185576, 5.6976430642e-05, 7.13544359314e-05, 8.34568854771e-05, 3.52242532244e-05, 5.90414347243e-05, 6.41849692329e-05, 1.51427375386e-05, 1.10542505354e-05, 6.47902515993e-06, 7.71873055783e-06, 1.16700921353e-05, 8.64999947225e-06, 1.48939725477e-05, 1.16010232887e-05, 7.25382506062e-06, 8.00839643489e-06, 6.47191154712e-06, 3.933464086e-06, 1.89741774648e-06, 1.49533991589e-06, 7.96756012278e-07, 4.12615861478e-07, 2.50836762916e-07, 2.21241322151e-07, 2.11043840181e-07, 2.18886270886e-07, 1.75239591726e-07, 2.45677910016e-07, 2.24636337975e-07, 1.86199272889e-07],