{
"metadata": {
    "version": {
        "essentia": "2.0.1",
        "extractor": "archive-music 1.0 mod ismir14"
    },
    "audio_properties": {
        "analysis_sample_rate": 44100,
        "bitrate": 112,
        "channels": 2,
        "equal_loudness": 0,
        "length": 30.0669155121,
        "replay_gain": -10.2236347198,
        "downmix": "mix"
    },
    "tags": {
        "track": 0,
        "year": 0,
        "album": "",
        "artist": "",
        "comment": "",
        "genre": "",
        "title": ""
    }
},
"rhythm": {
    "bpm": 172.265594482,
    "bpm_histogram_first_peak": 172,
    "bpm_histogram_first_peak_spread": 0,
    "bpm_histogram_first_peak_weight": 0.5,
    "bpm_histogram_second_peak": 178,
    "bpm_histogram_second_peak_spread": 0,
    "bpm_histogram_second_peak_weight": 0.27380952239
},
"tonal": {
    "tuning_frequency": {
        "dmean": 0.0696315988898,
        "dmean2": 0.117841295898,
        "dvar": 0.560455441475,
        "dvar2": 1.3308120966,
        "max": 447.691040039,
        "mean": 434.665313721,
        "median": 433.691802979,
        "min": 432.690917969,
        "var": 2.57639884949
    },
    "hpcp": {
        "dmean": [0.0833448991179, 0.147881984711, 0.156552672386, 0.154611259699, 0.0323243439198, 0.080576069653, 0.0820198506117, 0.123502485454, 0.0544254034758, 0.0587735176086, 0.142542243004, 0.0617911368608],
        "dmean2": [0.147690862417, 0.266813606024, 0.286815434694, 0.277829110622, 0.0575758963823, 0.141645565629, 0.14592307806, 0.216652959585, 0.0979944914579, 0.103855885565, 0.240799799562, 0.113516584039],
        "dvar": [0.0408783443272, 0.0685306638479, 0.0796046406031, 0.0851807445288, 0.0191325414926, 0.0436296910048, 0.0458344593644, 0.0687312930822, 0.0305036548525, 0.0254376698285, 0.0591871663928, 0.0289749130607],
        "dvar2": [0.103904485703, 0.17501835525, 0.210325524211, 0.169253349304, 0.0467639304698, 0.102243930101, 0.0903299003839, 0.135343819857, 0.0736425817013, 0.0618238262832, 0.119536295533, 0.0747594460845],
        "max": [1, 1, 1, 1, 1, 1, 1, 1, 1, 1, 1, 1],
        "mean": [0.0805342122912, 0.187574371696, 0.14480446279, 0.313157320023, 0.0252817347646, 0.107872106135, 0.125193744898, 0.185771048069, 0.052977476269, 0.0619256459177, 0.330535233021, 0.0511405058205],
        "median": [0.0102583086118, 0.0346404388547, 0.0313960686326, 0.0502453744411, 0.00116672774311, 0.0114083196968, 0.00146459415555, 0.0102415401489, 0.00274908379652, 0.00450973538682, 0.0987180769444, 0.00364023307338],
        "min": [0, 0, 5.27822976437e-06, 1.12202246783e-06, 0, 0, 1.32167031097e-06, 0, 0, 0, 1.83345116511e-06, 8.30081899039e-06],
        "var": [0.0420905612409, 0.101654425263, 0.0715663805604, 0.172486767173, 0.0151233933866, 0.0681683421135, 0.0886971503496, 0.11775097996, 0.0348868742585, 0.0338247194886, 0.158942505717, 0.0238189436495]
    }
},
"lowlevel": {
    "melbands": {
        "dmean": [1.71537794813e-06, 4.15669273934e-05, 5.50252152607e-05, 0.000503856223077, 0.000502110691741, 0.000268810195848, 0.000112969704787, 9.65620274656e-05, 5.67230054003e-05, 3.95118004235e-05, 3.27118214045e-05, 2.00584599952e-05, 3.40653787134e-05, 1.30005864776e-05, 1.01724026536e-05, 8.53217625263e-06, 1.75110235432e-05, 8.46950115374e-06, 9.88884039543e-06, 2.76150285572e-06, 3.98042129746e-06, 3.88781563743e-06, 2.21831373892e-06, 2.73622163149e-06, 7.06606942913e-06, 7.33210981707e-06, 2.11590713661e-06, 1.15662749067e-06, 3.97334957825e-07, 2.5499076628e-07, 9.87694548371e-08, 1.58490820468e-08, 2.95441715537e-09, 6.45786424336e-10, 2.55444054797e-10, 1.05050912413e-10, 4.56379586899e-11, 2.10195142542e-11, 1.51860884978e-11, 4.04753877983e-12],
        "dmean2": [2.74665080724e-06, 6.42982195131e-05, 8.24960443424e-05, 0.000777461042162, 0.000786875491031, 0.000416579685407, 0.000176204004674, 0.000149328261614, 9.09214650164e-05, 6.45067557343e-05, 4.93235056638e-05, 3.10659852403e-05, 5.28858290636e-05, 2.00507147383e-05, 1.66386525962e-05, 1.35205327751e-05, 2.83360004687e-05, 1.34162082759e-05, 1.50557707457e-05, 4.20315700467e-06, 6.44292776997e-06, 6.44766259938e-06, 3.63417325389e-06, 4.21793811256e-06, 1.09503753265e-05, 1.12255738713e-05, 3.38655945598e-06, 1.86897580079e-06, 6.17849025275e-07, 3.95648669382e-07, 1.52999788838e-07, 2.56467842519e-08, 4.77264316956e-09, 1.03190322953e-09, 4.0253630984e-10, 1.64256899748e-10, 7.00720731439e-11, 3.22120281837e-11, 2.34997681037e-11, 6.72276123659e-12],
        "dvar": [4.81035567282e-12, 8.0614528386e-09, 1.14864713296e-08, 1.81657014764e-06, 8.2502810983e-07, 1.4654577285e-07, 4.9530715529e-08, 6.24104998792e-08, 4.4394464993e-08, 1.54850763323e-08, 1.29607471422e-08, 5.48324674554e-09, 1.49769388003e-08, 2.00610017487e-09, 1.73033565254e-09, 4.08247935457e-10, 3.33743988001e-09, 3.17723403143e-10, 4.30893432046e-10, 2.56293580109e-11, 5.20065102094e-11, 7.18118620124e-11, 2.8396719004e-11, 3.61704763363e-11, 3.97279098507e-10, 3.88392956685e-10, 2.01336568945e-11, 7.89362065295e-12, 1.62920122272e-12, 1.72206715034e-12, 3.38738097901e-13, 4.14242140481e-15, 6.12076542658e-16, 7.90982113613e-18, 6.64225049603e-19, 1.47168588315e-19, 5.54331791705e-20, 4.14212210388e-20, 3.00077021674e-20, 9.29895199661e-22],
        "dvar2": [1.18048739187e-11, 1.29619879274e-08, 2.21653575494e-08, 3.8069031234e-06, 1.87213993286e-06, 3.45777664279e-07, 1.25112308069e-07, 1.52551720589e-07, 1.10456056746e-07, 3.53470994696e-08, 2.81014429504e-08, 1.17560157165e-08, 3.27870282035e-08, 3.80931020061e-09, 3.79169495801e-09, 8.86574313963e-10, 5.75257663726e-09, 7.72081232281e-10, 8.12081180079e-10, 5.61119102571e-11, 1.28101362851e-10, 1.80653769721e-10, 6.56272675092e-11, 6.9379724188e-11, 9.45434730504e-10, 7.65493612942e-10, 4.98864248522e-11, 1.90886681461e-11, 3.73040487389e-12, 4.22805497211e-12, 8.07233566016e-13, 9.29917916352e-15, 1.56111761481e-15, 1.64437483901e-17, 1.54726232549e-18, 3.70702387383e-19, 1.39001032796e-19, 1.03684491919e-19, 7.51822326174e-20, 2.33388848273e-21],
        "max": [3.0461449569e-05, 0.0022582130041, 0.00162257673219, 0.0302120186388, 0.0138422502205, 0.00364033482037, 0.00219271262176, 0.00280262064189, 0.00276435725391, 0.00148428871762, 0.00142397591844, 0.000914983509574, 0.00170174008235, 0.000611669267528, 0.000543992151506, 0.000282293185592, 0.00127449445426, 0.000181799419806, 0.000422241399065, 8.14758677734e-05, 6.96160277585e-05, 0.000108347179776, 5.33445963811e-05, 8.67330018082e-05, 0.000304131419398, 0.000317294005072, 4.24922800448e-05, 2.624255103e-05, 2.03789713851e-05, 2.53177386185e-05, 1.20976892504e-05, 1.08562255718e-06, 5.11187636221e-07, 3.94364043643e-08, 1.05184998489e-08, 4.31862856587e-09, 3.37003314144e-09, 3.24623816716e-09, 2.78635114981e-09, 4.63966393083e-10],
        "mean": [2.26628139899e-06, 7.25982536096e-05, 0.00010711626237, 0.000877026584931, 0.000836852530483, 0.000386235537007, 0.0001487469126, 0.000147750004544, 6.55271796859e-05, 4.16967632191e-05, 3.98215197492e-05, 2.13963849092e-05, 3.80090823455e-05, 1.42932203744e-05, 1.18960842883e-05, 9.51480706135e-06, 2.01012881007e-05, 9.671593034e-06, 1.29639302031e-05, 3.65981895811e-06, 4.31915896115e-06, 3.86291503673e-06, 2.4555431537e-06, 3.35736444868e-06, 7.13444387657e-06, 7.97605844127e-06, 2.15522823055e-06, 1.07730693344e-06, 3.70569551933e-07, 2.15137333726e-07, 8.54147899076e-08, 1.46684708824e-08, 2.50932208345e-09, 6.957323051e-10, 2.86426687923e-10, 1.20208898391e-10, 4.90467874648e-11, 1.72001822507e-11, 9.02745846826e-12, 2.53556160443e-12],