{
"metadata": {
    "version": {
        "essentia": "2.0.1",
        "extractor": "archive-music 1.0 mod ismir14"
    },
    "audio_properties": {
        "analysis_sample_rate": 44100,
        "bitrate": 128,
        "channels": 2,
        "equal_loudness": 0,
        "length": 30.0669155121,
        "replay_gain": -14.8066997528,
        "downmix": "mix"
    },
    "tags": {
        "track": 0,
        "year": 0,
        "album": "",
        "artist": "",
        "comment": "",
        "genre": "",
        "title": ""
    }
},
"rhythm": {
    "bpm": 109.27457428,
    "bpm_histogram_first_peak": 110,
    "bpm_histogram_first_peak_spread": 0.490566015244,
    "bpm_histogram_first_peak_weight": 0.509433984756,
    "bpm_histogram_second_peak": 0,
    "bpm_histogram_second_peak_spread": 0,
    "bpm_histogram_second_peak_weight": 0
},
"tonal": {
    "tuning_frequency": {
        "dmean": 0.0565278790891,
        "dmean2": 0.0864271968603,
        "dvar": 0.152465432882,
        "dvar2": 0.188950911164,
        "max": 452.37008667,
        "mean": 441.990478516,
        "median": 442.548919678,
        "min": 440.508575439,
        "var": 1.0349047184
    },
    "hpcp": {
        "dmean": [0.133190050721, 0.0767375603318, 0.0703635662794, 0.129425495863, 0.0739702060819, 0.111116752028, 0.0541068650782, 0.0826946273446, 0.108359962702, 0.0483478866518, 0.121172048151, 0.077569976449],
        "dmean2": [0.237793385983, 0.141152441502, 0.124683327973, 0.219114556909, 0.136613786221, 0.19483064115, 0.102850005031, 0.142655029893, 0.180826932192, 0.0889042913914, 0.204651966691, 0.143393620849],
        "dvar": [0.0693057850003, 0.0421823821962, 0.0329441949725, 0.0553669519722, 0.0384189300239, 0.0466142036021, 0.0253723375499, 0.030659833923, 0.0438833832741, 0.0218872521073, 0.0528688244522, 0.0411257594824],
        "dvar2": [0.182306200266, 0.105453938246, 0.0870727747679, 0.117337107658, 0.101962342858, 0.119970709085, 0.0736764594913, 0.0768931508064, 0.108922034502, 0.0613328032196, 0.132510960102, 0.110577389598],
        "max": [1, 1, 1, 1, 1, 1, 1, 1, 1, 1, 1, 1],
        "mean": [0.169246271253, 0.210751920938, 0.0514157526195, 0.412644118071, 0.0506804324687, 0.217414870858, 0.0328602790833, 0.0999235883355, 0.204902499914, 0.0326518341899, 0.217486321926, 0.0512592494488],
        "median": [0.0226054284722, 0.0045705488883, 0.00355720194057, 0.164312466979, 0.00272703380324, 0.034769937396, 0.00251100538298, 0.0105212889612, 0.0580116063356, 0.00227118236944, 0.0514826625586, 0.00243198149838],
        "min": [1.20803167647e-06, 6.7989708441e-06, 3.87418413084e-06, 0, 0, 8.1288766296e-07, 8.73584326655e-07, 0, 0, 0, 5.88376406085e-06, 1.81643645192e-06],
        "var": [0.0952824950218, 0.146035626531, 0.0245682392269, 0.188685372472, 0.028088979423, 0.119160436094, 0.0145506672561, 0.0490931235254, 0.0996058508754, 0.0137479063123, 0.107792049646, 0.027807623148]
    }
},
"lowlevel": {
    "melbands": {
        "dmean": [0.000505448668264, 0.000863090506755, 0.000626403954811, 0.000396895047743, 0.000163888616953, 0.000151451924467, 8.74391698744e-05, 0.00012190479174, 0.00016913098807, 0.000113272224553, 2.7370697353e-05, 3.28538626491e-05, 1.98744310183e-05, 2.1986583306e-05, 2.16336338781e-05, 2.08225683309e-05, 1.94229796762e-05, 1.66603604157e-05, 9.47607531998e-06, 1.53287783178e-05, 6.96930464983e-06, 4.89781587021e-06, 5.11975758855e-06, 3.38950826517e-06, 1.98691463993e-06, 1.39615406169e-06, 8.58440671436e-07, 6.05403670306e-07, 6.56532733956e-07, 4.86275610001e-07, 4.11748601437e-07, 4.07045803286e-07, 3.6755795918e-07, 2.60256996398e-07, 2.05849460144e-07, 1.5199142922e-07, 8.62146976033e-08, 2.75419864693e-08, 6.95773838544e-09, 6.56346477168e-10],
        "dmean2": [0.000867484894115, 0.00140649604145, 0.000956239236984, 0.000653398688883, 0.00026429007994, 0.000226742224186, 0.000139773881529, 0.000186200501048, 0.000260670349235, 0.000179813054274, 4.14976711909e-05, 5.49267897441e-05, 3.01746731566e-05, 3.51075177605e-05, 3.45310654666e-05, 3.31171650032e-05, 3.21228144458e-05, 2.61710629275e-05, 1.47681284943e-05, 2.3109247195e-05, 1.10148812382e-05, 7.688317055e-06, 8.10408164398e-06, 5.36366678716e-06, 3.18568345392e-06, 2.23632150664e-06, 1.32750619741e-06, 9.078291896e-07, 9.8460384379e-07, 7.33870649583e-07, 6.2741861484e-07, 5.84945269111e-07, 5.38233678071e-07, 3.69445444903e-07, 2.8019891829e-07, 2.1023444674e-07, 1.23384737094e-07, 3.93680572586e-08, 9.91355975088e-09, 1.01307096045e-09],
        "dvar": [1.83184579328e-06, 1.47725745592e-06, 5.57474891139e-07, 5.31200612386e-07, 4.56162005946e-08, 7.14593539897e-08, 2.16468620806e-08, 6.24113027925e-08, 9.97951232762e-08, 7.67849144268e-08, 4.5189256781e-09, 1.00611385889e-08, 2.85090639984e-09, 3.10434322692e-09, 3.88385767991e-09, 2.43620479345e-09, 1.62652491476e-09, 1.72460878911e-09, 4.41757325165e-10, 2.35690267303e-09, 1.99792057898e-10, 7.49444326043e-11, 1.25386298566e-10, 4.23489542045e-11, 1.14571997722e-11, 8.84622843728e-12, 2.52111938097e-12, 1.22355912294e-12, 1.39864801598e-12, 9.10483602574e-13, 7.49382218605e-13, 7.13431484028e-13, 6.19272211635e-13, 4.22997357627e-13, 3.72347904462e-13, 3.37995473623e-13, 1.86575757556e-13, 1.15730230168e-14, 8.13656143363e-16, 1.56669017178e-17],
        "dvar2": [4.9598897931e-06, 3.71185910808e-06, 1.4033100797e-06, 1.50151356593e-06, 1.23997779156e-07, 1.50654543063e-07, 5.12286000287e-08, 1.34872053081e-07, 2.13138207528e-07, 1.78346880375e-07, 7.84989140357e-09, 2.37771971001e-08, 6.43223962982e-09, 7.59141549622e-09, 9.07793662464e-09, 5.60816992845e-09, 4.08242595284e-09, 3.49975604053e-09, 9.53480960852e-10, 5.62641710999e-09, 4.91693408211e-10, 2.04109534829e-10, 2.99880037469e-10, 1.04653875843e-10, 2.67035143997e-11, 2.30379829796e-11, 6.146093183e-12, 2.78954528747e-12, 3.02962906498e-12, 2.08207973432e-12, 1.71676312489e-12, 1.47637989074e-12, 1.19584247019e-12, 7.94209533209e-13, 6.24800937984e-13, 6.14783289381e-13, 3.91350011208e-13, 1.94732366354e-14, 1.6498779856e-15, 3.94082144885e-17],
        "max": [0.00974593963474, 0.0092357750982, 0.00851244945079, 0.00582627160475, 0.00168455927633, 0.00244351569563, 0.00144681578968, 0.00260490737855, 0.00370243401267, 0.00420269416645, 0.00120954250451, 0.00155506690498, 0.000867629772983, 0.000510460231453, 0.000646761094686, 0.000501878501382, 0.000394556875108, 0.000619102735072, 0.000225508818403, 0.00114190916065, 0.000256902421825, 9.63678612607e-05, 0.000175322187715, 8.97353456821e-05, 3.20298786392e-05, 3.93644477299e-05, 1.90918308363e-05, 9.24002688407e-06, 1.04490081867e-05, 9.15858163353e-06, 8.84053588379e-06, 8.28022984933e-06, 1.04284545159e-05, 9.89167710941e-06, 1.39373096317e-05, 1.39819030665e-05, 1.0058249245e-05, 2.44906482294e-06, 6.41822055059e-07, 8.42690042191e-08],
        "mean": [0.000644996529445, 0.00264771236107, 0.00191849353723, 0.000724327459466, 0.000303025182802, 0.000265767070232, 0.000141604192322, 0.000174698798219, 0.000239338565734, 0.000178061891347, 3.77733013011e-05, 3.88869812014e-05, 2.63721358351e-05, 2.61209697783e-05, 2.55176928476e-05, 2.76110931736e-05, 2.46736144618e-05, 2.35959851125e-05, 1.30844064188e-05, 2.7110805604e-05, 1.13902742669e-05, 7.84164512879e-06, 1.05484941741e-05, 6.28576572126e-06, 3.07406116917e-06, 1.94211179405e-06, 1.0800392829e-06, 7.37243283311e-07, 8.22437300485e-07, 5.79566460601e-07, 4.7559362315e-07, 4.72041449484e-07, 4.32185657928e-07, 3.18467215266e-07, 2.46521977942e-07, 1.66467614804e-07, 9.08953694534e-08, 3.0045530508e-08, 7.11214998006e-09, 5.74842062839e-10],