{
"metadata": {
    "version": {
        "essentia": "2.0.1",
        "extractor": "archive-music 1.0 mod ismir14"
    },
    "audio_properties": {
        "analysis_sample_rate": 44100,
        "bitrate": 128,
        "channels": 2,
        "equal_loudness": 0,
        "length": 30.0669155121,
        "replay_gain": -12.9652671814,
        "downmix": "mix"
    },
    "tags": {
        "track": 0,
        "year": 0,
        "album": "",
        "artist": "",
        "comment": "",
        "genre": "",
        "title": ""
    }
},
"rhythm": {
    "bpm": 88.2881317139,
    "bpm_histogram_first_peak": 89,
    "bpm_histogram_first_peak_spread": 0.309523820877,
    "bpm_histogram_first_peak_weight": 0.674418628216,
    "bpm_histogram_second_peak": 94,
    "bpm_histogram_second_peak_spread": 0,
    "bpm_histogram_second_peak_weight": 0.0232558138669
},
"tonal": {
    "tuning_frequency": {
        "dmean": 0.0440294258296,
        "dmean2": 0.0862640440464,
        "dvar": 0.228136345744,
        "dvar2": 0.464555323124,
        "max": 442.03793335,
        "mean": 436.83480835,
        "median": 435.448913574,
        "min": 431.692352295,
        "var": 19.8966312408
    },
    "hpcp": {
        "dmean": [0.170809075236, 0.170361503959, 0.164831981063, 0.229673922062, 0.0893175601959, 0.150309860706, 0.202828109264, 0.247436359525, 0.159688457847, 0.129963517189, 0.259360492229, 0.0756200775504],
        "dmean2": [0.285697519779, 0.299839347601, 0.288161486387, 0.40469327569, 0.158702969551, 0.254985839128, 0.349912375212, 0.415416121483, 0.27347266674, 0.229872763157, 0.438019216061, 0.133058264852],
        "dvar": [0.0414138287306, 0.0614635571837, 0.0572313033044, 0.0754984617233, 0.0217393469065, 0.0504502318799, 0.0617790743709, 0.0686690285802, 0.0485336557031, 0.0346223711967, 0.0713536143303, 0.0198775008321],
        "dvar2": [0.0996556431055, 0.159907594323, 0.134673967957, 0.176228255033, 0.0590350478888, 0.104608185589, 0.150116071105, 0.163580924273, 0.11705327034, 0.0957467630506, 0.149025678635, 0.0521731562912],
        "max": [1, 1, 1, 1, 1, 1, 1, 1, 1, 1, 1, 1],
        "mean": [0.240034744143, 0.14704683423, 0.167897611856, 0.277871608734, 0.0792065635324, 0.259861916304, 0.276923626661, 0.331330180168, 0.190534606576, 0.115762837231, 0.618939161301, 0.0747490078211],
        "median": [0.134884417057, 0.0425010249019, 0.0564944259822, 0.118279188871, 0.0276605132967, 0.0863084867597, 0.145428225398, 0.209527269006, 0.0687036588788, 0.0438888072968, 0.665475845337, 0.0318228937685],
        "min": [0, 0.000198295092559, 0.000912151066586, 0, 0.000451564992545, 0.00218194210902, 0.000112523805001, 0, 0.000435682595707, 0, 0, 0],
        "var": [0.071206830442, 0.0563737824559, 0.0651189833879, 0.105384983122, 0.0184087641537, 0.114633627236, 0.102428115904, 0.110406294465, 0.0731958672404, 0.0331292338669, 0.128637999296, 0.0174342133105]
    }
},
"lowlevel": {
    "melbands": {
        "dmean": [4.71171078971e-05, 0.000212334576645, 0.000218641769607, 0.000106155450339, 6.71989255352e-05, 0.000118030533486, 0.000129496649606, 0.000131590699311, 0.000129989290144, 6.94858536008e-05, 5.02514521941e-05, 2.99479306705e-05, 2.3905573471e-05, 1.54208973981e-05, 2.47458356171e-05, 1.44538444147e-05, 1.5978996089e-05, 1.26065951918e-05, 9.87895964499e-06, 8.79683193489e-06, 7.06885703039e-06, 7.0742025855e-06, 8.62121669343e-06, 9.50479443418e-06, 6.95683456797e-06, 5.45714965483e-06, 4.52537960882e-06, 2.55531404036e-06, 1.38739312661e-06, 1.18917660075e-06, 8.77344234596e-07, 5.08876098593e-07, 2.44993771048e-07, 1.81456258019e-07, 1.72429849954e-07, 1.31159993089e-07, 8.03988484677e-08, 3.28234435187e-08, 6.04411942717e-09, 2.80215128878e-10],
        "dmean2": [6.98162984918e-05, 0.000333680800395, 0.000348261935869, 0.000141167649417, 0.000108714521048, 0.000191649058252, 0.000211394071812, 0.000223079434363, 0.000187175333849, 0.000101165402157, 7.35808353056e-05, 4.81563183712e-05, 3.64998777513e-05, 2.42558799073e-05, 3.83520637115e-05, 2.10279304156e-05, 2.40394947468e-05, 1.99340756808e-05, 1.57115555339e-05, 1.34790861921e-05, 1.11926619866e-05, 1.07159266918e-05, 1.24454609249e-05, 1.3628781744e-05, 1.06906709334e-05, 7.91646471043e-06, 6.91527884555e-06, 3.97699977839e-06, 2.21092432184e-06, 1.87102386917e-06, 1.34541289754e-06, 7.94977665919e-07, 3.84445627333e-07, 2.89956830102e-07, 2.76600360394e-07, 2.10433512393e-07, 1.31022773076e-07, 5.49355085866e-08, 1.00061194885e-08, 4.56354259937e-10],
        "dvar": [3.45084472109e-09, 9.34662267582e-08, 7.60768514851e-08, 2.82841376986e-08, 8.76860806187e-09, 2.09820658625e-08, 3.2516474846e-08, 5.66944251545e-08, 4.8058428348e-08, 2.47262299524e-08, 6.59728982555e-09, 1.10243574269e-08, 6.00868776957e-09, 1.48917966847e-09, 4.59491689142e-09, 1.34311106681e-09, 2.27396368402e-09, 7.1507821886e-10, 4.60146643011e-10, 6.12514872156e-10, 1.97774949195e-10, 1.87809295893e-10, 2.99581220942e-10, 4.14456552411e-10, 1.99915764498e-10, 1.07313567754e-10, 1.27221608248e-10, 5.00691224592e-11, 6.03642700062e-12, 7.36323935852e-12, 5.17877407624e-12, 1.46167388089e-12, 1.89760249072e-13, 6.61573118337e-14, 6.56046533288e-14, 2.80932842636e-14, 1.10082604111e-14, 2.92460592588e-15, 9.42050257776e-17, 1.66089866613e-19],
        "dvar2": [5.63708946189e-09, 2.03423297762e-07, 1.69822058638e-07, 4.89892357791e-08, 2.19922320355e-08, 5.09375688296e-08, 8.39593923274e-08, 1.51141236415e-07, 7.31181373226e-08, 4.03590583176e-08, 1.27440840103e-08, 2.6206613768e-08, 1.20871845866e-08, 3.05918734789e-09, 1.02889092801e-08, 2.56957299882e-09, 5.35457012063e-09, 1.66526348266e-09, 1.15068932161e-09, 1.5392438435e-09, 4.28449664636e-10, 4.20067369777e-10, 4.95167351566e-10, 8.86187512261e-10, 4.42128722522e-10, 2.27649635254e-10, 2.72891209629e-10, 9.0891870419e-11, 1.4572820381e-11, 1.55426418263e-11, 1.14420816572e-11, 3.25312086297e-12, 4.19744398744e-13, 1.37123765034e-13, 1.52265854547e-13, 6.8364727128e-14, 2.82405053661e-14, 7.72574854839e-15, 2.44505986392e-16, 4.23071476307e-19],
        "max": [0.000829630065709, 0.00322316028178, 0.00252931495197, 0.00233163964003, 0.00123101833742, 0.00125562143512, 0.00140578323044, 0.00168584717903, 0.00392600847408, 0.00261240941472, 0.00110814010259, 0.00118182180449, 0.000995529349893, 0.000516843982041, 0.000908635091037, 0.000570445670746, 0.000716066511814, 0.000335547752911, 0.000201196526177, 0.000404710270232, 0.000146790072904, 0.000126966406242, 0.000184936347068, 0.000287098926492, 0.000196385633899, 0.000123165998957, 0.000156314505148, 9.96700182441e-05, 2.48161704803e-05, 5.32344856765e-05, 3.73736329493e-05, 2.08082728932e-05, 6.61785043121e-06, 4.03006197303e-06, 3.62930950359e-06, 1.80248594006e-06, 1.18108061997e-06, 7.29306634639e-07, 9.54663121888e-08, 3.57692653274e-09],
        "mean": [7.93632716523e-05, 0.000294177792966, 0.000326863286318, 0.000169426813954, 9.24187261262e-05, 0.000168341008248, 0.000166398618603, 0.00012452476949, 0.000200488837436, 0.000101997968159, 7.74907020968e-05, 3.48300127371e-05, 2.75004913419e-05, 1.94262574951e-05, 3.1056082662e-05, 1.79407998075e-05, 1.90367463802e-05, 1.56727164722e-05, 1.10994387796e-05, 1.00549132185e-05, 9.1933816293e-06, 9.30338319449e-06, 1.4129092051e-05, 1.55456054927e-05, 9.91763226921e-06, 8.49352818477e-06, 7.04214744474e-06, 3.96301402361e-06, 2.14353053707e-06, 1.75785555712e-06, 1.4107329207e-06, 8.68234963036e-07, 4.2623508989e-07, 3.3029814972e-07, 3.01235957068e-07, 2.10781962551e-07, 1.29058165044e-07, 5.04324759731e-08, 8.83963480192e-09, 4.16872869557e-10],