{
"metadata": {
    "version": {
        "essentia": "2.0.1",
        "extractor": "archive-music 1.0 mod ismir14"
    },
    "audio_properties": {
        "analysis_sample_rate": 44100,
        "bitrate": 128,
        "channels": 2,
        "equal_loudness": 0,
        "length": 30.0669155121,
        "replay_gain": -13.4323310852,
        "downmix": "mix"
    },
    "tags": {
        "track": 0,
        "year": 0,
        "album": "",
        "artist": "",
        "comment": "",
        "genre": "",
        "title": ""
    }
},
"rhythm": {
    "bpm": 90.2956161499,
    "bpm_histogram_first_peak": 91,
    "bpm_histogram_first_peak_spread": 0.341463446617,
    "bpm_histogram_first_peak_weight": 0.62790697813,
    "bpm_histogram_second_peak": 83,
    "bpm_histogram_second_peak_spread": 0.5,
    "bpm_histogram_second_peak_weight": 0.0232558138669
},
"tonal": {
    "tuning_frequency": {
        "dmean": 0.18782132864,
        "dmean2": 0.349040329456,
        "dvar": 1.60683596134,
        "dvar2": 3.39400720596,
        "max": 456.570251465,
        "mean": 448.349914551,
        "median": 447.432556152,
        "min": 431.193908691,
        "var": 19.6052722931
    },
    "hpcp": {
        "dmean": [0.231228530407, 0.143847748637, 0.121042795479, 0.14932602644, 0.234229758382, 0.280236035585, 0.201025873423, 0.212230205536, 0.130309015512, 0.0822897702456, 0.105286575854, 0.115945853293],
        "dmean2": [0.398777246475, 0.270841032267, 0.208730325103, 0.268297255039, 0.420453846455, 0.496629863977, 0.380427390337, 0.374801367521, 0.234006851912, 0.146331608295, 0.183827459812, 0.204208984971],
        "dvar": [0.0847310498357, 0.0663468167186, 0.0352449566126, 0.0606666021049, 0.0842912569642, 0.0964046269655, 0.100153572857, 0.0774826928973, 0.0551507137716, 0.0285387076437, 0.0342171825469, 0.0366663746536],
        "dvar2": [0.184396609664, 0.192475825548, 0.0936358720064, 0.150749012828, 0.215148672462, 0.211846336722, 0.280291795731, 0.191727101803, 0.1409073174, 0.0748302266002, 0.0862184986472, 0.100643314421],
        "max": [1, 1, 1, 1, 1, 1, 1, 1, 1, 1, 1, 1],
        "mean": [0.439991623163, 0.0954036712646, 0.135833472013, 0.137700051069, 0.222954273224, 0.441448569298, 0.144688904285, 0.264528095722, 0.128276884556, 0.0757527574897, 0.0990356653929, 0.103456787765],
        "median": [0.24138879776, 0.0170656889677, 0.0474168993533, 0.0265396907926, 0.0671630203724, 0.290455937386, 0.0190866701305, 0.10472241044, 0.0317017659545, 0.0261352993548, 0.0308960620314, 0.0316482074559],
        "min": [0.00202398328111, 0.000419826712459, 0.00111915497109, 0.000226509509957, 0.00156301795505, 0.000984268845059, 0.00032509007724, 0.0012414510129, 0.00044458854245, 0.000380271929316, 0.000454085966339, 0.000757225207053],
        "var": [0.169758677483, 0.0440089441836, 0.0465395785868, 0.0678819194436, 0.0926555022597, 0.160918772221, 0.0790773332119, 0.107230328023, 0.0596470870078, 0.0227137859911, 0.034106977284, 0.0317340046167]
    }
},
"lowlevel": {
    "melbands": {
        "dmean": [0.000236560343183, 0.000514796294738, 0.000176533925696, 0.000112449713924, 7.97427856014e-05, 5.9008885728e-05, 8.01753121777e-05, 0.000105306426121, 0.000182554707862, 0.000134318281198, 5.34850805707e-05, 6.97712457622e-05, 5.8152127167e-05, 2.88219616777e-05, 5.24179049535e-05, 6.36736804154e-05, 1.39176599987e-05, 9.83463360171e-06, 4.758850082e-06, 6.09058861301e-06, 9.16039425647e-06, 6.84258202455e-06, 1.33434405143e-05, 1.16992932817e-05, 6.40706548438e-06, 6.36602362647e-06, 5.67334609514e-06, 3.66999688595e-06, 1.66517349953e-06, 1.39961866807e-06, 6.65621655571e-07, 2.80373512851e-07, 1.57050919825e-07, 1.28938637545e-07, 1.22600994246e-07, 9.42779649904e-08, 5.65839890498e-08, 3.5774604612e-08, 1.10520197438e-08, 8.23855705878e-10],
        "dmean2": [0.000403906364227, 0.00079199206084, 0.000282731140032, 0.000175071501872, 0.000129724954604, 8.82974272827e-05, 0.000123636986245, 0.000159917850397, 0.000281194603303, 0.000226040574489, 8.30725621199e-05, 0.000111462934001, 8.25484385132e-05, 4.84984084324e-05, 8.60658255988e-05, 0.000101635072497, 2.27361269935e-05, 1.51874974108e-05, 7.26182861399e-06, 9.76072169578e-06, 1.44938921949e-05, 1.07196692625e-05, 2.10709895327e-05, 1.87701753021e-05, 1.01329205791e-05, 9.69922712102e-06, 8.87479291123e-06, 5.90483341512e-06, 2.63050515059e-06, 2.19906473831e-06, 1.06970355773e-06, 4.34823874684e-07, 2.4411360755e-07, 1.93814955196e-07, 1.91268824778e-07, 1.50583701952e-07, 8.71485283938e-08, 5.61353665773e-08, 1.71380118985e-08, 1.31549970916e-09],
        "dvar": [7.10218159838e-08, 2.13488718259e-07, 3.51754145811e-08, 1.88940330048e-08, 1.64326330321e-08, 7.31296667666e-09, 1.81758323947e-08, 3.24425393217e-08, 1.09906146406e-07, 1.52178046164e-07, 5.36035500431e-08, 4.83151474384e-08, 2.01402450273e-08, 4.58605420306e-09, 1.99063094897e-08, 3.43363737443e-08, 2.61664689916e-09, 6.55075493849e-10, 4.27203689091e-11, 6.4298837088e-11, 1.75132047753e-10, 1.00008022696e-10, 4.09161787784e-10, 3.63320123986e-10, 1.00084267263e-10, 8.75384140175e-11, 8.37157149158e-11, 3.92453569642e-11, 8.88610886263e-12, 7.03959243328e-12, 1.32218444093e-12, 1.30168418362e-13, 3.78017353476e-14, 2.90063180181e-14, 2.99931418948e-14, 1.25631164407e-14, 5.38782029991e-15, 2.23363668158e-15, 2.58365880629e-16, 1.74888191293e-18],
        "dvar2": [2.01626662033e-07, 5.1449944749e-07, 7.81798306093e-08, 4.39610694514e-08, 4.07816891368e-08, 1.49683536677e-08, 3.5280525168e-08, 6.70892248422e-08, 2.36403508325e-07, 3.46929311945e-07, 8.73549197422e-08, 1.27843890141e-07, 3.56145939406e-08, 1.14251523797e-08, 5.24675094482e-08, 8.18309189299e-08, 4.91378182588e-09, 1.39641365138e-09, 9.13499900723e-11, 1.65189945056e-10, 4.22786278209e-10, 2.36830055567e-10, 9.50057255089e-10, 8.96060614597e-10, 2.48917914059e-10, 1.92776308805e-10, 1.94181490332e-10, 1.00605183906e-10, 2.26410244719e-11, 1.69817337276e-11, 3.33044095774e-12, 3.00449958966e-13, 9.14827770287e-14, 6.94548991887e-14, 7.46547734656e-14, 2.75153181083e-14, 1.29435147022e-14, 5.29532980778e-15, 6.1676984634e-16, 4.57772752489e-18],
        "max": [0.00225633662194, 0.0038501212839, 0.00208823359571, 0.00177182268817, 0.00153460970614, 0.00120749406051, 0.00249541341327, 0.00160209939349, 0.00389481522143, 0.00449082069099, 0.00529101630673, 0.00315907620825, 0.00161638925783, 0.000798040651716, 0.00159447744954, 0.00268107862212, 0.000954030721914, 0.000365758314729, 7.96414751676e-05, 5.39256034244e-05, 0.000118775249575, 8.21150970296e-05, 0.000179438909981, 0.000141832977533, 7.72094572312e-05, 8.69957875693e-05, 8.67197668413e-05, 5.1871080359e-05, 2.73555106105e-05, 2.61025652435e-05, 1.07992555058e-05, 4.36386289948e-06, 1.82295389095e-06, 1.79138442036e-06, 2.12358008866e-06, 1.1195317029e-06, 7.34831473892e-07, 4.47764961109e-07, 1.62268975146e-07, 1.56408237473e-08],
        "mean": [0.000402358622523, 0.00104791624472, 0.000342577637639, 0.000159063230967, 0.000105321581941, 8.72637829161e-05, 0.000116425275337, 0.000138014002005, 0.000229761310038, 0.00014415163605, 5.46771370864e-05, 6.96379720466e-05, 7.93426079326e-05, 3.25933360728e-05, 5.67194038013e-05, 6.17064870312e-05, 1.46339161802e-05, 1.08048661787e-05, 6.2275230448e-06, 7.51299057811e-06, 1.11408908197e-05, 8.35883565742e-06, 1.43437709994e-05, 1.12714315037e-05, 7.04475860402e-06, 7.81090420787e-06, 6.2459680521e-06, 3.78306458515e-06, 1.84297073247e-06, 1.45649596561e-06, 7.76840352046e-07, 3.96584937334e-07, 2.43051545112e-07, 2.07942960628e-07, 1.8764843901e-07, 1.60774547453e-07, 8.69374616741e-08, 5.81348160722e-08, 1.70134359934e-08, 1.20976562101e-09],