{
"metadata": {
    "version": {
        "essentia": "2.0.1",
        "extractor": "archive-music 1.0 mod ismir14"
    },
    "audio_properties": {
        "analysis_sample_rate": 44100,
        "bitrate": 96,
        "channels": 2,
        "equal_loudness": 0,
        "length": 30.0669155121,
        "replay_gain": -13.4506072998,
        "downmix": "mix"
    },
    "tags": {
        "track": 0,
        "year": 0,
        "album": "",
        "artist": "",
        "comment": "",
        "genre": "",
        "title": ""
    }
},
"rhythm": {
    "bpm": 88.3257827759,
    "bpm_histogram_first_peak": 89,
    "bpm_histogram_first_peak_spread": 0.309523761272,
    "bpm_histogram_first_peak_weight": 0.674418628216,
    "bpm_histogram_second_peak": 94,
    "bpm_histogram_second_peak_spread": 0,
    "bpm_histogram_second_peak_weight": 0.0232558138669
},
"tonal": {
    "tuning_frequency": {
        "dmean": 0.332092285156,
        "dmean2": 0.643429040909,
        "dvar": 4.75882911682,
        "dvar2": 13.7169532776,
        "max": 452.892974854,
        "mean": 439.636779785,
        "median": 441.782684326,
        "min": 431.443084717,
        "var": 15.6478157043
    },
    "hpcp": {
        "dmean": [0.220333635807, 0.153764665127, 0.225372642279, 0.25891622901, 0.119822137058, 0.235624074936, 0.257125556469, 0.2714163661, 0.188587844372, 0.106730848551, 0.241420507431, 0.0800977274776],
        "dmean2": [0.380398720503, 0.279077291489, 0.410227179527, 0.45281791687, 0.208499237895, 0.393043160439, 0.437854588032, 0.477232664824, 0.32994940877, 0.187091976404, 0.422205477953, 0.148017317057],
        "dvar": [0.0439508929849, 0.0319820791483, 0.0588263235986, 0.0593255236745, 0.0279770754278, 0.0695342198014, 0.0631274133921, 0.0475645028055, 0.048951394856, 0.0209056846797, 0.0599092021585, 0.014218037948],
        "dvar2": [0.102205678821, 0.0870459675789, 0.162685602903, 0.177799940109, 0.0759618505836, 0.169336810708, 0.151583865285, 0.131333291531, 0.133654266596, 0.051238398999, 0.156015947461, 0.0410889647901],
        "max": [1, 1, 1, 1, 1, 1, 1, 1, 1, 1, 1, 1],
        "mean": [0.308223366737, 0.173286467791, 0.238086745143, 0.308731675148, 0.13472096622, 0.32478249073, 0.351083248854, 0.397153556347, 0.249248534441, 0.132341504097, 0.780122280121, 0.0994761437178],
        "median": [0.23364558816, 0.103670880198, 0.139833062887, 0.203079268336, 0.0807319059968, 0.149337381124, 0.268510550261, 0.339415162802, 0.128673180938, 0.0760503858328, 0.951620519161, 0.0727292373776],
        "min": [0.0191703829914, 0.00573662668467, 0.00574929453433, 0.0068788616918, 0.00277169537731, 0.0261461734772, 0.00905574578792, 0.00848543364555, 0.00832491181791, 0.0039750803262, 0.113385148346, 0.00431241979823],
        "var": [0.0684249773622, 0.0349244959652, 0.0652162879705, 0.074663028121, 0.0279903411865, 0.111060321331, 0.0955141410232, 0.0851677507162, 0.07142098248, 0.0254110842943, 0.0759931355715, 0.0105572687462]
    }
},
"lowlevel": {
    "melbands": {
        "dmean": [1.44357200043e-05, 6.54825125821e-05, 5.68222021684e-05, 3.81083409593e-05, 1.61668394867e-05, 2.82936525764e-05, 3.01705331367e-05, 3.78502663807e-05, 4.30631589552e-05, 2.44385373662e-05, 1.69416161953e-05, 1.08269314296e-05, 9.61715431913e-06, 5.30888610228e-06, 8.62534034241e-06, 5.23574499312e-06, 6.40279813524e-06, 3.95682127419e-06, 2.94278106594e-06, 3.00839951706e-06, 2.28323233387e-06, 2.39864152718e-06, 3.90019886254e-06, 4.09775839216e-06, 2.59325929619e-06, 1.65586004641e-06, 1.57235865572e-06, 9.88062879514e-07, 4.56389528836e-07, 4.33331507566e-07, 3.53768598416e-07, 1.76242352268e-07, 8.5778182779e-08, 5.39213687034e-08, 4.73915946486e-08, 3.20405320053e-08, 1.85635649075e-08, 8.38582803198e-09, 1.64162738958e-09, 7.30310256714e-11],
        "dmean2": [2.58270665654e-05, 0.000125126854982, 0.000103511702036, 6.80116791045e-05, 2.95559493679e-05, 5.07276236021e-05, 5.55112274014e-05, 6.79502554704e-05, 7.12965193088e-05, 4.37940834672e-05, 2.92686800094e-05, 1.98400066438e-05, 1.72063719219e-05, 9.5025425253e-06, 1.57580925588e-05, 9.51707534114e-06, 1.16677310871e-05, 7.07144045009e-06, 5.26576877746e-06, 5.19965260537e-06, 4.00815724788e-06, 4.14717851527e-06, 7.11337224857e-06, 6.79736922393e-06, 4.67971722173e-06, 2.85351961793e-06, 2.60155889009e-06, 1.64780897194e-06, 7.68956908814e-07, 7.43314842566e-07, 6.0762152998e-07, 3.00393253383e-07, 1.47241635773e-07, 9.38489250757e-08, 7.84342049087e-08, 5.48717373761e-08, 3.35740537594e-08, 1.47181928867e-08, 2.94429969294e-09, 1.31065908127e-10],
        "dvar": [4.41968711629e-10, 4.92456786461e-09, 3.26912297233e-09, 2.53624166113e-09, 2.56004079047e-10, 5.75464842445e-10, 7.78969166948e-10, 1.54639201444e-09, 6.84511602955e-09, 4.41952607844e-09, 5.67959179687e-10, 6.41855735228e-10, 5.77750791653e-10, 1.07928346815e-10, 3.174496499e-10, 8.87737106048e-11, 2.2323537463e-10, 6.20964876741e-11, 1.79792430943e-11, 4.46432057988e-11, 1.04121737274e-11, 1.12784824882e-11, 4.3066248484e-11, 4.48242346018e-11, 1.98060613049e-11, 7.54442081724e-12, 8.72145151237e-12, 4.19597776663e-12, 4.40602280138e-13, 7.29990503809e-13, 4.42121789483e-13, 9.32135363904e-14, 1.93590006899e-14, 8.07894688784e-15, 4.79845943389e-15, 1.49759512009e-15, 4.28649916804e-16, 5.62924266285e-17, 2.27444104128e-18, 6.31153953507e-21],
        "dvar2": [1.13006271008e-09, 1.57731498973e-08, 9.15230913279e-09, 6.82871226232e-09, 7.0193129087e-10, 1.86384108147e-09, 2.02500527458e-09, 4.23448875964e-09, 1.4913467794e-08, 1.24999441908e-08, 1.39856715098e-09, 1.80703874086e-09, 1.60157109796e-09, 3.06851766219e-10, 9.6541263872e-10, 2.53770032765e-10, 6.30836993754e-10, 1.61451810254e-10, 4.90559294575e-11, 1.17075751871e-10, 2.31365863967e-11, 3.20424971278e-11, 1.25977561716e-10, 1.22696325322e-10, 4.74459672939e-11, 2.09496482662e-11, 2.0932736447e-11, 1.08963376516e-11, 1.10723658974e-12, 1.84551831282e-12, 1.13359462876e-12, 2.4993971736e-13, 4.78313542203e-14, 1.93049430472e-14, 9.28047244088e-15, 3.10940670388e-15, 1.04217726808e-15, 1.54122885769e-16, 5.54088504962e-18, 1.79720126129e-20],
        "max": [0.000137467344757, 0.000432500004536, 0.00027802126715, 0.000289783522021, 0.000111490757263, 0.000139485753607, 0.000138627117849, 0.000166478625033, 0.0008548196638, 0.000548709242139, 0.000159904680913, 0.000155096626258, 0.000142653967487, 6.43266903353e-05, 0.000109647298814, 5.3540479712e-05, 9.64500868577e-05, 7.21070464351e-05, 2.15486143134e-05, 5.80537889618e-05, 2.11913429666e-05, 2.36191681324e-05, 3.4278138628e-05, 4.99316192872e-05, 2.92137810902e-05, 1.69664272107e-05, 2.38568372879e-05, 1.30070829982e-05, 5.75451213081e-06, 7.97791108198e-06, 3.83045153285e-06, 1.6614459355e-06, 9.41158077694e-07, 7.39456311294e-07, 6.27423958122e-07, 3.12439254913e-07, 1.50366730622e-07, 5.27033847675e-08, 1.16085452362e-08, 4.76391592841e-10],
        "mean": [1.89151141967e-05, 7.4424831837e-05, 7.9764831753e-05, 4.14120695496e-05, 2.2480964617e-05, 4.10084685427e-05, 4.0918290324e-05, 3.1282670534e-05, 4.8585836339e-05, 2.50935299846e-05, 1.95953016373e-05, 8.86974248715e-06, 7.31539603294e-06, 4.8143301683e-06, 7.61200362831e-06, 4.38725010099e-06, 4.91541459269e-06, 3.97086614612e-06, 2.74100443676e-06, 2.44796774496e-06, 2.18890545511e-06, 2.25232088269e-06, 3.56871464646e-06, 3.7866348066e-06, 2.50732341556e-06, 2.05988590096e-06, 1.66273810009e-06, 9.60626607593e-07, 5.40660664683e-07, 4.49492148391e-07, 3.66102739235e-07, 2.22193889954e-07, 1.12408777397e-07, 8.67623413114e-08, 7.82406672784e-08, 5.42610436582e-08, 3.32118048618e-08, 1.34856472656e-08, 2.29639662841e-09, 8.78622452571e-11],