{
"metadata": {
    "version": {
        "essentia": "2.0.1",
        "extractor": "archive-music 1.0 mod ismir14"
    },
    "audio_properties": {
        "analysis_sample_rate": 44100,
        "bitrate": 128,
        "channels": 2,
        "equal_loudness": 0,
        "length": 30.0669155121,
        "replay_gain": -13.8585624695,
        "downmix": "mix"
    },
    "tags": {
        "track": 0,
        "year": 0,
        "album": "",
        "artist": "",
        "comment": "",
        "genre": "",
        "title": ""
    }
},
"rhythm": {
    "bpm": 90.2956161499,
    "bpm_histogram_first_peak": 91,
    "bpm_histogram_first_peak_spread": 0.341463446617,
    "bpm_histogram_first_peak_weight": 0.62790697813,
    "bpm_histogram_second_peak": 83,
    "bpm_histogram_second_peak_spread": 0.5,
    "bpm_histogram_second_peak_weight": 0.0232558138669
},
"tonal": {
    "tuning_frequency": {
        "dmean": 0.20841999352,
        "dmean2": 0.398409456015,
        "dvar": 0.966731488705,
        "dvar2": 1.80301964283,
        "max": 452.37008667,
        "mean": 450.024200439,
        "median": 450.805023193,
        "min": 445.627075195,
        "var": 4.43780231476
    },
    "hpcp": {
        "dmean": [0.282059907913, 0.0748162269592, 0.1550385952, 0.164388731122, 0.385329574347, 0.291102647781, 0.119345039129, 0.314373731613, 0.129730567336, 0.0897988006473, 0.12118922174, 0.143075242639],
        "dmean2": [0.503519713879, 0.123083278537, 0.258685827255, 0.298844814301, 0.681852400303, 0.523195266724, 0.204832389951, 0.522593379021, 0.222301647067, 0.15655516088, 0.2091909796, 0.249835252762],
        "dvar": [0.0985965132713, 0.00759848346934, 0.0365412458777, 0.0560000613332, 0.0949040353298, 0.0778634473681, 0.0159086007625, 0.0885142758489, 0.0282389707863, 0.0170371290296, 0.0257597211748, 0.0354199633002],
        "dvar2": [0.174052596092, 0.0180598720908, 0.0844491422176, 0.161838680506, 0.247087940574, 0.179496094584, 0.0363103635609, 0.18164254725, 0.0867429599166, 0.0483088418841, 0.0693181529641, 0.0986023768783],
        "max": [1, 0.56864130497, 1, 1, 1, 1, 0.633201181889, 1, 1, 1, 1, 1],
        "mean": [0.565103650093, 0.0807901322842, 0.185222312808, 0.149355456233, 0.40921330452, 0.382388025522, 0.132290184498, 0.424780577421, 0.118369437754, 0.0949822813272, 0.120625644922, 0.144938737154],
        "median": [0.556495547295, 0.0521901547909, 0.103842072189, 0.072786487639, 0.28941360116, 0.253045499325, 0.0742614790797, 0.252193719149, 0.0703403949738, 0.0691370815039, 0.067779533565, 0.0850098952651],
        "min": [0.00522610452026, 0.00258108042181, 0.0111040687189, 0.0043600355275, 0.0137557648122, 0.0114716524258, 0.00529816141352, 0.00651760445908, 0.00137787137646, 0.00454239686951, 0.00334941782057, 0.00514239678159],
        "var": [0.158378526568, 0.00940931402147, 0.0459724627435, 0.0498150661588, 0.121585085988, 0.12631586194, 0.0202294494957, 0.146710991859, 0.0244575981051, 0.0140519933775, 0.0236057788134, 0.0311965830624]
    }
},
"lowlevel": {
    "melbands": {
        "dmean": [6.58959543216e-05, 0.000167569305631, 4.88692276122e-05, 3.00533865811e-05, 2.79799078271e-05, 1.99339228857e-05, 2.83799545286e-05, 3.85883977287e-05, 6.84529804857e-05, 4.87285615236e-05, 1.92714142031e-05, 2.17940341827e-05, 2.80168078461e-05, 9.38245739235e-06, 1.72258733073e-05, 1.94291296793e-05, 5.0908229241e-06, 3.09240817842e-06, 1.4301375586e-06, 1.70064424765e-06, 3.22837513522e-06, 2.32018101087e-06, 4.14241230828e-06, 3.16898172059e-06, 1.81789562248e-06, 2.20065635403e-06, 1.96313044398e-06, 1.12914096917e-06, 5.00731630382e-07, 4.47878619525e-07, 2.01945681511e-07, 8.13519065446e-08, 4.55036257563e-08, 3.99295494447e-08, 3.23639355315e-08, 2.58836152511e-08, 1.74949814635e-08, 1.0928022931e-08, 3.57382723415e-09, 2.51698856202e-10],
        "dmean2": [0.000105708975752, 0.0002771569998, 8.61333392095e-05, 5.26607254869e-05, 4.96631291753e-05, 3.51352864527e-05, 4.96493667015e-05, 7.10773092578e-05, 0.000124670943478, 8.93243195605e-05, 3.7000492739e-05, 4.04603415518e-05, 5.13156192028e-05, 1.73967819137e-05, 3.0706403777e-05, 3.56015261787e-05, 9.59736917139e-06, 5.69924759475e-06, 2.60096658167e-06, 3.03332808471e-06, 5.87679460295e-06, 4.38312463302e-06, 7.84767053119e-06, 5.83176642976e-06, 3.39119014825e-06, 4.09394579037e-06, 3.64453603652e-06, 2.07983794098e-06, 9.31313422825e-07, 8.48356762617e-07, 3.81568810326e-07, 1.50588689962e-07, 8.43388221483e-08, 7.47934905121e-08, 5.91927786786e-08, 4.63764564529e-08, 3.23867404006e-08, 1.9893965586e-08, 6.46345554856e-09, 4.63989291433e-10],
        "dvar": [2.31588970223e-09, 1.7838761579e-08, 2.92334600971e-09, 6.15470951981e-10, 1.32252342411e-09, 4.42257286348e-10, 2.24520180225e-09, 2.55086773926e-09, 6.58068532999e-09, 9.95527926761e-09, 5.79837644565e-09, 1.18153509199e-09, 2.89700863298e-09, 2.06536357461e-10, 5.57674795232e-10, 1.01574093581e-09, 2.88501555978e-10, 3.83950198024e-11, 2.44239394334e-12, 1.82123890621e-12, 8.92683149623e-12, 5.77330891427e-12, 1.95807519504e-11, 7.86153347282e-12, 2.56025582679e-12, 4.76865465518e-12, 4.03375596814e-12, 1.39753280563e-12, 2.59936169811e-13, 2.22446952351e-13, 4.0251866239e-14, 5.79717226507e-15, 1.67259519748e-15, 1.10187233856e-15, 8.95695413591e-16, 6.08308463653e-16, 2.78083351803e-16, 1.30441445986e-16, 1.27284716319e-17, 7.44796848587e-20],
        "dvar2": [5.63542590371e-09, 4.74713033327e-08, 8.32890023617e-09, 1.73092129518e-09, 3.53801632436e-09, 1.1348532114e-09, 5.79090153607e-09, 7.59139417994e-09, 1.9621035463e-08, 2.6977959422e-08, 1.72974452539e-08, 3.48739037648e-09, 7.936401758e-09, 6.06161953964e-10, 1.47978873599e-09, 2.68800004477e-09, 8.58615512023e-10, 1.11888227849e-10, 6.86759156487e-12, 5.12144753689e-12, 2.2698851479e-11, 1.56810623514e-11, 5.38531025329e-11, 2.14490838285e-11, 7.0995288641e-12, 1.32319120938e-11, 1.10660777417e-11, 3.88737653179e-12, 7.25581704095e-13, 6.09126410336e-13, 1.13573260768e-13, 1.75755575729e-14, 5.22710553904e-15, 3.04539134186e-15, 2.68292688548e-15, 1.81934842015e-15, 8.80664919821e-16, 4.04678831457e-16, 3.99642022828e-17, 2.33224607685e-19],
        "max": [0.000294536119327, 0.000784538104199, 0.00041799218161, 0.000142564473208, 0.000307500828058, 0.000185928380233, 0.00045045875595, 0.000272603763733, 0.000429685489507, 0.000800980546046, 0.000701903540175, 0.000190894701518, 0.000329892180162, 8.53109595482e-05, 0.000118833639135, 0.000188042264199, 0.000154146167915, 4.38488095824e-05, 1.04152923086e-05, 6.46945591143e-06, 1.60861854965e-05, 1.29182717501e-05, 2.52586669376e-05, 1.36140060931e-05, 8.38372761791e-06, 1.11895124064e-05, 1.00130973806e-05, 7.64707510825e-06, 3.05297862724e-06, 3.07611776407e-06, 1.18508148717e-06, 5.56322731882e-07, 2.73244637583e-07, 2.17773347799e-07, 1.6663980773e-07, 1.60618199629e-07, 8.34832363239e-08, 6.73425191167e-08, 2.07951220688e-08, 2.16286411003e-09],
        "mean": [9.89027539617e-05, 0.000261821143795, 8.45339527586e-05, 4.00313765567e-05, 2.7235266316e-05, 2.16451808228e-05, 2.88299706881e-05, 3.45892331097e-05, 5.87459071539e-05, 3.56594173354e-05, 1.39568974191e-05, 1.72581167135e-05, 2.02359024115e-05, 8.20142122393e-06, 1.42412745845e-05, 1.51582689796e-05, 3.78006507162e-06, 2.6900092962e-06, 1.55945861025e-06, 1.88565445569e-06, 2.83626673081e-06, 2.12414511225e-06, 3.62571381629e-06, 2.75345178125e-06, 1.73743228515e-06, 1.97967256099e-06, 1.6082184402e-06, 9.49362743086e-07, 4.68982022994e-07, 3.74029042405e-07, 1.9861971623e-07, 1.01318200052e-07, 6.36020018874e-08, 5.4849241593e-08, 4.91475802278e-08, 4.18418544257e-08, 2.28356089593e-08, 1.52343773152e-08, 4.48203207881e-09, 3.17392029325e-10],