{
"metadata": {
    "version": {
        "essentia": "2.0.1",
        "extractor": "archive-music 1.0 mod ismir14"
    },
    "audio_properties": {
        "analysis_sample_rate": 44100,
        "bitrate": 160,
        "channels": 2,
        "equal_loudness": 0,
        "length": 30.0669155121,
        "replay_gain": -9.77944374084,
        "downmix": "mix"
    },
    "tags": {
        "track": 0,
        "year": 0,
        "album": "",
        "artist": "",
        "comment": "",
        "genre": "",
        "title": ""
    }
},
"rhythm": {
    "bpm": 172.265594482,
    "bpm_histogram_first_peak": 172,
    "bpm_histogram_first_peak_spread": 0,
    "bpm_histogram_first_peak_weight": 0.5,
    "bpm_histogram_second_peak": 178,
    "bpm_histogram_second_peak_spread": 0,
    "bpm_histogram_second_peak_weight": 0.27380952239
},
"tonal": {
    "tuning_frequency": {
        "dmean": 0.0244404561818,
        "dmean2": 0.0441963858902,
        "dvar": 0.113661013544,
        "dvar2": 0.252505779266,
        "max": 444.341888428,
        "mean": 434.21081543,
        "median": 434.193115234,
        "min": 431.193908691,
        "var": 0.465925693512
    },
    "hpcp": {
        "dmean": [0.135826587677, 0.11820024997, 0.162168651819, 0.13484852016, 0.0814160108566, 0.0743625536561, 0.0971654877067, 0.0907071530819, 0.106722183526, 0.0941458940506, 0.110158450902, 0.0849914625287],
        "dmean2": [0.255865544081, 0.220857024193, 0.298438161612, 0.251486092806, 0.15371966362, 0.137473344803, 0.185693740845, 0.169960349798, 0.200181618333, 0.171231895685, 0.199436962605, 0.158062517643],
        "dvar": [0.079407542944, 0.0670472458005, 0.0854988992214, 0.0748519226909, 0.0511501468718, 0.0421017222106, 0.067289493978, 0.0554785877466, 0.0665982440114, 0.0510891899467, 0.0553176477551, 0.0462809875607],
        "dvar2": [0.227263525128, 0.176284939051, 0.228236034513, 0.202362716198, 0.141670271754, 0.113903611898, 0.181919202209, 0.147361472249, 0.185788720846, 0.1470618397, 0.143555298448, 0.127670884132],
        "max": [1, 1, 1, 1, 1, 1, 1, 1, 1, 1, 1, 1],
        "mean": [0.122096389532, 0.134439855814, 0.152049213648, 0.294706583023, 0.0586772225797, 0.0879314988852, 0.13097217679, 0.114161275327, 0.0807261243463, 0.0914095714688, 0.243988260627, 0.073574796319],
        "median": [0.00875549484044, 0.00734186451882, 0.0189719833434, 0.0165288355201, 0.000710221822374, 0.00580629194155, 0.000446599762654, 0.00202574906871, 0.00139017635956, 0.00230222963728, 0.0267727859318, 0.00262840278447],
        "min": [0, 0, 0, 0, 0, 0, 0, 0, 0, 0, 0, 0],
        "var": [0.0730177313089, 0.0828643366694, 0.0824753567576, 0.17461925745, 0.0389578640461, 0.0555340871215, 0.0994505882263, 0.0819136872888, 0.0551431626081, 0.0544845499098, 0.141614571214, 0.0416812822223]
    }
},
"lowlevel": {
    "melbands": {
        "dmean": [8.62645447341e-06, 0.000140712523717, 0.000364140665624, 0.00130649516359, 0.00149018981028, 0.000777085195296, 0.000266102782916, 0.00020377637702, 0.000111629124149, 7.39023671485e-05, 4.75279921375e-05, 3.61370148312e-05, 5.10765385116e-05, 2.56981893472e-05, 2.40557237703e-05, 1.86916950042e-05, 3.41387058143e-05, 2.05109154194e-05, 2.2411619284e-05, 6.75154296914e-06, 9.52010668698e-06, 8.75197747519e-06, 5.57772455068e-06, 6.68481925459e-06, 1.38649311339e-05, 1.30343423734e-05, 4.93896959597e-06, 2.6192083169e-06, 7.796923569e-07, 4.93356083098e-07, 2.09641925153e-07, 3.76874531582e-08, 5.6021711714e-09, 1.41567169099e-09, 5.81671599775e-10, 2.56519361308e-10, 1.19299917167e-10, 6.45015568734e-11, 4.92407607744e-11, 2.80181208095e-11],
        "dmean2": [1.37117231134e-05, 0.000226318807108, 0.000632987939753, 0.00202550785616, 0.00231042900123, 0.00120152102318, 0.000383171573048, 0.000300861458527, 0.000150497886352, 9.38265366131e-05, 5.40331056982e-05, 4.49505787401e-05, 5.73130018893e-05, 3.12225238304e-05, 3.12373704219e-05, 2.58373529505e-05, 4.44079196313e-05, 2.9748542147e-05, 3.28279238602e-05, 9.88736337604e-06, 1.44112773341e-05, 1.27425637402e-05, 7.52563300921e-06, 9.52403934207e-06, 1.92236093426e-05, 1.73290045495e-05, 7.17199327482e-06, 3.88426451536e-06, 1.1230272321e-06, 6.96169877301e-07, 3.13753616865e-07, 5.4958434248e-08, 7.76058151075e-09, 2.08356776277e-09, 9.18726927868e-10, 4.04826311362e-10, 1.9969537135e-10, 1.18394627435e-10, 9.24537460478e-11, 5.17014556167e-11],
        "dvar": [2.53516457827e-10, 4.75516408471e-08, 5.99465352025e-07, 6.86882412992e-06, 8.66943628353e-06, 2.1565156203e-06, 2.97890551337e-07, 2.57533059767e-07, 1.84472426668e-07, 1.29246870983e-07, 3.45960380344e-08, 2.48485925169e-08, 5.0095472659e-08, 1.0862606814e-08, 2.11497148683e-08, 2.95723912025e-09, 1.1602042882e-08, 2.70309219452e-09, 2.92011281822e-09, 2.87955936873e-10, 7.10260794623e-10, 6.45849762559e-10, 3.59924784421e-10, 3.442140184e-10, 2.25518315133e-09, 2.21794715927e-09, 3.01413866088e-10, 1.19298418366e-10, 9.15405078128e-12, 9.55673387648e-12, 2.7998295956e-12, 6.51330050549e-14, 2.45582041167e-15, 5.51829094206e-17, 4.77226096622e-18, 1.18752768094e-18, 5.97231484997e-19, 4.20199220877e-19, 3.02020779791e-19, 1.39253820484e-20],
        "dvar2": [6.59785226453e-10, 1.17119952847e-07, 1.8819187062e-06, 1.7547788957e-05, 2.32055153901e-05, 5.42514726476e-06, 5.49005164885e-07, 4.72233097071e-07, 3.26441949028e-07, 2.34286176237e-07, 4.37085709848e-08, 3.92621224421e-08, 6.47554116995e-08, 1.73644814083e-08, 4.11926457389e-08, 5.27190602284e-09, 1.92055651382e-08, 5.76266145913e-09, 5.9848237477e-09, 6.83144485425e-10, 1.69931457794e-09, 1.49941337124e-09, 6.6024119505e-10, 7.00833668876e-10, 4.24713153535e-09, 4.74988093302e-09, 7.29630911245e-10, 2.85258705546e-10, 1.81084834627e-11, 2.03083921207e-11, 6.79717480218e-12, 1.59857600789e-13, 4.29369090128e-15, 1.03512389238e-16, 1.0422763577e-17, 3.04255185911e-18, 1.71163893303e-18, 1.24523231746e-18, 8.94718255207e-19, 4.14326367775e-20],
        "max": [0.000369864428649, 0.00767112337053, 0.0153189124539, 0.0995444208384, 0.0717486590147, 0.0184862781316, 0.010626562871, 0.0115142501891, 0.0124370846897, 0.010619211942, 0.00737381493673, 0.00451487582177, 0.00681858556345, 0.00332487630658, 0.00542039657012, 0.00191637384705, 0.005139245186, 0.000984709593467, 0.00183772435412, 0.000432233588072, 0.00045297856559, 0.000555076170713, 0.000437820155639, 0.000481560477056, 0.00184108724352, 0.0013713153312, 0.000459674978629, 0.000257275038166, 9.84485232038e-05, 0.000129464300699, 7.65938384575e-05, 1.01033519968e-05, 2.79076834886e-06, 2.52913736176e-07, 8.10339599866e-08, 2.59187764584e-08, 2.07235846261e-08, 1.69520806281e-08, 1.46910315024e-08, 3.10482595189e-09],
        "mean": [1.20286313177e-05, 0.000243548143771, 0.000572731776629, 0.00309782614931, 0.00345593178645, 0.00169001764152, 0.000671773217618, 0.000533713377081, 0.000282767083263, 0.000169567225385, 0.000153982604388, 8.87195783434e-05, 0.000144114848808, 6.16871402599e-05, 4.7032655857e-05, 4.04683887609e-05, 7.72605053498e-05, 4.00029421144e-05, 5.15944630024e-05, 1.51303738676e-05, 1.74601482286e-05, 1.54117005877e-05, 1.00837551145e-05, 1.36000398925e-05, 2.91521464533e-05, 3.11589647026e-05, 8.91066520126e-06, 4.32627575719e-06, 1.51085373545e-06, 8.89939371973e-07, 3.52488370936e-07, 6.22223410573e-08, 9.89312542998e-09, 2.80009126996e-09, 1.1194307703e-09, 4.79415784849e-10, 1.95293753391e-10, 7.35625449444e-11, 3.98043195626e-11, 2.20566273579e-11],