{
"metadata": {
    "version": {
        "essentia": "2.0.1",
        "extractor": "archive-music 1.0 mod ismir14"
    },
    "audio_properties": {
        "analysis_sample_rate": 44100,
        "bitrate": 1444,
        "channels": 2,
        "equal_loudness": 0,
        "length": 30,
        "replay_gain": -10.2214794159,
        "downmix": "mix"
    },
    "tags": {
        "track": 0,
        "year": 0,
        "album": "",
        "artist": "",
        "comment": "",
        "genre": "",
        "title": ""
    }
},
"rhythm": {
    "bpm": 172.265563965,
    "bpm_histogram_first_peak": 172,
    "bpm_histogram_first_peak_spread": 0,
    "bpm_histogram_first_peak_weight": 0.517647087574,
    "bpm_histogram_second_peak": 178,
    "bpm_histogram_second_peak_spread": 0,
    "bpm_histogram_second_peak_weight": 0.29411765933
},
"tonal": {
    "tuning_frequency": {
        "dmean": 0.0498570762575,
        "dmean2": 0.0788205191493,
        "dvar": 0.411735653877,
        "dvar2": 0.537793695927,
        "max": 450.284484863,
        "mean": 433.394226074,
        "median": 432.441040039,
        "min": 432.441040039,
        "var": 3.35694074631
    },
    "hpcp": {
        "dmean": [0.0818631276488, 0.140889808536, 0.154861360788, 0.151648312807, 0.0328357964754, 0.0785005912185, 0.0825529098511, 0.12253780663, 0.0549546070397, 0.064098842442, 0.140380769968, 0.0613178573549],
        "dmean2": [0.143632695079, 0.254789352417, 0.283804982901, 0.271626532078, 0.0611092150211, 0.138972058892, 0.150955021381, 0.211422473192, 0.0992350354791, 0.114429265261, 0.235782399774, 0.110462747514],
        "dvar": [0.0383998155594, 0.0639212727547, 0.0768251717091, 0.0836918279529, 0.0191836543381, 0.0410683117807, 0.04909202829, 0.067272208631, 0.0298483148217, 0.0302769485861, 0.0584598705173, 0.0290616545826],
        "dvar2": [0.0974478796124, 0.159938082099, 0.202755600214, 0.165323615074, 0.0517319962382, 0.0928580313921, 0.104217432439, 0.136673480272, 0.0728196054697, 0.0733647048473, 0.116106145084, 0.0737541541457],
        "max": [1, 1, 1, 1, 1, 1, 1, 1, 1, 1, 1, 1],
        "mean": [0.0799429491162, 0.184565588832, 0.141682744026, 0.315700411797, 0.0239152126014, 0.110207572579, 0.123596131802, 0.188059777021, 0.0515761636198, 0.0654585883021, 0.333611160517, 0.0509856455028],
        "median": [0.0102247856557, 0.0342597477138, 0.0342020764947, 0.04847067222, 0.00112786097452, 0.0118786981329, 0.00148913310841, 0.0111222825944, 0.00265551451594, 0.00490681780502, 0.0957887247205, 0.00332754058763],
        "min": [1.26758586703e-05, 2.65641156147e-05, 6.63053651806e-06, 7.86946020526e-06, 3.58227111974e-06, 1.99551923288e-05, 1.06987840809e-06, 1.98232010007e-06, 3.69541589862e-06, 3.03309366245e-06, 2.10100620279e-06, 5.36724382982e-06],
        "var": [0.0405759103596, 0.0999358966947, 0.0675843060017, 0.174101397395, 0.0137965986505, 0.0699513331056, 0.0894006863236, 0.118514753878, 0.033812623471, 0.0372311361134, 0.161281779408, 0.0243607889861]
    }
},
"lowlevel": {
    "melbands": {
        "dmean": [1.73805824488e-06, 4.16938710259e-05, 5.52128149138e-05, 0.000513849197887, 0.000497467000969, 0.000264939822955, 0.000116017203254, 9.78639291134e-05, 5.89785995544e-05, 3.92301444663e-05, 3.27911511704e-05, 1.99000351131e-05, 3.42812018062e-05, 1.28721412693e-05, 1.04293230834e-05, 8.76628473634e-06, 1.79825983651e-05, 8.50776177685e-06, 1.00112974906e-05, 2.75435945696e-06, 3.95586448576e-06, 3.84496343031e-06, 2.26091810873e-06, 2.74776562037e-06, 6.93213451086e-06, 7.38566632208e-06, 2.12881673178e-06, 1.1574400105e-06, 3.94775298673e-07, 2.58053319158e-07, 9.85636603446e-08, 1.55544093161e-08, 2.84054979538e-09, 6.24819196382e-10, 2.52621729091e-10, 1.2015338724e-10, 6.06985156582e-11, 2.667622373e-11, 1.69843791809e-11, 1.25432780482e-11],
        "dmean2": [2.85587452709e-06, 6.50414440315e-05, 8.1989201135e-05, 0.00079323729733, 0.00077774800593, 0.000414210691815, 0.000181716342922, 0.000150926833157, 9.58200107561e-05, 6.19294078206e-05, 4.95462409162e-05, 3.07280097331e-05, 5.30915312993e-05, 2.00945087272e-05, 1.68873593793e-05, 1.37889137477e-05, 2.86582253466e-05, 1.35131958814e-05, 1.53092023538e-05, 4.18549007009e-06, 6.33342961009e-06, 6.38406163489e-06, 3.73694660993e-06, 4.19424623033e-06, 1.05193694253e-05, 1.11954868771e-05, 3.42602993442e-06, 1.89651950677e-06, 6.14158182088e-07, 3.99456894229e-07, 1.51299190065e-07, 2.63163180136e-08, 4.4246597497e-09, 1.0144057816e-09, 3.82193332538e-10, 1.81932788279e-10, 8.83889073044e-11, 3.50567942731e-11, 2.10960381108e-11, 1.4731058387e-11],
        "dvar": [5.37593754235e-12, 8.24853074732e-09, 1.17758851559e-08, 1.76725143319e-06, 7.59139254569e-07, 1.4095215306e-07, 5.30328279069e-08, 6.18355002757e-08, 4.85941953343e-08, 1.3995489212e-08, 1.40855584974e-08, 5.14287412656e-09, 1.49013548167e-08, 1.99345162599e-09, 2.19975904159e-09, 4.55529780563e-10, 3.33057270652e-09, 3.06316749743e-10, 4.65916361048e-10, 2.55395409682e-11, 4.74758322933e-11, 6.98536506416e-11, 3.30595655018e-11, 3.63969583639e-11, 3.43168382599e-10, 3.791279235e-10, 2.12188513288e-11, 8.25529401782e-12, 1.69823714553e-12, 1.75635840507e-12, 3.25638089627e-13, 4.37551343695e-15, 5.16931343396e-16, 7.72566178045e-18, 6.54197604326e-19, 2.07363801035e-19, 1.08384293053e-19, 5.99291190572e-20, 4.60550189756e-20, 3.75650730441e-20],
        "dvar2": [1.31111866156e-11, 1.33482025433e-08, 2.29749144154e-08, 3.70495172319e-06, 1.68114252119e-06, 3.29535197352e-07, 1.35508400945e-07, 1.52113599938e-07, 1.23669096297e-07, 3.08743857147e-08, 3.14419601466e-08, 1.09902735801e-08, 3.27470495165e-08, 3.73965169942e-09, 5.24239851529e-09, 1.03000930007e-09, 5.69621994018e-09, 7.42412742394e-10, 8.92358742455e-10, 5.55289633719e-11, 1.15406934009e-10, 1.74074657466e-10, 7.89179277483e-11, 7.12992859198e-11, 7.98228094734e-10, 7.37020555697e-10, 5.30911078989e-11, 1.99925059147e-11, 3.93878289359e-12, 4.27104141984e-12, 7.50502741551e-13, 9.50905444609e-15, 1.24971664554e-15, 1.47804833928e-17, 1.3137008485e-18, 3.86466588702e-19, 1.54457419529e-19, 6.02809874726e-20, 4.60817052439e-20, 3.759874188e-20],
        "max": [2.89395557047e-05, 0.00234516337514, 0.00164703372866, 0.0305086784065, 0.0132101271302, 0.00348990038037, 0.00217875512317, 0.00279242964461, 0.0029229267966, 0.00153165461961, 0.00157545774709, 0.000892548530828, 0.0016675083898, 0.000630305323284, 0.000672889640555, 0.000324892927893, 0.00130821589846, 0.000177469439222, 0.000434860674432, 7.71625636844e-05, 6.50096408208e-05, 0.000107667488919, 4.86024437123e-05, 9.2298774689e-05, 0.000281075539533, 0.000325060071191, 4.47649690614e-05, 2.98568975268e-05, 2.07056018553e-05, 2.5190956876e-05, 1.17625659186e-05, 1.04859157091e-06, 4.73615216379e-07, 3.87610192831e-08, 1.00781862855e-08, 7.5668333821e-09, 7.02175784184e-09, 6.13290351836e-09, 5.37711608573e-09, 4.84981033111e-09],
        "mean": [2.28376097766e-06, 7.2554073995e-05, 0.000107361265691, 0.000879433471709, 0.000837186933495, 0.000384713872336, 0.000149577550474, 0.000148483202793, 6.61081576254e-05, 4.19188763772e-05, 4.00776189053e-05, 2.13189432543e-05, 3.80571982532e-05, 1.43917022797e-05, 1.20651811812e-05, 9.57182783168e-06, 2.02076134883e-05, 9.63012189459e-06, 1.30545340653e-05, 3.67971279047e-06, 4.3188761083e-06, 3.86146029996e-06, 2.48181549978e-06, 3.34676565217e-06, 7.06872333467e-06, 8.02148952062e-06, 2.16783905671e-06, 1.08286292289e-06, 3.699229012e-07, 2.17077328557e-07, 8.65487450596e-08, 1.48604204497e-08, 2.51370391169e-09, 7.09840630719e-10, 3.0447755428e-10, 1.51142307003e-10, 8.09214154018e-11, 4.08163433607e-11, 2.573842528e-11, 1.77833095472e-11],