{
"metadata": {
    "version": {
        "essentia": "2.0.1",
        "extractor": "archive-music 1.0 mod ismir14"
    },
    "audio_properties": {
        "analysis_sample_rate": 44100,
        "bitrate": 1444,
        "channels": 2,
        "equal_loudness": 0,
        "length": 30,
        "replay_gain": -14.8594207764,
        "downmix": "mix"
    },
    "tags": {
        "track": 0,
        "year": 0,
        "album": "",
        "artist": "",
        "comment": "",
        "genre": "",
        "title": ""
    }
},
"rhythm": {
    "bpm": 109.359153748,
    "bpm_histogram_first_peak": 110,
    "bpm_histogram_first_peak_spread": 0.415094316006,
    "bpm_histogram_first_peak_weight": 0.584905683994,
    "bpm_histogram_second_peak": 0,
    "bpm_histogram_second_peak_spread": 0,
    "bpm_histogram_second_peak_weight": 0
},
"tonal": {
    "tuning_frequency": {
        "dmean": 0.0447408482432,
        "dmean2": 0.0820620507002,
        "dvar": 0.0950640067458,
        "dvar2": 0.160980090499,
        "max": 446.657836914,
        "mean": 441.672149658,
        "median": 441.272583008,
        "min": 441.017791748,
        "var": 0.811895489693
    },
    "hpcp": {
        "dmean": [0.124993354082, 0.0794419646263, 0.0533857829869, 0.131240770221, 0.0704433396459, 0.105560943484, 0.0481677763164, 0.0801412910223, 0.114837445319, 0.0528741665184, 0.108262121677, 0.0763090401888],
        "dmean2": [0.225902095437, 0.146232351661, 0.096063144505, 0.225677683949, 0.13031886518, 0.18675160408, 0.0903153270483, 0.140648439527, 0.194912061095, 0.0985857695341, 0.184961393476, 0.143907487392],
        "dvar": [0.0644063055515, 0.0412070527673, 0.0231403578073, 0.0581597536802, 0.0315788127482, 0.0415767095983, 0.0218418315053, 0.0325267761946, 0.0463291481137, 0.0245196074247, 0.0442020148039, 0.0429509542882],
        "dvar2": [0.165139660239, 0.103781118989, 0.0641845539212, 0.125433161855, 0.0784395486116, 0.105615705252, 0.0622098222375, 0.0816130340099, 0.115765579045, 0.0698100328445, 0.10708463192, 0.12160256505],
        "max": [1, 1, 1, 1, 1, 1, 1, 1, 1, 1, 1, 1],
        "mean": [0.164707750082, 0.215836837888, 0.0374716073275, 0.414560884237, 0.0506455935538, 0.214292094111, 0.0299294982105, 0.0976720526814, 0.212812587619, 0.0348606929183, 0.211832463741, 0.0479350313544],
        "median": [0.022251887247, 0.00545336259529, 0.00353433936834, 0.176869615912, 0.00264093209989, 0.0375535525382, 0.00251471810043, 0.0105889542028, 0.0657618492842, 0.00230900198221, 0.056881532073, 0.00251932465471],
        "min": [9.04717808226e-07, 1.00361830846e-05, 3.66500648852e-06, 1.33806606755e-05, 3.87354066334e-06, 9.25171889321e-07, 2.1912039756e-06, 3.10640316457e-05, 2.99312409879e-06, 1.92900643015e-06, 9.11747065402e-06, 1.57256374678e-06],
        "var": [0.0932278260589, 0.146400347352, 0.0154860410839, 0.190989166498, 0.0258092656732, 0.117253229022, 0.012803892605, 0.0488193146884, 0.101576238871, 0.0148342223838, 0.103536754847, 0.0261261574924]
    }
},
"lowlevel": {
    "melbands": {
        "dmean": [0.000499587797094, 0.000873706303537, 0.000599511840846, 0.000392476154957, 0.000164546378073, 0.000149539424456, 8.5617415607e-05, 0.000118818919873, 0.00016390629753, 0.000109235857963, 2.69864758593e-05, 3.22587111441e-05, 1.95934462681e-05, 2.15441650653e-05, 2.1614414436e-05, 2.04920052056e-05, 1.89272432181e-05, 1.65440760611e-05, 9.61349360296e-06, 1.54936606123e-05, 6.8722697506e-06, 4.83415215058e-06, 5.00659189129e-06, 3.30276384375e-06, 1.92618222172e-06, 1.33020989779e-06, 8.3706032683e-07, 5.93392712744e-07, 6.39546442471e-07, 4.76731770505e-07, 4.0245615196e-07, 3.97252648554e-07, 3.61719202147e-07, 2.61966249582e-07, 2.22267416916e-07, 1.92639021179e-07, 1.5600970471e-07, 9.95819675609e-08, 8.85336319811e-08, 7.45174375538e-08],
        "dmean2": [0.000854528858326, 0.00142908538692, 0.000916076241992, 0.000638684316073, 0.000267763447482, 0.000222577160457, 0.000137261871714, 0.000182566698641, 0.00025075947633, 0.000172716769157, 4.13213092543e-05, 5.40485634701e-05, 3.05663452309e-05, 3.43561368936e-05, 3.49284127878e-05, 3.24571046804e-05, 3.10811228701e-05, 2.60053566308e-05, 1.51526937771e-05, 2.34174185607e-05, 1.07574542199e-05, 7.57341285862e-06, 7.97000484454e-06, 5.15692318004e-06, 3.02530133922e-06, 2.10092684938e-06, 1.29859915887e-06, 8.8955158617e-07, 9.66087213783e-07, 7.21442461327e-07, 6.07720210155e-07, 5.69037524656e-07, 5.26984194948e-07, 3.79775656256e-07, 3.06702816033e-07, 2.71050964784e-07, 2.22243485837e-07, 1.48131590549e-07, 1.27363051661e-07, 1.06149670387e-07],
        "dvar": [1.80109100256e-06, 1.47928972183e-06, 5.11525911406e-07, 5.37730841188e-07, 4.71006238456e-08, 7.19143216088e-08, 2.04497005996e-08, 6.14677659883e-08, 9.8653067937e-08, 7.22529023278e-08, 4.28731983249e-09, 9.64745883181e-09, 2.98057245551e-09, 2.89723911528e-09, 4.18463352858e-09, 2.22231011371e-09, 1.53021229021e-09, 1.73225112032e-09, 4.6799325526e-10, 2.88026247297e-09, 2.01901356744e-10, 8.302192267e-11, 1.15332472739e-10, 3.85654841395e-11, 1.06746000927e-11, 7.61409078148e-12, 2.35056158565e-12, 1.18835150054e-12, 1.36069454315e-12, 8.74127593226e-13, 7.19284386826e-13, 6.81251821448e-13, 6.13792328595e-13, 4.40938789387e-13, 4.50511156158e-13, 6.28053652921e-13, 5.735057069e-13, 1.76426893385e-13, 1.55975533596e-13, 1.01099643522e-13],
        "dvar2": [4.87602983412e-06, 3.78661889044e-06, 1.25698363718e-06, 1.53070413944e-06, 1.29332406118e-07, 1.55767750698e-07, 4.7939757053e-08, 1.33612260811e-07, 2.13217703049e-07, 1.62210014309e-07, 7.48453832244e-09, 2.26488250377e-08, 7.07868386129e-09, 7.04486824432e-09, 1.01465333913e-08, 5.03003150243e-09, 3.77853437428e-09, 3.539771809e-09, 1.06712128023e-09, 7.39117345105e-09, 5.01019614685e-10, 2.33728120191e-10, 2.65963306934e-10, 9.20753751021e-11, 2.47712666351e-11, 1.95407440229e-11, 5.70281192061e-12, 2.73461266652e-12, 2.99562024492e-12, 1.99564626976e-12, 1.63181631836e-12, 1.43047943282e-12, 1.20583198374e-12, 8.39793024617e-13, 8.08322484468e-13, 1.20162549615e-12, 1.21295280677e-12, 3.15320794649e-13, 3.39936222617e-13, 2.17866740274e-13],
        "max": [0.009930530563, 0.00936554372311, 0.00844348035753, 0.00649626320228, 0.00172372872476, 0.00239595305175, 0.00138026743662, 0.00264590210281, 0.00403202744201, 0.00400819024071, 0.00106902502012, 0.0014221125748, 0.000924775609747, 0.000526405579876, 0.00069863256067, 0.000509186415002, 0.000390779809095, 0.000603579450399, 0.0002340861829, 0.00110793532804, 0.000250709825195, 0.000114745715109, 0.000166292491485, 8.8690307166e-05, 3.19505816151e-05, 3.63810104318e-05, 1.91818453459e-05, 9.4945253295e-06, 1.05074423118e-05, 9.55094765231e-06, 9.25188851397e-06, 8.44153964863e-06, 1.04762739284e-05, 1.01301593531e-05, 1.49432062244e-05, 1.86707693501e-05, 1.75549921551e-05, 8.93461492524e-06, 8.61947137309e-06, 6.99313295627e-06],
        "mean": [0.000640449172352, 0.00263053434901, 0.00189952785149, 0.000718003779184, 0.000301324849715, 0.00026317127049, 0.000139664436574, 0.000172458559973, 0.000236854757532, 0.000177741385414, 3.74167029804e-05, 3.86467727367e-05, 2.604959991e-05, 2.5754012313e-05, 2.52415193245e-05, 2.71677763521e-05, 2.44861694227e-05, 2.34886465478e-05, 1.30430689751e-05, 2.69341144303e-05, 1.12543375508e-05, 7.76658635004e-06, 1.04248183561e-05, 6.20932496531e-06, 3.01612385556e-06, 1.90736227523e-06, 1.06318225335e-06, 7.25250572486e-07, 8.08052959655e-07, 5.69155020003e-07, 4.69060239539e-07, 4.62780548105e-07, 4.26748073323e-07, 3.20126645192e-07, 2.63613316065e-07, 2.13571908603e-07, 1.64719864415e-07, 1.10112090113e-07, 8.981118782e-08, 7.46219086523e-08],