{
"metadata": {
    "version": {
        "essentia": "2.0.1",
        "extractor": "archive-music 1.0 mod ismir14"
    },
    "audio_properties": {
        "analysis_sample_rate": 44100,
        "bitrate": 32,
        "channels": 2,
        "equal_loudness": 0,
        "length": 30.0408172607,
        "replay_gain": -11.7791290283,
        "downmix": "mix"
    },
    "tags": {
        "track": 6,
        "year": 0,
        "album": "Swing Classics (Jazz & Tzaz 70)",
        "artist": "Benny Carter",
        "comment": "",
        "genre": "Jazz",
        "title": "Babalu"
    }
},
"rhythm": {
    "bpm": 92.4049606323,
    "bpm_histogram_first_peak": 92,
    "bpm_histogram_first_peak_spread": 0.613636374474,
    "bpm_histogram_first_peak_weight": 0.377777785063,
    "bpm_histogram_second_peak": 99,
    "bpm_histogram_second_peak_spread": 0,
    "bpm_histogram_second_peak_weight": 0.0222222227603
},
"tonal": {
    "tuning_frequency": {
        "dmean": 0.410648107529,
        "dmean2": 0.723020195961,
        "dvar": 3.95835113525,
        "dvar2": 7.37517118454,
        "max": 455.779724121,
        "mean": 438.458251953,
        "median": 440.254241943,
        "min": 432.191345215,
        "var": 11.7087154388
    },
    "hpcp": {
        "dmean": [0.0930784121156, 0.178353339434, 0.0758561044931, 0.224714353681, 0.143916279078, 0.102008253336, 0.212181329727, 0.0751432031393, 0.182151675224, 0.0881286337972, 0.13940680027, 0.211645901203],
        "dmean2": [0.165483728051, 0.312734037638, 0.138430967927, 0.404102504253, 0.252069413662, 0.184691041708, 0.366822391748, 0.136683687568, 0.296584904194, 0.158344104886, 0.237484425306, 0.362069189548],
        "dvar": [0.0376428328454, 0.0528498739004, 0.028811506927, 0.0739726126194, 0.0560880191624, 0.0171598792076, 0.0751244202256, 0.0161694381386, 0.039269246161, 0.0225937012583, 0.0344494022429, 0.0520583726466],
        "dvar2": [0.109848402441, 0.127497702837, 0.0823397859931, 0.156908273697, 0.115831613541, 0.0492827296257, 0.128768309951, 0.0455974154174, 0.0826737061143, 0.0644573792815, 0.0815651193261, 0.119510114193],
        "max": [1, 1, 1, 1, 1, 1, 1, 0.614067733288, 1, 1, 1, 1],
        "mean": [0.0813060924411, 0.245466783643, 0.0653716921806, 0.45852175355, 0.264295011759, 0.114613689482, 0.353463470936, 0.067280843854, 0.422393888235, 0.0803973823786, 0.213466599584, 0.405401319265],
        "median": [0.0274998545647, 0.111329607666, 0.027224842459, 0.305756986141, 0.09867875278, 0.0804023742676, 0.171831652522, 0.0353576093912, 0.295820176601, 0.04081883654, 0.151497378945, 0.323308080435],
        "min": [0.00119424785953, 0.00325965578668, 0.00109305395745, 0.00172980106436, 0.00116814475041, 0.00332584697753, 0.00184954563156, 0.00351546122693, 0.011231505312, 0.00272163911723, 0.00258341897279, 0.00323639134876],
        "var": [0.0247959271073, 0.074846252799, 0.0184818282723, 0.138955593109, 0.123505540192, 0.01449308265, 0.139102816582, 0.0106427846476, 0.113701783121, 0.0151365092024, 0.0471612028778, 0.114726342261]
    }
},
"lowlevel": {
    "melbands": {
        "dmean": [1.57474573825e-06, 9.50478170125e-06, 6.87259944243e-06, 1.52149323185e-05, 1.71360097738e-05, 2.85139813059e-05, 2.18894456339e-05, 6.32158989902e-05, 3.55339761882e-05, 2.55207414739e-05, 1.49132611114e-05, 1.19299011203e-05, 1.08519188871e-05, 9.48781962506e-06, 1.90923437913e-05, 1.37595425258e-05, 8.67782546266e-06, 5.56365193916e-06, 5.41410827282e-06, 6.58172257317e-06, 1.74725551005e-06, 2.31157332564e-06, 1.1450523516e-06, 1.00267936887e-06, 1.53741791564e-06, 4.47134056003e-07, 2.91037537181e-07, 3.20668505083e-07, 3.1211001783e-07, 3.33103713501e-07, 1.66675846458e-07, 8.42686986857e-08, 5.90328035344e-08, 2.54020715573e-08, 1.0885251811e-08, 9.29823418261e-09, 2.32383956522e-09, 4.05470074183e-10, 1.45955900144e-10, 7.3329280148e-11],
        "dmean2": [2.76802256849e-06, 1.68795559148e-05, 1.24978314489e-05, 2.73892201221e-05, 3.06864094455e-05, 4.90856509714e-05, 3.3784617699e-05, 0.000103772297734, 6.0421476519e-05, 4.36799782619e-05, 2.44855582423e-05, 1.91357648873e-05, 1.81864415936e-05, 1.73270163941e-05, 3.33602547471e-05, 2.29253382713e-05, 1.38770719786e-05, 9.66897277976e-06, 9.00686154637e-06, 1.10069868242e-05, 3.02280545839e-06, 3.99298460252e-06, 1.96201040126e-06, 1.76456285317e-06, 2.6882541988e-06, 7.85969007211e-07, 5.21660524555e-07, 5.59890111163e-07, 5.36578681931e-07, 6.10174481608e-07, 3.03892420561e-07, 1.55609271246e-07, 1.0819427132e-07, 4.65519534032e-08, 1.99104253085e-08, 1.61582125457e-08, 4.20801971046e-09, 7.31838534218e-10, 2.65033828217e-10, 1.31669813941e-10],
        "dvar": [2.54633206881e-12, 1.48570544756e-10, 4.09692210712e-11, 2.4245061514e-10, 3.72959357842e-10, 1.09319442387e-09, 7.14842685046e-10, 1.22676464542e-08, 3.37406280693e-09, 1.13244902344e-09, 4.45196879362e-10, 2.86849877185e-10, 2.47850046042e-10, 2.35514802105e-10, 8.27766521994e-10, 6.00714367138e-10, 2.21393861577e-10, 8.65255506133e-11, 6.84291928676e-11, 1.45700118637e-10, 4.34256840556e-12, 1.19415892105e-11, 1.88782258055e-12, 1.86990288704e-12, 4.85176048642e-12, 7.7683275394e-13, 2.16820539387e-13, 3.11420431543e-13, 1.85682524044e-13, 2.06789067207e-13, 6.74410817448e-14, 2.25357655714e-14, 1.3431308271e-14, 2.53115488672e-15, 3.51870191784e-16, 2.38450389034e-16, 1.17733543027e-17, 4.82847915918e-19, 5.45601223457e-20, 1.16297442066e-20],
        "dvar2": [6.48607860129e-12, 4.17476775372e-10, 1.16091573854e-10, 7.55937312746e-10, 1.20707821516e-09, 3.55861273782e-09, 1.74171344014e-09, 3.00325773139e-08, 8.80574191342e-09, 3.28800342508e-09, 1.05411146478e-09, 7.16327108741e-10, 6.6909372487e-10, 7.02965852195e-10, 2.13659445691e-09, 1.02161912263e-09, 4.73513728227e-10, 2.66636102086e-10, 1.78938475148e-10, 3.92750193479e-10, 1.14580176944e-11, 3.2593042848e-11, 4.42865362438e-12, 5.59029515387e-12, 1.41146235325e-11, 2.07510289334e-12, 6.70162222157e-13, 8.60970962493e-13, 5.59029710544e-13, 5.93063196209e-13, 2.04183959779e-13, 6.67679954836e-14, 3.88877704994e-14, 7.59779575138e-15, 1.03263332435e-15, 6.5468177051e-16, 3.26068410157e-17, 1.35271947498e-18, 1.53121199723e-19, 3.1570643779e-20],
        "max": [7.78800131229e-06, 9.24806299736e-05, 4.68962753075e-05, 0.000112988105684, 0.00010938179912, 0.000158812777954, 0.000251575169386, 0.000730964937247, 0.000346913060639, 0.00020553120703, 0.000107075204141, 0.000116746443382, 9.59792887443e-05, 0.000103635888081, 0.000162547512446, 0.000146506703459, 0.0001188753522, 5.839604637e-05, 5.46969131392e-05, 0.000109541877464, 1.13091109597e-05, 2.69011106866e-05, 1.03176871562e-05, 8.02263275546e-06, 1.2343830349e-05, 6.85813802193e-06, 2.51065625889e-06, 3.5505292999e-06, 2.12614668271e-06, 2.49334902946e-06, 1.4669049051e-06, 8.42116605781e-07, 6.11159123309e-07, 2.66967305151e-07, 8.4962124447e-08, 1.06775168263e-07, 2.06592005725e-08, 3.40379968655e-09, 1.11071341014e-09, 6.00802740891e-10],
        "mean": [2.39180030803e-06, 1.39428902912e-05, 9.25293716136e-06, 2.02247538255e-05, 2.56917410297e-05, 3.67689644918e-05, 3.38604222634e-05, 8.3561950305e-05, 4.57096684841e-05, 2.73448513326e-05, 1.77893962245e-05, 1.42266708281e-05, 1.23079853438e-05, 9.25299718801e-06, 1.90295413631e-05, 1.55064408318e-05, 1.11062099677e-05, 5.45920966033e-06, 4.7464995987e-06, 6.36886943539e-06, 1.85994656476e-06, 2.61464992946e-06, 1.29776651647e-06, 1.070869871e-06, 1.4745972976e-06, 4.86113663101e-07, 2.61493397602e-07, 2.78604488813e-07, 2.89473149451e-07, 3.05922412736e-07, 1.45270490748e-07, 6.80055336488e-08, 4.43545040696e-08, 1.83183335167e-08, 8.22103274345e-09, 7.59549845242e-09, 2.15528817016e-09, 3.30268978832e-10, 1.23875465441e-10, 7.24561591281e-11],