{
"metadata": {
    "version": {
        "essentia": "2.0.1",
        "extractor": "archive-music 1.0 mod ismir14"
    },
    "audio_properties": {
        "analysis_sample_rate": 44100,
        "bitrate": 112,
        "channels": 2,
        "equal_loudness": 0,
        "length": 30.0669155121,
        "replay_gain": -10.173538208,
        "downmix": "mix"
    },
    "tags": {
        "track": 0,
        "year": 0,
        "album": "",
        "artist": "",
        "comment": "",
        "genre": "",
        "title": ""
    }
},
"rhythm": {
    "bpm": 172.265594482,
    "bpm_histogram_first_peak": 172,
    "bpm_histogram_first_peak_spread": 0,
    "bpm_histogram_first_peak_weight": 0.5,
    "bpm_histogram_second_peak": 178,
    "bpm_histogram_second_peak_spread": 0,
    "bpm_histogram_second_peak_weight": 0.27380952239
},
"tonal": {
    "tuning_frequency": {
        "dmean": 0.0392001010478,
        "dmean2": 0.0709432885051,
        "dvar": 0.544657707214,
        "dvar2": 1.53074944019,
        "max": 456.306610107,
        "mean": 434.365356445,
        "median": 434.193115234,
        "min": 431.443084717,
        "var": 0.835510909557
    },
    "hpcp": {
        "dmean": [0.13663162291, 0.117831028998, 0.160735324025, 0.134041115642, 0.0813561603427, 0.0756082385778, 0.0980771780014, 0.0901560038328, 0.107346326113, 0.0930034145713, 0.110251277685, 0.0834324508905],
        "dmean2": [0.256550520658, 0.221173629165, 0.295826613903, 0.250174343586, 0.15452440083, 0.139649420977, 0.186728700995, 0.168683543801, 0.201332911849, 0.168884441257, 0.199769571424, 0.155040338635],
        "dvar": [0.0791743770242, 0.0680455192924, 0.0837973505259, 0.0740767866373, 0.0509811006486, 0.0438022427261, 0.0675891786814, 0.0550762228668, 0.0669944137335, 0.050534285605, 0.0551452450454, 0.0453506521881],
        "dvar2": [0.225472211838, 0.178645297885, 0.220903292298, 0.19961245358, 0.143120586872, 0.11839659512, 0.181494772434, 0.146395891905, 0.186583995819, 0.144989728928, 0.144979372621, 0.126022949815],
        "max": [1, 1, 1, 1, 1, 1, 1, 1, 1, 1, 1, 1],
        "mean": [0.122818127275, 0.135224148631, 0.151448100805, 0.294268071651, 0.0583847090602, 0.0883694812655, 0.131974250078, 0.113393425941, 0.0811306238174, 0.0911014080048, 0.244316339493, 0.0728014409542],
        "median": [0.00848181266338, 0.00727542443201, 0.0198046620935, 0.0155583349988, 0.000742970849387, 0.00566590484232, 0.000492576276883, 0.00205645617098, 0.00141594512388, 0.00223225890659, 0.0274376217276, 0.00263215624727],
        "min": [0, 0, 0, 0, 0, 0, 0, 0, 0, 0, 0, 0],
        "var": [0.0734156742692, 0.0838051214814, 0.0819166973233, 0.174204826355, 0.0386478491127, 0.0563348010182, 0.10006916523, 0.0812864154577, 0.0555032417178, 0.0544934868813, 0.141541019082, 0.0412128716707]
    }
},
"lowlevel": {
    "melbands": {
        "dmean": [8.80811057868e-06, 0.000142743199831, 0.000369122630218, 0.00132184301037, 0.00150665629189, 0.000786155171227, 0.000269313837634, 0.000206540542422, 0.000112920548418, 7.50820181565e-05, 4.83964176965e-05, 3.66303502233e-05, 5.18746455782e-05, 2.62776793534e-05, 2.44163493335e-05, 1.89898564713e-05, 3.4436412534e-05, 2.07536031667e-05, 2.28708886425e-05, 6.84086626279e-06, 9.65053732216e-06, 8.89193051989e-06, 5.65297432331e-06, 6.83709913574e-06, 1.40542733789e-05, 1.31408323796e-05, 5.03883757119e-06, 2.69015913545e-06, 8.05767001566e-07, 5.19944705957e-07, 2.04961466466e-07, 4.00956885471e-08, 6.03766769913e-09, 1.46569867354e-09, 6.43277375811e-10, 2.66910993307e-10, 1.16053479327e-10, 6.87171014535e-11, 5.60475658939e-11, 2.88448310376e-11],
        "dmean2": [1.40679103424e-05, 0.000229586250498, 0.000641080143396, 0.0020507290028, 0.00233631161973, 0.00121402565856, 0.000387090898585, 0.000304077577312, 0.000152919514221, 9.57689844654e-05, 5.5500833696e-05, 4.59215443698e-05, 5.83701003052e-05, 3.22175001202e-05, 3.1825122278e-05, 2.63015772362e-05, 4.51683081337e-05, 3.017099516e-05, 3.36496668751e-05, 1.00760935311e-05, 1.46090169437e-05, 1.29758245748e-05, 7.69866073824e-06, 9.78075604507e-06, 1.9492365027e-05, 1.75525801751e-05, 7.30213969291e-06, 3.99109649152e-06, 1.168951826e-06, 7.10231745416e-07, 3.0687019148e-07, 5.67399922602e-08, 8.73105232557e-09, 2.2306816394e-09, 1.0191593125e-09, 4.09595191098e-10, 1.91425653107e-10, 1.265712396e-10, 1.0486123081e-10, 5.29585576781e-11],
        "dvar": [2.69371080996e-10, 4.92864877799e-08, 6.14288467204e-07, 7.03516752765e-06, 8.83395387064e-06, 2.20230413106e-06, 3.05155765545e-07, 2.6397202646e-07, 1.89339715462e-07, 1.37179625881e-07, 3.58839713499e-08, 2.47701574807e-08, 5.1124963818e-08, 1.15943690204e-08, 2.15702780082e-08, 2.99476421439e-09, 1.18010072825e-08, 2.74759970331e-09, 3.04921066174e-09, 2.91842355837e-10, 7.27280069501e-10, 6.57642884594e-10, 3.68433145104e-10, 3.58914981069e-10, 2.23729434978e-09, 2.2390715948e-09, 3.08624070744e-10, 1.28010671507e-10, 9.96701245842e-12, 1.09603394069e-11, 1.94619407395e-12, 7.42644471309e-14, 3.06783411507e-15, 4.76706635469e-17, 5.54135695616e-18, 1.54456706086e-18, 7.82102888084e-19, 7.98980681303e-19, 5.42060450995e-19, 1.60731241971e-20],
        "dvar2": [7.02222613391e-10, 1.21296011457e-07, 1.926520099e-06, 1.79066882993e-05, 2.35948864429e-05, 5.54130110686e-06, 5.62821071526e-07, 4.83688893382e-07, 3.34346623276e-07, 2.51930913464e-07, 4.63139393503e-08, 3.9140623187e-08, 6.54571650216e-08, 1.89996889333e-08, 4.20413783786e-08, 5.38653566196e-09, 1.95466345332e-08, 5.83488013461e-09, 6.24770857272e-09, 6.89985790725e-10, 1.74393310903e-09, 1.51458301456e-09, 6.80074552228e-10, 7.40019823198e-10, 4.18417345216e-09, 4.76959938212e-09, 7.43860029129e-10, 3.04265640461e-10, 2.12055911025e-11, 2.27544632442e-11, 4.29067762223e-12, 1.79870197512e-13, 6.63018427595e-15, 1.13602708927e-16, 1.30707043754e-17, 4.03099629517e-18, 2.22719289829e-18, 2.33903081903e-18, 1.58045274077e-18, 4.67027563252e-20],
        "max": [0.000394689879613, 0.00777950603515, 0.0155405029655, 0.100639656186, 0.0722597539425, 0.0186840221286, 0.0107809603214, 0.0117213279009, 0.0125901065767, 0.0111260134727, 0.00741693144664, 0.00427227746695, 0.00704225013033, 0.00341583765112, 0.00547926174477, 0.00190762348939, 0.00522375758737, 0.000979354954325, 0.00187283591367, 0.000440867792349, 0.000464818062028, 0.000561416498385, 0.000449097220553, 0.00047892157454, 0.00181529996917, 0.00137249729596, 0.000465374905616, 0.000267542607617, 0.000102871366835, 0.000152585460455, 5.56287341169e-05, 9.93740195554e-06, 2.46487638833e-06, 2.13967680907e-07, 6.34972394664e-08, 3.44784716333e-08, 2.80415459741e-08, 2.97544069383e-08, 2.44776838798e-08, 3.70852659692e-09],
        "mean": [1.22632254715e-05, 0.000247154093813, 0.000580243300647, 0.00313521036878, 0.00349601102062, 0.00170971208718, 0.000679604243487, 0.000539604050573, 0.000285651447484, 0.000171588471858, 0.000156165246153, 8.98701837286e-05, 0.00014587341866, 6.24152526143e-05, 4.75031956739e-05, 4.08936757594e-05, 7.80527261668e-05, 4.05153004976e-05, 5.23694943695e-05, 1.53607852553e-05, 1.76054873009e-05, 1.56102905748e-05, 1.02156054709e-05, 1.37890619953e-05, 2.95191020996e-05, 3.15949728247e-05, 9.05975593923e-06, 4.41110205429e-06, 1.52819768573e-06, 9.31361398671e-07, 3.62644584584e-07, 6.40544115527e-08, 1.08751443406e-08, 2.65450816883e-09, 1.22822363391e-09, 4.32758190394e-10, 1.43967296418e-10, 5.22730192465e-11, 3.83079262756e-11, 2.24355967832e-11],