{
"metadata": {
    "version": {
        "essentia": "2.0.1",
        "extractor": "archive-music 1.0 mod ismir14"
    },
    "audio_properties": {
        "analysis_sample_rate": 44100,
        "bitrate": 128,
        "channels": 2,
        "equal_loudness": 0,
        "length": 30.0669155121,
        "replay_gain": -14.8304538727,
        "downmix": "mix"
    },
    "tags": {
        "track": 0,
        "year": 0,
        "album": "",
        "artist": "",
        "comment": "",
        "genre": "",
        "title": ""
    }
},
"rhythm": {
    "bpm": 109.229476929,
    "bpm_histogram_first_peak": 110,
    "bpm_histogram_first_peak_spread": 0.471698105335,
    "bpm_histogram_first_peak_weight": 0.528301894665,
    "bpm_histogram_second_peak": 0,
    "bpm_histogram_second_peak_spread": 0,
    "bpm_histogram_second_peak_weight": 0
},
"tonal": {
    "tuning_frequency": {
        "dmean": 0.024149114266,
        "dmean2": 0.0477289035916,
        "dvar": 0.214905425906,
        "dvar2": 0.758803367615,
        "max": 445.627075195,
        "mean": 434.266174316,
        "median": 434.193115234,
        "min": 432.441040039,
        "var": 0.259267747402
    },
    "hpcp": {
        "dmean": [0.150024831295, 0.19045342505, 0.254153251648, 0.285863369703, 0.216286018491, 0.154850244522, 0.120218753815, 0.140444889665, 0.208936303854, 0.114104226232, 0.129108861089, 0.144881889224],
        "dmean2": [0.285250961781, 0.364107131958, 0.491049349308, 0.54528605938, 0.415587067604, 0.286613643169, 0.225392624736, 0.263009190559, 0.391657501459, 0.217515483499, 0.246053889394, 0.280162781477],
        "dvar": [0.0829518437386, 0.116361707449, 0.149468556046, 0.147743985057, 0.12659676373, 0.0856601819396, 0.0719323158264, 0.0797768458724, 0.101830288768, 0.0712886527181, 0.0776641145349, 0.0901912227273],
        "dvar2": [0.229161903262, 0.31782656908, 0.40733063221, 0.386761635542, 0.332348704338, 0.230215579271, 0.196470558643, 0.219699144363, 0.279188603163, 0.20680129528, 0.231649488211, 0.251792758703],
        "max": [1, 1, 1, 1, 1, 1, 1, 1, 1, 1, 1, 1],
        "mean": [0.115374669433, 0.129355117679, 0.18274782598, 0.246223121881, 0.148338332772, 0.131221011281, 0.0908038020134, 0.121054448187, 0.22194005549, 0.072320997715, 0.0949124395847, 0.0921072438359],
        "median": [0.00717409467325, 0.00345673784614, 0.00581581657752, 0.0220539178699, 0.00303751160391, 0.00938713736832, 0.00241341697983, 0.00478983856738, 0.0235923547298, 0.00205843732692, 0.00467005139217, 0.00308333942667],
        "min": [0, 0, 0, 0, 0, 0, 0, 0, 0, 0, 0, 0],
        "var": [0.0675358623266, 0.0858033373952, 0.122679144144, 0.144219309092, 0.100026316941, 0.0783829689026, 0.0584485605359, 0.0752448365092, 0.123917303979, 0.0458722487092, 0.0577284097672, 0.0601677559316]
    }
},
"lowlevel": {
    "melbands": {
        "dmean": [0.00175345188472, 0.00553488265723, 0.00511843059212, 0.00214472366497, 0.000916056858841, 0.000600898521952, 0.000357375945896, 0.000332339608576, 0.00043273952906, 0.000322031031828, 7.39740862628e-05, 8.61422158778e-05, 5.66050402995e-05, 5.03967785335e-05, 5.56445884285e-05, 5.69199728488e-05, 6.24204767519e-05, 4.99773086631e-05, 2.64117934421e-05, 5.22355949215e-05, 2.43353133556e-05, 1.67245925695e-05, 2.00599588425e-05, 1.16587862067e-05, 6.57104192214e-06, 4.62503021481e-06, 2.58887189375e-06, 1.81067446192e-06, 1.9516098746e-06, 1.45335616253e-06, 1.21565244626e-06, 1.16881631129e-06, 1.06843731373e-06, 7.06576429366e-07, 6.26324379027e-07, 4.16890060251e-07, 2.23322970783e-07, 6.27754772609e-08, 1.43458276369e-08, 1.02935693302e-09],
        "dmean2": [0.00289608235471, 0.00933542475104, 0.00853108242154, 0.00353826954961, 0.00150668353308, 0.00104525196366, 0.000608244910836, 0.000503177870996, 0.000628214736935, 0.000474221655168, 0.000108774329419, 0.000127790379338, 8.48243143992e-05, 7.34397326596e-05, 8.12371799839e-05, 8.404518303e-05, 9.87320890999e-05, 7.55779255996e-05, 3.90018540202e-05, 7.74884538259e-05, 3.73848197341e-05, 2.60186880041e-05, 3.14591015922e-05, 1.89203092305e-05, 1.04626624307e-05, 7.43048303775e-06, 4.25978578278e-06, 2.98530062537e-06, 3.16877390105e-06, 2.3933898774e-06, 1.91785102288e-06, 1.89706975107e-06, 1.71918259184e-06, 1.0696226127e-06, 9.89802401818e-07, 6.41767826437e-07, 3.44877065572e-07, 9.13406807967e-08, 2.13388915427e-08, 1.50377199581e-09],
        "dvar": [1.86020170077e-05, 4.36706613982e-05, 2.83905847027e-05, 8.26908399176e-06, 1.63325989888e-06, 9.89142108665e-07, 3.05383395016e-07, 4.19906200477e-07, 7.76485080678e-07, 6.45764089313e-07, 3.03141263203e-08, 6.22021190111e-08, 2.31004317897e-08, 2.25010854393e-08, 2.734507909e-08, 2.46464573195e-08, 3.11864738478e-08, 1.56455506328e-08, 4.69300021066e-09, 4.92194480728e-08, 3.24387783301e-09, 1.72641245744e-09, 2.76866929383e-09, 8.79563477607e-10, 1.6849383e-10, 1.68064145933e-10, 3.61342067379e-11, 2.02888348483e-11, 2.21131047501e-11, 1.6381574916e-11, 1.08880517449e-11, 1.09266961798e-11, 9.77066431235e-12, 4.31168902665e-12, 6.82006231004e-12, 4.24108664854e-12, 2.8817768484e-12, 9.15427672901e-14, 4.26196994092e-15, 3.42142878652e-17],
        "dvar2": [3.87689688068e-05, 0.000131488937768, 8.22649453767e-05, 2.08945366467e-05, 4.29745978181e-06, 3.07078062178e-06, 8.56434724028e-07, 8.77183765624e-07, 1.54045596901e-06, 1.20467905163e-06, 5.80778838355e-08, 1.18311781705e-07, 4.69647680745e-08, 4.46995862546e-08, 5.08496924567e-08, 5.4865285648e-08, 8.03734963029e-08, 3.54507463385e-08, 9.9786365837e-09, 1.18684084782e-07, 7.44768957617e-09, 4.33884883577e-09, 7.59879714707e-09, 2.47562992328e-09, 4.22885532148e-10, 4.46373965568e-10, 8.9046096885e-11, 5.15994642847e-11, 5.76888294079e-11, 4.05953083649e-11, 2.46091931555e-11, 2.7171414424e-11, 2.41310686711e-11, 9.53903969703e-12, 1.56193964013e-11, 1.07846917161e-11, 6.90076207982e-12, 1.84386414557e-13, 9.59123697076e-15, 6.11631109207e-17],
        "max": [0.0662614405155, 0.0679539442062, 0.0457674488425, 0.0329673439264, 0.0127671267837, 0.0125248432159, 0.00730203883722, 0.0125694032758, 0.0217279139906, 0.0183659344912, 0.007500694599, 0.00883627962321, 0.00461541721597, 0.0039810766466, 0.00394486123696, 0.0029295226559, 0.00340451672673, 0.00266506453045, 0.00125111290254, 0.00633702706546, 0.00129613676108, 0.00109592697117, 0.00121836923063, 0.000540351436939, 0.000186995428521, 0.000353246432496, 9.38835801207e-05, 7.73113715695e-05, 8.22008441901e-05, 7.72444691393e-05, 9.7394506156e-05, 7.65842487453e-05, 8.30930803204e-05, 5.85084708291e-05, 0.000105766899651, 9.79592005024e-05, 7.56602385081e-05, 1.6194759155e-05, 3.01277236758e-06, 2.23211088723e-07],
        "mean": [0.00232580443844, 0.00916805490851, 0.00808169413358, 0.00314808916301, 0.00136281980667, 0.00102861202322, 0.000621208222583, 0.000706715567503, 0.000929907546379, 0.000726090569515, 0.000169828141225, 0.000156936439453, 0.000109360604256, 0.000104558450403, 0.000103171594674, 0.000107190084236, 0.000100010853203, 9.60766483331e-05, 5.45456787222e-05, 0.000105711587821, 4.73909822176e-05, 3.16971127177e-05, 4.22346165578e-05, 2.52813752013e-05, 1.24982252601e-05, 8.06083789939e-06, 4.57215446659e-06, 3.24735287904e-06, 3.55620181836e-06, 2.59311946138e-06, 2.1755445232e-06, 2.16006674236e-06, 2.01540797207e-06, 1.42932969993e-06, 1.1626586911e-06, 7.60467457894e-07, 4.30729272693e-07, 1.26332807326e-07, 2.65850328418e-08, 1.22117882473e-09],