{
"metadata": {
    "version": {
        "essentia": "2.0.1",
        "extractor": "archive-music 1.0 mod ismir14"
    },
    "audio_properties": {
        "analysis_sample_rate": 44100,
        "bitrate": 128,
        "channels": 2,
        "equal_loudness": 0,
        "length": 30.0669155121,
        "replay_gain": -12.9652671814,
        "downmix": "mix"
    },
    "tags": {
        "track": 0,
        "year": 0,
        "album": "",
        "artist": "",
        "comment": "",
        "genre": "",
        "title": ""
    }
},
"rhythm": {
    "bpm": 88.2881317139,
    "bpm_histogram_first_peak": 89,
    "bpm_histogram_first_peak_spread": 0.309523820877,
    "bpm_histogram_first_peak_weight": 0.674418628216,
    "bpm_histogram_second_peak": 94,
    "bpm_histogram_second_peak_spread": 0,
    "bpm_histogram_second_peak_weight": 0.0232558138669
},
"tonal": {
    "tuning_frequency": {
        "dmean": 0.0570210106671,
        "dmean2": 0.106173813343,
        "dvar": 0.898322999477,
        "dvar2": 1.99701189995,
        "max": 456.04309082,
        "mean": 434.862060547,
        "median": 433.691802979,
        "min": 432.690917969,
        "var": 23.1146831512
    },
    "hpcp": {
        "dmean": [0.182176977396, 0.161445185542, 0.169914752245, 0.175927862525, 0.140754878521, 0.152781873941, 0.237711966038, 0.2906075418, 0.258747369051, 0.203978732228, 0.269499033689, 0.242537125945],
        "dmean2": [0.336897909641, 0.302834481001, 0.315637022257, 0.321054846048, 0.262590199709, 0.282557308674, 0.435605674982, 0.535364747047, 0.474552035332, 0.381310075521, 0.485805034637, 0.457883149385],
        "dvar": [0.0778155550361, 0.0767424926162, 0.0859868898988, 0.0808442309499, 0.0672781839967, 0.0677483454347, 0.0933689698577, 0.110521152616, 0.104338653386, 0.0920549854636, 0.0927567258477, 0.105871640146],
        "dvar2": [0.21999540925, 0.215295895934, 0.231081783772, 0.217506930232, 0.18395267427, 0.187126815319, 0.250799030066, 0.303272455931, 0.27596822381, 0.247707158327, 0.243664175272, 0.303378880024],
        "max": [1, 1, 1, 1, 1, 1, 1, 1, 1, 1, 1, 1],
        "mean": [0.161049261689, 0.128489762545, 0.137269377708, 0.167514577508, 0.10855011642, 0.132527023554, 0.236633256078, 0.276314437389, 0.246201947331, 0.165022686124, 0.328399211168, 0.174170255661],
        "median": [0.0307260956615, 0.0217723213136, 0.0160935297608, 0.0240214075893, 0.0149093419313, 0.0222962405533, 0.0612394288182, 0.0833891406655, 0.0569182224572, 0.0249472167343, 0.151776269078, 0.0292242895812],
        "min": [0, 0, 0, 0, 0, 0, 0, 0, 0, 0, 0, 0],
        "var": [0.0776268392801, 0.0633341893554, 0.0750108808279, 0.0876443013549, 0.0549328774214, 0.065847992897, 0.112852700055, 0.128162249923, 0.120233170688, 0.0823637992144, 0.131587043405, 0.0872664600611]
    }
},
"lowlevel": {
    "melbands": {
        "dmean": [0.000215248874156, 0.000793497427367, 0.000977028626949, 0.00049546721857, 0.000281811488094, 0.00044053941383, 0.000545998103917, 0.000390248722397, 0.000423967896495, 0.00025609752629, 0.000131105116452, 8.06655807537e-05, 6.32711744402e-05, 4.48802675237e-05, 6.27480549156e-05, 4.1081024392e-05, 4.3461954192e-05, 3.64850639016e-05, 2.83788813249e-05, 2.39020773734e-05, 2.10284924833e-05, 2.03299441637e-05, 2.47406078415e-05, 2.56529983744e-05, 1.95044412976e-05, 1.56627720571e-05, 1.12980687845e-05, 7.5681632552e-06, 4.44846637038e-06, 3.46152637576e-06, 2.51678193308e-06, 1.58974694386e-06, 7.77887521508e-07, 6.1107317606e-07, 5.19194543358e-07, 3.92336232835e-07, 2.55751359646e-07, 1.03661385253e-07, 1.91864835131e-08, 1.00616148746e-09],
        "dmean2": [0.000370104593458, 0.00136568909511, 0.00169443001505, 0.000842131441459, 0.000473791355034, 0.000743940763641, 0.000969367742073, 0.000635941280052, 0.00071368238423, 0.000433834415162, 0.00020391306316, 0.000119272335724, 9.92064888123e-05, 7.01121243765e-05, 9.27302680793e-05, 6.53985771351e-05, 7.05697457306e-05, 5.96868849243e-05, 4.65056764369e-05, 3.97225412598e-05, 3.46204469679e-05, 3.20895924233e-05, 3.96873729187e-05, 4.09669992223e-05, 3.00400843116e-05, 2.5168645152e-05, 1.72900709003e-05, 1.18573834698e-05, 7.35096409699e-06, 5.51900348e-06, 3.98141537516e-06, 2.59623197962e-06, 1.26157306113e-06, 1.01837713373e-06, 8.37023549138e-07, 6.39773304556e-07, 4.15289775901e-07, 1.67702921772e-07, 3.15939061579e-08, 1.69597735855e-09],
        "dvar": [9.08865871452e-08, 1.20123331726e-06, 1.61083994499e-06, 5.91910406911e-07, 1.68205076534e-07, 3.27300369918e-07, 8.70196686265e-07, 9.15075020202e-07, 5.40497808288e-07, 2.44932806481e-07, 8.79195383163e-08, 4.85803433037e-08, 3.98866291107e-08, 1.65776121719e-08, 4.95892287233e-08, 1.13089511089e-08, 1.89052169475e-08, 9.33717991813e-09, 6.76211264761e-09, 6.44507425207e-09, 3.30543303839e-09, 3.11204639836e-09, 3.47702600045e-09, 3.94813071125e-09, 2.33472752242e-09, 1.07233255608e-09, 9.33186639074e-10, 4.64901034336e-10, 9.07346767165e-11, 6.33757213375e-11, 3.70882005662e-11, 1.28996266793e-11, 2.502269442e-12, 1.10688747664e-12, 1.01506726202e-12, 4.68133290379e-13, 2.15490833185e-13, 5.21526893123e-14, 3.15171155267e-15, 4.39799854858e-18],
        "dvar2": [2.64022702368e-07, 3.11731946567e-06, 4.54248402093e-06, 1.70595274085e-06, 4.46441418944e-07, 8.67096730417e-07, 2.47203843173e-06, 2.25967914957e-06, 1.55257043843e-06, 6.76561171531e-07, 2.24449777875e-07, 8.51152606174e-08, 8.89622313593e-08, 3.84191949365e-08, 1.12476179481e-07, 2.73080598134e-08, 4.50296155918e-08, 2.35960371242e-08, 1.79992376559e-08, 1.73291887506e-08, 8.91263507441e-09, 8.42648884003e-09, 9.06721986382e-09, 9.80506076331e-09, 5.47889467128e-09, 2.59085619625e-09, 1.81526205179e-09, 9.65800550645e-10, 2.3172806729e-10, 1.38262859495e-10, 8.25423410178e-11, 3.09241625362e-11, 6.13634533811e-12, 3.00309343365e-12, 2.83378463924e-12, 1.25636838173e-12, 5.73181476241e-13, 1.37748658508e-13, 9.00915000018e-15, 1.25647221306e-17],
        "max": [0.00387479295023, 0.0143544655293, 0.0153763070703, 0.0123828481883, 0.00576311862096, 0.00623366981745, 0.0103124352172, 0.0109818521887, 0.0167474113405, 0.0121250450611, 0.00693247374147, 0.00568118598312, 0.00585916545242, 0.00360147235915, 0.00844984035939, 0.00277275172994, 0.00368718360551, 0.00178305630106, 0.00105924985837, 0.00171537441202, 0.000863542663865, 0.00145598291419, 0.00121559854597, 0.00128280383069, 0.000880735111423, 0.000775126100052, 0.000739807321224, 0.000663831015117, 0.000154606968863, 0.000268491421593, 0.000182754418347, 0.000101332261693, 3.64324259863e-05, 2.06297063414e-05, 1.72636246134e-05, 1.01790337794e-05, 8.49174648465e-06, 4.96415759699e-06, 1.26327097405e-06, 4.30751043723e-08],
        "mean": [0.00025834995904, 0.00107542681508, 0.00127362343483, 0.000725830206648, 0.000378301658202, 0.0006539504393, 0.000655634270515, 0.000505222706124, 0.000769613368902, 0.000442187971203, 0.000283418106847, 0.000157658723765, 0.000110291701276, 7.85720403655e-05, 0.00012040213187, 7.40153700463e-05, 7.55749351811e-05, 6.28646230325e-05, 4.39656905655e-05, 3.90160130337e-05, 3.63416074833e-05, 3.71818605345e-05, 5.6420420151e-05, 6.2405008066e-05, 4.01001998398e-05, 3.40498154401e-05, 2.78823699773e-05, 1.59951978276e-05, 8.52102857607e-06, 7.02432407707e-06, 5.64771244171e-06, 3.47545187651e-06, 1.7125762497e-06, 1.31919853175e-06, 1.19736409943e-06, 8.36939364035e-07, 5.15393651312e-07, 1.99951585955e-07, 3.4697627882e-08, 1.67683966712e-09],