{
"metadata": {
    "version": {
        "essentia": "2.0.1",
        "extractor": "archive-music 1.0 mod ismir14"
    },
    "audio_properties": {
        "analysis_sample_rate": 44100,
        "bitrate": 128,
        "channels": 2,
        "equal_loudness": 0,
        "length": 30.0669155121,
        "replay_gain": -13.4323310852,
        "downmix": "mix"
    },
    "tags": {
        "track": 0,
        "year": 0,
        "album": "",
        "artist": "",
        "comment": "",
        "genre": "",
        "title": ""
    }
},
"rhythm": {
    "bpm": 90.2956161499,
    "bpm_histogram_first_peak": 91,
    "bpm_histogram_first_peak_spread": 0.341463446617,
    "bpm_histogram_first_peak_weight": 0.62790697813,
    "bpm_histogram_second_peak": 83,
    "bpm_histogram_second_peak_spread": 0.5,
    "bpm_histogram_second_peak_weight": 0.0232558138669
},
"tonal": {
    "tuning_frequency": {
        "dmean": 0.127242222428,
        "dmean2": 0.240479558706,
        "dvar": 1.89332342148,
        "dvar2": 4.3044719696,
        "max": 456.04309082,
        "mean": 444.125091553,
        "median": 443.316436768,
        "min": 431.443084717,
        "var": 52.1528129578
    },
    "hpcp": {
        "dmean": [0.207423046231, 0.16613817215, 0.190633028746, 0.156374022365, 0.147596806288, 0.181938439608, 0.193321436644, 0.222374811769, 0.253912240267, 0.180572018027, 0.185669481754, 0.190762072802],
        "dmean2": [0.37967941165, 0.31391581893, 0.35497251153, 0.291992992163, 0.272886365652, 0.334057211876, 0.360435634851, 0.412985235453, 0.469790160656, 0.345974177122, 0.347852498293, 0.362052857876],
        "dvar": [0.0917532891035, 0.0927128866315, 0.0976160913706, 0.0786481052637, 0.0678839385509, 0.0880384221673, 0.101608380675, 0.107837758958, 0.11747700721, 0.102686360478, 0.0946019440889, 0.098928399384],
        "dvar2": [0.251608937979, 0.250864028931, 0.278647840023, 0.226168781519, 0.187587887049, 0.238289564848, 0.271452724934, 0.285835206509, 0.306925356388, 0.292822957039, 0.277384638786, 0.287794709206],
        "max": [1, 1, 1, 1, 1, 1, 1, 1, 1, 1, 1, 1],
        "mean": [0.18985798955, 0.134384140372, 0.160964310169, 0.132269188762, 0.121800564229, 0.171349331737, 0.166249349713, 0.205562710762, 0.261960476637, 0.122222431004, 0.138028129935, 0.137051358819],
        "median": [0.0390924736857, 0.0141860255972, 0.020955843851, 0.0151961119846, 0.0181395355612, 0.0216514393687, 0.0151078514755, 0.0335582345724, 0.0484169088304, 0.010233303532, 0.0166815035045, 0.0161938462406],
        "min": [0, 0, 0, 0, 0, 0, 0, 0, 0, 0, 0, 0],
        "var": [0.0947939455509, 0.079447619617, 0.088419213891, 0.071927241981, 0.0586156882346, 0.0935097262263, 0.0982529297471, 0.109230868518, 0.138565421104, 0.0733547210693, 0.0748273134232, 0.0768341049552]
    }
},
"lowlevel": {
    "melbands": {
        "dmean": [0.00074982480146, 0.00247827172279, 0.00121386745013, 0.000471885869047, 0.000332685245667, 0.000253889331361, 0.000279869040241, 0.000313029187964, 0.000454498396721, 0.000311420182697, 0.000142207398312, 0.000158709168318, 0.000139925730764, 9.61735131568e-05, 0.000137863054988, 0.000135588110425, 3.24662760249e-05, 2.49679487752e-05, 1.45891008287e-05, 1.75480727194e-05, 2.73788609775e-05, 2.03751205845e-05, 3.51597518602e-05, 2.49116346822e-05, 1.45540143421e-05, 1.71779702214e-05, 1.32343466248e-05, 8.05094532552e-06, 3.88593844036e-06, 3.21269362757e-06, 1.73109026491e-06, 8.37299921841e-07, 4.89369142542e-07, 3.90800977357e-07, 3.56071950591e-07, 3.14062418738e-07, 1.62761907063e-07, 1.08237401264e-07, 3.01818694481e-08, 2.73924083416e-09],
        "dmean2": [0.00123232544865, 0.00449936417863, 0.00212796474807, 0.000801685091574, 0.000571368436795, 0.000433241191786, 0.000464899319923, 0.000489713798743, 0.000667956192046, 0.000426513201091, 0.000210471116588, 0.00022095006716, 0.00018440693384, 0.000152279200847, 0.000203550211154, 0.000195103915757, 4.69730402983e-05, 3.74211158487e-05, 2.33512491832e-05, 2.80396543531e-05, 4.44011275249e-05, 3.32316813001e-05, 5.60646767553e-05, 3.72557406081e-05, 2.18173663598e-05, 2.71611716016e-05, 1.96082764887e-05, 1.19278647617e-05, 5.96081008553e-06, 4.8263464123e-06, 2.6761740628e-06, 1.33523406021e-06, 7.9542627418e-07, 6.27988470114e-07, 5.70820816392e-07, 5.09092274115e-07, 2.60248526729e-07, 1.76737643187e-07, 4.76177675068e-08, 4.57861437653e-09],
        "dvar": [6.50522054002e-07, 8.19272918307e-06, 1.80928304871e-06, 4.5777025548e-07, 5.29199382981e-07, 1.90492798424e-07, 2.26141480653e-07, 3.66749674185e-07, 8.34110096548e-07, 1.01879584236e-06, 2.92942843316e-07, 2.19069761442e-07, 1.34123112616e-07, 9.29647256953e-08, 1.36457302347e-07, 1.69007719819e-07, 8.85548967489e-09, 4.2074708162e-09, 6.2187582861e-10, 8.83631057214e-10, 3.26132254536e-09, 2.04847316887e-09, 6.07453065626e-09, 2.87107804198e-09, 8.50625903048e-10, 1.11234910172e-09, 8.12845624143e-10, 2.91818430531e-10, 6.40379069217e-11, 5.31829164041e-11, 1.3637139161e-11, 2.4416933319e-12, 5.89805873412e-13, 3.30101451815e-13, 3.50246687122e-13, 2.09504234707e-13, 6.51395034917e-14, 3.23327519272e-14, 2.83242777716e-15, 2.82552754237e-17],
        "dvar2": [1.82293547368e-06, 2.72183933703e-05, 5.26069607076e-06, 1.18643606584e-06, 1.486610131e-06, 5.2825464536e-07, 5.95356937083e-07, 8.50812284625e-07, 1.64793891599e-06, 1.78739026069e-06, 4.95799838518e-07, 3.41652111047e-07, 2.18856712308e-07, 2.19610711838e-07, 2.40353102754e-07, 2.90449236218e-07, 1.15637304177e-08, 8.66811511457e-09, 1.44634182409e-09, 2.16805196018e-09, 8.01810440265e-09, 5.3923865373e-09, 1.59821844647e-08, 5.84453330177e-09, 1.84419157723e-09, 2.8107862704e-09, 1.67655200833e-09, 5.64187863095e-10, 1.24949689484e-10, 1.0339151757e-10, 3.06082034718e-11, 5.99680721747e-12, 1.47870279389e-12, 7.78637787927e-13, 8.12698161805e-13, 5.01172833702e-13, 1.52238004104e-13, 8.3532918809e-14, 6.09559044272e-15, 7.29148129437e-17],
        "max": [0.00836683809757, 0.0246424227953, 0.0127069326118, 0.00886823702604, 0.0113105839118, 0.00622065132484, 0.0101472148672, 0.0104099959135, 0.0179230012, 0.0196318905801, 0.0253720842302, 0.0169980600476, 0.0147651359439, 0.00780737306923, 0.00879568234086, 0.0123438602313, 0.00452103884891, 0.00168717687484, 0.000418516050559, 0.000361643993529, 0.000906037574168, 0.000702606514096, 0.00116964895278, 0.000857296166942, 0.000587104819715, 0.000533228449058, 0.000528924923856, 0.000306492409436, 0.000160553216119, 0.000147645056131, 7.16184222256e-05, 3.95416900574e-05, 1.13344831334e-05, 9.62531612458e-06, 1.11029848995e-05, 6.71830321153e-06, 5.68986752114e-06, 3.47377954313e-06, 1.05254298433e-06, 1.16686045715e-07],
        "mean": [0.00127959053498, 0.00344245391898, 0.00180678919423, 0.000676661322359, 0.000439215829829, 0.000380050565582, 0.000440289877588, 0.000592682918068, 0.000895956240129, 0.000603687367402, 0.000235080486163, 0.000268889853032, 0.000312632706482, 0.000144974634168, 0.000230052930419, 0.000246008305112, 6.09810667811e-05, 4.24270037911e-05, 2.55851755355e-05, 3.00216925098e-05, 4.42773671239e-05, 3.41394661518e-05, 5.69927760807e-05, 4.50968327641e-05, 2.79563209915e-05, 3.08851595037e-05, 2.50072043855e-05, 1.50916512212e-05, 7.38672952139e-06, 5.79240895604e-06, 3.10932227876e-06, 1.61281764122e-06, 9.68250219557e-07, 8.37330901504e-07, 7.49317734972e-07, 6.42563179554e-07, 3.4944613958e-07, 2.31947936413e-07, 6.82350176362e-08, 4.84862416883e-09],