{
"metadata": {
    "version": {
        "essentia": "2.0.1",
        "extractor": "archive-music 1.0 mod ismir14"
    },
    "audio_properties": {
        "analysis_sample_rate": 44100,
        "bitrate": 32,
        "channels": 2,
        "equal_loudness": 0,
        "length": 30.0408172607,
        "replay_gain": -10.0465621948,
        "downmix": "mix"
    },
    "tags": {
        "track": 0,
        "year": 0,
        "album": "",
        "artist": "",
        "comment": "",
        "genre": "",
        "title": ""
    }
},
"rhythm": {
    "bpm": 172.265594482,
    "bpm_histogram_first_peak": 172,
    "bpm_histogram_first_peak_spread": 0,
    "bpm_histogram_first_peak_weight": 0.529411792755,
    "bpm_histogram_second_peak": 178,
    "bpm_histogram_second_peak_spread": 0,
    "bpm_histogram_second_peak_weight": 0.282352954149
},
"tonal": {
    "tuning_frequency": {
        "dmean": 0.0124102933332,
        "dmean2": 0.0218502059579,
        "dvar": 0.0154346507043,
        "dvar2": 0.0293216165155,
        "max": 435.700531006,
        "mean": 434.235778809,
        "median": 434.193115234,
        "min": 434.193115234,
        "var": 0.0600890405476
    },
    "hpcp": {
        "dmean": [0.120241992176, 0.202889785171, 0.186554059386, 0.278490960598, 0.0469637364149, 0.147782087326, 0.158531069756, 0.280487686396, 0.0951708480716, 0.103955976665, 0.26208153367, 0.0857091620564],
        "dmean2": [0.214978069067, 0.377476364374, 0.322009801865, 0.490640252829, 0.0860602408648, 0.261392265558, 0.278973013163, 0.497767955065, 0.170779287815, 0.181043639779, 0.478116303682, 0.15422154963],
        "dvar": [0.0474589429796, 0.0726176574826, 0.0560339987278, 0.111230947077, 0.0147981317714, 0.0743791460991, 0.0828145518899, 0.119032494724, 0.0415851175785, 0.0408703796566, 0.0960443541408, 0.0225951503962],
        "dvar2": [0.122069112957, 0.155222043395, 0.147267878056, 0.253837555647, 0.0431989990175, 0.167731299996, 0.18491384387, 0.31388220191, 0.117517128587, 0.108010217547, 0.192903608084, 0.0660129487514],
        "max": [1, 1, 1, 1, 0.804182171822, 1, 1, 1, 1, 1, 1, 1],
        "mean": [0.09997433424, 0.239367589355, 0.171084791422, 0.396872103214, 0.0360503830016, 0.150544121861, 0.183241680264, 0.235188961029, 0.0683045759797, 0.0815606042743, 0.383116841316, 0.0693687051535],
        "median": [0.0292533822358, 0.105261333287, 0.0728904157877, 0.175902351737, 0.00676269084215, 0.0306738559157, 0.0111269308254, 0.0461438447237, 0.011660524644, 0.0171076413244, 0.189621567726, 0.0228369887918],
        "min": [0.000774746236857, 0.00313145713881, 0.000961915298831, 0.000129623149405, 6.39222780592e-05, 0.000663152139168, 7.31783511583e-05, 0.000277708895737, 0.000255735707469, 0.000116036251711, 0.000222410162678, 0.000351478083758],
        "var": [0.0393694527447, 0.102214932442, 0.0578677095473, 0.171278625727, 0.00987458694726, 0.0850932821631, 0.114558205009, 0.119817115366, 0.0299622118473, 0.0324767976999, 0.153751343489, 0.0166873559356]
    }
},
"lowlevel": {
    "melbands": {
        "dmean": [3.19523508097e-07, 1.40606452987e-05, 1.79988237505e-05, 0.000198466455913, 0.000154648761963, 7.96740641817e-05, 3.80439887522e-05, 3.2908796129e-05, 2.09150093724e-05, 1.56316436914e-05, 1.37998522405e-05, 8.98626512935e-06, 1.37575671033e-05, 5.18844763064e-06, 4.3926042963e-06, 3.1903098261e-06, 6.97374252923e-06, 2.82907240035e-06, 3.78223103326e-06, 8.68588358571e-07, 1.11393285351e-06, 9.60665033745e-07, 6.8967574407e-07, 1.08842391455e-06, 2.52307381743e-06, 3.01396062241e-06, 6.45469810934e-07, 3.64906270534e-07, 1.56661357664e-07, 1.10740636217e-07, 4.32875779666e-08, 6.63681776203e-09, 1.33042632466e-09, 2.9206020935e-10, 7.55753515325e-11, 3.69892831642e-11, 2.00059066535e-11, 7.12813055109e-12, 2.60323988928e-12, 1.79561855836e-12],
        "dmean2": [5.1019469538e-07, 2.44253424171e-05, 2.95094960165e-05, 0.000339312973665, 0.000263737747446, 0.000137419978273, 6.55593830743e-05, 5.6074342865e-05, 3.89113411075e-05, 2.94836427202e-05, 2.62638932327e-05, 1.72127911355e-05, 2.64532955043e-05, 9.79780452326e-06, 8.24376365927e-06, 5.97232610744e-06, 1.2930480807e-05, 4.99687075717e-06, 6.89863099979e-06, 1.5275657006e-06, 1.92866332327e-06, 1.71414399119e-06, 1.24694008719e-06, 1.91373737835e-06, 4.56911175206e-06, 5.68760242459e-06, 1.15259490485e-06, 6.6118752784e-07, 2.95664762007e-07, 2.10773052345e-07, 8.55374935327e-08, 1.2719739928e-08, 2.60104759953e-09, 5.64271684933e-10, 1.40755962441e-10, 6.88463383525e-11, 3.46740275381e-11, 1.1360413478e-11, 3.29082898085e-12, 1.94690184113e-12],
        "dvar": [1.3334010274e-13, 1.54528012608e-09, 5.49611023359e-10, 2.77128151538e-07, 2.85430772351e-08, 6.28988017226e-09, 1.93298466122e-09, 2.48704301598e-09, 3.0328133338e-09, 1.18079979128e-09, 1.20534315862e-09, 6.66531163596e-10, 1.77437975424e-09, 1.50273779531e-10, 1.70863642679e-10, 4.22433130143e-11, 6.40630659632e-10, 1.99377198778e-11, 5.63722089841e-11, 1.56076920051e-12, 2.3671370853e-12, 1.66780185582e-12, 1.9004129867e-12, 2.71338377114e-12, 3.48990315813e-11, 5.90310439419e-11, 8.40339191462e-13, 4.58480801067e-13, 1.37816407592e-13, 1.25934554668e-13, 3.35786459131e-14, 5.07347218538e-16, 5.18460859906e-17, 1.06216670135e-18, 2.00595337512e-20, 9.6009472372e-21, 2.23312027422e-21, 2.79569502776e-22, 2.57906549282e-22, 2.06403499476e-22],
        "dvar2": [3.17477218559e-13, 3.17179438269e-09, 1.33647337641e-09, 7.3486586416e-07, 7.83910465429e-08, 1.78874444146e-08, 5.21585308277e-09, 5.6527817982e-09, 8.63562998887e-09, 3.58880458684e-09, 3.69064445671e-09, 1.99945326962e-09, 5.24819920855e-09, 4.42441416837e-10, 5.12362763327e-10, 1.18529103199e-10, 1.91620519452e-09, 5.61240394437e-11, 1.62732008424e-10, 4.48069272657e-12, 6.51824991552e-12, 4.77509091296e-12, 5.52736849346e-12, 7.75177318169e-12, 1.02950932501e-10, 1.76018435938e-10, 2.20374283058e-12, 1.29918818759e-12, 3.89163202531e-13, 3.56935211639e-13, 1.00624410605e-13, 1.48777197312e-15, 1.54462426867e-16, 3.33569101972e-18, 5.66974536509e-20, 2.83181631481e-20, 6.31886299155e-21, 3.45910079576e-22, 2.80046403903e-22, 1.99833474582e-22],
        "max": [2.49818799603e-06, 0.000394107599277, 0.00019123769016, 0.00521174632013, 0.00114058225881, 0.000475992506836, 0.000220242363866, 0.000379088276532, 0.000369788263924, 0.000206199256354, 0.000191766244825, 0.000153518631123, 0.000315544166369, 8.1704594777e-05, 9.10946037038e-05, 5.81976346439e-05, 0.000231130630709, 3.23188214679e-05, 7.0559210144e-05, 1.14496933747e-05, 9.70346718532e-06, 6.9270977292e-06, 8.75897239894e-06, 8.74362103787e-06, 3.98063348257e-05, 6.13251249888e-05, 4.42964437752e-06, 3.81679592465e-06, 2.63046786131e-06, 2.95414588436e-06, 1.66568997884e-06, 2.02220419965e-07, 6.51806786323e-08, 7.11864212022e-09, 9.40437727692e-10, 8.70688965371e-10, 4.14184492259e-10, 1.78533965389e-10, 1.71265862603e-10, 1.66469574236e-10],
        "mean": [4.63775421622e-07, 1.90342670976e-05, 2.61265322479e-05, 0.000222855320317, 0.000205916585401, 9.77823438006e-05, 3.78191289201e-05, 3.71832247765e-05, 1.6383937691e-05, 1.1095775335e-05, 1.03052580016e-05, 5.77466153118e-06, 9.80007098406e-06, 3.57663179784e-06, 3.22489700011e-06, 2.45699811785e-06, 5.29255612491e-06, 2.51365531767e-06, 3.52172764906e-06, 9.59734279604e-07, 1.11421536531e-06, 9.57084694164e-07, 6.47019476219e-07, 8.86230395736e-07, 1.9561703084e-06, 2.18449008571e-06, 5.58274393825e-07, 2.82245764538e-07, 1.04445788907e-07, 6.7840453255e-08, 2.68910049783e-08, 4.32969571307e-09, 7.94307175589e-10, 2.13328119059e-10, 8.23381848813e-11, 3.74431978478e-11, 1.86055736789e-11, 6.9793355123e-12, 2.42746621415e-12, 1.7862763135e-12],