{
"metadata": {
    "version": {
        "essentia": "2.0.1",
        "extractor": "archive-music 1.0 mod ismir14"
    },
    "audio_properties": {
        "analysis_sample_rate": 44100,
        "bitrate": 64,
        "channels": 2,
        "equal_loudness": 0,
        "length": 30.0669155121,
        "replay_gain": -13.0022926331,
        "downmix": "mix"
    },
    "tags": {
        "track": 0,
        "year": 0,
        "album": "",
        "artist": "",
        "comment": "",
        "genre": "",
        "title": ""
    }
},
"rhythm": {
    "bpm": 88.3269577026,
    "bpm_histogram_first_peak": 89,
    "bpm_histogram_first_peak_spread": 0.333333313465,
    "bpm_histogram_first_peak_weight": 0.651162803173,
    "bpm_histogram_second_peak": 94,
    "bpm_histogram_second_peak_spread": 0,
    "bpm_histogram_second_peak_weight": 0.0232558138669
},
"tonal": {
    "tuning_frequency": {
        "dmean": 0.165430516005,
        "dmean2": 0.23596778512,
        "dvar": 1.87129724026,
        "dvar2": 2.32311534882,
        "max": 450.544708252,
        "mean": 442.447601318,
        "median": 444.085327148,
        "min": 435.448913574,
        "var": 4.18995046616
    },
    "hpcp": {
        "dmean": [0.21589384973, 0.150191441178, 0.228986620903, 0.25034558773, 0.121315270662, 0.225595355034, 0.24870185554, 0.270607143641, 0.194178760052, 0.105439431965, 0.236393228173, 0.0809427797794],
        "dmean2": [0.370183318853, 0.268571823835, 0.419692277908, 0.435051351786, 0.212832406163, 0.374016016722, 0.428078174591, 0.470247924328, 0.338186889887, 0.186430379748, 0.410967707634, 0.149173006415],
        "dvar": [0.0410286560655, 0.0287923924625, 0.0580943077803, 0.057724840939, 0.0304573252797, 0.0641167759895, 0.0626410543919, 0.0465934462845, 0.0487875454128, 0.0203207395971, 0.0573777928948, 0.0147079452872],
        "dvar2": [0.0998990312219, 0.0786445438862, 0.158090025187, 0.173159360886, 0.0842158645391, 0.148913666606, 0.140327364206, 0.130926162004, 0.130485475063, 0.048709962517, 0.147310987115, 0.0427141822875],
        "max": [1, 1, 1, 1, 1, 1, 1, 1, 1, 1, 1, 1],
        "mean": [0.299491971731, 0.172730222344, 0.23647595942, 0.30894073844, 0.133400171995, 0.318771094084, 0.350975215435, 0.392061710358, 0.251873195171, 0.130570411682, 0.783689975739, 0.0980576872826],
        "median": [0.234620451927, 0.110139541328, 0.141790300608, 0.213528349996, 0.0799073800445, 0.150417178869, 0.258812785149, 0.324818879366, 0.127575978637, 0.0774347633123, 0.968824505806, 0.0707805454731],
        "min": [0.018672702834, 0.00544826220721, 0.00573413120583, 0.00610684463754, 0.00314302532934, 0.025563519448, 0.00790809560567, 0.00831580907106, 0.0101491250098, 0.00365318846889, 0.10758613795, 0.00454722344875],
        "var": [0.0639327093959, 0.0341900773346, 0.0644006431103, 0.0741280168295, 0.0284318886697, 0.107672952116, 0.0957003682852, 0.0849979892373, 0.0737803131342, 0.0251292120665, 0.0754090324044, 0.010711603798]
    }
},
"lowlevel": {
    "melbands": {
        "dmean": [1.42986900755e-05, 6.53636307106e-05, 5.66007729503e-05, 3.75967465516e-05, 1.63625336427e-05, 2.8281880077e-05, 3.05110243062e-05, 3.80160090572e-05, 4.29906940553e-05, 2.42963924393e-05, 1.66950740095e-05, 1.08491767605e-05, 9.52706614044e-06, 5.28853979631e-06, 8.80107836565e-06, 5.24810002389e-06, 6.3977931859e-06, 3.87376576327e-06, 2.87804391519e-06, 3.01819545712e-06, 2.27349050874e-06, 2.43797421717e-06, 3.95810138798e-06, 4.09470067098e-06, 2.54138512901e-06, 1.65890969583e-06, 1.6150556803e-06, 9.91286924545e-07, 4.47563252237e-07, 4.23655620807e-07, 3.45405226199e-07, 1.7380379802e-07, 7.9623546867e-08, 5.35025428405e-08, 4.73288359615e-08, 3.24505116112e-08, 1.87337416691e-08, 8.7047435926e-09, 1.61472824001e-09, 7.177624467e-11],
        "dmean2": [2.55754948739e-05, 0.000124981917907, 0.000103165184555, 6.69010041747e-05, 2.97566330119e-05, 5.07289441884e-05, 5.62625900784e-05, 6.82132376824e-05, 7.10569074727e-05, 4.35478395957e-05, 2.89411036647e-05, 1.98636880668e-05, 1.69634458871e-05, 9.48095021158e-06, 1.60487397807e-05, 9.52229493123e-06, 1.16656892715e-05, 6.96148526913e-06, 5.19234799867e-06, 5.21610627402e-06, 4.00541966883e-06, 4.21919048677e-06, 7.19116451364e-06, 6.80036691847e-06, 4.55569943369e-06, 2.86723229692e-06, 2.68328335551e-06, 1.67548796526e-06, 7.57652742323e-07, 7.33406182007e-07, 6.01497333719e-07, 2.95656690241e-07, 1.34911957161e-07, 9.26587873096e-08, 7.81935014516e-08, 5.48909184772e-08, 3.34200507268e-08, 1.53112278412e-08, 2.89333379477e-09, 1.28210053685e-10],
        "dvar": [4.1227676828e-10, 4.99011987287e-09, 3.31783045482e-09, 2.49087550586e-09, 2.66066113586e-10, 5.95329230357e-10, 8.08583755507e-10, 1.57088153596e-09, 7.01074931442e-09, 4.41260183948e-09, 5.54405743536e-10, 6.53338938505e-10, 5.49143175377e-10, 1.06245692799e-10, 3.33717220524e-10, 8.86686696289e-11, 2.23299059798e-10, 5.82659892556e-11, 1.70138833577e-11, 4.76913925018e-11, 1.03245077418e-11, 1.1848235934e-11, 4.5333833909e-11, 4.2598560096e-11, 1.857899945e-11, 7.52661821757e-12, 9.2490130138e-12, 4.29407074135e-12, 4.08343714745e-13, 6.66770675131e-13, 4.442466089e-13, 9.08709752953e-14, 1.43387905716e-14, 7.44106246888e-15, 4.93649912275e-15, 1.45642434253e-15, 4.74208166207e-16, 6.01534211778e-17, 2.35207545729e-18, 7.30534332278e-21],
        "dvar2": [1.05228137315e-09, 1.59138693334e-08, 9.23938525688e-09, 6.74038158621e-09, 7.39350469736e-10, 1.94760985117e-09, 2.1100798886e-09, 4.30622737468e-09, 1.53375712131e-08, 1.25029737674e-08, 1.36504130221e-09, 1.84647730439e-09, 1.51987100683e-09, 3.00715424784e-10, 1.01672303909e-09, 2.54154725043e-10, 6.30128171863e-10, 1.51217524613e-10, 4.59440367695e-11, 1.25525867478e-10, 2.2796414062e-11, 3.37860746324e-11, 1.33729527452e-10, 1.16717940868e-10, 4.47213620303e-11, 2.06347872816e-11, 2.25383479241e-11, 1.11911643147e-11, 1.02284435262e-12, 1.65880113465e-12, 1.14492183095e-12, 2.45588271941e-13, 3.43088391356e-14, 1.80616020187e-14, 9.99669809009e-15, 3.07379701526e-15, 1.13235747784e-15, 1.55496032056e-16, 5.42584242439e-18, 2.12891635811e-20],
        "max": [0.000137623181217, 0.000438931660028, 0.000280422711512, 0.000293459976092, 0.000112892019388, 0.00014050421305, 0.000137800510856, 0.000169883220224, 0.000864341622218, 0.000542747147847, 0.00015347902081, 0.000157824921189, 0.000141448763316, 6.27362605883e-05, 0.000112303445349, 5.25418327015e-05, 9.70618712017e-05, 7.14096822776e-05, 2.16448333958e-05, 6.03793923801e-05, 2.12826344068e-05, 2.32040310948e-05, 3.45172338712e-05, 4.75597989862e-05, 2.92950462608e-05, 1.72224263224e-05, 2.50119355769e-05, 1.28608007799e-05, 5.13139093528e-06, 7.16112526788e-06, 4.00146291213e-06, 1.72259592546e-06, 8.30299484278e-07, 7.2485624969e-07, 6.47430852041e-07, 3.02695099208e-07, 1.62892774824e-07, 5.86549546711e-08, 1.23684964493e-08, 5.55372414723e-10],
        "mean": [1.87871537491e-05, 7.43367854739e-05, 7.94175721239e-05, 4.12879344367e-05, 2.25654803216e-05, 4.10357861256e-05, 4.10853390349e-05, 3.14201133733e-05, 4.86141943838e-05, 2.49872737186e-05, 1.94448748516e-05, 8.88840168045e-06, 7.27122551325e-06, 4.8198658078e-06, 7.69427151681e-06, 4.38501683675e-06, 4.94457481182e-06, 3.89799379263e-06, 2.70564078164e-06, 2.46077638622e-06, 2.18734317059e-06, 2.26888823818e-06, 3.59101954928e-06, 3.78288950742e-06, 2.47126877184e-06, 2.05334981729e-06, 1.65836308952e-06, 9.5723942195e-07, 5.32717820079e-07, 4.46183690883e-07, 3.60066934491e-07, 2.19223664999e-07, 1.09536593129e-07, 8.57168558355e-08, 7.82990383641e-08, 5.48081473539e-08, 3.39502719271e-08, 1.3766285889e-08, 2.31948793505e-09, 8.7972649998e-11],