{
"metadata": {
    "version": {
        "essentia": "2.0.1",
        "extractor": "archive-music 1.0 mod ismir14"
    },
    "audio_properties": {
        "analysis_sample_rate": 44100,
        "bitrate": 64,
        "channels": 2,
        "equal_loudness": 0,
        "length": 30.0669155121,
        "replay_gain": -13.4510478973,
        "downmix": "mix"
    },
    "tags": {
        "track": 0,
        "year": 0,
        "album": "",
        "artist": "",
        "comment": "",
        "genre": "",
        "title": ""
    }
},
"rhythm": {
    "bpm": 90.2969741821,
    "bpm_histogram_first_peak": 91,
    "bpm_histogram_first_peak_spread": 0.365853667259,
    "bpm_histogram_first_peak_weight": 0.604651153088,
    "bpm_histogram_second_peak": 83,
    "bpm_histogram_second_peak_spread": 0.5,
    "bpm_histogram_second_peak_weight": 0.0232558138669
},
"tonal": {
    "tuning_frequency": {
        "dmean": 0.28470903635,
        "dmean2": 0.55032479763,
        "dvar": 2.62835907936,
        "dvar2": 5.06719207764,
        "max": 452.37008667,
        "mean": 448.785430908,
        "median": 450.544708252,
        "min": 436.960693359,
        "var": 14.5357704163
    },
    "hpcp": {
        "dmean": [0.280595809221, 0.0749171152711, 0.156862542033, 0.165831878781, 0.378028005362, 0.293655782938, 0.11680932343, 0.310863643885, 0.12897656858, 0.0926566794515, 0.123399674892, 0.141089245677],
        "dmean2": [0.496051579714, 0.122113823891, 0.261019676924, 0.301840901375, 0.668198645115, 0.530982494354, 0.198246434331, 0.516887426376, 0.220602691174, 0.160088524222, 0.214449107647, 0.248252093792],
        "dvar": [0.0968906506896, 0.0082082208246, 0.0378756672144, 0.056257031858, 0.0912060886621, 0.0787136554718, 0.0157271530479, 0.0859754011035, 0.0287286471575, 0.0180218648165, 0.0265953838825, 0.034610491246],
        "dvar2": [0.172852829099, 0.0194995570928, 0.0896677970886, 0.162792727351, 0.240161687136, 0.183118849993, 0.0384299755096, 0.173617497087, 0.0878500342369, 0.051624417305, 0.0714676007628, 0.0953986123204],
        "max": [1, 0.576139092445, 1, 1, 1, 1, 0.7204657197, 1, 1, 1, 1, 1],
        "mean": [0.564511358738, 0.0824646428227, 0.185406908393, 0.150587975979, 0.408837676048, 0.382549345493, 0.130149573088, 0.428399384022, 0.118251167238, 0.0966833010316, 0.120695956051, 0.144811406732],
        "median": [0.577417373657, 0.0577183328569, 0.0977382212877, 0.0721626132727, 0.304812341928, 0.245551526546, 0.0733416751027, 0.288019061089, 0.0713441222906, 0.0679791793227, 0.0697197169065, 0.0866857245564],
        "min": [0.00557600427419, 0.00268098339438, 0.00974333565682, 0.00764543190598, 0.0122917657718, 0.0128312585875, 0.00473656738177, 0.00719911651686, 0.00159169407561, 0.00384841463529, 0.00321564986371, 0.00566014833748],
        "var": [0.157567456365, 0.0100800367072, 0.0465922094882, 0.0504601672292, 0.117648132145, 0.125658750534, 0.0192566849291, 0.14517404139, 0.0246288683265, 0.0146507062018, 0.0240239091218, 0.030538123101]
    }
},
"lowlevel": {
    "melbands": {
        "dmean": [6.55003677821e-05, 0.000167775491718, 4.86053213535e-05, 2.99038747471e-05, 2.77984636341e-05, 1.97673889488e-05, 2.80811455013e-05, 3.81070458388e-05, 6.84328188072e-05, 4.84868542117e-05, 1.8968794393e-05, 2.16009957512e-05, 2.81099710264e-05, 9.43032046052e-06, 1.71208321262e-05, 1.9135644834e-05, 5.20002367921e-06, 3.19754758493e-06, 1.39599649174e-06, 1.66654763234e-06, 3.15939587381e-06, 2.25951612265e-06, 4.18572290073e-06, 3.24510301652e-06, 1.82416022199e-06, 2.17068486563e-06, 1.96761766347e-06, 1.1345390476e-06, 4.93608581564e-07, 4.38501132294e-07, 2.08954887171e-07, 8.64578524329e-08, 4.74575294618e-08, 4.09116722722e-08, 3.4944314109e-08, 2.73585154531e-08, 1.79312458215e-08, 1.13769900167e-08, 3.5499438944e-09, 2.43742442896e-10],
        "dmean2": [0.000104358543467, 0.000277618149994, 8.59408610268e-05, 5.23288108525e-05, 4.92708641104e-05, 3.47756722476e-05, 4.92103281431e-05, 7.01717435732e-05, 0.000124513113406, 8.89988077688e-05, 3.64749248547e-05, 4.00420103688e-05, 5.16155450896e-05, 1.75355653482e-05, 3.06684996758e-05, 3.50021255144e-05, 9.8152213468e-06, 5.91354273638e-06, 2.54587871495e-06, 2.97625547319e-06, 5.74638306716e-06, 4.25819280281e-06, 7.9152341641e-06, 5.97625603405e-06, 3.37213759849e-06, 4.04800812248e-06, 3.65927417079e-06, 2.09564905163e-06, 9.12932193842e-07, 8.25226834422e-07, 3.92539050154e-07, 1.62018736205e-07, 8.81720296775e-08, 7.56914175781e-08, 6.4578465242e-08, 4.89825211503e-08, 3.30367271317e-08, 2.05991703695e-08, 6.43110897869e-09, 4.47091197397e-10],
        "dvar": [2.27200391834e-09, 1.78570651599e-08, 2.80761902616e-09, 5.96044547052e-10, 1.28322241721e-09, 4.37279851218e-10, 2.27912666517e-09, 2.43808906397e-09, 6.72127020707e-09, 9.73642233504e-09, 5.45648681793e-09, 1.16714393705e-09, 2.9759179565e-09, 2.06913569611e-10, 5.52972723167e-10, 9.77544933889e-10, 3.28761434742e-10, 4.4071548494e-11, 2.40911045453e-12, 1.71383968215e-12, 8.65065657996e-12, 5.22586487972e-12, 2.04801921949e-11, 8.42129317669e-12, 2.6031011114e-12, 4.78610553967e-12, 4.00435327258e-12, 1.30339337413e-12, 2.29627867285e-13, 2.11954301224e-13, 4.12275092808e-14, 7.53840180112e-15, 1.7884528934e-15, 1.19521706341e-15, 1.0062530126e-15, 5.97313076025e-16, 2.9300378423e-16, 1.42888581911e-16, 1.33454755769e-17, 7.46165703254e-20],
        "dvar2": [5.67208546798e-09, 4.76638213343e-08, 7.97244226192e-09, 1.69400515837e-09, 3.41696448913e-09, 1.11224318644e-09, 5.89342707968e-09, 7.24522619677e-09, 2.00294891783e-08, 2.63338826301e-08, 1.62881175214e-08, 3.45713613292e-09, 8.16932388403e-09, 6.09167938315e-10, 1.46474532503e-09, 2.5932205272e-09, 9.81729586513e-10, 1.28613716899e-10, 6.75971128031e-12, 4.65974698063e-12, 2.18104145855e-11, 1.41430868753e-11, 5.65607352621e-11, 2.30094172882e-11, 7.39536210048e-12, 1.31142510046e-11, 1.10050900684e-11, 3.59511942785e-12, 6.420567745e-13, 5.86270832229e-13, 1.17290508903e-13, 2.26353190477e-14, 5.54048231854e-15, 3.31782572505e-15, 2.90841404407e-15, 1.80275589175e-15, 9.25484185917e-16, 4.42872261733e-16, 4.12485325327e-17, 2.27333582459e-19],
        "max": [0.000294050580123, 0.000791708240286, 0.000403454469051, 0.000148942344822, 0.000306419562548, 0.000181829920621, 0.000455307221273, 0.000264575151959, 0.000432293309132, 0.00078552152263, 0.000680672004819, 0.000188710342627, 0.000340262515238, 8.60259096953e-05, 0.000117004827189, 0.000186002565897, 0.00016533100279, 4.77618232253e-05, 1.15284519779e-05, 6.57410600979e-06, 1.71965002664e-05, 1.10868768388e-05, 2.58191976172e-05, 1.50930372911e-05, 8.56780479808e-06, 1.16858864203e-05, 9.77694253379e-06, 6.77975549479e-06, 2.6619604796e-06, 2.91177002509e-06, 1.25465862766e-06, 6.83439964178e-07, 2.62623899516e-07, 2.1887235846e-07, 1.83198736181e-07, 1.42667843761e-07, 9.59884118856e-08, 6.88025849627e-08, 2.2431585478e-08, 2.25129470621e-09],
        "mean": [9.80368058663e-05, 0.000260637549218, 8.4035738837e-05, 3.96440300392e-05, 2.69299380307e-05, 2.1445172024e-05, 2.84128382191e-05, 3.42489838658e-05, 5.86402056797e-05, 3.55139854946e-05, 1.38124469231e-05, 1.71471019712e-05, 2.03483268706e-05, 8.23200207378e-06, 1.41605214594e-05, 1.49364632307e-05, 3.84888153349e-06, 2.75242905445e-06, 1.54943597863e-06, 1.87617069969e-06, 2.81999200524e-06, 2.09894278669e-06, 3.66363883586e-06, 2.7873190902e-06, 1.74306160261e-06, 1.98432189791e-06, 1.6166251271e-06, 9.56502503868e-07, 4.68778694085e-07, 3.73150697897e-07, 2.07609247127e-07, 1.08058223702e-07, 6.74216238394e-08, 5.78007828267e-08, 5.24806047508e-08, 4.34836060492e-08, 2.37548665183e-08, 1.58698991726e-08, 4.51512160993e-09, 2.83890577712e-10],