{
"metadata": {
    "version": {
        "essentia": "2.0.1",
        "extractor": "archive-music 1.0 mod ismir14"
    },
    "audio_properties": {
        "analysis_sample_rate": 44100,
        "bitrate": 160,
        "channels": 2,
        "equal_loudness": 0,
        "length": 30.0669155121,
        "replay_gain": -9.77944374084,
        "downmix": "mix"
    },
    "tags": {
        "track": 0,
        "year": 0,
        "album": "",
        "artist": "",
        "comment": "",
        "genre": "",
        "title": ""
    }
},
"rhythm": {
    "bpm": 172.265594482,
    "bpm_histogram_first_peak": 172,
    "bpm_histogram_first_peak_spread": 0,
    "bpm_histogram_first_peak_weight": 0.5,
    "bpm_histogram_second_peak": 178,
    "bpm_histogram_second_peak_spread": 0,
    "bpm_histogram_second_peak_weight": 0.27380952239
},
"tonal": {
    "tuning_frequency": {
        "dmean": 0.0232630595565,
        "dmean2": 0.0405660122633,
        "dvar": 0.0318089127541,
        "dvar2": 0.0571695528924,
        "max": 435.952270508,
        "mean": 434.68447876,
        "median": 434.695007324,
        "min": 433.942382812,
        "var": 0.0335721559823
    },
    "hpcp": {
        "dmean": [0.12754650414, 0.209365352988, 0.179756864905, 0.276968717575, 0.0394067764282, 0.155016005039, 0.172796487808, 0.267580211163, 0.095370143652, 0.0906123369932, 0.248073890805, 0.086993932724],
        "dmean2": [0.236422717571, 0.387816786766, 0.312791973352, 0.502102375031, 0.0682586953044, 0.270319372416, 0.312180906534, 0.468167513609, 0.169946044683, 0.16007822752, 0.427507907152, 0.158256322145],
        "dvar": [0.0539137534797, 0.0785021781921, 0.0528474748135, 0.113335572183, 0.00676353555173, 0.0771549269557, 0.10057554394, 0.107341848314, 0.0457109063864, 0.0284972935915, 0.0784661248326, 0.0258162077516],
        "dvar2": [0.146997913718, 0.185096144676, 0.131401151419, 0.253645777702, 0.019951839, 0.180739149451, 0.242957100272, 0.27551433444, 0.127484068274, 0.0711745247245, 0.146998688579, 0.0750693380833],
        "max": [1, 1, 1, 1, 0.540141403675, 1, 1, 1, 1, 1, 1, 1],
        "mean": [0.104795083404, 0.239398539066, 0.176042377949, 0.400149852037, 0.0327013060451, 0.146557942033, 0.184865608811, 0.228929206729, 0.0670229569077, 0.0756261944771, 0.377613693476, 0.0707058906555],
        "median": [0.0231785736978, 0.095003709197, 0.073667511344, 0.1505163908, 0.00740115810186, 0.025881415233, 0.0153498956934, 0.0469991415739, 0.0123562244698, 0.0194001160562, 0.200327053666, 0.0232490506023],
        "min": [0.000871463387739, 0.00461598718539, 0.000636299315374, 0.000170893923496, 7.14708439773e-05, 0.00112600403372, 0.000137970695505, 0.000359615369234, 0.000408439373132, 0.000121736520668, 0.000901547551621, 0.000539824715815],
        "var": [0.0433453768492, 0.0992917641997, 0.0621864460409, 0.173835977912, 0.00553480861709, 0.0818773955107, 0.119983449578, 0.113574042916, 0.0324978344142, 0.0251139216125, 0.145281076431, 0.0190341100097]
    }
},
"lowlevel": {
    "melbands": {
        "dmean": [2.86539687977e-07, 1.42066346598e-05, 1.79484723049e-05, 0.000195732020075, 0.000168811922777, 7.8761811892e-05, 3.6179280869e-05, 3.22795531247e-05, 2.08494402614e-05, 1.41594418892e-05, 1.19015503515e-05, 9.07666253624e-06, 1.07922496682e-05, 4.62903926746e-06, 4.31724993177e-06, 3.08394851345e-06, 6.36474169369e-06, 2.62900493908e-06, 3.70659563487e-06, 8.69942255122e-07, 1.11192014174e-06, 1.03523120742e-06, 6.90477577336e-07, 1.0244865507e-06, 2.37166045736e-06, 2.84894440483e-06, 6.66544451633e-07, 3.53477247472e-07, 1.49912096958e-07, 9.81944623391e-08, 3.95322636848e-08, 6.58276411158e-09, 1.09327580322e-09, 2.65607147387e-10, 7.29832236313e-11, 2.83902918535e-11, 1.0393362386e-11, 2.4158845497e-12, 1.07517922517e-12, 2.99282923747e-13],
        "dmean2": [4.61404567886e-07, 2.43509202846e-05, 3.11174699164e-05, 0.000334731594194, 0.00030347565189, 0.000138716379297, 6.21112048975e-05, 5.42035450053e-05, 3.88933731301e-05, 2.67043997155e-05, 2.21553636948e-05, 1.76081830432e-05, 1.9964420062e-05, 8.62823890202e-06, 8.26575342217e-06, 5.6628891798e-06, 1.1632298083e-05, 4.63491414848e-06, 6.65264951749e-06, 1.53414782744e-06, 1.94019639821e-06, 1.86756426501e-06, 1.21722518998e-06, 1.82139865501e-06, 4.3639283831e-06, 5.3404692153e-06, 1.19474816529e-06, 6.48726313557e-07, 2.81053047502e-07, 1.84542159332e-07, 7.78204878316e-08, 1.23381482808e-08, 2.12325135251e-09, 5.11417630467e-10, 1.34712060951e-10, 5.12244101303e-11, 1.83040631263e-11, 3.61828470831e-12, 1.30780380015e-12, 4.23176711771e-13],
        "dvar": [9.75758915941e-14, 1.44023859505e-09, 7.70808361583e-10, 2.99004284443e-07, 3.90824226315e-08, 5.9594831292e-09, 1.75278314085e-09, 2.24869833865e-09, 3.21968429695e-09, 9.78905290161e-10, 8.69850080853e-10, 6.99130975335e-10, 9.94588633674e-10, 1.39948330702e-10, 1.7143425568e-10, 4.33799801636e-11, 3.83096887546e-10, 1.64383940487e-11, 5.16377947346e-11, 1.74118586303e-12, 2.26047999763e-12, 2.45504961846e-12, 1.43066190405e-12, 2.81677827764e-12, 3.30988847441e-11, 4.6494950251e-11, 9.51600343663e-13, 4.22677978772e-13, 1.16107400387e-13, 8.65820070262e-14, 2.13403632195e-14, 3.46418846554e-16, 2.58631319579e-17, 7.79138427865e-19, 2.51629650964e-20, 5.32230099271e-21, 8.55332218361e-22, 6.36296215893e-23, 4.79816252121e-23, 1.96105634277e-24],
        "dvar2": [2.17988198022e-13, 2.89267299003e-09, 2.01637240238e-09, 7.94450613739e-07, 1.10252564411e-07, 1.70187384185e-08, 4.80837503147e-09, 5.16280707075e-09, 9.75561231797e-09, 2.97395086335e-09, 2.67725885905e-09, 2.12519157827e-09, 2.85526202681e-09, 4.1859607447e-10, 5.34825628229e-10, 1.22202151176e-10, 1.11011644321e-09, 4.63949746676e-11, 1.47456991062e-10, 4.89252562075e-12, 6.70945764225e-12, 7.22303727246e-12, 4.15981702209e-12, 8.06395401842e-12, 9.77380537615e-11, 1.37851535742e-10, 2.51503939203e-12, 1.16270719181e-12, 3.28197457275e-13, 2.45140713284e-13, 6.36108597437e-14, 9.88779252296e-16, 7.6514709587e-17, 2.46554726654e-18, 7.68035001557e-20, 1.57803733461e-20, 2.44951544806e-21, 7.02846225797e-23, 4.64208165794e-23, 1.95402009793e-24],
        "max": [2.10700454772e-06, 0.00040954380529, 0.000231307916692, 0.00545381661505, 0.00118629774079, 0.000387454987504, 0.000225749317906, 0.00039062590804, 0.000371707545128, 0.000217755747144, 0.000160677431268, 0.000144160308992, 0.000250070850598, 9.26541979425e-05, 8.36538747535e-05, 5.92091855651e-05, 0.000183229160029, 2.61402565229e-05, 7.08598163328e-05, 1.27424191305e-05, 9.76435967459e-06, 9.24838968785e-06, 7.67940946389e-06, 1.15801421998e-05, 3.72474569303e-05, 5.35296821909e-05, 4.81681763631e-06, 4.19712068833e-06, 1.85288070043e-06, 2.18405125452e-06, 1.25612120883e-06, 1.52504782136e-07, 4.61850149236e-08, 6.30923135958e-09, 9.33598753861e-10, 6.10579364846e-10, 2.58471438697e-10, 7.86183756984e-11, 6.5948864425e-11, 1.31382630469e-11],
        "mean": [4.36546685023e-07, 1.84795298992e-05, 2.56415132753e-05, 0.000220937668928, 0.000204026131541, 9.44583953242e-05, 3.6455821828e-05, 3.51539165422e-05, 1.52052725753e-05, 1.01230389191e-05, 9.52440768742e-06, 5.59516092835e-06, 8.81912274053e-06, 3.33538218911e-06, 2.96016014545e-06, 2.36865480474e-06, 4.94608502777e-06, 2.38211146097e-06, 3.41462737197e-06, 9.3717898153e-07, 1.06347704332e-06, 9.49473303535e-07, 6.10250879163e-07, 8.43324528432e-07, 1.84142243143e-06, 2.07961625165e-06, 5.50131744603e-07, 2.73918573157e-07, 9.9638199913e-08, 6.09355552683e-08, 2.49533620433e-08, 4.20126733403e-09, 6.77029432516e-10, 1.87947032937e-10, 6.91399437702e-11, 2.88093993106e-11, 1.10195680705e-11, 3.27199075126e-12, 1.31306098806e-12, 2.82325025988e-13],