{
"metadata": {
    "version": {
        "essentia": "2.0.1",
        "extractor": "archive-music 1.0 mod ismir14"
    },
    "audio_properties": {
        "analysis_sample_rate": 44100,
        "bitrate": 160,
        "channels": 2,
        "equal_loudness": 0,
        "length": 30.0669155121,
        "replay_gain": -14.3330078125,
        "downmix": "mix"
    },
    "tags": {
        "track": 0,
        "year": 0,
        "album": "",
        "artist": "",
        "comment": "",
        "genre": "",
        "title": ""
    }
},
"rhythm": {
    "bpm": 109.27457428,
    "bpm_histogram_first_peak": 110,
    "bpm_histogram_first_peak_spread": 0.490566015244,
    "bpm_histogram_first_peak_weight": 0.509433984756,
    "bpm_histogram_second_peak": 0,
    "bpm_histogram_second_peak_spread": 0,
    "bpm_histogram_second_peak_weight": 0
},
"tonal": {
    "tuning_frequency": {
        "dmean": 0.110403180122,
        "dmean2": 0.191914618015,
        "dvar": 0.303482234478,
        "dvar2": 0.450980991125,
        "max": 446.399932861,
        "mean": 442.224029541,
        "median": 441.782684326,
        "min": 439.745910645,
        "var": 1.08221232891
    },
    "hpcp": {
        "dmean": [0.125274673104, 0.0954743400216, 0.0585957802832, 0.157902553678, 0.04359992221, 0.140940502286, 0.0491459369659, 0.0985980033875, 0.144903153181, 0.0364218242466, 0.166137993336, 0.0676081478596],
        "dmean2": [0.233641281724, 0.171658232808, 0.110616438091, 0.266310423613, 0.0812746807933, 0.233594506979, 0.0920781046152, 0.177729323506, 0.255246609449, 0.0702322497964, 0.268625378609, 0.12807495892],
        "dvar": [0.0425495691597, 0.0551821961999, 0.0105174006894, 0.0677992925048, 0.0138575211167, 0.0490691177547, 0.0129480669275, 0.030503641814, 0.0369188301265, 0.00569623708725, 0.0623599737883, 0.0254387557507],
        "dvar2": [0.105779260397, 0.107902750373, 0.0253883562982, 0.155109852552, 0.0292079281062, 0.104303941131, 0.0350799523294, 0.0742653906345, 0.0906446650624, 0.0162385310978, 0.12816631794, 0.0690830275416],
        "max": [1, 1, 0.578931987286, 1, 1, 1, 0.825710594654, 1, 1, 0.522306382656, 1, 1],
        "mean": [0.166600584984, 0.247282832861, 0.0435963273048, 0.458503812551, 0.0380106046796, 0.252495914698, 0.0344984792173, 0.101048670709, 0.231846302748, 0.0256974473596, 0.225094497204, 0.046567261219],
        "median": [0.0421844497323, 0.0153164491057, 0.0104321427643, 0.25752004981, 0.0099680153653, 0.0774801149964, 0.0104767614976, 0.0245669186115, 0.106594271958, 0.0108190793544, 0.0880396068096, 0.00965941976756],
        "min": [7.98699547886e-05, 0.000212882267078, 0.000456924608443, 0.000820405373815, 9.7970085335e-05, 0.000601707433816, 0.000274265476037, 0.00107344251592, 0.000725605757907, 0.00018682020891, 0.000458829570562, 0.000594790792093],
        "var": [0.0780957937241, 0.163763508201, 0.00829058513045, 0.191688582301, 0.0133986826986, 0.123484887183, 0.00789737515152, 0.037145383656, 0.0915660634637, 0.00321574299596, 0.0969002321362, 0.0166156440973]
    }
},
"lowlevel": {
    "melbands": {
        "dmean": [0.000148188948515, 0.000257947773207, 0.000172402549651, 0.000116259856441, 4.50633378932e-05, 5.6622458942e-05, 2.57400333794e-05, 4.0761395212e-05, 6.06698813499e-05, 4.42258606199e-05, 9.45508509176e-06, 1.10275359475e-05, 7.64138258091e-06, 7.88608213043e-06, 6.22818015472e-06, 6.91565992383e-06, 6.28315638096e-06, 6.77361822454e-06, 3.68526889361e-06, 5.42982024854e-06, 2.33661489801e-06, 1.59947774137e-06, 1.86759314147e-06, 1.2157125866e-06, 6.5472352162e-07, 4.36656932834e-07, 2.87439206659e-07, 2.12707632841e-07, 2.40411367258e-07, 1.79719521043e-07, 1.50597401216e-07, 1.58001455475e-07, 1.49628945678e-07, 1.1146285317e-07, 8.74925376593e-08, 6.52975202797e-08, 3.7743888015e-08, 1.294351204e-08, 2.74210498752e-09, 2.18423529263e-10],
        "dmean2": [0.000272872071946, 0.00043215797632, 0.000269344891421, 0.000193317813682, 7.1505404776e-05, 9.65699437074e-05, 4.43051103503e-05, 6.77394709783e-05, 0.000101667072158, 7.06283753971e-05, 1.65862056747e-05, 2.03335985134e-05, 1.36898415803e-05, 1.4383414964e-05, 1.09849934233e-05, 1.21888979265e-05, 1.06663510451e-05, 1.16559576782e-05, 6.30941531199e-06, 8.31917714095e-06, 3.9525111788e-06, 2.84042971543e-06, 3.00765532302e-06, 1.97269537239e-06, 1.17872389183e-06, 7.93843412339e-07, 5.33377885858e-07, 3.94372762003e-07, 4.32438270082e-07, 3.31812856302e-07, 2.75335679589e-07, 2.91084745641e-07, 2.77424163642e-07, 2.08387973544e-07, 1.63859311897e-07, 1.25248135419e-07, 7.25568227722e-08, 2.50325218332e-08, 5.23818322051e-09, 4.21624929414e-10],
        "dvar": [4.48892443217e-08, 8.7329510734e-08, 3.45098349896e-08, 1.23065015956e-08, 1.48693402036e-09, 5.60648594217e-09, 1.14537535012e-09, 4.65245042491e-09, 1.18268825844e-08, 7.19892501166e-09, 4.26332358305e-10, 9.85889148097e-10, 3.71240871377e-10, 1.88204354878e-10, 1.85458454149e-10, 1.9872024859e-10, 1.28857077786e-10, 1.64661090318e-10, 3.60394873666e-11, 2.29649521621e-10, 1.3757605298e-11, 5.01425376914e-12, 1.40251733838e-11, 3.87082163197e-12, 8.20548869736e-13, 2.51213925963e-13, 9.08444055658e-14, 5.72200300379e-14, 7.7232884259e-14, 4.80621571459e-14, 3.34431037008e-14, 4.75173591067e-14, 5.69739839074e-14, 4.59316117855e-14, 5.84249445698e-14, 5.19962897608e-14, 2.30885375787e-14, 2.49680537137e-15, 7.53377970114e-17, 7.16090049492e-19],
        "dvar2": [1.24237033106e-07, 2.05378185569e-07, 8.27036501505e-08, 3.75054121093e-08, 3.65972452343e-09, 1.41312117563e-08, 2.46493070399e-09, 1.15590994554e-08, 3.52979121487e-08, 1.68444334037e-08, 1.22978860428e-09, 2.871725302e-09, 1.05283548546e-09, 5.66890756559e-10, 5.35981370398e-10, 5.26008903101e-10, 3.39218098055e-10, 4.17209738979e-10, 9.7331545601e-11, 3.91239624031e-10, 2.94897960218e-11, 1.50927586401e-11, 2.91721993784e-11, 7.4149453938e-12, 2.01825145138e-12, 6.30286729926e-13, 2.41002774378e-13, 1.41024846423e-13, 1.86899906901e-13, 1.12087985107e-13, 8.65735976831e-14, 1.29134441855e-13, 1.59206700015e-13, 1.34379771308e-13, 1.7367555419e-13, 1.5556460742e-13, 6.90407000775e-14, 7.4384612307e-15, 2.22133384566e-16, 2.12902744589e-18],
        "max": [0.000835438026115, 0.00189115165267, 0.00165080174338, 0.000723571050912, 0.000296988117043, 0.000419918069383, 0.000176660192665, 0.000482074334286, 0.000832942081615, 0.000673511414789, 0.000134141169838, 0.000265948998276, 0.000152890701429, 9.13670519367e-05, 0.000116428433103, 9.6212446806e-05, 8.07485848782e-05, 0.000108651838673, 3.53603718395e-05, 0.000185457553016, 3.59549012501e-05, 1.38774448715e-05, 3.15489232889e-05, 1.694045568e-05, 5.35505614607e-06, 3.42910243489e-06, 1.34543256536e-06, 1.07572918751e-06, 1.65425558407e-06, 1.04186108274e-06, 7.61497517487e-07, 1.23862901091e-06, 1.75138416125e-06, 1.75040827344e-06, 2.18528634832e-06, 2.0918635073e-06, 1.40035160712e-06, 4.58557252614e-07, 7.99564929821e-08, 7.83709541707e-09],
        "mean": [0.000154423323693, 0.000668503693305, 0.000479687150801, 0.000178783302545, 7.5102543633e-05, 6.87308420311e-05, 3.43853462255e-05, 4.40580552095e-05, 6.15220124018e-05, 4.39147115685e-05, 9.12716859602e-06, 9.84237158264e-06, 6.37922175883e-06, 6.44077545076e-06, 5.85808129472e-06, 6.6806887844e-06, 6.21835852144e-06, 6.22398965788e-06, 3.40180213243e-06, 6.59960051053e-06, 2.82774362859e-06, 1.98397447093e-06, 2.62484400082e-06, 1.57193233008e-06, 7.75777607487e-07, 4.77782862163e-07, 2.66453213271e-07, 1.81701665269e-07, 2.08161111459e-07, 1.46359354858e-07, 1.16408450879e-07, 1.17774227704e-07, 1.08925000575e-07, 8.03864139698e-08, 6.43849205062e-08, 4.46456489556e-08, 2.4804815979e-08, 8.35998825721e-09, 1.84392046076e-09, 1.426206514e-10],