{
"metadata": {
    "version": {
        "essentia": "2.0.1",
        "extractor": "archive-music 1.0 mod ismir14"
    },
    "audio_properties": {
        "analysis_sample_rate": 44100,
        "bitrate": 128,
        "channels": 2,
        "equal_loudness": 0,
        "length": 30.0669155121,
        "replay_gain": -9.77210235596,
        "downmix": "mix"
    },
    "tags": {
        "track": 0,
        "year": 0,
        "album": "",
        "artist": "",
        "comment": "",
        "genre": "",
        "title": ""
    }
},
"rhythm": {
    "bpm": 172.265594482,
    "bpm_histogram_first_peak": 172,
    "bpm_histogram_first_peak_spread": 0,
    "bpm_histogram_first_peak_weight": 0.5,
    "bpm_histogram_second_peak": 178,
    "bpm_histogram_second_peak_spread": 0,
    "bpm_histogram_second_peak_weight": 0.27380952239
},
"tonal": {
    "tuning_frequency": {
        "dmean": 0.0615518577397,
        "dmean2": 0.116429485381,
        "dvar": 1.00088250637,
        "dvar2": 2.05087089539,
        "max": 456.570251465,
        "mean": 434.321411133,
        "median": 434.193115234,
        "min": 431.443084717,
        "var": 4.12787675858
    },
    "hpcp": {
        "dmean": [0.136168763041, 0.117936737835, 0.162142649293, 0.13502804935, 0.0810807943344, 0.0742497220635, 0.0988475680351, 0.0902388393879, 0.106501445174, 0.0940872430801, 0.110146395862, 0.0844913572073],
        "dmean2": [0.256185382605, 0.22050075233, 0.298176229, 0.251769840717, 0.15348367393, 0.137257605791, 0.187932401896, 0.168889611959, 0.199615851045, 0.171195477247, 0.198991984129, 0.157659083605],
        "dvar": [0.0793763622642, 0.0668036192656, 0.0855436697602, 0.0748478770256, 0.0508568957448, 0.0420441776514, 0.0685247033834, 0.0551641285419, 0.0663321763277, 0.051007039845, 0.0552783869207, 0.0461710318923],
        "dvar2": [0.226924628019, 0.175482854247, 0.228043138981, 0.202255472541, 0.141356542706, 0.11374733597, 0.184472858906, 0.146441936493, 0.185237810016, 0.146820694208, 0.143461316824, 0.127682462335],
        "max": [1, 1, 1, 1, 1, 1, 1, 1, 1, 1, 1, 1],
        "mean": [0.122375786304, 0.134377583861, 0.152111545205, 0.294761747122, 0.0583312511444, 0.0878804326057, 0.132187351584, 0.113890044391, 0.0806602761149, 0.0913614034653, 0.244209483266, 0.0734307765961],
        "median": [0.00864663068205, 0.00723805883899, 0.0192414242774, 0.0161902774125, 0.000706926221028, 0.00585318217054, 0.000446512218332, 0.00201192451641, 0.00140983285382, 0.00235229032114, 0.0269028563052, 0.00264107109979],
        "min": [0, 0, 0, 0, 0, 0, 0, 0, 0, 0, 0, 0],
        "var": [0.0731505453587, 0.0826714113355, 0.0825516358018, 0.174565464258, 0.0386927872896, 0.0555189996958, 0.100331902504, 0.0817720666528, 0.0549387596548, 0.0543657764792, 0.141711696982, 0.0416615866125]
    }
},
"lowlevel": {
    "melbands": {
        "dmean": [8.65806669026e-06, 0.000140994234243, 0.000364662526408, 0.00130843289662, 0.00149235280696, 0.000778200977948, 0.000266607879894, 0.000204115523957, 0.000111860084871, 7.40743489587e-05, 4.75515262224e-05, 3.61886013707e-05, 5.11315520271e-05, 2.57337669609e-05, 2.40636927629e-05, 1.87267069123e-05, 3.42296771123e-05, 2.0567817046e-05, 2.24401173909e-05, 6.7667156145e-06, 9.54677670961e-06, 8.77606998984e-06, 5.58963392905e-06, 6.68603433951e-06, 1.3886103261e-05, 1.30723101393e-05, 4.94733922096e-06, 2.62771663984e-06, 7.81387200277e-07, 4.95021708957e-07, 2.1068618139e-07, 3.82558695833e-08, 5.61971313928e-09, 1.43460932023e-09, 5.83185111314e-10, 2.58469579073e-10, 1.10502988704e-10, 6.42804767748e-11, 5.46933331957e-11, 2.9141845187e-11],
        "dmean2": [1.37746646942e-05, 0.000226776261115, 0.000633852672763, 0.00202849158086, 0.00231358432211, 0.00120342883747, 0.000383944745408, 0.000301496882457, 0.00015087761858, 9.40208046813e-05, 5.40120418009e-05, 4.50574370916e-05, 5.73803008592e-05, 3.12273659802e-05, 3.12084666803e-05, 2.58900599874e-05, 4.4503249228e-05, 2.98425402434e-05, 3.28961323248e-05, 9.91835804598e-06, 1.44458335853e-05, 1.277701449e-05, 7.56025519877e-06, 9.52100253926e-06, 1.92446750589e-05, 1.73921162059e-05, 7.18442379366e-06, 3.88876651414e-06, 1.12429017918e-06, 6.96826987223e-07, 3.14854673888e-07, 5.53590382424e-08, 7.70079999768e-09, 2.10032835568e-09, 9.12896813698e-10, 4.02349958906e-10, 1.83168591406e-10, 1.17497275798e-10, 1.02783920264e-10, 5.37714907323e-11],
        "dvar": [2.58396998243e-10, 4.77313726321e-08, 6.00873477197e-07, 6.88673844706e-06, 8.69363157108e-06, 2.16246871787e-06, 2.99115100688e-07, 2.58725179947e-07, 1.84926221891e-07, 1.29884952571e-07, 3.4541979943e-08, 2.49615883519e-08, 5.02046120232e-08, 1.09015276806e-08, 2.11266257821e-08, 2.96776403452e-09, 1.1632573127e-08, 2.72560018999e-09, 2.93352608871e-09, 2.9089330944e-10, 7.13228975879e-10, 6.49596598734e-10, 3.62275570653e-10, 3.44282907738e-10, 2.26059704289e-09, 2.24526486292e-09, 3.00800606645e-10, 1.19224213835e-10, 9.13103100075e-12, 9.6220384091e-12, 2.83971587564e-12, 6.63787601274e-14, 2.41161291512e-15, 5.83281578207e-17, 4.58090265767e-18, 9.43756210256e-19, 3.42669469068e-19, 4.13341376611e-19, 4.6888288413e-19, 2.00589618333e-20],
        "dvar2": [6.74009958956e-10, 1.17655680754e-07, 1.88594219708e-06, 1.75835248228e-05, 2.32657766901e-05, 5.4390884543e-06, 5.51467053356e-07, 4.74697742447e-07, 3.27475618178e-07, 2.3559090323e-07, 4.35586962055e-08, 3.9470233304e-08, 6.48630731348e-08, 1.74399108488e-08, 4.10783833615e-08, 5.28793364651e-09, 1.92311713221e-08, 5.82301140639e-09, 6.01453287175e-09, 6.90067614162e-10, 1.70744374195e-09, 1.50923762376e-09, 6.65291544077e-10, 7.00180691204e-10, 4.25538804194e-09, 4.82477169328e-09, 7.25347171215e-10, 2.84743423284e-10, 1.8031012447e-11, 2.04353652056e-11, 6.87625390655e-12, 1.62223018222e-13, 4.08694498193e-15, 1.12175723109e-16, 1.00150785131e-17, 2.2794750557e-18, 9.56609873192e-19, 1.22469910972e-18, 1.38258617517e-18, 5.90970529091e-20],
        "max": [0.000375457835617, 0.00768094044179, 0.0153471697122, 0.0998257994652, 0.0718816369772, 0.0185368806124, 0.0106524880975, 0.0115434331819, 0.0124370772392, 0.0106464270502, 0.00735434750095, 0.00451069325209, 0.00682466849685, 0.00332243111916, 0.00542214978486, 0.00191454170272, 0.0051590166986, 0.000986275728792, 0.00183744437527, 0.000433910783613, 0.000453049811767, 0.000555335136596, 0.000438841758296, 0.000479087175336, 0.00184447376523, 0.00137183780316, 0.000458906491986, 0.000257093633991, 9.78457101155e-05, 0.000130526794237, 7.73736173869e-05, 1.02027770481e-05, 2.81237498712e-06, 2.63300734105e-07, 8.12838436559e-08, 2.41090276631e-08, 1.7424131471e-08, 1.72152407885e-08, 2.0554574931e-08, 3.85408283066e-09],
        "mean": [1.20579734357e-05, 0.000243908900302, 0.000573675031774, 0.00310292863287, 0.0034615311306, 0.00169258215465, 0.000672999536619, 0.000534685561433, 0.000283183035208, 0.000169859325979, 0.000154207533342, 8.88840149855e-05, 0.000144301986438, 6.17615587544e-05, 4.71177881991e-05, 4.05361715821e-05, 7.74275904405e-05, 4.00845710828e-05, 5.16823674843e-05, 1.51646299855e-05, 1.75069835677e-05, 1.54475146701e-05, 1.01084060589e-05, 1.36192056743e-05, 2.9204549719e-05, 3.12223710353e-05, 8.93081505637e-06, 4.33471586803e-06, 1.51265066961e-06, 8.90562205313e-07, 3.53977185341e-07, 6.27893825822e-08, 1.00124273317e-08, 2.84815349083e-09, 1.13918574574e-09, 4.90024687494e-10, 1.96586025236e-10, 7.37981897814e-11, 4.26398187592e-11, 2.2639449343e-11],