{
"metadata": {
    "version": {
        "essentia": "2.0.1",
        "extractor": "archive-music 1.0 mod ismir14"
    },
    "audio_properties": {
        "analysis_sample_rate": 44100,
        "bitrate": 128,
        "channels": 2,
        "equal_loudness": 0,
        "length": 30.0669155121,
        "replay_gain": -14.3525009155,
        "downmix": "mix"
    },
    "tags": {
        "track": 0,
        "year": 0,
        "album": "",
        "artist": "",
        "comment": "",
        "genre": "",
        "title": ""
    }
},
"rhythm": {
    "bpm": 109.27457428,
    "bpm_histogram_first_peak": 110,
    "bpm_histogram_first_peak_spread": 0.490566015244,
    "bpm_histogram_first_peak_weight": 0.509433984756,
    "bpm_histogram_second_peak": 0,
    "bpm_histogram_second_peak_spread": 0,
    "bpm_histogram_second_peak_weight": 0
},
"tonal": {
    "tuning_frequency": {
        "dmean": 0.0541401393712,
        "dmean2": 0.104756884277,
        "dvar": 0.648649096489,
        "dvar2": 1.63200676441,
        "max": 454.202880859,
        "mean": 434.612945557,
        "median": 434.193115234,
        "min": 433.441375732,
        "var": 4.25902605057
    },
    "hpcp": {
        "dmean": [0.153063818812, 0.187297955155, 0.259867250919, 0.282682776451, 0.222155034542, 0.152601122856, 0.122600786388, 0.135204985738, 0.204890444875, 0.11176122725, 0.132932350039, 0.142203494906],
        "dmean2": [0.290742188692, 0.359200924635, 0.499926269054, 0.538945496082, 0.427053630352, 0.281157195568, 0.229781031609, 0.252208530903, 0.384019613266, 0.213953047991, 0.253872722387, 0.274674892426],
        "dvar": [0.086457811296, 0.115392208099, 0.152260124683, 0.14603357017, 0.131006240845, 0.0837108194828, 0.0744959786534, 0.0745418146253, 0.0993269011378, 0.0698478594422, 0.0799546316266, 0.0870646685362],
        "dvar2": [0.237672924995, 0.315678596497, 0.415260821581, 0.379921317101, 0.346599519253, 0.226001992822, 0.204596534371, 0.203958153725, 0.26908993721, 0.202430859208, 0.237949386239, 0.244353830814],
        "max": [1, 1, 1, 1, 1, 1, 1, 1, 1, 1, 1, 1],
        "mean": [0.11803367734, 0.126327991486, 0.185842707753, 0.244763106108, 0.148877948523, 0.131540969014, 0.0912241339684, 0.117642179132, 0.221828535199, 0.071484208107, 0.0982435941696, 0.0902067348361],
        "median": [0.00708334846422, 0.00318034924567, 0.005944525823, 0.0209339633584, 0.00314813363366, 0.00929612759501, 0.00226799515076, 0.00473682116717, 0.0243211593479, 0.00193395512179, 0.00459572998807, 0.00284324446693],
        "min": [0, 0, 0, 0, 0, 0, 0, 0, 0, 0, 0, 0],
        "var": [0.0705700144172, 0.0838488265872, 0.124935559928, 0.143463641405, 0.100799299777, 0.0780232325196, 0.0590719431639, 0.0719223096967, 0.123899668455, 0.0453625172377, 0.0609007701278, 0.0581050515175]
    }
},
"lowlevel": {
    "melbands": {
        "dmean": [0.0017536621308, 0.00557683687657, 0.00515332911164, 0.0021591084078, 0.00091781449737, 0.00060332386056, 0.000357931479812, 0.000333452277118, 0.000426909071393, 0.00032185157761, 7.43243799661e-05, 8.6196254415e-05, 5.60495500395e-05, 4.93672305311e-05, 5.5564167269e-05, 5.58769279451e-05, 6.23395535513e-05, 5.02670663991e-05, 2.61188906734e-05, 5.18393389939e-05, 2.41571160586e-05, 1.6675072402e-05, 1.97845984076e-05, 1.16122228064e-05, 6.36795857645e-06, 4.43462931798e-06, 2.45580258706e-06, 1.69181089404e-06, 1.85313967904e-06, 1.31811202664e-06, 1.08421431833e-06, 1.04076218577e-06, 9.33501667078e-07, 6.42147369945e-07, 5.31721639163e-07, 3.70424913854e-07, 1.98254369366e-07, 6.14020123635e-08, 1.56404631468e-08, 1.71624969791e-09],
        "dmean2": [0.0028882920742, 0.00942089408636, 0.00858037173748, 0.00356262992136, 0.00151529500727, 0.00105118681677, 0.000611792842392, 0.000503432413097, 0.000618808611762, 0.000471257750178, 0.000109259075543, 0.000128706422402, 8.29540076666e-05, 7.08647785359e-05, 8.07280594017e-05, 8.25764072943e-05, 9.86532759271e-05, 7.56133667892e-05, 3.84115119232e-05, 7.77634631959e-05, 3.6778365029e-05, 2.55144623225e-05, 3.10691066261e-05, 1.87379955605e-05, 1.01613859442e-05, 7.08496418156e-06, 3.96250288759e-06, 2.81714278572e-06, 3.01908494293e-06, 2.16353623728e-06, 1.71867668541e-06, 1.73553871718e-06, 1.49697211782e-06, 9.98657696982e-07, 8.66222649165e-07, 5.9247270201e-07, 3.1690157698e-07, 9.20838587604e-08, 2.42245032922e-08, 2.680967226e-09],
        "dvar": [1.89113507076e-05, 4.40328331024e-05, 2.87023813144e-05, 8.38302003103e-06, 1.64264054092e-06, 9.88555711956e-07, 3.07514767428e-07, 4.08587851553e-07, 7.57130010243e-07, 6.53908841741e-07, 3.1369268072e-08, 6.31374490467e-08, 2.26971899053e-08, 2.14815099042e-08, 2.86823134132e-08, 2.41641266996e-08, 3.15262482786e-08, 1.57621933283e-08, 4.54342918843e-09, 5.00677792559e-08, 3.3222060658e-09, 1.61267144083e-09, 2.70937516866e-09, 8.75402250688e-10, 1.64400812408e-10, 1.40239625468e-10, 3.64617537552e-11, 2.09791767292e-11, 1.95764203459e-11, 1.35017630756e-11, 8.75882092549e-12, 1.02066254754e-11, 6.5373648335e-12, 4.28280154396e-12, 4.09085222294e-12, 3.03651288142e-12, 1.87618562179e-12, 1.10517667338e-13, 5.70538099864e-15, 1.91603392236e-16],
        "dvar2": [3.91354915337e-05, 0.000132534856675, 8.35691389511e-05, 2.12464710785e-05, 4.33289369539e-06, 3.08424046125e-06, 8.64161165737e-07, 8.55313032844e-07, 1.48374294895e-06, 1.22721291973e-06, 6.22534841455e-08, 1.19345216376e-07, 4.60254945267e-08, 4.24011794564e-08, 5.28977182057e-08, 5.4284399198e-08, 8.12189426824e-08, 3.53112206142e-08, 9.47626421777e-09, 1.21306840128e-07, 7.57078488789e-09, 3.91551013834e-09, 7.3546324586e-09, 2.44167597252e-09, 4.02656158416e-10, 3.78160308623e-10, 9.06414596158e-11, 5.53415750726e-11, 5.00442950968e-11, 3.5170467233e-11, 2.14085121159e-11, 2.67061858739e-11, 1.5602491521e-11, 9.65062144781e-12, 1.02698015023e-11, 7.36823449476e-12, 5.04558244144e-12, 2.24707229278e-13, 1.1927320805e-14, 3.99516403872e-16],
        "max": [0.0670419186354, 0.0684708356857, 0.0475025326014, 0.032741740346, 0.013040587306, 0.0123420841992, 0.00734179653227, 0.012574528344, 0.0216549709439, 0.0182534512132, 0.00738123897463, 0.00890716537833, 0.00475906860083, 0.00395056931302, 0.00399886071682, 0.00283121713437, 0.00337209366262, 0.00269248988479, 0.00123800022993, 0.00650692405179, 0.00130380620249, 0.00106628926005, 0.00120295234956, 0.00052207353292, 0.00018832461501, 0.000290624389891, 0.000111165325507, 0.000100485282019, 7.12511973688e-05, 7.63793577789e-05, 8.05531381047e-05, 7.04475460225e-05, 6.02188665653e-05, 5.99327249802e-05, 8.29204072943e-05, 7.75504740886e-05, 5.73821380385e-05, 1.62412034115e-05, 3.63940125681e-06, 6.50054573725e-07],
        "mean": [0.0023368045222, 0.00923186354339, 0.00813570152968, 0.00316971121356, 0.00136926979758, 0.0010334730614, 0.000625615764875, 0.000706821621861, 0.000931763555855, 0.000732653134037, 0.00017223865143, 0.00015690845612, 0.000108784690383, 0.000104766790173, 0.000103499958641, 0.000107175052108, 0.000100891440525, 9.62587873801e-05, 5.41963127034e-05, 0.000104623701191, 4.69716360385e-05, 3.18213024002e-05, 4.20295691583e-05, 2.49304048339e-05, 1.21944422062e-05, 7.76252454671e-06, 4.39272980657e-06, 2.97637006952e-06, 3.30314924213e-06, 2.31683497987e-06, 1.90438720438e-06, 1.88708168025e-06, 1.73563034878e-06, 1.26944075873e-06, 9.94441279545e-07, 6.66394555537e-07, 3.71689850454e-07, 1.23241719052e-07, 2.92259603185e-08, 2.41210518226e-09],