{
"metadata": {
    "version": {
        "essentia": "2.0.1",
        "extractor": "archive-music 1.0 mod ismir14"
    },
    "audio_properties": {
        "analysis_sample_rate": 44100,
        "bitrate": 32,
        "channels": 2,
        "equal_loudness": 0,
        "length": 30.0408172607,
        "replay_gain": -10.0465621948,
        "downmix": "mix"
    },
    "tags": {
        "track": 0,
        "year": 0,
        "album": "",
        "artist": "",
        "comment": "",
        "genre": "",
        "title": ""
    }
},
"rhythm": {
    "bpm": 172.265594482,
    "bpm_histogram_first_peak": 172,
    "bpm_histogram_first_peak_spread": 0,
    "bpm_histogram_first_peak_weight": 0.529411792755,
    "bpm_histogram_second_peak": 178,
    "bpm_histogram_second_peak_spread": 0,
    "bpm_histogram_second_peak_weight": 0.282352954149
},
"tonal": {
    "tuning_frequency": {
        "dmean": 0.0802383869886,
        "dmean2": 0.159633681178,
        "dvar": 1.43836379051,
        "dvar2": 2.86595463753,
        "max": 455.779724121,
        "mean": 450.099700928,
        "median": 454.990661621,
        "min": 431.443084717,
        "var": 85.8655395508
    },
    "hpcp": {
        "dmean": [0.132352143526, 0.158360973001, 0.142021641135, 0.103026732802, 0.0723910480738, 0.0986834913492, 0.0973766893148, 0.107866644859, 0.0913841053843, 0.12063960731, 0.0902170240879, 0.117657460272],
        "dmean2": [0.247973456979, 0.293255865574, 0.26158246398, 0.195478528738, 0.134940996766, 0.18737372756, 0.183597147465, 0.202830776572, 0.167996153235, 0.217562139034, 0.168471366167, 0.217790096998],
        "dvar": [0.076866529882, 0.0841878950596, 0.0759205967188, 0.0615801997483, 0.0422131642699, 0.0653284713626, 0.0593592599034, 0.0666930153966, 0.0507710389793, 0.0604802668095, 0.0457109026611, 0.0680192410946],
        "dvar2": [0.208209365606, 0.227548971772, 0.205511525273, 0.169303506613, 0.119861990213, 0.179942294955, 0.159528583288, 0.189174905419, 0.142297416925, 0.160412937403, 0.126674324274, 0.189160868526],
        "max": [1, 1, 1, 1, 1, 1, 1, 1, 1, 1, 1, 1],
        "mean": [0.144977495074, 0.14604999125, 0.298352450132, 0.0773850530386, 0.0775040313601, 0.135219752789, 0.120956107974, 0.0843905881047, 0.0847612917423, 0.239998936653, 0.074780292809, 0.113402791321],
        "median": [0.0095597282052, 0.0173423159868, 0.0239981282502, 0.00126441114116, 0.00520527176559, 0.00054106360767, 0.00279877730645, 0.00156702497043, 0.00191232492216, 0.0238536391407, 0.0030941364821, 0.00845512095839],
        "min": [0, 0, 0, 0, 0, 0, 0, 0, 0, 0, 0, 0],
        "var": [0.0894933119416, 0.07827591151, 0.174075499177, 0.0501949563622, 0.0472699180245, 0.100806504488, 0.0849279090762, 0.0573434308171, 0.0515985488892, 0.139651909471, 0.0394772365689, 0.0676000937819]
    }
},
"lowlevel": {
    "melbands": {
        "dmean": [8.91406398296e-06, 0.000146874808706, 0.00038143247366, 0.00134903308935, 0.0015323238913, 0.000819152919576, 0.000272473582299, 0.000214783867705, 0.000116700641229, 7.88413817645e-05, 5.00934947922e-05, 3.85301391361e-05, 5.29044191353e-05, 2.70859782177e-05, 2.55433624261e-05, 2.03203999263e-05, 3.66595340893e-05, 2.14521096495e-05, 2.36026244238e-05, 7.09330970494e-06, 1.04781120172e-05, 9.21108494367e-06, 5.75148851567e-06, 6.78304922985e-06, 1.45535832416e-05, 1.38835830512e-05, 5.11365897182e-06, 2.88718865704e-06, 8.14781571989e-07, 5.5360993656e-07, 2.25061583592e-07, 3.82692952883e-08, 6.80577283418e-09, 1.70249170317e-09, 8.29579682726e-10, 4.27088225896e-10, 2.69984617995e-10, 1.64958269266e-10, 1.11038414574e-10, 9.01619334748e-11],
        "dmean2": [1.4311646737e-05, 0.000235818646615, 0.000663384154905, 0.00210030027665, 0.00238441117108, 0.00126852747053, 0.000393457623431, 0.000321354193147, 0.000157418297022, 9.73822825472e-05, 5.86368623772e-05, 4.84762422275e-05, 6.10792412772e-05, 3.24082684529e-05, 3.25743312715e-05, 2.85145906673e-05, 4.87551187689e-05, 3.05355461023e-05, 3.46516171703e-05, 1.03719803519e-05, 1.62880496646e-05, 1.33287430799e-05, 7.86843702372e-06, 9.4758652267e-06, 1.97566769202e-05, 1.79621983989e-05, 7.35157436793e-06, 4.31804028267e-06, 1.18405114335e-06, 8.20234561161e-07, 3.39071448252e-07, 5.66020332826e-08, 9.92811610701e-09, 2.5382267399e-09, 1.32525168617e-09, 6.92331303398e-10, 4.68722061164e-10, 3.0645980198e-10, 2.15335152487e-10, 1.73700359651e-10],
        "dvar": [2.61195204354e-10, 5.32683195331e-08, 7.06754633484e-07, 7.93264734966e-06, 9.27737164602e-06, 2.2847927994e-06, 3.09127131004e-07, 2.90057045049e-07, 1.9831129805e-07, 1.51303936491e-07, 4.31441975479e-08, 3.12184162965e-08, 5.28340500239e-08, 1.19369634177e-08, 2.14722764014e-08, 3.46487571967e-09, 1.3185752934e-08, 2.88212365085e-09, 3.42571437884e-09, 2.72067451901e-10, 9.49500922331e-10, 6.91996904223e-10, 3.51820905742e-10, 3.48740009093e-10, 2.26641128087e-09, 2.08854600281e-09, 2.98721991587e-10, 1.29040556018e-10, 9.51039594299e-12, 1.37703390357e-11, 2.19865727187e-12, 5.01634459882e-14, 4.23306832973e-15, 7.69477882685e-17, 1.89557734877e-17, 8.36825869368e-18, 8.02932143768e-18, 6.82059011911e-18, 4.59451019234e-18, 2.8602073377e-18],
        "dvar2": [6.68723743047e-10, 1.3356169859e-07, 2.23961433221e-06, 2.06812001124e-05, 2.43698577833e-05, 5.79011793889e-06, 5.38768176739e-07, 5.47518425265e-07, 3.4533093185e-07, 2.83669493228e-07, 6.64833024189e-08, 5.3372747999e-08, 6.60948415998e-08, 1.88356992226e-08, 4.09387439504e-08, 6.35310692942e-09, 2.31903705128e-08, 5.95313176532e-09, 7.28437843378e-09, 5.94513271945e-10, 2.34056307669e-09, 1.58011570495e-09, 6.01553862278e-10, 6.81992740059e-10, 4.06354194737e-09, 4.17388390517e-09, 7.07561675917e-10, 3.19142323679e-10, 1.90328273975e-11, 2.89617687471e-11, 5.22236594247e-12, 1.15720624814e-13, 9.68185424953e-15, 1.54438723179e-16, 5.09163415995e-17, 2.40924823736e-17, 2.39048563039e-17, 2.04229834448e-17, 1.37381398681e-17, 8.49410181617e-18],
        "max": [0.000323381886119, 0.00796469952911, 0.0164732895792, 0.106559440494, 0.0808641463518, 0.0186629723758, 0.0100641213357, 0.0120603255928, 0.0132753588259, 0.0111008472741, 0.00818659365177, 0.00503411469981, 0.00700101815164, 0.00383363175206, 0.00538591016084, 0.00206123152748, 0.00528301252052, 0.000985548947938, 0.00195750501007, 0.000415722897742, 0.000524219183717, 0.00054049026221, 0.000429944426287, 0.000489290687256, 0.00186523422599, 0.00151594367344, 0.000468233629363, 0.000225911760936, 0.000109821106889, 0.000153971312102, 6.24362364761e-05, 8.60919953993e-06, 3.39744519806e-06, 2.73294062936e-07, 1.11090329824e-07, 9.30672001687e-08, 9.15053917083e-08, 8.36183957631e-08, 6.57957031081e-08, 4.72791832351e-08],
        "mean": [1.20555832837e-05, 0.000254720536759, 0.000599562423304, 0.00321881962009, 0.00358702079393, 0.00175632862374, 0.000700081698596, 0.000557844643481, 0.000295151083264, 0.00017730295076, 0.000160852083354, 9.33145274757e-05, 0.000150704800035, 6.43949897494e-05, 4.91796272399e-05, 4.26281876571e-05, 8.09361081338e-05, 4.1929033614e-05, 5.39101856702e-05, 1.5859346604e-05, 1.84493292181e-05, 1.61884745467e-05, 1.0569807273e-05, 1.41701166285e-05, 3.06347574224e-05, 3.26015870087e-05, 9.30505211727e-06, 4.52009453511e-06, 1.57876536377e-06, 9.56433268584e-07, 3.69502203057e-07, 6.45288764645e-08, 1.0432494868e-08, 3.13734949131e-09, 1.39548861355e-09, 6.58110343998e-10, 3.40695693879e-10, 1.47013623497e-10, 6.86155368634e-11, 5.33945353209e-11],