{
"metadata": {
    "version": {
        "essentia": "2.0.1",
        "extractor": "archive-music 1.0 mod ismir14"
    },
    "audio_properties": {
        "analysis_sample_rate": 44100,
        "bitrate": 32,
        "channels": 2,
        "equal_loudness": 0,
        "length": 30.0408172607,
        "replay_gain": -14.8179531097,
        "downmix": "mix"
    },
    "tags": {
        "track": 0,
        "year": 0,
        "album": "",
        "artist": "",
        "comment": "",
        "genre": "",
        "title": ""
    }
},
"rhythm": {
    "bpm": 109.314041138,
    "bpm_histogram_first_peak": 110,
    "bpm_histogram_first_peak_spread": 0.396226406097,
    "bpm_histogram_first_peak_weight": 0.603773593903,
    "bpm_histogram_second_peak": 0,
    "bpm_histogram_second_peak_spread": 0,
    "bpm_histogram_second_peak_weight": 0
},
"tonal": {
    "tuning_frequency": {
        "dmean": 0.0638588815928,
        "dmean2": 0.118828102946,
        "dvar": 0.957088112831,
        "dvar2": 1.93390440941,
        "max": 456.04309082,
        "mean": 434.651367188,
        "median": 434.193115234,
        "min": 432.690917969,
        "var": 6.28620815277
    },
    "hpcp": {
        "dmean": [0.156880229712, 0.196220204234, 0.251745164394, 0.29118296504, 0.218955203891, 0.151689261198, 0.124621428549, 0.135555386543, 0.20752337575, 0.113847337663, 0.126246005297, 0.126114055514],
        "dmean2": [0.297920405865, 0.376880466938, 0.483931452036, 0.555342614651, 0.420878946781, 0.281167894602, 0.232533633709, 0.253000915051, 0.384324401617, 0.216479033232, 0.238060355186, 0.241160139441],
        "dvar": [0.0889255553484, 0.119911558926, 0.147822111845, 0.151812493801, 0.130832329392, 0.0812565386295, 0.0737758204341, 0.0770284757018, 0.100699968636, 0.0702129229903, 0.0740653201938, 0.0758274123073],
        "dvar2": [0.238735929132, 0.331900894642, 0.387723922729, 0.406192481518, 0.347017526627, 0.218909963965, 0.202363744378, 0.211209222674, 0.260618776083, 0.207455292344, 0.211338981986, 0.215130671859],
        "max": [1, 1, 1, 1, 1, 1, 1, 1, 1, 1, 1, 1],
        "mean": [0.117323853076, 0.130925580859, 0.183164551854, 0.249313801527, 0.14453548193, 0.12553268671, 0.0924640148878, 0.123269706964, 0.232814252377, 0.0739527791739, 0.098517857492, 0.08116196841],
        "median": [0.00787072628736, 0.00350697245449, 0.00573605950922, 0.0205477178097, 0.00298792612739, 0.00938639882952, 0.00223192339763, 0.00481685483828, 0.0277147889137, 0.00206656591035, 0.00434686616063, 0.00306818122044],
        "min": [0, 0, 0, 0, 0, 0, 0, 0, 0, 0, 0, 0],
        "var": [0.0694191604853, 0.0879511684179, 0.122454993427, 0.147326678038, 0.0986193343997, 0.0718502774835, 0.059020537883, 0.0772024095058, 0.129874274135, 0.0469682626426, 0.0605041347444, 0.0499099306762]
    }
},
"lowlevel": {
    "melbands": {
        "dmean": [0.00180423585698, 0.00530141126364, 0.00517010269687, 0.0021670514252, 0.000936778378673, 0.000594384677242, 0.000350881164195, 0.000338915444445, 0.000420204130933, 0.000322317529935, 7.29307867005e-05, 8.78203936736e-05, 5.47267009097e-05, 5.10612590006e-05, 5.7669421949e-05, 5.89878000028e-05, 6.53219030937e-05, 5.07223776367e-05, 2.65297621809e-05, 5.27314514329e-05, 2.54421174759e-05, 1.78302088898e-05, 2.01924976864e-05, 1.19592359624e-05, 6.91419654686e-06, 4.81078222947e-06, 2.72107263299e-06, 1.86105580724e-06, 1.99107580556e-06, 1.40758334055e-06, 1.21106984352e-06, 1.14385545658e-06, 1.06363620489e-06, 7.07291860635e-07, 6.0881149011e-07, 5.3970359204e-07, 4.24672663257e-07, 2.76042783298e-07, 2.23292857982e-07, 1.84133554626e-07],
        "dmean2": [0.00291240331717, 0.00900700688362, 0.00867123436183, 0.00357856461778, 0.00155978277326, 0.00102444516961, 0.000594155339058, 0.000514924991876, 0.000612834701315, 0.00046510991524, 0.000106425002741, 0.00013021560153, 8.15997263999e-05, 7.49017199269e-05, 8.35323808133e-05, 8.79947692738e-05, 0.000104453167296, 7.80508271419e-05, 3.92464571632e-05, 8.14220475149e-05, 4.04954553233e-05, 2.80298609141e-05, 3.24037573591e-05, 1.91061553778e-05, 1.10442733785e-05, 7.77415698394e-06, 4.43703083874e-06, 3.0519804568e-06, 3.29434828927e-06, 2.30179261962e-06, 1.98450970856e-06, 1.8535675963e-06, 1.7402632011e-06, 1.07599089461e-06, 9.29220448143e-07, 8.34284549001e-07, 6.50125741686e-07, 4.36035946905e-07, 3.2068308542e-07, 2.81421563386e-07],
        "dvar": [2.11843744182e-05, 4.17131741415e-05, 2.8002068575e-05, 8.44705937197e-06, 1.72583236235e-06, 9.33962496674e-07, 2.94730995165e-07, 4.15921704189e-07, 7.24339031422e-07, 6.69604105497e-07, 2.41761650699e-08, 6.63349197794e-08, 2.0023897207e-08, 2.54062939575e-08, 2.8818471165e-08, 2.89086496963e-08, 4.22413606316e-08, 1.76689134435e-08, 4.48006076681e-09, 5.31491508582e-08, 3.69554409296e-09, 1.60763569124e-09, 2.71397970764e-09, 8.17148460008e-10, 1.94524049646e-10, 1.59304000547e-10, 4.78610380494e-11, 2.57263533393e-11, 2.14336083604e-11, 1.27894283705e-11, 1.1157023222e-11, 9.87616412262e-12, 8.16189130171e-12, 4.8120834574e-12, 3.75947927303e-12, 5.244429023e-12, 5.60505244648e-12, 1.97464852629e-12, 1.01528225931e-12, 9.01598891032e-13],
        "dvar2": [4.50516927231e-05, 0.000123712874483, 8.16086831037e-05, 2.22065664275e-05, 4.6323962124e-06, 2.77105255009e-06, 8.06125854069e-07, 8.82612710029e-07, 1.40524207382e-06, 1.2777294387e-06, 4.55018032142e-08, 1.34338051794e-07, 3.85351661691e-08, 5.29264170268e-08, 5.15310389915e-08, 6.88487773459e-08, 1.15288763425e-07, 4.00605522088e-08, 8.94794283113e-09, 1.32254314167e-07, 8.88273010702e-09, 3.88043686073e-09, 7.34142080461e-09, 2.20521956251e-09, 5.0154352893e-10, 4.31542968027e-10, 1.27259078275e-10, 6.67649199815e-11, 5.66312448325e-11, 3.28388496951e-11, 2.86611047395e-11, 2.29266067936e-11, 2.00262965933e-11, 1.01560287957e-11, 7.28305697001e-12, 1.15211468837e-11, 1.31156257729e-11, 4.38414148735e-12, 1.68896288014e-12, 1.76050818888e-12],
        "max": [0.0778638273478, 0.059970933944, 0.0518132448196, 0.0375516414642, 0.0134637709707, 0.0135658159852, 0.00777330296114, 0.0123982252553, 0.0195437464863, 0.0193666405976, 0.00635170377791, 0.00923256017268, 0.00489071011543, 0.00447872187942, 0.00402481527999, 0.00331157422625, 0.00394349219278, 0.00265085021965, 0.00129304744769, 0.00650483416393, 0.00133174890652, 0.000959561089985, 0.0012157834135, 0.000493378262036, 0.000241151195951, 0.000267861614702, 0.000152516193339, 0.000115756527521, 6.73810282024e-05, 5.219328159e-05, 7.95462256065e-05, 7.57763846195e-05, 5.0009413826e-05, 7.10752283339e-05, 8.4358449385e-05, 0.000106484149001, 0.000108735992399, 6.09191592957e-05, 6.03593398409e-05, 4.75974920846e-05],
        "mean": [0.00236173672602, 0.00917776487768, 0.00811116397381, 0.00316907186061, 0.00136517989449, 0.00103510473855, 0.000622177205514, 0.000709706102498, 0.000927503511775, 0.000729336810764, 0.000171034727828, 0.000157592628966, 0.000109249594971, 0.000104992293927, 0.000104163314973, 0.000108006657683, 0.000101060642919, 9.61309269769e-05, 5.46444971405e-05, 0.000104575919977, 4.64974909846e-05, 3.16470432153e-05, 4.24744939664e-05, 2.50970806519e-05, 1.24414682432e-05, 7.93718572822e-06, 4.6322243179e-06, 3.23927088175e-06, 3.44927889273e-06, 2.4879650482e-06, 2.08575397664e-06, 2.08623760045e-06, 1.94043877855e-06, 1.44622879361e-06, 1.21676418985e-06, 9.6154133189e-07, 7.80151992785e-07, 5.3918319054e-07, 4.34757396306e-07, 3.5935681808e-07],