{
"metadata": {
    "version": {
        "essentia": "2.0.1",
        "extractor": "archive-music 1.0 mod ismir14"
    },
    "audio_properties": {
        "analysis_sample_rate": 44100,
        "bitrate": 32,
        "channels": 2,
        "equal_loudness": 0,
        "length": 30.0408172607,
        "replay_gain": -13.1388397217,
        "downmix": "mix"
    },
    "tags": {
        "track": 0,
        "year": 0,
        "album": "",
        "artist": "",
        "comment": "",
        "genre": "",
        "title": ""
    }
},
"rhythm": {
    "bpm": 86.560585022,
    "bpm_histogram_first_peak": 86,
    "bpm_histogram_first_peak_spread": 0.595238089561,
    "bpm_histogram_first_peak_weight": 0.404761910439,
    "bpm_histogram_second_peak": 0,
    "bpm_histogram_second_peak_spread": 0,
    "bpm_histogram_second_peak_weight": 0
},
"tonal": {
    "tuning_frequency": {
        "dmean": 0.135725930333,
        "dmean2": 0.267224222422,
        "dvar": 2.00401616096,
        "dvar2": 4.20700979233,
        "max": 456.570251465,
        "mean": 445.811065674,
        "median": 442.03793335,
        "min": 432.191345215,
        "var": 48.6368331909
    },
    "hpcp": {
        "dmean": [0.143173798919, 0.174402952194, 0.16729618609, 0.173852220178, 0.116038136184, 0.155685469508, 0.235126599669, 0.247280806303, 0.250590801239, 0.211634024978, 0.246402844787, 0.210032135248],
        "dmean2": [0.259442210197, 0.325227171183, 0.310594499111, 0.319315612316, 0.217344611883, 0.282641232014, 0.431057065725, 0.448753535748, 0.465964794159, 0.396962791681, 0.437281429768, 0.394256263971],
        "dvar": [0.0589357279241, 0.0844189152122, 0.0841751247644, 0.0809621065855, 0.0545277893543, 0.0651960745454, 0.0885746181011, 0.0952195376158, 0.105137623847, 0.0936965867877, 0.0830359384418, 0.0947512760758],
        "dvar2": [0.159490734339, 0.233312487602, 0.230201199651, 0.220476731658, 0.156141266227, 0.172155454755, 0.238659635186, 0.249538525939, 0.282086104155, 0.25865572691, 0.212631672621, 0.264217466116],
        "max": [1, 1, 1, 1, 1, 1, 1, 1, 1, 1, 1, 1],
        "mean": [0.139972269535, 0.138087108731, 0.134933188558, 0.181475877762, 0.0818691328168, 0.18095818162, 0.256708651781, 0.252323210239, 0.212668567896, 0.162533059716, 0.37307703495, 0.154820919037],
        "median": [0.0342065654695, 0.0145866153762, 0.0200844369829, 0.0279545802623, 0.0127510065213, 0.0358057878911, 0.0740065872669, 0.0731739550829, 0.047340169549, 0.0282650906593, 0.202278852463, 0.0257039461285],
        "min": [0, 0, 0, 0, 0, 0, 0, 0, 0, 0, 0, 0],
        "var": [0.0629079118371, 0.0721904709935, 0.0708908140659, 0.0963070169091, 0.0372134149075, 0.0911650136113, 0.118614755571, 0.116692274809, 0.103275306523, 0.0801651254296, 0.142485767603, 0.0767402425408]
    }
},
"lowlevel": {
    "melbands": {
        "dmean": [0.000204834650503, 0.00078345061047, 0.000924182822928, 0.000470095663331, 0.000273953861324, 0.000429571780842, 0.000532926700544, 0.000380423211027, 0.000406990235206, 0.000247482792474, 0.000123602512758, 7.86396340118e-05, 6.10548449913e-05, 4.26877159043e-05, 6.14415039308e-05, 4.05820610467e-05, 4.11881119362e-05, 3.55341944669e-05, 2.79367814073e-05, 2.38370939769e-05, 2.16840544454e-05, 2.02941992029e-05, 2.58937106992e-05, 2.91232317977e-05, 2.00749254873e-05, 1.6360078007e-05, 1.12089592221e-05, 7.63946900406e-06, 4.60897172161e-06, 3.56083546649e-06, 2.6638149393e-06, 1.63249831076e-06, 8.777017797e-07, 7.07612173301e-07, 6.60994203372e-07, 5.97234475208e-07, 5.34847401923e-07, 4.28233391858e-07, 2.06821979987e-07, 1.13273074476e-07],
        "dmean2": [0.000352939940058, 0.00133767037187, 0.00159623345826, 0.000805007643066, 0.000463647564175, 0.000726475729607, 0.000949520675931, 0.000609741255175, 0.000679617805872, 0.000417297065724, 0.000189113779925, 0.000115041824756, 9.48452870944e-05, 6.71087327646e-05, 9.30614696699e-05, 6.44998435746e-05, 6.55698604533e-05, 5.88178772887e-05, 4.58577960671e-05, 4.0250542952e-05, 3.58537181455e-05, 3.23130261677e-05, 4.17103619839e-05, 4.68576145067e-05, 3.15105753543e-05, 2.67632949544e-05, 1.66130666912e-05, 1.20189151858e-05, 7.58681926527e-06, 5.71403370486e-06, 4.23673327532e-06, 2.61136483459e-06, 1.42178657825e-06, 1.16597823308e-06, 1.07803464289e-06, 9.68859467321e-07, 8.59775411755e-07, 7.03172645444e-07, 3.31539041554e-07, 1.80487177204e-07],
        "dvar": [8.01146953222e-08, 1.13786200018e-06, 1.41938346587e-06, 5.00241696955e-07, 1.74924537077e-07, 2.99195733078e-07, 8.10823962638e-07, 8.5576272113e-07, 5.08939308475e-07, 2.29747385561e-07, 6.43347490836e-08, 4.71038887895e-08, 3.88159371312e-08, 1.36948221652e-08, 6.51264286944e-08, 1.10484306148e-08, 1.66629021692e-08, 9.05593111611e-09, 6.34157215629e-09, 7.55612372672e-09, 3.0981190946e-09, 2.22309992637e-09, 3.49647399922e-09, 5.8510267742e-09, 2.4645663288e-09, 1.16160514541e-09, 9.03847885425e-10, 4.79129846909e-10, 9.36346417069e-11, 6.29041332911e-11, 3.87004109315e-11, 1.17470009414e-11, 3.08829697926e-12, 1.42805179574e-12, 1.71946419776e-12, 1.13257851448e-12, 8.86611693351e-13, 1.24446926288e-12, 2.26028085679e-13, 5.28048911292e-14],
        "dvar2": [2.27525305263e-07, 3.02108742289e-06, 3.91901494368e-06, 1.43398733599e-06, 4.7243560175e-07, 7.99272584118e-07, 2.30735440709e-06, 2.07356129067e-06, 1.44085367992e-06, 6.45138868549e-07, 1.56686681407e-07, 8.90771687523e-08, 8.6764096352e-08, 3.17074047018e-08, 1.67593924516e-07, 2.66610022948e-08, 3.95937718167e-08, 2.36718342705e-08, 1.6885568499e-08, 2.13475530586e-08, 8.3699074338e-09, 5.68606406404e-09, 8.98015173334e-09, 1.5084657079e-08, 5.83629589102e-09, 2.88010948424e-09, 1.72776060126e-09, 1.00010566495e-09, 2.37368624756e-10, 1.44384754153e-10, 9.03957741993e-11, 2.46578868435e-11, 7.40819731948e-12, 3.87181215908e-12, 4.64740615783e-12, 3.06073807792e-12, 2.22487262988e-12, 3.33347086913e-12, 6.13163220285e-13, 1.33738723221e-13],
        "max": [0.00417513027787, 0.0151379304007, 0.0129303252324, 0.00984439067543, 0.00599996931851, 0.0060944147408, 0.00959693826735, 0.0122804678977, 0.015940848738, 0.0117754619569, 0.00514827296138, 0.0057658450678, 0.00594309763983, 0.00292078917846, 0.00967679265887, 0.00303213344887, 0.00391702633351, 0.00166430743411, 0.00132092146669, 0.00201276084408, 0.000858976971358, 0.000854135316331, 0.00114317203406, 0.0021657878533, 0.000877494749147, 0.000651356298476, 0.000715758709703, 0.000569717027247, 0.000164338285686, 0.000258893007413, 0.000179306458449, 0.000113958725706, 3.39543184964e-05, 2.13820840145e-05, 2.37707936321e-05, 1.86399920494e-05, 1.99011210498e-05, 2.89375457214e-05, 8.94097138371e-06, 4.05081755162e-06],
        "mean": [0.000248938129516, 0.00103947892785, 0.0012234224705, 0.000695926952176, 0.000365516345482, 0.000632807321381, 0.00063314056024, 0.000488012679853, 0.000734563800506, 0.000419664778747, 0.00026849200367, 0.000151116037159, 0.000105263010482, 7.58965252317e-05, 0.000117203817354, 7.20611496945e-05, 7.31562031433e-05, 6.0741611378e-05, 4.30036707257e-05, 3.77464602934e-05, 3.62726095773e-05, 3.6842397094e-05, 5.62793829886e-05, 6.21906292508e-05, 3.98336269427e-05, 3.34462638421e-05, 2.74423855444e-05, 1.56741043611e-05, 8.60767340782e-06, 7.13042345524e-06, 5.72573071622e-06, 3.59039131581e-06, 1.83405097687e-06, 1.46599620621e-06, 1.43200304592e-06, 1.19579465263e-06, 1.07874802779e-06, 7.89461921613e-07, 4.12442346942e-07, 2.21042100179e-07],