{
"metadata": {
    "version": {
        "essentia": "2.0.1",
        "extractor": "archive-music 1.0 mod ismir14"
    },
    "audio_properties": {
        "analysis_sample_rate": 44100,
        "bitrate": 32,
        "channels": 2,
        "equal_loudness": 0,
        "length": 30.0408172607,
        "replay_gain": -13.3254871368,
        "downmix": "mix"
    },
    "tags": {
        "track": 0,
        "year": 0,
        "album": "",
        "artist": "",
        "comment": "",
        "genre": "",
        "title": ""
    }
},
"rhythm": {
    "bpm": 90.2956161499,
    "bpm_histogram_first_peak": 91,
    "bpm_histogram_first_peak_spread": 0.341463446617,
    "bpm_histogram_first_peak_weight": 0.62790697813,
    "bpm_histogram_second_peak": 85,
    "bpm_histogram_second_peak_spread": 0,
    "bpm_histogram_second_peak_weight": 0.0465116277337
},
"tonal": {
    "tuning_frequency": {
        "dmean": 0.128009542823,
        "dmean2": 0.250944912434,
        "dvar": 1.52367293835,
        "dvar2": 3.30068278313,
        "max": 454.465301514,
        "mean": 442.510620117,
        "median": 443.316436768,
        "min": 431.193908691,
        "var": 37.0590629578
    },
    "hpcp": {
        "dmean": [0.210808798671, 0.170519262552, 0.180244132876, 0.147549629211, 0.151575177908, 0.190671741962, 0.18584677577, 0.239450991154, 0.243373066187, 0.177240073681, 0.179840952158, 0.179907619953],
        "dmean2": [0.389250308275, 0.322243303061, 0.336367696524, 0.276914149523, 0.279179215431, 0.34924030304, 0.348205655813, 0.444646716118, 0.450451433659, 0.336379349232, 0.335036993027, 0.336658239365],
        "dvar": [0.0968039929867, 0.0935622081161, 0.0923045799136, 0.0754388198256, 0.0730719566345, 0.0883853435516, 0.10040281713, 0.113479107618, 0.116051353514, 0.101841688156, 0.0934807956219, 0.0905214101076],
        "dvar2": [0.270347326994, 0.253076583147, 0.261228322983, 0.21710459888, 0.196603268385, 0.239386469126, 0.269237995148, 0.30206656456, 0.291711896658, 0.291795998812, 0.26434263587, 0.259610086679],
        "max": [1, 1, 1, 1, 1, 1, 1, 1, 1, 1, 1, 1],
        "mean": [0.195186823606, 0.135924190283, 0.159111261368, 0.127029702067, 0.128053471446, 0.17631791532, 0.150885313749, 0.230551823974, 0.238771080971, 0.122795328498, 0.138528287411, 0.130298510194],
        "median": [0.0388004481792, 0.0130081837997, 0.0226130224764, 0.014129942283, 0.0201910827309, 0.0259395465255, 0.0123756071553, 0.0419348850846, 0.0381963178515, 0.00996746867895, 0.0159582067281, 0.0181894861162],
        "min": [0, 0, 0, 0, 0, 0, 0, 0, 0, 0, 0, 0],
        "var": [0.0987882837653, 0.0808706730604, 0.0858210921288, 0.0708247125149, 0.0635962486267, 0.0932689756155, 0.0921471342444, 0.121335171163, 0.129779294133, 0.0747338086367, 0.0770213231444, 0.070108897984]
    }
},
"lowlevel": {
    "melbands": {
        "dmean": [0.000775001593865, 0.00255816197023, 0.00123463571072, 0.000490992504638, 0.000343938183505, 0.000256895495113, 0.000282098248135, 0.00032879828359, 0.000468559388537, 0.000314934819471, 0.000143520068377, 0.000160859897733, 0.000141213327879, 0.00010145426495, 0.000142905017128, 0.000141893789987, 3.49578840542e-05, 2.67043833446e-05, 1.63695403899e-05, 2.00492959266e-05, 3.00616902678e-05, 2.22521157411e-05, 3.58263132512e-05, 2.76673599728e-05, 1.65767396538e-05, 1.90475548152e-05, 1.51337471834e-05, 8.90233786777e-06, 4.36499158241e-06, 3.69558506463e-06, 1.9762892407e-06, 1.01350701698e-06, 6.30535680557e-07, 5.2402572237e-07, 5.09073345256e-07, 5.15471697327e-07, 3.9657405182e-07, 5.47077092961e-07, 4.74086277791e-07, 4.21380519811e-07],
        "dmean2": [0.00126618065406, 0.00462079001591, 0.00215805927292, 0.000847867690027, 0.000596590165514, 0.000436415954027, 0.000474313215818, 0.00051111006178, 0.000678974669427, 0.000434115994722, 0.00021027866751, 0.000224420015002, 0.000192091203644, 0.000162305426784, 0.000213539358811, 0.000212542930967, 5.14598141308e-05, 4.07911502407e-05, 2.62849880528e-05, 3.22749001498e-05, 4.83192343381e-05, 3.61913625966e-05, 5.74702135054e-05, 4.20940414187e-05, 2.50541834248e-05, 3.00806805171e-05, 2.26764059335e-05, 1.33743205879e-05, 6.71376346872e-06, 5.69295434616e-06, 3.02465673485e-06, 1.61079674399e-06, 1.01704540612e-06, 8.34095772007e-07, 7.9736008729e-07, 8.05643992408e-07, 6.14687394318e-07, 8.66063658123e-07, 7.31548993826e-07, 6.71910697747e-07],
        "dvar": [6.64716253596e-07, 8.36321305542e-06, 1.97270423996e-06, 5.01076669934e-07, 4.77522632991e-07, 1.7787925799e-07, 2.42573435116e-07, 3.91604999095e-07, 8.52766049775e-07, 1.03134243545e-06, 2.79128954617e-07, 2.18932683538e-07, 1.26988979332e-07, 9.60077457535e-08, 1.42993386021e-07, 1.88953407587e-07, 1.17313687653e-08, 4.86812101741e-09, 7.43768435729e-10, 1.13264664314e-09, 3.79653597449e-09, 2.41934072776e-09, 5.85295989453e-09, 3.56253737621e-09, 9.7413543898e-10, 1.25941412854e-09, 1.10198861147e-09, 3.55272172792e-10, 8.0573402117e-11, 7.88546172803e-11, 1.65739765662e-11, 2.93792767891e-12, 1.16710157164e-12, 6.08843487779e-13, 6.51302145896e-13, 5.15520677362e-13, 3.97725038667e-13, 6.99599124292e-13, 6.41281298897e-13, 5.47741648045e-13],
        "dvar2": [1.84732300568e-06, 2.77479557553e-05, 5.73147690375e-06, 1.37472454753e-06, 1.34220806558e-06, 4.78911999835e-07, 6.26399753401e-07, 9.40912286751e-07, 1.66533470747e-06, 1.77614140284e-06, 4.61192371404e-07, 3.26019488739e-07, 1.93362154732e-07, 2.18734001578e-07, 2.57973482576e-07, 3.46328278056e-07, 1.77428418624e-08, 1.07030118102e-08, 1.74179959345e-09, 2.72712363802e-09, 9.38925381888e-09, 6.40863584422e-09, 1.51885330979e-08, 7.99913379979e-09, 2.15672990578e-09, 3.08969982932e-09, 2.3214081768e-09, 7.10164871354e-10, 1.59343094275e-10, 1.57041449289e-10, 3.61987453901e-11, 7.18765802085e-12, 2.99901466508e-12, 1.42212337826e-12, 1.45452280862e-12, 1.24449062167e-12, 9.55840007838e-13, 1.70888411928e-12, 1.28938548206e-12, 1.34074815052e-12],
        "max": [0.00995478220284, 0.0244639068842, 0.014976805076, 0.00990268960595, 0.00903423596174, 0.00565427681431, 0.0102672241628, 0.00940031558275, 0.0182186029851, 0.0201576407999, 0.026153549552, 0.0164646729827, 0.0134045407176, 0.00740673532709, 0.00879826396704, 0.012653642334, 0.00541023304686, 0.00187049189117, 0.000445690471679, 0.000423761899583, 0.000978477299213, 0.000850969459862, 0.00113055587281, 0.000777415581979, 0.000542855297681, 0.000510712096002, 0.000576705788262, 0.000384903338272, 0.000214083469473, 0.00023813705775, 9.94131114567e-05, 4.12786903325e-05, 1.75238055817e-05, 1.56158403115e-05, 1.77387628355e-05, 9.39335313888e-06, 1.22644878502e-05, 1.81907234946e-05, 2.11971400859e-05, 1.73666030605e-05],
        "mean": [0.00131372734904, 0.00351319951005, 0.00183623412158, 0.000688748201355, 0.000446366495453, 0.000386081868783, 0.000451165571576, 0.000605977489613, 0.000919243204407, 0.000620921724476, 0.000239203203819, 0.000276048667729, 0.000321170227835, 0.000149895102368, 0.000235848187003, 0.000253142847214, 6.37671182631e-05, 4.41122683696e-05, 2.76129594567e-05, 3.30005532305e-05, 4.76370223623e-05, 3.6248115066e-05, 5.89075607422e-05, 4.69783735753e-05, 2.96647176583e-05, 3.31542905769e-05, 2.69356423814e-05, 1.60022445925e-05, 8.18189892016e-06, 6.45102363706e-06, 3.54587200491e-06, 1.87531134088e-06, 1.16284479645e-06, 1.02047499695e-06, 9.73093278844e-07, 9.6901840152e-07, 7.51018831124e-07, 1.09786265057e-06, 1.01442117284e-06, 8.31234331145e-07],