{
"metadata": {
    "version": {
        "essentia": "2.0.1",
        "extractor": "archive-music 1.0 mod ismir14"
    },
    "audio_properties": {
        "analysis_sample_rate": 44100,
        "bitrate": 1444,
        "channels": 2,
        "equal_loudness": 0,
        "length": 30,
        "replay_gain": -10.2214794159,
        "downmix": "mix"
    },
    "tags": {
        "track": 0,
        "year": 0,
        "album": "",
        "artist": "",
        "comment": "",
        "genre": "",
        "title": ""
    }
},
"rhythm": {
    "bpm": 172.265563965,
    "bpm_histogram_first_peak": 172,
    "bpm_histogram_first_peak_spread": 0,
    "bpm_histogram_first_peak_weight": 0.517647087574,
    "bpm_histogram_second_peak": 178,
    "bpm_histogram_second_peak_spread": 0,
    "bpm_histogram_second_peak_weight": 0.29411765933
},
"tonal": {
    "tuning_frequency": {
        "dmean": 0.0186093170196,
        "dmean2": 0.0343233682215,
        "dvar": 0.0269298143685,
        "dvar2": 0.0583993904293,
        "max": 435.952270508,
        "mean": 434.023620605,
        "median": 433.942382812,
        "min": 433.942382812,
        "var": 0.133870720863
    },
    "hpcp": {
        "dmean": [0.113528095186, 0.20304018259, 0.176977336407, 0.262527197599, 0.0523563660681, 0.133008345962, 0.155603036284, 0.277850031853, 0.103916801512, 0.108582176268, 0.254910737276, 0.0899131149054],
        "dmean2": [0.193919762969, 0.375865519047, 0.308402597904, 0.467088222504, 0.0974117740989, 0.235462963581, 0.26452973485, 0.487063616514, 0.190782785416, 0.195304080844, 0.451836615801, 0.161849290133],
        "dvar": [0.0397894382477, 0.0767277926207, 0.05626706779, 0.114945232868, 0.0215348955244, 0.0661181360483, 0.0756840035319, 0.12175668031, 0.0554509870708, 0.0526461005211, 0.0866818577051, 0.0297588892281],
        "dvar2": [0.102814421058, 0.170919150114, 0.145786881447, 0.247552976012, 0.0620702058077, 0.154719114304, 0.161523535848, 0.338332116604, 0.161200478673, 0.147586047649, 0.183087319136, 0.083972223103],
        "max": [1, 1, 1, 1, 0.979014635086, 1, 1, 1, 1, 1, 1, 1],
        "mean": [0.0949646607041, 0.232857897878, 0.16226349771, 0.388070851564, 0.0363680236042, 0.13319312036, 0.17840488255, 0.225736096501, 0.067272849381, 0.0784897580743, 0.369860619307, 0.0693094357848],
        "median": [0.027425147593, 0.0989159494638, 0.0653202608228, 0.188016340137, 0.00763763440773, 0.0281030572951, 0.00977700389922, 0.0366648249328, 0.0105432057753, 0.0196469128132, 0.191416025162, 0.0216187797487],
        "min": [0.000673328177072, 0.00298251095228, 0.000394202768803, 0.000171927080373, 6.26151813776e-05, 0.000542754656635, 3.85163657484e-05, 0.000190043763723, 0.000266803544946, 8.77750862855e-05, 0.000179914626642, 0.000350456801243],
        "var": [0.0346191711724, 0.101685084403, 0.054994057864, 0.172433525324, 0.013030551374, 0.0716795623302, 0.108580209315, 0.117637425661, 0.0352984070778, 0.0356683209538, 0.147727712989, 0.0200951565057]
    }
},
"lowlevel": {
    "melbands": {
        "dmean": [3.15965479558e-07, 1.37926117532e-05, 1.78791142389e-05, 0.000181091556442, 0.00014449779701, 7.40581017453e-05, 3.79234625143e-05, 3.13112541335e-05, 1.84827495104e-05, 1.45141520989e-05, 1.37923943839e-05, 7.26785810912e-06, 1.46234233398e-05, 5.07070808453e-06, 3.82253574571e-06, 2.94723167826e-06, 6.64273147777e-06, 2.66303891294e-06, 3.27664429278e-06, 8.09058178675e-07, 1.06865502403e-06, 8.58705561768e-07, 6.54776613374e-07, 1.02366834653e-06, 2.3189784315e-06, 2.60990668721e-06, 5.94587277192e-07, 3.45449421957e-07, 1.36651465255e-07, 9.70569189462e-08, 3.87126206647e-08, 5.34324406942e-09, 1.13100429022e-09, 2.46728970588e-10, 6.5482876066e-11, 2.80748202464e-11, 1.46526384776e-11, 5.12545127868e-12, 2.6696878215e-12, 1.44238635792e-12],
        "dmean2": [5.02426530602e-07, 2.25518451771e-05, 2.84254074359e-05, 0.000302693049889, 0.000244422350079, 0.000124596786918, 6.41262085992e-05, 5.10306053911e-05, 3.13030068355e-05, 2.68379826593e-05, 2.62742996711e-05, 1.31971810333e-05, 2.80742151517e-05, 9.57731572271e-06, 6.72093619869e-06, 5.53270592718e-06, 1.23782328956e-05, 4.77616504213e-06, 5.97237703914e-06, 1.43405475228e-06, 1.79584719717e-06, 1.5113326981e-06, 1.2045661606e-06, 1.86068780295e-06, 4.18343506681e-06, 4.91988066642e-06, 1.02089313714e-06, 6.18101978489e-07, 2.53558965824e-07, 1.83528612752e-07, 7.5509205999e-08, 9.95207116716e-09, 2.18497664406e-09, 4.73802608258e-10, 1.16832252206e-10, 5.06659228461e-11, 2.62168359938e-11, 8.89928582215e-12, 4.63309425547e-12, 2.42803476977e-12],
        "dvar": [1.53364490161e-13, 1.73569225659e-09, 5.19215725969e-10, 1.84674959769e-07, 2.75199649735e-08, 5.70046809756e-09, 1.84984083607e-09, 2.34931385457e-09, 2.12735895566e-09, 9.67633972948e-10, 1.24373822352e-09, 3.93151622369e-10, 1.89355864322e-09, 1.51221424272e-10, 1.13726333906e-10, 3.03751988839e-11, 7.09937830745e-10, 1.7551109871e-11, 3.94313019736e-11, 1.14015762977e-12, 2.13614933034e-12, 1.2819571793e-12, 1.78352840309e-12, 2.54881315706e-12, 2.19491005232e-11, 4.43833129971e-11, 6.77983710839e-13, 3.87967571481e-13, 1.13267956212e-13, 1.14650029379e-13, 3.21285085667e-14, 3.97427726503e-16, 3.8801728972e-17, 8.47182718644e-19, 2.01691788032e-20, 4.65294627947e-21, 1.3455615354e-21, 8.5538377831e-23, 5.44596878569e-23, 3.6047844723e-23],
        "dvar2": [3.90575511386e-13, 4.237910467e-09, 1.40731626352e-09, 4.6655117103e-07, 7.66953007769e-08, 1.52380597029e-08, 5.16578024801e-09, 5.18301890295e-09, 5.30723509584e-09, 2.88786750069e-09, 3.74822484162e-09, 1.13798293011e-09, 5.5825517542e-09, 4.38810709991e-10, 3.16457415828e-10, 8.5695554819e-11, 2.12092898799e-09, 4.90589582847e-11, 1.12641812544e-10, 3.28360038812e-12, 5.90080762031e-12, 3.60976916761e-12, 5.13812473471e-12, 7.16970796968e-12, 6.37115429858e-11, 1.30484553718e-10, 1.88058271212e-12, 1.12451291768e-12, 3.21584040864e-13, 3.28032224864e-13, 9.62469849913e-14, 1.16832376733e-15, 1.15553915495e-16, 2.60145593631e-18, 5.70448888952e-20, 1.33674632655e-20, 3.88821012913e-21, 2.02409023396e-22, 1.02332292492e-22, 5.46509456056e-23],
        "max": [2.73014688901e-06, 0.000447822065325, 0.000154893306899, 0.00435247039422, 0.00136836466845, 0.000514067942277, 0.000220337751671, 0.000351753493305, 0.000314607284963, 0.000185307377251, 0.000216964559513, 0.000125305246911, 0.000320206600009, 8.01311180112e-05, 7.72680432419e-05, 4.8340374633e-05, 0.000245371251367, 3.15617980959e-05, 5.56825361855e-05, 8.54480276757e-06, 9.4188917501e-06, 6.65344441586e-06, 8.52995071909e-06, 7.09599635229e-06, 3.26692825183e-05, 5.62991517654e-05, 4.67853806185e-06, 4.00217186325e-06, 2.79769665212e-06, 3.04152604258e-06, 1.66790755429e-06, 1.88178972849e-07, 5.69199158917e-08, 6.76597933236e-09, 1.18261822557e-09, 6.31557139918e-10, 3.3671646027e-10, 7.78402897694e-11, 6.69967484268e-11, 6.04154434813e-11],
        "mean": [4.41318491085e-07, 1.79568669409e-05, 2.47817515628e-05, 0.000209873527638, 0.000198639085284, 9.4746465038e-05, 3.64047518815e-05, 3.70326415577e-05, 1.64405737451e-05, 1.08132289824e-05, 1.0325531548e-05, 5.28676901013e-06, 9.90089847619e-06, 3.56467421625e-06, 3.20094272865e-06, 2.31663625527e-06, 5.17465014127e-06, 2.40640883931e-06, 3.23119934365e-06, 8.94524021078e-07, 1.07526500415e-06, 9.11201937015e-07, 6.28190548468e-07, 8.49558489335e-07, 1.82109431535e-06, 2.01220950657e-06, 5.16241186688e-07, 2.63739224238e-07, 9.3754408681e-08, 6.02835044106e-08, 2.43767370733e-08, 3.72674957561e-09, 7.05486058461e-10, 1.84166404349e-10, 7.04179076161e-11, 3.33939854935e-11, 1.74289090105e-11, 8.21614651314e-12, 4.72716830957e-12, 2.90831356393e-12],