{
"metadata": {
    "version": {
        "essentia": "2.0.1",
        "extractor": "archive-music 1.0 mod ismir14"
    },
    "audio_properties": {
        "analysis_sample_rate": 44100,
        "bitrate": 1444,
        "channels": 2,
        "equal_loudness": 0,
        "length": 30,
        "replay_gain": -14.8594207764,
        "downmix": "mix"
    },
    "tags": {
        "track": 0,
        "year": 0,
        "album": "",
        "artist": "",
        "comment": "",
        "genre": "",
        "title": ""
    }
},
"rhythm": {
    "bpm": 109.359153748,
    "bpm_histogram_first_peak": 110,
    "bpm_histogram_first_peak_spread": 0.415094316006,
    "bpm_histogram_first_peak_weight": 0.584905683994,
    "bpm_histogram_second_peak": 0,
    "bpm_histogram_second_peak_spread": 0,
    "bpm_histogram_second_peak_weight": 0
},
"tonal": {
    "tuning_frequency": {
        "dmean": 0.175124183297,
        "dmean2": 0.317509800196,
        "dvar": 0.729661464691,
        "dvar2": 2.16102004051,
        "max": 446.399932861,
        "mean": 441.016876221,
        "median": 440.763122559,
        "min": 440,
        "var": 0.903172016144
    },
    "hpcp": {
        "dmean": [0.111058600247, 0.0879699587822, 0.031226599589, 0.148858487606, 0.0471257939935, 0.145245298743, 0.0355527028441, 0.0915785804391, 0.1196237728, 0.0475340411067, 0.169364735484, 0.0662297829986],
        "dmean2": [0.199071496725, 0.152666404843, 0.0565829016268, 0.257597059011, 0.0892202854156, 0.253735482693, 0.0636433586478, 0.151790171862, 0.201470553875, 0.0922066494823, 0.27670186758, 0.123698204756],
        "dvar": [0.0387334525585, 0.0508620403707, 0.00175170274451, 0.0676034241915, 0.0223687402904, 0.0557584278286, 0.0057000736706, 0.0250970702618, 0.0295115280896, 0.0202916413546, 0.0586370415986, 0.0147567456588],
        "dvar2": [0.0855928733945, 0.0964481011033, 0.00480522448197, 0.159441366792, 0.0682543665171, 0.135545372963, 0.0152690708637, 0.0557565875351, 0.0631769821048, 0.0598664842546, 0.128225386143, 0.0417030006647],
        "max": [1, 1, 0.201325699687, 1, 1, 1, 0.623684167862, 1, 1, 0.992239177227, 1, 0.528621256351],
        "mean": [0.16924546659, 0.243453130126, 0.0250221882015, 0.464967310429, 0.0344295836985, 0.25198328495, 0.0294295754284, 0.103388883173, 0.223336085677, 0.0332170054317, 0.21695061028, 0.0441942326725],
        "median": [0.0379527248442, 0.0169795379043, 0.0107853366062, 0.292015761137, 0.0106849176809, 0.0623691268265, 0.0101466458291, 0.0245793778449, 0.115427985787, 0.0102892555296, 0.0750844925642, 0.00972616299987],
        "min": [9.79603646556e-05, 0.000239025393967, 0.000214701649384, 0.000747093523387, 0.0002453677007, 0.000253875012277, 0.000381553312764, 0.000701828626916, 0.000556985498406, 0.000202152179554, 0.000739036942832, 0.000403275917051],
        "var": [0.0795328021049, 0.161791041493, 0.0014164847089, 0.19339749217, 0.0127018159255, 0.127186492085, 0.00423944974318, 0.0365716293454, 0.0902568101883, 0.0109122656286, 0.094038233161, 0.00930397305638]
    }
},
"lowlevel": {
    "melbands": {
        "dmean": [0.000142909397255, 0.000270408956567, 0.000173978041857, 0.00010633894999, 4.53923494206e-05, 5.904459249e-05, 2.69905267487e-05, 3.6203986383e-05, 5.52465535293e-05, 4.12287554354e-05, 1.06446095742e-05, 1.06379629869e-05, 7.57751649871e-06, 6.97153154761e-06, 6.39864583718e-06, 7.16064459994e-06, 6.59607576381e-06, 6.64974459141e-06, 3.61716479347e-06, 5.50092681806e-06, 2.40424469666e-06, 1.54780332196e-06, 1.84373857337e-06, 1.04376886156e-06, 6.08830873716e-07, 4.56590669273e-07, 2.80478474224e-07, 2.10270385992e-07, 2.31401415363e-07, 1.65253922546e-07, 1.43951481846e-07, 1.41383182495e-07, 1.31263462322e-07, 9.98430920163e-08, 8.23712653641e-08, 6.98158686419e-08, 5.78664760553e-08, 3.64103094341e-08, 2.89575812218e-08, 2.35739250343e-08],
        "dmean2": [0.000264170317678, 0.000450028892374, 0.000280780077446, 0.000177582565811, 7.2855851613e-05, 0.000102721547591, 4.535640619e-05, 6.26353212283e-05, 9.40552272368e-05, 7.04418416717e-05, 1.95665816136e-05, 1.94373951672e-05, 1.36149037644e-05, 1.24330772451e-05, 1.07493870019e-05, 1.24365515148e-05, 1.16350720418e-05, 1.1769629964e-05, 6.41274573354e-06, 7.52182540964e-06, 3.88104217564e-06, 2.67828659162e-06, 2.67228506345e-06, 1.5724624518e-06, 1.05055369204e-06, 8.14295333385e-07, 5.13570114435e-07, 3.81256285209e-07, 4.15284830524e-07, 2.9774844279e-07, 2.61448064975e-07, 2.6028229172e-07, 2.41119096245e-07, 1.84915251111e-07, 1.51199657239e-07, 1.31658680402e-07, 1.10378522322e-07, 6.87152237333e-08, 5.47044720633e-08, 4.4600167115e-08],
        "dvar": [4.39806484565e-08, 8.16764753608e-08, 3.7946389142e-08, 1.05206350298e-08, 1.60876545419e-09, 8.41179659261e-09, 1.16754994561e-09, 4.00667632405e-09, 9.27189525157e-09, 7.69155583669e-09, 7.71742392214e-10, 8.22754198104e-10, 3.21948134818e-10, 1.3521907205e-10, 1.46152021041e-10, 1.86688706161e-10, 1.38637212821e-10, 2.31454341804e-10, 4.25435485452e-11, 2.57389248803e-10, 1.77769014786e-11, 4.21758027808e-12, 9.77882705366e-12, 3.10089649271e-12, 6.27440590803e-13, 3.26926013388e-13, 1.00432533926e-13, 6.3400416102e-14, 9.23273908498e-14, 3.97475394341e-14, 3.29634831529e-14, 3.91836831536e-14, 3.7420716211e-14, 2.7117570071e-14, 3.27376201235e-14, 4.35662180702e-14, 3.9361031524e-14, 1.11635173152e-14, 5.55004913216e-15, 4.51926932766e-15],
        "dvar2": [1.18444148711e-07, 2.22985690357e-07, 9.98194309432e-08, 2.7357728527e-08, 3.89982801607e-09, 2.37768684741e-08, 2.56835908097e-09, 9.9867030201e-09, 2.68153836913e-08, 1.85920132623e-08, 2.296479229e-09, 2.39419617465e-09, 9.09138819782e-10, 3.57956525532e-10, 3.95388999319e-10, 4.97891228246e-10, 3.48808232298e-10, 6.49038156553e-10, 1.14543194374e-10, 4.01392613592e-10, 4.08622441439e-11, 1.2815205494e-11, 1.65638197602e-11, 5.53032316122e-12, 1.55338957843e-12, 8.83325422356e-13, 2.79817103732e-13, 1.66388468758e-13, 2.43074494994e-13, 9.90452430358e-14, 8.63196910868e-14, 1.04818240134e-13, 1.01284499993e-13, 7.44747416948e-14, 9.30138602316e-14, 1.26591730262e-13, 1.15000443521e-13, 3.1841581238e-14, 1.58110354778e-14, 1.29720182079e-14],
        "max": [0.00100584060419, 0.0019181430107, 0.00174136273563, 0.000557087711059, 0.000264531583525, 0.000492540653795, 0.000194995183847, 0.000376978627173, 0.000687077641487, 0.000661207712255, 0.000217901091673, 0.000252903293585, 0.000143499390106, 6.95654380252e-05, 7.61965857237e-05, 9.86813611235e-05, 7.44908466004e-05, 0.000131589069497, 4.19585885538e-05, 0.000229898083489, 5.02236325701e-05, 1.30153230202e-05, 2.86216654786e-05, 1.72359104909e-05, 5.06054448124e-06, 3.65595337826e-06, 1.48421202084e-06, 1.24203666019e-06, 2.00439808395e-06, 8.39479866954e-07, 8.27588792163e-07, 9.58073314905e-07, 1.21955565646e-06, 1.1880748616e-06, 1.61173022661e-06, 1.92910306396e-06, 1.83500833373e-06, 9.85664541986e-07, 6.81409972003e-07, 6.29504768312e-07],
        "mean": [0.000151128770085, 0.00065738207195, 0.00047196666128, 0.000176225032192, 7.30285028112e-05, 6.6146341851e-05, 3.45447806467e-05, 4.08021151088e-05, 5.8776109654e-05, 4.30074396718e-05, 9.2623204182e-06, 9.68988115346e-06, 6.37241100776e-06, 6.23330106464e-06, 6.14904320173e-06, 6.60138584863e-06, 6.17777777734e-06, 5.96368499828e-06, 3.34094079335e-06, 6.55699932395e-06, 2.8226595532e-06, 1.92835454982e-06, 2.57181613961e-06, 1.49589470766e-06, 7.43275279547e-07, 4.78628464862e-07, 2.65338087502e-07, 1.81774481689e-07, 2.03103354579e-07, 1.38592980647e-07, 1.12709827249e-07, 1.11790193102e-07, 1.02537924818e-07, 7.64855414559e-08, 6.428746957e-08, 5.13776399202e-08, 4.06355731286e-08, 2.62063331036e-08, 2.0813706314e-08, 1.7527082008e-08],