{
"metadata": {
    "version": {
        "essentia": "2.0.1",
        "extractor": "archive-music 1.0 mod ismir14"
    },
    "audio_properties": {
        "analysis_sample_rate": 44100,
        "bitrate": 32,
        "channels": 2,
        "equal_loudness": 0,
        "length": 30.0408172607,
        "replay_gain": -13.0211219788,
        "downmix": "mix"
    },
    "tags": {
        "track": 0,
        "year": 0,
        "album": "",
        "artist": "",
        "comment": "",
        "genre": "",
        "title": ""
    }
},
"rhythm": {
    "bpm": 86.9152679443,
    "bpm_histogram_first_peak": 88,
    "bpm_histogram_first_peak_spread": 0.444444477558,
    "bpm_histogram_first_peak_weight": 0.476190507412,
    "bpm_histogram_second_peak": 82,
    "bpm_histogram_second_peak_spread": 0,
    "bpm_histogram_second_peak_weight": 0.142857149243
},
"tonal": {
    "tuning_frequency": {
        "dmean": 0.0893697738647,
        "dmean2": 0.170293137431,
        "dvar": 1.1074821949,
        "dvar2": 2.33244347572,
        "max": 454.727905273,
        "mean": 445.200500488,
        "median": 446.657836914,
        "min": 431.443084717,
        "var": 46.8189544678
    },
    "hpcp": {
        "dmean": [0.148224875331, 0.171274617314, 0.17908474803, 0.17140814662, 0.120613366365, 0.211083322763, 0.296300292015, 0.263526707888, 0.216851830482, 0.260484784842, 0.28600242734, 0.197399884462],
        "dmean2": [0.270232886076, 0.320675134659, 0.329884529114, 0.316964447498, 0.223721683025, 0.387194335461, 0.550705432892, 0.485913068056, 0.404140770435, 0.481506645679, 0.529246747494, 0.368597209454],
        "dvar": [0.0593872852623, 0.0901656150818, 0.0834560990334, 0.0806032940745, 0.0554871670902, 0.085048802197, 0.115115866065, 0.104537054896, 0.0979935005307, 0.104909211397, 0.108662575483, 0.0858028829098],
        "dvar2": [0.163684651256, 0.236645102501, 0.22818864882, 0.223202034831, 0.152591630816, 0.230588912964, 0.330774694681, 0.283080875874, 0.267467319965, 0.293232440948, 0.315574735403, 0.239151909947],
        "max": [1, 1, 1, 1, 1, 1, 1, 1, 1, 1, 1, 1],
        "mean": [0.130776762962, 0.142354384065, 0.150462314487, 0.147666186094, 0.0896709263325, 0.217374935746, 0.279201775789, 0.2535366714, 0.181281447411, 0.218111693859, 0.272490084171, 0.154510989785],
        "median": [0.032869502902, 0.0130911497399, 0.0231700371951, 0.0220883153379, 0.0155912823975, 0.051069047302, 0.0868211612105, 0.066835179925, 0.0304675344378, 0.055407885462, 0.0949579104781, 0.0270336531103],
        "min": [0, 0, 0, 0, 0, 0, 0, 0, 0, 0, 0, 0],
        "var": [0.0553837530315, 0.081947915256, 0.0770396590233, 0.0774860158563, 0.0412740260363, 0.105106696486, 0.129126906395, 0.121894128621, 0.0909019783139, 0.103161305189, 0.119322359562, 0.0758969113231]
    }
},
"lowlevel": {
    "melbands": {
        "dmean": [0.000208681944059, 0.000797971442807, 0.000945720938034, 0.000481415714603, 0.00028179117362, 0.000442830350948, 0.0005467144656, 0.000385804247344, 0.00041227490874, 0.000253928097663, 0.000125117134303, 7.98127512098e-05, 6.22780935373e-05, 4.38921779278e-05, 6.24572567176e-05, 4.06744511565e-05, 4.22861921834e-05, 3.58654688171e-05, 2.88053124677e-05, 2.40163972194e-05, 2.14224237425e-05, 2.03832496481e-05, 2.51232831943e-05, 2.6064879421e-05, 1.9145436454e-05, 1.57235990628e-05, 1.09721167973e-05, 7.53695758249e-06, 4.35050969827e-06, 3.37265259986e-06, 2.499737775e-06, 1.57308875259e-06, 8.14034478935e-07, 6.38787525986e-07, 5.94596940573e-07, 5.29684427875e-07, 5.18970523444e-07, 3.82117093523e-07, 2.0723686589e-07, 1.09691001171e-07],
        "dmean2": [0.00035747763468, 0.0013686476741, 0.00163670419715, 0.000826866889838, 0.000477424735436, 0.000747158075683, 0.000972991110757, 0.000620239763521, 0.000687179272063, 0.00042612417019, 0.000191507046111, 0.000116275623441, 9.55102514126e-05, 6.85882332618e-05, 9.4234070275e-05, 6.40151047264e-05, 6.77980060573e-05, 5.86531205045e-05, 4.73016989417e-05, 4.02165715059e-05, 3.51294293068e-05, 3.27758498315e-05, 4.08238993259e-05, 4.06704093621e-05, 2.95037207252e-05, 2.50800458161e-05, 1.65505607583e-05, 1.17000372484e-05, 7.03945352143e-06, 5.23784729012e-06, 3.85703424399e-06, 2.57193937614e-06, 1.3397263956e-06, 1.05164792785e-06, 9.65812773757e-07, 8.65280924245e-07, 8.43427812924e-07, 6.22575726084e-07, 3.35182079425e-07, 1.76886103986e-07],
        "dvar": [8.02318069759e-08, 1.18907985325e-06, 1.47064156408e-06, 5.26277347035e-07, 1.86879333341e-07, 3.19532915682e-07, 8.54155246088e-07, 8.90671856268e-07, 5.16064289968e-07, 2.41466125317e-07, 6.64754367108e-08, 4.95601781836e-08, 4.05786408919e-08, 1.57786246291e-08, 7.05938987267e-08, 1.09318287755e-08, 1.86252258061e-08, 9.43944833409e-09, 6.71813449316e-09, 7.7451867142e-09, 3.38284800172e-09, 2.98111313413e-09, 3.94264754178e-09, 4.0970054016e-09, 2.30026442338e-09, 1.01709363154e-09, 8.65743643441e-10, 4.93722007722e-10, 7.60589785598e-11, 5.21912651985e-11, 3.51564367895e-11, 1.11520133406e-11, 2.57309624996e-12, 1.07056605334e-12, 1.30699097378e-12, 9.3555404309e-13, 8.65238328034e-13, 9.31083660692e-13, 2.86107644737e-13, 5.09604802747e-14],
        "dvar2": [2.29803490015e-07, 3.13669625029e-06, 4.05349555876e-06, 1.50874768678e-06, 5.07206607381e-07, 8.55160067204e-07, 2.42839223574e-06, 2.15761929212e-06, 1.46054071593e-06, 6.78926312503e-07, 1.5977141743e-07, 9.08513371201e-08, 8.88794957632e-08, 3.62587861957e-08, 1.84183605256e-07, 2.67992028569e-08, 4.52337189927e-08, 2.46020466221e-08, 1.7930098295e-08, 2.12988418014e-08, 9.07100172753e-09, 8.04814259681e-09, 1.08089199813e-08, 1.03832569209e-08, 5.30037880253e-09, 2.48440334971e-09, 1.63450097901e-09, 1.0432524844e-09, 1.90787829979e-10, 1.06918703058e-10, 7.55008486286e-11, 2.37398260772e-11, 6.47161404327e-12, 2.83714870174e-12, 3.6192188569e-12, 2.53995414111e-12, 2.25384966766e-12, 2.50443329269e-12, 8.10134674189e-13, 1.27085381064e-13],
        "max": [0.0039276224561, 0.015142545104, 0.0133737083524, 0.010024163872, 0.00662083318457, 0.00620645470917, 0.0102393468842, 0.0121001861989, 0.0168719962239, 0.0121747711673, 0.00502462359145, 0.00577503349632, 0.00604761345312, 0.00357647333294, 0.00996125210077, 0.00290850992315, 0.00408892845735, 0.0015564187197, 0.00129569775891, 0.00201505585574, 0.00106673396658, 0.00133388594259, 0.00121185043827, 0.00123989814892, 0.00084287073696, 0.000661510333885, 0.00066801707726, 0.000696551229339, 0.000142466844409, 0.000263150170213, 0.000204976182431, 0.000109242100734, 3.36538250849e-05, 2.16464359255e-05, 2.0263280021e-05, 1.96039891307e-05, 1.81260111276e-05, 2.4075512556e-05, 1.00180959635e-05, 6.65645211484e-06],
        "mean": [0.000254811893683, 0.00106490717735, 0.00125679222401, 0.000715323258191, 0.000375702569727, 0.000651128590107, 0.000650953792501, 0.000501624657772, 0.0007593355258, 0.000436362694018, 0.000276513688732, 0.000155138608534, 0.000108954598545, 7.77684472268e-05, 0.00011904539133, 7.28871600586e-05, 7.48787351768e-05, 6.19636994088e-05, 4.37967537437e-05, 3.87136751669e-05, 3.62662176485e-05, 3.69939516531e-05, 5.57350031158e-05, 6.18924968876e-05, 3.95202696382e-05, 3.37847523042e-05, 2.77111175819e-05, 1.5835301383e-05, 8.4537323346e-06, 6.94005757396e-06, 5.59790896659e-06, 3.48250978277e-06, 1.74601291292e-06, 1.37693575653e-06, 1.33100104449e-06, 1.10705150291e-06, 1.02954879821e-06, 7.38419828394e-07, 4.06639969697e-07, 2.24508482916e-07],