{
"metadata": {
    "version": {
        "essentia": "2.0.1",
        "extractor": "archive-music 1.0 mod ismir14"
    },
    "audio_properties": {
        "analysis_sample_rate": 44100,
        "bitrate": 32,
        "channels": 2,
        "equal_loudness": 0,
        "length": 30.0408172607,
        "replay_gain": -8.86828994751,
        "downmix": "mix"
    },
    "tags": {
        "track": 7,
        "year": 0,
        "album": "The Cool Jazz Collection",
        "artist": "Astrud Gilberto",
        "comment": "",
        "genre": "Jazz",
        "title": "Girl From Ipanema"
    }
},
"rhythm": {
    "bpm": 130.229049683,
    "bpm_histogram_first_peak": 129,
    "bpm_histogram_first_peak_spread": 0.542372882366,
    "bpm_histogram_first_peak_weight": 0.428571432829,
    "bpm_histogram_second_peak": 123,
    "bpm_histogram_second_peak_spread": 0,
    "bpm_histogram_second_peak_weight": 0.0317460335791
},
"tonal": {
    "tuning_frequency": {
        "dmean": 0.20567509532,
        "dmean2": 0.370161175728,
        "dvar": 1.45363092422,
        "dvar2": 3.11502861977,
        "max": 443.316436768,
        "mean": 441.360992432,
        "median": 442.548919678,
        "min": 431.941772461,
        "var": 8.32442951202
    },
    "hpcp": {
        "dmean": [0.0788067951798, 0.240368455648, 0.121799536049, 0.257450670004, 0.125467732549, 0.125294595957, 0.207033038139, 0.0422013439238, 0.21742375195, 0.151531353593, 0.20255190134, 0.182122424245],
        "dmean2": [0.140046238899, 0.415739357471, 0.212475344539, 0.455475717783, 0.22264957428, 0.230123668909, 0.377860039473, 0.078197337687, 0.405059337616, 0.283327907324, 0.388575345278, 0.32238855958],
        "dvar": [0.0348691046238, 0.0929678604007, 0.0509581565857, 0.102342702448, 0.0483338348567, 0.0597631148994, 0.086978957057, 0.0146463830024, 0.087504580617, 0.0772679075599, 0.0955667570233, 0.0849684998393],
        "dvar2": [0.0896560028195, 0.174038290977, 0.121582187712, 0.23924934864, 0.105783589184, 0.155033409595, 0.17581731081, 0.0324081853032, 0.246583506465, 0.227830916643, 0.277953892946, 0.202372431755],
        "max": [1, 1, 1, 1, 1, 1, 1, 1, 1, 1, 1, 1],
        "mean": [0.0616257190704, 0.308288574219, 0.0929345935583, 0.313383460045, 0.124831788242, 0.121568225324, 0.234931901097, 0.0594002306461, 0.216413646936, 0.114971198142, 0.168066814542, 0.172063827515],
        "median": [0.00811466667801, 0.114350214601, 0.0111172487959, 0.0949924960732, 0.0282712634653, 0.0146685102955, 0.0703934207559, 0.00662947027013, 0.0492162033916, 0.0164522156119, 0.0365997925401, 0.0274250656366],
        "min": [7.57761808927e-05, 4.26825645263e-05, 3.49719157384e-05, 0.000285781075945, 6.17944315309e-05, 0.000312219810439, 6.01600440859e-05, 6.08893715253e-05, 1.07103041955e-05, 6.73076647217e-05, 6.9925779826e-05, 0.000370355992345],
        "var": [0.0279364474118, 0.139253482223, 0.0419893190265, 0.150983452797, 0.0560207590461, 0.0650950670242, 0.114693179727, 0.0364619977772, 0.107960447669, 0.0642724335194, 0.0908509865403, 0.0912160947919]
    }
},
"lowlevel": {
    "melbands": {
        "dmean": [0.000125793769257, 0.000305049237795, 0.000307508744299, 0.00015892891679, 0.000102679601696, 3.10830473609e-05, 1.61440912052e-05, 2.25353178394e-05, 9.40401787375e-06, 6.91353216098e-06, 6.93803713148e-06, 8.99928818399e-06, 1.30196633563e-06, 9.95372033685e-07, 1.54302222199e-06, 1.04141906832e-06, 8.11654558674e-07, 2.59559300275e-07, 2.97191007803e-07, 2.97234691971e-07, 1.18556002349e-07, 1.73505313228e-07, 2.13918383452e-07, 1.78296815534e-07, 6.58461445369e-08, 4.7939881398e-08, 6.78036471413e-08, 1.12538046437e-07, 8.97008405332e-08, 1.21736434266e-07, 2.20100318415e-07, 3.89525411038e-07, 4.47411849791e-07, 2.5787744562e-07, 1.18048156139e-07, 7.58080318519e-08, 5.95288085492e-08, 4.38915570555e-08, 5.35146078562e-08, 8.89606894816e-08],
        "dmean2": [0.000200024805963, 0.000474438624224, 0.000500263238791, 0.00025999348145, 0.000160690760822, 5.04244017066e-05, 2.86892682198e-05, 4.01381184929e-05, 1.67794878507e-05, 1.23293830256e-05, 1.26317236209e-05, 1.6682115529e-05, 2.2927658847e-06, 1.83993893188e-06, 2.72150055025e-06, 1.93758114619e-06, 1.53583357587e-06, 4.70948776865e-07, 5.64074014164e-07, 5.61137312616e-07, 2.13323730236e-07, 3.01863337882e-07, 3.7462169189e-07, 3.25770798781e-07, 1.14451019328e-07, 8.32154256614e-08, 1.19519256714e-07, 2.10636486031e-07, 1.62705291018e-07, 2.21417082003e-07, 4.02164545221e-07, 7.15648184269e-07, 8.47083640565e-07, 4.60868051277e-07, 2.10731187167e-07, 1.36101505177e-07, 1.08200168825e-07, 7.86029588085e-08, 9.66204112274e-08, 1.6566649208e-07],
        "dvar": [7.3441029258e-08, 9.2374548899e-08, 1.30325005898e-07, 8.8703352219e-08, 1.75054157836e-08, 1.96751992476e-09, 1.30544108856e-09, 1.56434232235e-09, 3.65609015285e-10, 2.52779880361e-10, 1.66355262898e-10, 2.09339701129e-09, 6.10709746662e-12, 4.03612039623e-12, 1.54901438898e-11, 7.45304165606e-12, 8.6298997462e-12, 2.07223534122e-13, 7.56309457336e-13, 8.61169588331e-13, 5.28906040872e-14, 8.32615701103e-14, 1.4750379466e-13, 1.34171306335e-13, 1.23997093856e-14, 7.97834309062e-15, 2.83007531255e-14, 1.8319123074e-13, 3.53880031561e-14, 1.03177259488e-13, 3.53523688188e-13, 1.14885856904e-12, 1.82637433822e-12, 7.48799676778e-13, 7.11447502473e-14, 1.899661289e-14, 1.14213761672e-14, 8.06028759904e-15, 1.82091145005e-14, 6.07741057457e-14],
        "dvar2": [1.77471989105e-07, 2.08685534631e-07, 2.78616397509e-07, 2.16525336327e-07, 3.55192533164e-08, 3.64420094101e-09, 3.53658946572e-09, 4.36756719679e-09, 1.07392961191e-09, 7.12580106033e-10, 4.81426953858e-10, 6.0602229901e-09, 1.6849690046e-11, 1.16831136779e-11, 4.01262599536e-11, 2.15908645129e-11, 2.52782864085e-11, 5.69364921963e-13, 2.14898151357e-12, 2.4632956265e-12, 1.51630403654e-13, 2.27356368866e-13, 4.14533262317e-13, 3.86411226367e-13, 3.14017475217e-14, 2.09381750355e-14, 8.0761772595e-14, 5.39496995255e-13, 9.95686687396e-14, 2.9826122583e-13, 9.89546877599e-13, 3.21616583192e-12, 5.1433410482e-12, 1.96487054058e-12, 1.87076455672e-13, 5.05457424505e-14, 3.00182411751e-14, 2.08643171506e-14, 4.74303620468e-14, 1.66779472719e-13],
        "max": [0.00189548055641, 0.00182426231913, 0.00270606251433, 0.00354023440741, 0.00103271892294, 0.000332764349878, 0.000287919450784, 0.000266901915893, 0.000103346508695, 0.00015527769574, 7.18703595339e-05, 0.000429010397056, 1.62431406352e-05, 1.50024816321e-05, 3.22809501085e-05, 2.00319900614e-05, 2.54203569057e-05, 2.59928697233e-06, 6.65834568281e-06, 6.50972015137e-06, 1.56324279033e-06, 1.91357048607e-06, 2.37888934862e-06, 2.81163897853e-06, 9.05460353806e-07, 8.07466733477e-07, 1.41621990224e-06, 3.74743467546e-06, 1.10950554699e-06, 2.52084714703e-06, 4.00761700803e-06, 5.92667402088e-06, 9.53798826231e-06, 8.04379669717e-06, 1.56214389335e-06, 6.21920605681e-07, 4.37425967448e-07, 5.28826774371e-07, 7.95069354353e-07, 1.44402793012e-06],
        "mean": [0.000108812462713, 0.000388166110497, 0.000497358792927, 0.000185239070561, 0.000139019190101, 3.9790826122e-05, 1.57759277499e-05, 1.9733372028e-05, 7.86804321251e-06, 5.27739530298e-06, 5.02498232891e-06, 5.72340741201e-06, 1.04573166482e-06, 7.96026824901e-07, 1.19514845665e-06, 7.17273337614e-07, 5.1913355037e-07, 2.00721288479e-07, 1.97070761487e-07, 1.9948480201e-07, 9.99421629899e-08, 1.58869227107e-07, 1.8580242056e-07, 1.44088772913e-07, 6.19732958285e-08, 4.369913853e-08, 5.90479061202e-08, 8.36842701801e-08, 6.92716000117e-08, 8.66372218411e-08, 1.50746842564e-07, 2.5030993811e-07, 2.75394597793e-07, 1.73405013015e-07, 8.50565058386e-08, 5.64271900316e-08, 4.63551401708e-08, 3.60396512633e-08, 4.33900098074e-08, 6.54095444474e-08],