{
"metadata": {
    "version": {
        "essentia": "2.0.1",
        "extractor": "archive-music 1.0 mod ismir14"
    },
    "audio_properties": {
        "analysis_sample_rate": 44100,
        "bitrate": 32,
        "channels": 2,
        "equal_loudness": 0,
        "length": 30.0408172607,
        "replay_gain": -12.2473373413,
        "downmix": "mix"
    },
    "tags": {
        "track": 6,
        "year": 0,
        "album": "Swing Classics (Jazz & Tzaz 70)",
        "artist": "Benny Carter",
        "comment": "",
        "genre": "Jazz",
        "title": "Babalu"
    }
},
"rhythm": {
    "bpm": 92.4404830933,
    "bpm_histogram_first_peak": 92,
    "bpm_histogram_first_peak_spread": 0.590909123421,
    "bpm_histogram_first_peak_weight": 0.40000000596,
    "bpm_histogram_second_peak": 99,
    "bpm_histogram_second_peak_spread": 0,
    "bpm_histogram_second_peak_weight": 0.0222222227603
},
"tonal": {
    "tuning_frequency": {
        "dmean": 0.357529819012,
        "dmean2": 0.616123735905,
        "dvar": 3.4538705349,
        "dvar2": 5.85906505585,
        "max": 455.779724121,
        "mean": 438.406738281,
        "median": 440.254241943,
        "min": 432.191345215,
        "var": 11.5096168518
    },
    "hpcp": {
        "dmean": [0.091350235045, 0.176921084523, 0.0761518031359, 0.225041091442, 0.142882332206, 0.10127915442, 0.212106302381, 0.0745660588145, 0.18149779737, 0.0913044586778, 0.141182184219, 0.209891915321],
        "dmean2": [0.162182599306, 0.309789299965, 0.138649329543, 0.403942942619, 0.250614792109, 0.183919146657, 0.368830710649, 0.134977951646, 0.296728014946, 0.164631873369, 0.238835513592, 0.359568446875],
        "dvar": [0.0369336716831, 0.0524626560509, 0.0287551619112, 0.0741934031248, 0.0556686967611, 0.0172703564167, 0.0759125575423, 0.0158183388412, 0.0397118106484, 0.0234501045197, 0.0357508733869, 0.0507546886802],
        "dvar2": [0.108183525503, 0.126847267151, 0.0826956555247, 0.156706720591, 0.114846363664, 0.0494423545897, 0.129237666726, 0.0447223670781, 0.0838415697217, 0.0669466629624, 0.0850545093417, 0.116016507149],
        "max": [1, 1, 1, 1, 1, 1, 1, 0.624939203262, 1, 1, 1, 1],
        "mean": [0.0806442946196, 0.24542760849, 0.0654721185565, 0.45657145977, 0.26448187232, 0.114839486778, 0.353576123714, 0.0677250772715, 0.422925829887, 0.0822116956115, 0.214492827654, 0.40472599864],
        "median": [0.0273984279484, 0.118857637048, 0.0278458185494, 0.312246769667, 0.094948105514, 0.0775238126516, 0.170199617743, 0.0366853773594, 0.292988359928, 0.0414653345942, 0.149104401469, 0.32771217823],
        "min": [0.00147773814388, 0.00360976206139, 0.00122694531456, 0.00112872989848, 0.00124694267288, 0.00375231401995, 0.00389640289359, 0.00330683030188, 0.0139037864283, 0.00298851728439, 0.0025277803652, 0.00370055157691],
        "var": [0.0242573078722, 0.0740776881576, 0.0182348974049, 0.138405546546, 0.122765339911, 0.0145049225539, 0.139545872808, 0.0104813324288, 0.113564565778, 0.0156419370323, 0.0485038012266, 0.113609559834]
    }
},
"lowlevel": {
    "melbands": {
        "dmean": [1.60410559147e-06, 9.61545538303e-06, 6.92742969477e-06, 1.51562389874e-05, 1.70586627064e-05, 2.82320197584e-05, 2.17048691411e-05, 6.26991895842e-05, 3.53754585376e-05, 2.53141352005e-05, 1.48772769535e-05, 1.19797732623e-05, 1.10073488031e-05, 9.55901305133e-06, 1.90088267118e-05, 1.37284878292e-05, 8.67405560712e-06, 5.53756626687e-06, 5.43115538676e-06, 6.59057013763e-06, 1.75291779669e-06, 2.31470312428e-06, 1.15806938084e-06, 1.00343163467e-06, 1.53793371283e-06, 4.52280005447e-07, 2.88576728735e-07, 3.29119643538e-07, 3.2189066701e-07, 3.34384338885e-07, 1.65706865118e-07, 8.59182094359e-08, 5.90956972246e-08, 2.58508450202e-08, 1.13309983618e-08, 9.24797927127e-09, 2.20354023917e-09, 3.56994794837e-10, 1.46054335293e-10, 7.47257741796e-11],
        "dmean2": [2.81141319647e-06, 1.70767325471e-05, 1.26260165416e-05, 2.74661051662e-05, 3.05389803543e-05, 4.85469063278e-05, 3.35827826348e-05, 0.000102841579064, 6.03227417741e-05, 4.32653723692e-05, 2.44280527113e-05, 1.9206203433e-05, 1.84554901352e-05, 1.74519900611e-05, 3.31851006194e-05, 2.2902551791e-05, 1.38244768095e-05, 9.62585545494e-06, 9.05936030904e-06, 1.10523724288e-05, 3.02493867821e-06, 3.99975942855e-06, 1.98014913622e-06, 1.77554011316e-06, 2.69710199063e-06, 7.94126663095e-07, 5.17234695963e-07, 5.70387101106e-07, 5.5408213484e-07, 6.1069874846e-07, 3.02301970123e-07, 1.59553223966e-07, 1.08507734353e-07, 4.76540087391e-08, 2.09780850469e-08, 1.63057585212e-08, 4.01763244895e-09, 6.44336861644e-10, 2.68846556128e-10, 1.34867922386e-10],
        "dvar": [2.64681137251e-12, 1.49779091907e-10, 4.19391257833e-11, 2.45832382229e-10, 3.62060159631e-10, 1.04733177686e-09, 7.04163005683e-10, 1.20572165585e-08, 3.33657501628e-09, 1.12384601625e-09, 4.41859993039e-10, 2.8948049513e-10, 2.65995420135e-10, 2.41644093624e-10, 8.25246815328e-10, 5.97965676974e-10, 2.22052209953e-10, 8.58566689965e-11, 6.84803463935e-11, 1.4414738847e-10, 4.28039461514e-12, 1.18519161499e-11, 1.92613763481e-12, 1.86367739817e-12, 4.89740106108e-12, 8.16080167852e-13, 2.05447516096e-13, 3.27611825472e-13, 1.98961561202e-13, 2.07720925421e-13, 6.51589852495e-14, 2.35095163416e-14, 1.38594952843e-14, 2.74781363265e-15, 3.97798541645e-16, 2.4092968094e-16, 1.07408112138e-17, 4.08582606547e-19, 5.45200299353e-20, 1.15365070575e-20],
        "dvar2": [6.82428592802e-12, 4.22766127661e-10, 1.1797353372e-10, 7.58214324659e-10, 1.17258225352e-09, 3.40276140598e-09, 1.71638292468e-09, 2.9509660493e-08, 8.71694183502e-09, 3.26157190145e-09, 1.05089204006e-09, 7.22594761804e-10, 7.22032489353e-10, 7.222049625e-10, 2.13172390851e-09, 1.01739772163e-09, 4.74917216664e-10, 2.64732680222e-10, 1.7984916334e-10, 3.89419219093e-10, 1.13126435303e-11, 3.22471493952e-11, 4.59346666606e-12, 5.55661246182e-12, 1.42871860176e-11, 2.19560264067e-12, 6.38260061123e-13, 9.05737290724e-13, 5.98930952576e-13, 5.92049629808e-13, 1.95669679461e-13, 6.93485186268e-14, 4.0078048302e-14, 8.22983225486e-15, 1.17258497833e-15, 6.514714627e-16, 2.98201357065e-17, 1.14064784011e-18, 1.53265581514e-19, 3.16383304175e-20],
        "max": [8.10155052022e-06, 9.27209039219e-05, 4.67973368359e-05, 0.000114559901704, 0.000109239801532, 0.000152433174662, 0.000245650153374, 0.000722070573829, 0.000342008395819, 0.000206769080251, 0.000106951578346, 0.000116444352898, 9.63166094152e-05, 0.00010345303599, 0.000160740717547, 0.000145131882164, 0.000119473668747, 5.7162847952e-05, 5.43718488188e-05, 0.000108771237137, 1.10988430606e-05, 2.61651639448e-05, 1.02845151559e-05, 8.25451024866e-06, 1.28600304379e-05, 7.07962180968e-06, 2.46444028562e-06, 3.82323469239e-06, 2.22574340114e-06, 2.50760899689e-06, 1.39495807616e-06, 8.39189624458e-07, 6.3633086711e-07, 2.75794462823e-07, 9.61666017929e-08, 1.0432214026e-07, 1.83126989128e-08, 2.92128810031e-09, 1.12536546748e-09, 5.50527512466e-10],
        "mean": [2.40907820626e-06, 1.39706944537e-05, 9.31797785597e-06, 2.01981147256e-05, 2.56489402091e-05, 3.6539757275e-05, 3.3712862205e-05, 8.31332436064e-05, 4.54859473393e-05, 2.71745648206e-05, 1.77411584446e-05, 1.42104654515e-05, 1.23813579194e-05, 9.27335622691e-06, 1.89724742086e-05, 1.54610370373e-05, 1.11122699309e-05, 5.44178465134e-06, 4.75853357784e-06, 6.34832258584e-06, 1.8640049575e-06, 2.61930199486e-06, 1.3028829926e-06, 1.0723382502e-06, 1.47119305893e-06, 4.8904007599e-07, 2.58750873172e-07, 2.83179275584e-07, 2.93799388373e-07, 3.079080102e-07, 1.45314928091e-07, 6.92106283395e-08, 4.46139800658e-08, 1.85551769505e-08, 8.42678993251e-09, 7.54500550926e-09, 2.05648786888e-09, 2.87787876863e-10, 1.19045107105e-10, 6.91500745553e-11],