{
"metadata": {
    "version": {
        "essentia": "2.0.1",
        "extractor": "archive-music 1.0 mod ismir14"
    },
    "audio_properties": {
        "analysis_sample_rate": 44100,
        "bitrate": 32,
        "channels": 2,
        "equal_loudness": 0,
        "length": 30.0408172607,
        "replay_gain": -13.5079994202,
        "downmix": "mix"
    },
    "tags": {
        "track": 0,
        "year": 0,
        "album": "",
        "artist": "",
        "comment": "",
        "genre": "",
        "title": ""
    }
},
"rhythm": {
    "bpm": 178.205886841,
    "bpm_histogram_first_peak": 178,
    "bpm_histogram_first_peak_spread": 0,
    "bpm_histogram_first_peak_weight": 0.453488379717,
    "bpm_histogram_second_peak": 172,
    "bpm_histogram_second_peak_spread": 0,
    "bpm_histogram_second_peak_weight": 0.430232554674
},
"tonal": {
    "tuning_frequency": {
        "dmean": 0.259577810764,
        "dmean2": 0.399441182613,
        "dvar": 3.19401073456,
        "dvar2": 3.97037935257,
        "max": 454.990661621,
        "mean": 439.92010498,
        "median": 441.527557373,
        "min": 431.941772461,
        "var": 18.7579555511
    },
    "hpcp": {
        "dmean": [0.226375550032, 0.152154430747, 0.228955730796, 0.249731794, 0.116993434727, 0.212480261922, 0.260822206736, 0.276310235262, 0.177920788527, 0.11240029335, 0.242365479469, 0.0813411474228],
        "dmean2": [0.387488007545, 0.269240915775, 0.423286825418, 0.443222939968, 0.207843869925, 0.34316894412, 0.451515257359, 0.485472768545, 0.30141928792, 0.193673431873, 0.448961615562, 0.145516455173],
        "dvar": [0.0432756654918, 0.0310391001403, 0.0584263168275, 0.060680128634, 0.028293415904, 0.0596703700721, 0.0664983317256, 0.0477216020226, 0.0393344461918, 0.0183714535087, 0.0681595727801, 0.0144223310053],
        "dvar2": [0.117175146937, 0.080163128674, 0.166689127684, 0.178515091538, 0.079437918961, 0.140741154552, 0.149319633842, 0.123487859964, 0.0979876443744, 0.0454078949988, 0.173833087087, 0.0423169359565],
        "max": [1, 1, 1, 1, 1, 1, 1, 1, 1, 0.973272502422, 1, 1],
        "mean": [0.306381255388, 0.179049655795, 0.23498390615, 0.308933973312, 0.132647946477, 0.325057715178, 0.350585639477, 0.402931958437, 0.248742833734, 0.137725159526, 0.788574695587, 0.100077964365],
        "median": [0.249131649733, 0.114601753652, 0.132546156645, 0.213640704751, 0.0759125202894, 0.142386436462, 0.24852566421, 0.350166738033, 0.143657401204, 0.0812207609415, 1, 0.0740144401789],
        "min": [0.0163767840713, 0.00615083798766, 0.00873809959739, 0.00835959427059, 0.00648946966976, 0.0201962497085, 0.00804942566901, 0.0134920356795, 0.00606464594603, 0.00420099310577, 0.14947502315, 0.00521412305534],
        "var": [0.0642945095897, 0.0376258231699, 0.0610797144473, 0.0729085206985, 0.0256756190211, 0.111025884748, 0.0965505465865, 0.0871749594808, 0.0671053156257, 0.0247842147946, 0.0766490474343, 0.0107313031331]
    }
},
"lowlevel": {
    "melbands": {
        "dmean": [1.4840545191e-05, 6.30468057352e-05, 5.82519096497e-05, 3.85620223824e-05, 1.58480615937e-05, 2.86945232801e-05, 2.93765879178e-05, 3.60167396138e-05, 4.20304131694e-05, 2.32135080296e-05, 1.61867374118e-05, 1.05893350337e-05, 9.28066947381e-06, 5.15312240168e-06, 8.37171501189e-06, 4.9507748372e-06, 6.43756266072e-06, 3.89278693547e-06, 2.56569455814e-06, 2.37785729951e-06, 2.33704076891e-06, 2.31454851018e-06, 3.68091878045e-06, 3.88978332921e-06, 2.48009223469e-06, 1.54520466822e-06, 1.63623462868e-06, 1.03811350982e-06, 4.60263834157e-07, 4.07988153484e-07, 3.6218014543e-07, 1.81189548698e-07, 7.02287579202e-08, 4.69104826095e-08, 4.51433486148e-08, 3.6101770462e-08, 3.03155829329e-08, 2.59539785219e-08, 1.58194168876e-08, 7.55771356609e-09],
        "dmean2": [2.62317698798e-05, 0.000118496231153, 0.000104610458948, 7.00328600942e-05, 2.86864305963e-05, 5.19352215633e-05, 5.22721529705e-05, 6.58212884446e-05, 6.98532167007e-05, 4.11656801589e-05, 2.76996943285e-05, 1.91427661775e-05, 1.68319602381e-05, 8.96050642041e-06, 1.53827713802e-05, 8.81201685843e-06, 1.18467878565e-05, 6.8515505518e-06, 4.64916365672e-06, 3.89553360947e-06, 4.13534053223e-06, 4.09930134992e-06, 6.68120674163e-06, 6.62327238388e-06, 4.23387427873e-06, 2.63098741016e-06, 2.78388461084e-06, 1.77877245733e-06, 7.958026913e-07, 7.36162576231e-07, 6.16727788838e-07, 3.15547993068e-07, 1.25062257439e-07, 8.21225611958e-08, 7.82416904599e-08, 6.16179391955e-08, 5.54897923166e-08, 4.53066384409e-08, 2.79307368345e-08, 1.38745361866e-08],
        "dvar": [4.66072458405e-10, 4.82769069166e-09, 2.86739409994e-09, 3.14669401646e-09, 2.07598355173e-10, 5.97740024144e-10, 7.16320613936e-10, 1.48653489518e-09, 6.64395338745e-09, 3.7182261714e-09, 5.19820519962e-10, 6.25995200121e-10, 5.21831189371e-10, 1.11855427698e-10, 3.24171911537e-10, 7.38278674306e-11, 2.21973925352e-10, 5.25023254039e-11, 1.50904479884e-11, 2.65325920956e-11, 1.21164640821e-11, 1.012330237e-11, 3.87696749704e-11, 4.44310803427e-11, 1.75424622745e-11, 7.70786559579e-12, 1.10424299912e-11, 5.23409744366e-12, 4.55127255328e-13, 6.26085283877e-13, 5.1404746345e-13, 1.20786898278e-13, 1.22824952723e-14, 4.93984447938e-15, 5.58363144742e-15, 1.76970307796e-15, 1.32632304645e-15, 5.99145578867e-16, 2.74297696864e-16, 9.97609663415e-17],
        "dvar2": [1.21517973461e-09, 1.58333790523e-08, 8.31325142059e-09, 8.71843841566e-09, 5.64001401138e-10, 1.92893812034e-09, 1.95887039922e-09, 3.93649468577e-09, 1.40663889425e-08, 1.02809325497e-08, 1.29654242897e-09, 1.72333514126e-09, 1.44196243834e-09, 3.21338372578e-10, 9.53166212625e-10, 2.10438458326e-10, 6.30521357348e-10, 1.31994012942e-10, 4.01631401747e-11, 6.33194191524e-11, 3.0315087246e-11, 2.85069745587e-11, 1.11354446497e-10, 1.18149878769e-10, 4.13381759379e-11, 2.06692805232e-11, 2.79252697355e-11, 1.36800492809e-11, 1.12208007642e-12, 1.54378029457e-12, 1.45924114806e-12, 3.36085488866e-13, 2.68058822752e-14, 1.05341701413e-14, 1.08110076135e-14, 3.47657007552e-15, 3.24559922564e-15, 1.51319122011e-15, 7.19827074483e-16, 2.55475565985e-16],
        "max": [0.000168338257936, 0.000417105242377, 0.000270608026767, 0.000337770849001, 8.70530348038e-05, 0.000148094273754, 0.000152991298819, 0.00015079138393, 0.000869151612278, 0.000508565688506, 0.000154483059305, 0.00013976667833, 0.000143572076922, 7.53449930926e-05, 0.000122478813864, 4.67491190648e-05, 9.19502635952e-05, 7.05557977199e-05, 2.51451692748e-05, 5.06226679136e-05, 2.25269832299e-05, 2.14110405068e-05, 3.15184915962e-05, 4.8514430091e-05, 3.31776464009e-05, 1.96402925212e-05, 2.52975041803e-05, 1.39693238452e-05, 5.02023522131e-06, 5.67858796785e-06, 4.78223228129e-06, 2.37814811044e-06, 6.94295920312e-07, 5.05726575284e-07, 6.241661481e-07, 3.40384531228e-07, 3.18193315252e-07, 2.00265645844e-07, 1.47638587578e-07, 9.81254828503e-08],
        "mean": [1.88202047866e-05, 7.31405889383e-05, 7.88027173257e-05, 4.13117995777e-05, 2.22616472456e-05, 4.07772240578e-05, 4.0307881136e-05, 3.05476314679e-05, 4.82762879983e-05, 2.45096671279e-05, 1.89198435692e-05, 8.88631711859e-06, 7.02563102095e-06, 4.77519233755e-06, 7.64942433307e-06, 4.225201792e-06, 4.86163844471e-06, 3.90498553315e-06, 2.64258665084e-06, 2.26717838814e-06, 2.17264300773e-06, 2.22024482355e-06, 3.47032937498e-06, 3.76225898435e-06, 2.44513284997e-06, 2.0369327558e-06, 1.68869189565e-06, 9.86390546132e-07, 5.26653764155e-07, 4.32673601836e-07, 3.51513648411e-07, 2.16116646357e-07, 1.03231030835e-07, 8.2241776056e-08, 8.00661723588e-08, 6.58978791535e-08, 6.07424794907e-08, 4.32957882879e-08, 2.34085320017e-08, 1.24125802969e-08],