{
"metadata": {
    "version": {
        "essentia": "2.0.1",
        "extractor": "archive-music 1.0 mod ismir14"
    },
    "audio_properties": {
        "analysis_sample_rate": 44100,
        "bitrate": 32,
        "channels": 2,
        "equal_loudness": 0,
        "length": 30.0408172607,
        "replay_gain": -13.7074718475,
        "downmix": "mix"
    },
    "tags": {
        "track": 0,
        "year": 0,
        "album": "",
        "artist": "",
        "comment": "",
        "genre": "",
        "title": ""
    }
},
"rhythm": {
    "bpm": 90.2956161499,
    "bpm_histogram_first_peak": 91,
    "bpm_histogram_first_peak_spread": 0.341463446617,
    "bpm_histogram_first_peak_weight": 0.62790697813,
    "bpm_histogram_second_peak": 85,
    "bpm_histogram_second_peak_spread": 0,
    "bpm_histogram_second_peak_weight": 0.0465116277337
},
"tonal": {
    "tuning_frequency": {
        "dmean": 0.108078382909,
        "dmean2": 0.20293033123,
        "dvar": 0.229991227388,
        "dvar2": 0.410993397236,
        "max": 454.465301514,
        "mean": 452.152984619,
        "median": 451.586883545,
        "min": 450.024475098,
        "var": 2.39963150024
    },
    "hpcp": {
        "dmean": [0.281223207712, 0.0788664594293, 0.151063516736, 0.167330488563, 0.418135851622, 0.294530600309, 0.122271500528, 0.315781474113, 0.132148712873, 0.098023019731, 0.120517671108, 0.146954998374],
        "dmean2": [0.489576160908, 0.133007228374, 0.251892566681, 0.310544133186, 0.757976651192, 0.532520353794, 0.211305871606, 0.524220466614, 0.2317507267, 0.172915250063, 0.210796996951, 0.263264447451],
        "dvar": [0.0946416333318, 0.0111805098131, 0.0300111174583, 0.0570732466877, 0.0922206491232, 0.0833323374391, 0.0149800544605, 0.0884528532624, 0.0283007156104, 0.0176295265555, 0.0255072209984, 0.0304314494133],
        "dvar2": [0.16581299901, 0.0273295361549, 0.0739333406091, 0.16145683825, 0.240581914783, 0.199696481228, 0.0373733006418, 0.195345208049, 0.0839382186532, 0.0505810976028, 0.0711796954274, 0.0847760513425],
        "max": [1, 0.681280136108, 1, 1, 1, 1, 0.6371768713, 1, 1, 1, 1, 1],
        "mean": [0.559079766273, 0.0850033462048, 0.184932008386, 0.150619924068, 0.422022819519, 0.38358810544, 0.131023645401, 0.428846865892, 0.121102139354, 0.0999644473195, 0.118036739528, 0.147725850344],
        "median": [0.51454859972, 0.0493847802281, 0.107221275568, 0.0731470808387, 0.277570277452, 0.259015768766, 0.0770024880767, 0.303411632776, 0.0663396567106, 0.0661076307297, 0.0699464827776, 0.0874628350139],
        "min": [0.0075444933027, 0.0024441073183, 0.00970565807074, 0.00679461099207, 0.0121973762289, 0.00924304779619, 0.00474402913824, 0.00659785140306, 0.00159670133144, 0.00430783489719, 0.00320789590478, 0.00427833851427],
        "var": [0.157033994794, 0.0119635593146, 0.0411168038845, 0.049650080502, 0.12432538718, 0.132216453552, 0.0195282939821, 0.143331989646, 0.0243224930018, 0.0143847772852, 0.0215791687369, 0.0286480747163]
    }
},
"lowlevel": {
    "melbands": {
        "dmean": [6.88943036948e-05, 0.000175591849256, 5.01723807247e-05, 3.14224489557e-05, 2.84026773443e-05, 2.10190428334e-05, 2.76462415059e-05, 4.27884333476e-05, 7.35540525056e-05, 5.51259945496e-05, 2.24872565013e-05, 2.58104500972e-05, 3.10875693685e-05, 1.03721240521e-05, 1.77162437467e-05, 2.17737087951e-05, 5.60535272598e-06, 3.69816348211e-06, 1.54582960477e-06, 1.80237009317e-06, 3.34040282723e-06, 2.40839221988e-06, 4.48585205959e-06, 3.56485406883e-06, 1.89531010619e-06, 2.28574663197e-06, 2.00885028789e-06, 1.22332528463e-06, 5.17953594681e-07, 4.58663976133e-07, 2.09759789982e-07, 8.32520754557e-08, 4.50792327911e-08, 4.02690787382e-08, 3.76766884358e-08, 3.45526025569e-08, 3.23710658279e-08, 4.50800214935e-08, 4.38544773829e-08, 3.2313714371e-08],
        "dmean2": [0.000108396263386, 0.000280939828372, 8.95273988135e-05, 5.52126257389e-05, 5.14536695846e-05, 3.82694925065e-05, 4.72346036986e-05, 8.08840850368e-05, 0.000136035014293, 0.000102573969343, 4.37280396e-05, 4.87021825393e-05, 5.65823174838e-05, 1.95312495634e-05, 3.21378429362e-05, 3.95707829739e-05, 1.0558638678e-05, 6.86222392687e-06, 2.79805362879e-06, 3.1694057725e-06, 6.06455250818e-06, 4.43273074779e-06, 8.48043418955e-06, 6.59168063066e-06, 3.47485570273e-06, 4.24876725447e-06, 3.71162195734e-06, 2.23128381549e-06, 9.6128428595e-07, 8.68088193329e-07, 3.86797665897e-07, 1.51431024165e-07, 8.48549959187e-08, 7.38311882742e-08, 6.81074254771e-08, 6.2149211999e-08, 5.99142495616e-08, 8.20691070658e-08, 8.05527449188e-08, 5.9064213076e-08],
        "dvar": [2.23349783113e-09, 1.67263589645e-08, 2.73133049511e-09, 6.12227157859e-10, 1.37450661963e-09, 4.3768019764e-10, 1.93695015582e-09, 3.55187323997e-09, 7.57199547508e-09, 1.56947130847e-08, 1.00082777621e-08, 2.00369010273e-09, 3.40411365762e-09, 2.31772961934e-10, 5.97283777992e-10, 1.29794075487e-09, 4.0708383886e-10, 6.28929755497e-11, 2.96543540591e-12, 1.86399962306e-12, 9.97892740662e-12, 5.62484303926e-12, 2.28828848231e-11, 9.67180502354e-12, 2.79080578092e-12, 4.95348120161e-12, 4.10010653901e-12, 1.51298743499e-12, 2.69059270306e-13, 2.39233735903e-13, 3.55947842273e-14, 6.71338196961e-15, 1.82685800251e-15, 1.18674038119e-15, 9.48596856311e-16, 1.10737413519e-15, 1.08273299384e-15, 2.48568107591e-15, 2.1444007018e-15, 1.37789570623e-15],
        "dvar2": [5.62741009347e-09, 4.87533036164e-08, 7.48109840742e-09, 1.65324953727e-09, 3.56121820921e-09, 9.74488489902e-10, 4.91308504991e-09, 1.04221911101e-08, 2.19953761871e-08, 4.44951062661e-08, 3.01086373611e-08, 5.93811133598e-09, 9.5477812323e-09, 6.73640920823e-10, 1.56295310028e-09, 3.60947050027e-09, 1.21913179552e-09, 1.83330781112e-10, 8.62142909147e-12, 5.41089525616e-12, 2.59284330117e-11, 1.62274534088e-11, 6.37162822503e-11, 2.57638060192e-11, 8.07530431413e-12, 1.34940851895e-11, 1.13619027381e-11, 4.28959428742e-12, 7.57623185108e-13, 6.69571603024e-13, 1.08158728013e-13, 2.14699321554e-14, 5.42622307967e-15, 3.38923886108e-15, 2.75043159973e-15, 3.28726774093e-15, 3.41058620893e-15, 7.71903835338e-15, 6.63672125272e-15, 4.19762762418e-15],
        "max": [0.000270712800557, 0.000835840997752, 0.000428789790021, 0.000187517231097, 0.000312207383104, 0.00016374400002, 0.000436617207015, 0.000301055959426, 0.000500541704241, 0.000965733721387, 0.000910315837245, 0.000273988873232, 0.000341877457686, 8.20239220047e-05, 0.000132566143293, 0.000168709637364, 0.00018291080778, 5.22851551068e-05, 1.39824514918e-05, 6.58890212435e-06, 1.73263961187e-05, 1.14230315376e-05, 2.38148531935e-05, 1.67707166838e-05, 9.16841599974e-06, 1.31774668262e-05, 1.16804430945e-05, 8.13606948213e-06, 2.9711247862e-06, 3.25224959852e-06, 1.16759713364e-06, 6.85089787567e-07, 2.50729129903e-07, 2.47594556413e-07, 1.84600082775e-07, 1.94300497469e-07, 1.68366526054e-07, 2.89715899271e-07, 2.95059749078e-07, 2.84371338921e-07],
        "mean": [0.000102340913145, 0.00027095558471, 8.72722303029e-05, 4.13534871768e-05, 2.77934705082e-05, 2.25371222768e-05, 2.91976284643e-05, 3.65107116522e-05, 6.12273361185e-05, 3.86204919778e-05, 1.55333000293e-05, 1.89441816474e-05, 2.16147782339e-05, 8.66090522322e-06, 1.48422423081e-05, 1.59834671649e-05, 4.07033303418e-06, 2.93550147035e-06, 1.62632557021e-06, 1.96276641873e-06, 2.93387984129e-06, 2.1690250378e-06, 3.79187872568e-06, 2.96983330372e-06, 1.81860377779e-06, 2.03377612706e-06, 1.64579057582e-06, 9.9839462564e-07, 4.80528683511e-07, 3.79389859972e-07, 2.01827944579e-07, 1.03082868463e-07, 6.30744381169e-08, 5.56981767375e-08, 5.31624984035e-08, 5.43131726261e-08, 4.37337845938e-08, 6.0639848698e-08, 5.55676322733e-08, 4.57091715589e-08],