{
"metadata": {
    "version": {
        "essentia": "2.0.1",
        "extractor": "archive-music 1.0 mod ismir14"
    },
    "audio_properties": {
        "analysis_sample_rate": 44100,
        "bitrate": 32,
        "channels": 2,
        "equal_loudness": 0,
        "length": 30.0408172607,
        "replay_gain": -9.60221099854,
        "downmix": "mix"
    },
    "tags": {
        "track": 0,
        "year": 0,
        "album": "",
        "artist": "",
        "comment": "",
        "genre": "",
        "title": ""
    }
},
"rhythm": {
    "bpm": 172.265594482,
    "bpm_histogram_first_peak": 172,
    "bpm_histogram_first_peak_spread": 0,
    "bpm_histogram_first_peak_weight": 0.529411792755,
    "bpm_histogram_second_peak": 178,
    "bpm_histogram_second_peak_spread": 0,
    "bpm_histogram_second_peak_weight": 0.258823543787
},
"tonal": {
    "tuning_frequency": {
        "dmean": 0.0894791930914,
        "dmean2": 0.17292252183,
        "dvar": 1.56284880638,
        "dvar2": 3.28922963142,
        "max": 455.779724121,
        "mean": 434.450622559,
        "median": 432.940917969,
        "min": 431.692352295,
        "var": 23.8681793213
    },
    "hpcp": {
        "dmean": [0.12432025373, 0.12238791585, 0.163996741176, 0.134608596563, 0.082758769393, 0.0734991580248, 0.0948522090912, 0.0927475988865, 0.108393743634, 0.0962285250425, 0.112562410533, 0.084131680429],
        "dmean2": [0.232159584761, 0.228071480989, 0.304127037525, 0.248426705599, 0.156616613269, 0.137779131532, 0.178585737944, 0.17536495626, 0.206263691187, 0.175883933902, 0.202757298946, 0.15679988265],
        "dvar": [0.0737943127751, 0.0710345432162, 0.0863764956594, 0.0747405141592, 0.0496593825519, 0.0416904762387, 0.0621999613941, 0.0590263567865, 0.0702761188149, 0.0521626882255, 0.0566664859653, 0.0438847951591],
        "dvar2": [0.202831149101, 0.190443411469, 0.235747456551, 0.2007830441, 0.141083136201, 0.114190869033, 0.169680580497, 0.156999871135, 0.202847495675, 0.146204203367, 0.14869761467, 0.122494570911],
        "max": [1, 1, 1, 1, 1, 1, 1, 1, 1, 1, 1, 1],
        "mean": [0.119226567447, 0.137662321329, 0.149326890707, 0.297204911709, 0.0602836757898, 0.0853675529361, 0.127502590418, 0.119769625366, 0.0825653150678, 0.0914572775364, 0.242288663983, 0.0695732235909],
        "median": [0.00787744298577, 0.00752105703577, 0.0188588891178, 0.0193128231913, 0.000839084445033, 0.00576644716784, 0.000438639777713, 0.00243033561856, 0.00149750686251, 0.00213184161112, 0.0273763276637, 0.00259995437227],
        "min": [0, 0, 0, 0, 0, 0, 0, 0, 0, 0, 0, 0],
        "var": [0.0726355314255, 0.0855542123318, 0.0807769447565, 0.175487011671, 0.0384543314576, 0.0535825714469, 0.0952497571707, 0.0859955325723, 0.058215867728, 0.0546884648502, 0.140304177999, 0.0378149822354]
    }
},
"lowlevel": {
    "melbands": {
        "dmean": [9.05008892005e-06, 0.000147852682858, 0.000383063743357, 0.0013449084945, 0.00153222039808, 0.000823900976684, 0.000274052843451, 0.000215247244341, 0.000116573130072, 7.83784853411e-05, 5.05917450937e-05, 3.90536479244e-05, 5.29731514689e-05, 2.7255178793e-05, 2.53831749433e-05, 2.01200564334e-05, 3.63555882359e-05, 2.1551601094e-05, 2.42122132477e-05, 7.19896297596e-06, 1.03542206489e-05, 9.25837775867e-06, 5.73332044951e-06, 6.90431761541e-06, 1.4366331925e-05, 1.39238854899e-05, 5.19823197465e-06, 2.95835639008e-06, 8.45773797664e-07, 5.53206120912e-07, 2.32572261893e-07, 4.01877926492e-08, 7.15270553897e-09, 1.89544735463e-09, 7.64709406909e-10, 4.20693008207e-10, 2.47789677665e-10, 1.30852675917e-10, 9.91414658702e-11, 5.62467225573e-11],
        "dmean2": [1.4332335013e-05, 0.000237177984673, 0.000665381259751, 0.00209116237238, 0.00237760646269, 0.00127695593983, 0.000396355957491, 0.000322463660268, 0.000156666137627, 9.61352488957e-05, 5.98229562456e-05, 4.94843952765e-05, 6.01389547228e-05, 3.27607194777e-05, 3.25151158904e-05, 2.84216584987e-05, 4.84460069856e-05, 3.08450289594e-05, 3.52238821506e-05, 1.05411045297e-05, 1.59580340551e-05, 1.35414629767e-05, 7.92283117335e-06, 9.95612663246e-06, 1.97855315491e-05, 1.82915246114e-05, 7.52119058234e-06, 4.50439983979e-06, 1.23508300476e-06, 8.18616229026e-07, 3.51975955937e-07, 5.93850835173e-08, 1.1707741443e-08, 2.77466960519e-09, 1.18302589946e-09, 6.96016910773e-10, 4.27076984888e-10, 2.38570219135e-10, 1.84237694545e-10, 1.0373573528e-10],
        "dvar": [2.5107121937e-10, 5.45648006778e-08, 7.19142121852e-07, 7.90032299847e-06, 9.15286273084e-06, 2.35018364947e-06, 3.12201990482e-07, 2.92732266871e-07, 1.96004620534e-07, 1.43425111787e-07, 4.4079609296e-08, 3.16031396608e-08, 5.30285788614e-08, 1.22173196004e-08, 2.19792752887e-08, 3.21499271649e-09, 1.33903439448e-08, 2.97593660825e-09, 3.49234818842e-09, 3.14725190353e-10, 9.38462307865e-10, 7.17685577634e-10, 3.50910106528e-10, 3.39950706474e-10, 2.26221752442e-09, 2.23478013872e-09, 3.10581144136e-10, 1.33072941555e-10, 1.04238501511e-11, 1.32689310928e-11, 2.53054413361e-12, 5.35929502545e-14, 3.62673588806e-15, 1.28727342468e-16, 1.28086030993e-17, 1.12163366685e-17, 1.10217548371e-17, 4.38726133063e-18, 3.88521357042e-18, 8.39268771531e-19],
        "dvar2": [6.40977659838e-10, 1.36431225428e-07, 2.28377439271e-06, 2.0581892386e-05, 2.39959408646e-05, 6.01794818067e-06, 5.47742843082e-07, 5.5576322211e-07, 3.34305667593e-07, 2.64680465989e-07, 6.80661997876e-08, 5.35664170798e-08, 6.66746799993e-08, 1.95152800586e-08, 4.26274056053e-08, 6.07099437389e-09, 2.33588313137e-08, 6.17382811541e-09, 7.17519332838e-09, 7.10720093888e-10, 2.34574915048e-09, 1.67279823327e-09, 6.01764749142e-10, 6.84592382783e-10, 4.16534495784e-09, 4.63905003301e-09, 7.33613447768e-10, 3.30580562924e-10, 2.21489025037e-11, 2.86963595247e-11, 6.42963633724e-12, 1.23848644556e-13, 9.79283420034e-15, 2.74760918007e-16, 3.36280914349e-17, 3.26018746233e-17, 3.27974995295e-17, 1.31371029904e-17, 1.16176483057e-17, 2.50719601718e-18],
        "max": [0.000295708421618, 0.00795524846762, 0.016407135874, 0.105374589562, 0.0801661387086, 0.0182395931333, 0.00993595272303, 0.0122669273987, 0.0133741684258, 0.0105186402798, 0.00822998583317, 0.00500142108649, 0.00719845388085, 0.00383339030668, 0.0054280650802, 0.00186428613961, 0.00522624980658, 0.00104410760105, 0.00200079916976, 0.000507052463945, 0.000549020420294, 0.000558346684556, 0.00043741040281, 0.00047276893747, 0.00184894457925, 0.00143075012602, 0.000487720652018, 0.000223675189773, 0.00010769956134, 0.000151966829435, 6.31672228337e-05, 9.23237075767e-06, 2.72413035418e-06, 3.57278707952e-07, 1.01809852993e-07, 1.16374337722e-07, 1.19216466032e-07, 7.55805231734e-08, 7.12861094598e-08, 3.31673177811e-08],
        "mean": [1.21686771308e-05, 0.000255550286965, 0.000599375460297, 0.00321713951416, 0.00359157030471, 0.00175988103729, 0.000699720112607, 0.000556178099941, 0.000295392383123, 0.000177246620297, 0.000161313102581, 9.34587005759e-05, 0.000150982523337, 6.44586325507e-05, 4.91886239615e-05, 4.22341690864e-05, 8.07457981864e-05, 4.19163552579e-05, 5.42888265045e-05, 1.59241790243e-05, 1.83413412742e-05, 1.61678653967e-05, 1.05077688204e-05, 1.4030814782e-05, 3.02321313939e-05, 3.25256951328e-05, 9.36773267313e-06, 4.59768034489e-06, 1.58909620041e-06, 9.52006985244e-07, 3.7825523691e-07, 6.86964938268e-08, 1.04448565352e-08, 3.35464545032e-09, 1.36420230668e-09, 6.80047018697e-10, 3.62717272884e-10, 1.69384992144e-10, 1.03251525385e-10, 5.54739240655e-11],