{
"metadata": {
    "version": {
        "essentia": "2.0.1",
        "extractor": "archive-music 1.0 mod ismir14"
    },
    "audio_properties": {
        "analysis_sample_rate": 44100,
        "bitrate": 128,
        "channels": 2,
        "equal_loudness": 0,
        "length": 30.0669155121,
        "replay_gain": -12.1478862762,
        "downmix": "mix"
    },
    "tags": {
        "track": 6,
        "year": 0,
        "album": "Swing Classics (Jazz & Tzaz 70)",
        "artist": "Benny Carter",
        "comment": "",
        "genre": "Jazz",
        "title": "Babalu"
    }
},
"rhythm": {
    "bpm": 92.6367721558,
    "bpm_histogram_first_peak": 94,
    "bpm_histogram_first_peak_spread": 0.555555582047,
    "bpm_histogram_first_peak_weight": 0.355555564165,
    "bpm_histogram_second_peak": 89,
    "bpm_histogram_second_peak_spread": 0,
    "bpm_histogram_second_peak_weight": 0.177777782083
},
"tonal": {
    "tuning_frequency": {
        "dmean": 0.387184977531,
        "dmean2": 0.699065387249,
        "dvar": 2.77355289459,
        "dvar2": 6.64519929886,
        "max": 455.779724121,
        "mean": 436.297973633,
        "median": 434.695007324,
        "min": 432.940917969,
        "var": 9.11484241486
    },
    "hpcp": {
        "dmean": [0.109431169927, 0.166127711535, 0.0817239806056, 0.228493884206, 0.15770791471, 0.110690802336, 0.219189912081, 0.105829931796, 0.19495549798, 0.112681090832, 0.140390366316, 0.213269531727],
        "dmean2": [0.192097425461, 0.288660079241, 0.14997279644, 0.413195312023, 0.285027176142, 0.206375092268, 0.37430357933, 0.189097240567, 0.324648946524, 0.20604737103, 0.233164817095, 0.365052372217],
        "dvar": [0.0393046922982, 0.0514219067991, 0.0284442864358, 0.0804447829723, 0.0565183386207, 0.0262043830007, 0.0735360011458, 0.0356897078454, 0.0477858074009, 0.026668516919, 0.0343452394009, 0.0502660609782],
        "dvar2": [0.112733416259, 0.130425587296, 0.0813086032867, 0.166940614581, 0.111990138888, 0.0761645436287, 0.139904513955, 0.0989715829492, 0.108147315681, 0.0754296034575, 0.0843225419521, 0.120499767363],
        "max": [1, 1, 1, 1, 1, 1, 1, 1, 1, 1, 1, 1],
        "mean": [0.0928460806608, 0.226709753275, 0.070171482861, 0.456782758236, 0.280773073435, 0.110267333686, 0.356026291847, 0.0945373475552, 0.416626065969, 0.0941191762686, 0.208779931068, 0.388981133699],
        "median": [0.0336368605494, 0.122019246221, 0.0265599284321, 0.313381910324, 0.122732102871, 0.0718915387988, 0.196343481541, 0.0382078774273, 0.286278247833, 0.0425396598876, 0.144463300705, 0.263148099184],
        "min": [0.00175288657192, 0.00317383930087, 0.000647821987513, 0.00168055621907, 0.00127259886358, 0.00419885152951, 0.00276361801662, 0.00202853232622, 0.010440947488, 0.00253503373824, 0.00306412018836, 0.00240969052538],
        "var": [0.0278518442065, 0.065975509584, 0.0189522989094, 0.14370059967, 0.12078537792, 0.0183868650347, 0.13261193037, 0.0294479094446, 0.118867956102, 0.0195422377437, 0.0443947724998, 0.102464720607]
    }
},
"lowlevel": {
    "melbands": {
        "dmean": [1.83011820809e-06, 1.01484765764e-05, 7.25330892237e-06, 1.61341340572e-05, 1.60449380928e-05, 2.64699447143e-05, 2.10636444535e-05, 6.05970271863e-05, 3.32941526722e-05, 2.26639258472e-05, 1.51590038513e-05, 1.21589418995e-05, 9.35277421377e-06, 8.74044053489e-06, 1.79071375896e-05, 1.47182163346e-05, 7.91977981862e-06, 5.1420552154e-06, 4.74735270473e-06, 6.26936980552e-06, 1.70168584646e-06, 2.18613649849e-06, 1.05237631942e-06, 9.47108730998e-07, 1.36364394621e-06, 4.26883303817e-07, 2.69178372037e-07, 2.90895627586e-07, 2.84523821392e-07, 3.21008570836e-07, 1.48876864614e-07, 7.61755885037e-08, 5.2035808551e-08, 2.13755360079e-08, 8.92889762127e-09, 6.81119605161e-09, 1.26622301533e-09, 1.10585485213e-10, 1.10219359681e-11, 4.40394980683e-13],
        "dmean2": [3.24044503941e-06, 1.77162182808e-05, 1.30870485009e-05, 2.92179556709e-05, 2.79767136817e-05, 4.46920967079e-05, 3.26332410623e-05, 9.64632854448e-05, 5.29717835889e-05, 3.82621328754e-05, 2.36886644416e-05, 1.82887033588e-05, 1.46241172843e-05, 1.53555447469e-05, 3.01599611703e-05, 2.29673987633e-05, 1.2273446373e-05, 8.7232911028e-06, 7.67112669564e-06, 1.05398294181e-05, 2.85076293949e-06, 3.72838007934e-06, 1.75834554739e-06, 1.65030553489e-06, 2.33632317759e-06, 7.03125010659e-07, 4.64986328552e-07, 5.07679715156e-07, 4.75619543749e-07, 5.63316973512e-07, 2.56508286611e-07, 1.34494499093e-07, 9.11096762479e-08, 3.85614242759e-08, 1.58879096546e-08, 1.19721867975e-08, 2.21449836246e-09, 2.01952843337e-10, 1.99728272116e-11, 7.89567684237e-13],
        "dvar": [3.58305594396e-12, 1.43789688489e-10, 4.49610487729e-11, 2.66982186359e-10, 2.70780814438e-10, 9.59288759539e-10, 7.12230607824e-10, 1.09268265547e-08, 2.95152791097e-09, 9.44946787484e-10, 4.80560202742e-10, 3.34981709038e-10, 1.55056495421e-10, 2.25495844219e-10, 6.95158708375e-10, 6.78357703343e-10, 1.95597080199e-10, 7.66321311962e-11, 5.44267964031e-11, 1.35083555453e-10, 4.11271320819e-12, 9.7719983147e-12, 1.77167904913e-12, 1.53389616547e-12, 4.00851313948e-12, 6.78595200865e-13, 1.81854165515e-13, 2.67237702236e-13, 1.43947570877e-13, 1.89038536344e-13, 5.01839882313e-14, 1.75387031694e-14, 9.24215690551e-15, 1.92684410094e-15, 2.32867250771e-16, 1.38557040707e-16, 3.34859110817e-18, 3.94814663465e-20, 3.91487610159e-22, 5.54745822606e-25],
        "dvar2": [9.75710658102e-12, 4.10442374532e-10, 1.2525121218e-10, 8.06529842912e-10, 8.47364234335e-10, 2.98289859479e-09, 1.63699165334e-09, 2.58109942308e-08, 7.46440775856e-09, 2.67980526658e-09, 1.16011100726e-09, 8.23059065347e-10, 3.64151403476e-10, 6.56532606058e-10, 1.67798575035e-09, 1.3443625102e-09, 4.09765193998e-10, 2.34158609169e-10, 1.25070842572e-10, 3.49998752203e-10, 1.05945616863e-11, 2.45169301527e-11, 3.94089014893e-12, 4.29961405021e-12, 1.13137927846e-11, 1.80760734072e-12, 5.61899214224e-13, 6.95133891854e-13, 4.08452134962e-13, 5.41341439991e-13, 1.47732330926e-13, 5.11341355814e-14, 2.53953284725e-14, 5.56306336988e-15, 6.47246832936e-16, 3.62880111321e-16, 9.22343440688e-18, 9.80722588713e-20, 1.10131192282e-21, 1.53490391962e-24],
        "max": [1.07460491563e-05, 8.76011690707e-05, 4.48902574135e-05, 0.000116644972877, 9.68502863543e-05, 0.000177517751581, 0.000270625547273, 0.000737668771762, 0.000351872702595, 0.000191690487554, 0.000125976817799, 0.000135284135467, 8.16476458567e-05, 0.000110028857307, 0.000157413262059, 0.000178547226824, 0.000114729249617, 6.81532765157e-05, 6.13278680248e-05, 0.000101518897281, 1.33944759e-05, 2.51616620517e-05, 1.05681992864e-05, 7.11554730515e-06, 1.26763197841e-05, 6.7394312282e-06, 2.45054980041e-06, 3.802487754e-06, 2.00205886358e-06, 2.50276048064e-06, 1.29397801629e-06, 9.25441895561e-07, 5.59917111786e-07, 2.95081719059e-07, 8.13806337874e-08, 8.20557133352e-08, 1.22919523449e-08, 1.26972177217e-09, 1.20387602665e-10, 4.3620788405e-12],
        "mean": [2.4861849397e-06, 1.43307215694e-05, 9.36704054766e-06, 2.08833971556e-05, 2.62033008767e-05, 3.67667053069e-05, 3.44101281371e-05, 8.4883729869e-05, 4.65520606667e-05, 2.73271289188e-05, 1.83066058526e-05, 1.48671260831e-05, 1.21374187074e-05, 9.2961890914e-06, 1.93319574464e-05, 1.56464411702e-05, 1.11777408165e-05, 5.43954729437e-06, 4.62878961116e-06, 6.54387804389e-06, 1.87277396435e-06, 2.6263073778e-06, 1.28856777337e-06, 1.06405821043e-06, 1.44809746416e-06, 4.84972360937e-07, 2.57094484368e-07, 2.75067691291e-07, 2.8854771017e-07, 3.09179000624e-07, 1.43772581396e-07, 6.69741879733e-08, 4.26646877827e-08, 1.72897802742e-08, 7.43298356198e-09, 5.98139582308e-09, 1.27412091988e-09, 9.87350340376e-11, 1.02217219064e-11, 3.93559669446e-13],