{
"metadata": {
    "version": {
        "essentia": "2.0.1",
        "extractor": "archive-music 1.0 mod ismir14"
    },
    "audio_properties": {
        "analysis_sample_rate": 44100,
        "bitrate": 64,
        "channels": 2,
        "equal_loudness": 0,
        "length": 30.0669155121,
        "replay_gain": -13.0022926331,
        "downmix": "mix"
    },
    "tags": {
        "track": 0,
        "year": 0,
        "album": "",
        "artist": "",
        "comment": "",
        "genre": "",
        "title": ""
    }
},
"rhythm": {
    "bpm": 88.3269577026,
    "bpm_histogram_first_peak": 89,
    "bpm_histogram_first_peak_spread": 0.333333313465,
    "bpm_histogram_first_peak_weight": 0.651162803173,
    "bpm_histogram_second_peak": 94,
    "bpm_histogram_second_peak_spread": 0,
    "bpm_histogram_second_peak_weight": 0.0232558138669
},
"tonal": {
    "tuning_frequency": {
        "dmean": 0.111603029072,
        "dmean2": 0.219021588564,
        "dvar": 1.37376320362,
        "dvar2": 2.99649000168,
        "max": 453.678466797,
        "mean": 449.849761963,
        "median": 452.892974854,
        "min": 431.941772461,
        "var": 42.0834541321
    },
    "hpcp": {
        "dmean": [0.156254380941, 0.155449450016, 0.171563133597, 0.161954581738, 0.129635319114, 0.162769749761, 0.246578335762, 0.238615557551, 0.235315665603, 0.21302190423, 0.246518209577, 0.206686720252],
        "dmean2": [0.28366586566, 0.288166999817, 0.321713060141, 0.298689961433, 0.244561716914, 0.298967599869, 0.453243404627, 0.435749948025, 0.432230710983, 0.398212224245, 0.439003735781, 0.388866692781],
        "dvar": [0.0654032081366, 0.0736412107944, 0.0870637893677, 0.0755055397749, 0.0642117261887, 0.0683451294899, 0.0948845744133, 0.0951057896018, 0.0974771305919, 0.0953416600823, 0.0817085728049, 0.0933230817318],
        "dvar2": [0.179244428873, 0.204309463501, 0.24452920258, 0.205525025725, 0.181075543165, 0.186165317893, 0.253745436668, 0.239863738418, 0.263092905283, 0.267318487167, 0.208870440722, 0.264260083437],
        "max": [1, 1, 1, 1, 1, 1, 1, 1, 1, 1, 1, 1],
        "mean": [0.148977100849, 0.127490028739, 0.133563935757, 0.174587592483, 0.0907229855657, 0.18434253335, 0.258214354515, 0.247183188796, 0.207310661674, 0.161249145865, 0.371345698833, 0.149163633585],
        "median": [0.0349446423352, 0.0145888337865, 0.0205908454955, 0.0259011555463, 0.0128813814372, 0.0371981337667, 0.0754263103008, 0.0669953674078, 0.0474163927138, 0.0257137250155, 0.20405203104, 0.0246547106653],
        "min": [0, 0, 0, 0, 0, 0, 0, 0, 0, 0, 0, 0],
        "var": [0.0688010752201, 0.0644624680281, 0.0701743289828, 0.0936241075397, 0.0448540300131, 0.0925118029118, 0.121160581708, 0.116690412164, 0.100292883813, 0.0805983915925, 0.140521332622, 0.074899315834]
    }
},
"lowlevel": {
    "melbands": {
        "dmean": [0.00021380315593, 0.00078560761176, 0.000966838968452, 0.000491504382808, 0.000279429514194, 0.000437856506323, 0.000541793822777, 0.000387950974982, 0.00042230024701, 0.00025476195151, 0.000131031207275, 8.07184187579e-05, 6.28505295026e-05, 4.46370140708e-05, 6.26205001026e-05, 4.0953484131e-05, 4.35749607277e-05, 3.64092775271e-05, 2.81091306533e-05, 2.37560834648e-05, 2.09316967812e-05, 2.03227591555e-05, 2.5021196052e-05, 2.59498574451e-05, 1.93848136405e-05, 1.56646619871e-05, 1.16553337648e-05, 7.57358930059e-06, 4.48024093203e-06, 3.53997825187e-06, 2.54405676969e-06, 1.66546271885e-06, 8.18912837985e-07, 6.45257557608e-07, 5.50901177121e-07, 4.08342344826e-07, 2.61078923813e-07, 1.09664242132e-07, 2.00804066708e-08, 9.01225316596e-10],
        "dmean2": [0.000367408065358, 0.00135214335751, 0.00167471216992, 0.000835213635582, 0.00046960558393, 0.000737892463803, 0.000961839105003, 0.000633628747892, 0.000710476248059, 0.000430760759627, 0.000204672076507, 0.000120093347505, 9.93854264379e-05, 6.99342490407e-05, 9.30905298446e-05, 6.56242773402e-05, 7.07158033038e-05, 5.93109434703e-05, 4.59036418761e-05, 3.95785937144e-05, 3.44479194609e-05, 3.24973188981e-05, 3.99972159357e-05, 4.18983872805e-05, 3.0404460631e-05, 2.53428952419e-05, 1.78660757228e-05, 1.17934596346e-05, 7.3771661846e-06, 5.61327306059e-06, 4.01731813326e-06, 2.71990734291e-06, 1.34120591611e-06, 1.07163316443e-06, 8.93356798315e-07, 6.67960250667e-07, 4.23520418735e-07, 1.7625785631e-07, 3.21504316503e-08, 1.38837119579e-09],
        "dvar": [9.00972594309e-08, 1.17396439236e-06, 1.54843917244e-06, 5.75468277475e-07, 1.63176039791e-07, 3.21344373333e-07, 8.54163374697e-07, 8.93332980922e-07, 5.31409227733e-07, 2.38027894284e-07, 8.71464322927e-08, 5.00003807247e-08, 3.95768786632e-08, 1.67222289349e-08, 4.8598828073e-08, 1.12347953163e-08, 1.947049455e-08, 9.19215992212e-09, 6.60943122455e-09, 6.24051210707e-09, 3.3211751127e-09, 3.2868605615e-09, 3.60489593731e-09, 3.97875821179e-09, 2.31837926634e-09, 1.05278186169e-09, 9.68071289797e-10, 4.53738435713e-10, 8.87069723232e-11, 6.73835501286e-11, 3.55811630159e-11, 1.34757474277e-11, 2.54936891909e-12, 1.19894350524e-12, 1.02850388796e-12, 4.93034974826e-13, 2.16781250611e-13, 5.5001596539e-14, 2.95684759975e-15, 2.80679649235e-18],
        "dvar2": [2.62585047039e-07, 3.03521937894e-06, 4.35815672972e-06, 1.65038818523e-06, 4.32315346188e-07, 8.56438532537e-07, 2.42336386691e-06, 2.19795560952e-06, 1.52251641339e-06, 6.58149076571e-07, 2.21928615929e-07, 8.76717791698e-08, 8.92403164698e-08, 3.89401968448e-08, 1.11227251409e-07, 2.66690260986e-08, 4.63708005327e-08, 2.32991617111e-08, 1.75901444521e-08, 1.66811915392e-08, 8.88458373538e-09, 8.96631480174e-09, 9.43391587072e-09, 9.94678295285e-09, 5.38754596491e-09, 2.55599164056e-09, 1.89057680622e-09, 9.23124299224e-10, 2.20617746294e-10, 1.49825554741e-10, 8.00825517011e-11, 3.23253784851e-11, 6.37982895679e-12, 3.31855116303e-12, 2.82577693883e-12, 1.30142088512e-12, 5.75396663909e-13, 1.44366425281e-13, 8.29166227188e-15, 6.97738758089e-18],
        "max": [0.00376917468384, 0.0143196750432, 0.0152785032988, 0.012412596494, 0.00554620428011, 0.0060778898187, 0.0101066175848, 0.0107786674052, 0.0168537031859, 0.0116193015128, 0.00691816722974, 0.00569358887151, 0.00567343086004, 0.00375026580878, 0.00826676469296, 0.00272558024153, 0.00389124755748, 0.00177172955591, 0.00108822702896, 0.00168869062327, 0.00091326306574, 0.00154350080993, 0.00129043450579, 0.00125489686616, 0.00094124727184, 0.000694020825904, 0.000747344107367, 0.00067607924575, 0.00016158609651, 0.000282735010842, 0.000177410867764, 0.000109397144115, 3.41657687386e-05, 2.27340788115e-05, 1.83320753422e-05, 9.97225288302e-06, 7.73515148467e-06, 5.1369565881e-06, 1.35263189804e-06, 2.42857574051e-08],
        "mean": [0.000256059662206, 0.00106551870704, 0.00126015336718, 0.000718878873158, 0.000375804695068, 0.000648109882604, 0.000650528178085, 0.000502182927448, 0.000764593074564, 0.000438639166532, 0.000280584965367, 0.000156851659995, 0.000109945976874, 7.86355376476e-05, 0.000120013777632, 7.39823226468e-05, 7.56960071158e-05, 6.21455619694e-05, 4.36363370682e-05, 3.88780899812e-05, 3.60676458513e-05, 3.7112939026e-05, 5.64728470636e-05, 6.20380451437e-05, 3.98527336074e-05, 3.38451827702e-05, 2.78393636108e-05, 1.60208091984e-05, 8.63089917402e-06, 7.15746000424e-06, 5.74977184442e-06, 3.55852716893e-06, 1.78086941105e-06, 1.38399491334e-06, 1.2657002344e-06, 8.88876684257e-07, 5.50890661088e-07, 2.21367727704e-07, 3.82548464017e-08, 1.41707401369e-09],