{
"metadata": {
    "version": {
        "essentia": "2.0.1",
        "extractor": "archive-music 1.0 mod ismir14"
    },
    "audio_properties": {
        "analysis_sample_rate": 44100,
        "bitrate": 64,
        "channels": 2,
        "equal_loudness": 0,
        "length": 30.0669155121,
        "replay_gain": -13.4510478973,
        "downmix": "mix"
    },
    "tags": {
        "track": 0,
        "year": 0,
        "album": "",
        "artist": "",
        "comment": "",
        "genre": "",
        "title": ""
    }
},
"rhythm": {
    "bpm": 90.2969741821,
    "bpm_histogram_first_peak": 91,
    "bpm_histogram_first_peak_spread": 0.365853667259,
    "bpm_histogram_first_peak_weight": 0.604651153088,
    "bpm_histogram_second_peak": 83,
    "bpm_histogram_second_peak_spread": 0.5,
    "bpm_histogram_second_peak_weight": 0.0232558138669
},
"tonal": {
    "tuning_frequency": {
        "dmean": 0.126771777868,
        "dmean2": 0.233530312777,
        "dvar": 1.72952210903,
        "dvar2": 3.41958117485,
        "max": 456.04309082,
        "mean": 439.651153564,
        "median": 431.692352295,
        "min": 431.193908691,
        "var": 78.3184585571
    },
    "hpcp": {
        "dmean": [0.207680344582, 0.171333029866, 0.185382604599, 0.174759104848, 0.142978072166, 0.180176779628, 0.201203033328, 0.217995136976, 0.25792875886, 0.179800361395, 0.18187443912, 0.196873903275],
        "dmean2": [0.381749153137, 0.321136772633, 0.347698420286, 0.323294490576, 0.265083521605, 0.327319800854, 0.375909030437, 0.404039263725, 0.477963358164, 0.340898036957, 0.340599924326, 0.37360945344],
        "dvar": [0.0899685919285, 0.0901512801647, 0.101256921887, 0.0877225920558, 0.0682995319366, 0.0862504243851, 0.103331565857, 0.10834364593, 0.119559586048, 0.100465543568, 0.0919264182448, 0.101901575923],
        "dvar2": [0.249532699585, 0.244458928704, 0.287261754274, 0.24992325902, 0.18882599473, 0.23359028995, 0.279202997684, 0.286560803652, 0.315824836493, 0.285366624594, 0.268236488104, 0.294359892607],
        "max": [1, 1, 1, 1, 1, 1, 1, 1, 1, 1, 1, 1],
        "mean": [0.183995783329, 0.144380748272, 0.147745266557, 0.144361495972, 0.113448396325, 0.165012553334, 0.180466488004, 0.190009266138, 0.27440482378, 0.12271732837, 0.135998234153, 0.137605309486],
        "median": [0.0340657159686, 0.0190728195012, 0.0170306377113, 0.0189300216734, 0.016768116504, 0.0213541537523, 0.0189109873027, 0.0246062539518, 0.056062284857, 0.0110205113888, 0.0173032395542, 0.0154266217723],
        "min": [0, 0, 0, 0, 0, 0, 0, 0, 0, 0, 0, 0],
        "var": [0.0909454301, 0.0823108404875, 0.0850231721997, 0.0776924490929, 0.055551327765, 0.088102184236, 0.104829259217, 0.104931987822, 0.143378794193, 0.073071911931, 0.0728231966496, 0.0783769637346]
    }
},
"lowlevel": {
    "melbands": {
        "dmean": [0.000750067527406, 0.00247164373286, 0.00120889069512, 0.000470838218462, 0.000330216542352, 0.000251605320955, 0.000278736959444, 0.00031075332663, 0.000459270260762, 0.000314599921694, 0.000142123564729, 0.00015799610992, 0.000142052638694, 9.63455458987e-05, 0.000137181355967, 0.00013531667355, 3.34239994118e-05, 2.58535601461e-05, 1.48674116645e-05, 1.8346525394e-05, 2.76964856312e-05, 2.00334870897e-05, 3.56758973794e-05, 2.54228270933e-05, 1.47029168147e-05, 1.72327381733e-05, 1.37271081257e-05, 8.28681186249e-06, 4.08387404605e-06, 3.36287416758e-06, 1.80323161203e-06, 8.87373062142e-07, 5.42897396372e-07, 4.31630809317e-07, 3.89717513372e-07, 3.32426083105e-07, 1.74900392835e-07, 1.1872145933e-07, 3.24433528931e-08, 2.86768409019e-09],
        "dmean2": [0.00123378809076, 0.00448859855533, 0.00211948412471, 0.00079917605035, 0.000563266163226, 0.000428583502071, 0.000463230157038, 0.000485961296363, 0.000674408045597, 0.000430059677456, 0.000211414400837, 0.00022056272428, 0.000185779266758, 0.000152702748892, 0.000202489900403, 0.000194356500288, 4.77252651763e-05, 3.86207175325e-05, 2.39949094976e-05, 2.93898901873e-05, 4.48532045993e-05, 3.23637323163e-05, 5.73410434299e-05, 3.80802121072e-05, 2.20672463911e-05, 2.72764409601e-05, 2.06696913665e-05, 1.21715147543e-05, 6.27240251561e-06, 5.04029594595e-06, 2.78094512396e-06, 1.40510087476e-06, 8.68405891197e-07, 6.82502900418e-07, 6.20944888396e-07, 5.32170645329e-07, 2.74680331813e-07, 1.87896304737e-07, 5.09472712906e-08, 4.52321113897e-09],
        "dvar": [6.56534552945e-07, 8.20526474854e-06, 1.79695700808e-06, 4.38011653614e-07, 5.06942910761e-07, 1.90784263054e-07, 2.31792483874e-07, 3.5030853951e-07, 8.66151026457e-07, 1.05282538243e-06, 2.96118400911e-07, 2.10582669524e-07, 1.32781082129e-07, 9.2324370371e-08, 1.36809831019e-07, 1.67998024381e-07, 9.18820308726e-09, 4.2641810083e-09, 6.68402777571e-10, 9.59346824203e-10, 3.29325011705e-09, 1.72036773716e-09, 6.08823391701e-09, 2.98059399384e-09, 8.86681394974e-10, 1.10960307609e-09, 9.20773568502e-10, 3.01557223636e-10, 6.76475889194e-11, 5.5419311501e-11, 1.44347233819e-11, 2.43015503554e-12, 6.11256867605e-13, 3.79029056405e-13, 3.82815957753e-13, 2.3083558719e-13, 6.35823181215e-14, 3.43651803791e-14, 2.65376947034e-15, 2.43775453563e-17],
        "dvar2": [1.84497571354e-06, 2.72342604148e-05, 5.21950596521e-06, 1.14417559871e-06, 1.42507803957e-06, 5.2762766245e-07, 6.1410383978e-07, 8.09401342394e-07, 1.73870103026e-06, 1.85682119991e-06, 5.02766567934e-07, 3.2737605693e-07, 2.12247911691e-07, 2.18464748514e-07, 2.42064515987e-07, 2.90080066634e-07, 1.19415144439e-08, 8.41039948796e-09, 1.559218199e-09, 2.3986945763e-09, 8.02061528304e-09, 4.43743752854e-09, 1.58688475693e-08, 6.12249007048e-09, 1.93106419744e-09, 2.81374168409e-09, 2.00473837531e-09, 5.67253521933e-10, 1.38784428394e-10, 1.09633038758e-10, 3.22209411929e-11, 5.76769144597e-12, 1.5058480721e-12, 8.84348150265e-13, 8.91391615469e-13, 5.76667186225e-13, 1.49183020538e-13, 8.50047639158e-14, 5.79486621787e-15, 5.87765492697e-17],
        "max": [0.00836280547082, 0.0253009870648, 0.0130587629974, 0.00878596305847, 0.0111703556031, 0.00629677716643, 0.00990924518555, 0.0094149671495, 0.0179798584431, 0.0201071724296, 0.0250065531582, 0.0165499411523, 0.0144922090694, 0.00765788462013, 0.00900422688574, 0.0121386786923, 0.00490012764931, 0.00187178677879, 0.000406339764595, 0.000346051732777, 0.000895774399396, 0.000574345351197, 0.00109255185816, 0.000862469489221, 0.000570118078031, 0.000485179421958, 0.00055049743969, 0.00030635818257, 0.000175274239155, 0.000161365591339, 7.49536775402e-05, 3.57627432095e-05, 1.23700829135e-05, 1.2207702639e-05, 1.13324149424e-05, 7.50436947783e-06, 5.34547643838e-06, 3.20147069033e-06, 1.11330132313e-06, 1.0784944493e-07],
        "mean": [0.00127479189541, 0.00343183777295, 0.00180192606058, 0.000673134753015, 0.000436850474216, 0.000378875207389, 0.000437192677055, 0.00059135328047, 0.000897776451893, 0.000603800348472, 0.000233264334383, 0.000267087278189, 0.00031335814856, 0.000144958132296, 0.00022942488431, 0.000244511116762, 6.23835076112e-05, 4.32075430581e-05, 2.59105909208e-05, 3.05448593281e-05, 4.47657948826e-05, 3.44792315445e-05, 5.78209728701e-05, 4.56423404103e-05, 2.85222140519e-05, 3.15068464261e-05, 2.56245912169e-05, 1.54565150297e-05, 7.63746174925e-06, 6.01113470111e-06, 3.38061727234e-06, 1.77989272743e-06, 1.10258724817e-06, 9.40811730743e-07, 8.48439356105e-07, 7.06288346919e-07, 3.8827730009e-07, 2.56609808957e-07, 7.33077669679e-08, 4.69247218859e-09],