{
"metadata": {
    "version": {
        "essentia": "2.0.1",
        "extractor": "archive-music 1.0 mod ismir14"
    },
    "audio_properties": {
        "analysis_sample_rate": 44100,
        "bitrate": 32,
        "channels": 2,
        "equal_loudness": 0,
        "length": 30.0408172607,
        "replay_gain": -13.87408638,
        "downmix": "mix"
    },
    "tags": {
        "track": 0,
        "year": 0,
        "album": "",
        "artist": "",
        "comment": "",
        "genre": "",
        "title": ""
    }
},
"rhythm": {
    "bpm": 90.2968444824,
    "bpm_histogram_first_peak": 91,
    "bpm_histogram_first_peak_spread": 0.324999988079,
    "bpm_histogram_first_peak_weight": 0.62790697813,
    "bpm_histogram_second_peak": 85,
    "bpm_histogram_second_peak_spread": 0,
    "bpm_histogram_second_peak_weight": 0.0697674453259
},
"tonal": {
    "tuning_frequency": {
        "dmean": 0.123744823039,
        "dmean2": 0.234457835555,
        "dvar": 0.302274882793,
        "dvar2": 0.549977004528,
        "max": 452.37008667,
        "mean": 450.813354492,
        "median": 450.544708252,
        "min": 448.985931396,
        "var": 1.96223425865
    },
    "hpcp": {
        "dmean": [0.281010597944, 0.0926338434219, 0.150043278933, 0.1744761765, 0.426445156336, 0.304814219475, 0.140691384673, 0.319497227669, 0.127735391259, 0.103295490146, 0.115120850503, 0.16051954031],
        "dmean2": [0.483190268278, 0.157017081976, 0.24420042336, 0.325525403023, 0.764650404453, 0.545567035675, 0.239439561963, 0.527990698814, 0.221086278558, 0.184853956103, 0.20197661221, 0.28436589241],
        "dvar": [0.0923267900944, 0.0180096179247, 0.0269885566086, 0.0602870173752, 0.090520568192, 0.0895345583558, 0.0235166139901, 0.0886281505227, 0.0254147090018, 0.0185201186687, 0.0257812812924, 0.0333257056773],
        "dvar2": [0.157454431057, 0.0417090058327, 0.0654647275805, 0.169713869691, 0.237197354436, 0.2353489995, 0.0573675073683, 0.194191336632, 0.0763869658113, 0.0524369291961, 0.0715070813894, 0.0934907048941],
        "max": [1, 0.952720463276, 1, 1, 1, 1, 0.839762210846, 1, 1, 1, 1, 0.994951546192],
        "mean": [0.537294328213, 0.09815659374, 0.182573705912, 0.155687406659, 0.463903456926, 0.346837580204, 0.150839060545, 0.43353331089, 0.115878753364, 0.102889865637, 0.113734126091, 0.159453228116],
        "median": [0.481961101294, 0.0507111363113, 0.112240411341, 0.0701128095388, 0.33244857192, 0.19884160161, 0.0840578898787, 0.286080569029, 0.0692200884223, 0.0661383643746, 0.0652774497867, 0.0986694693565],
        "min": [0.00865491200238, 0.00231411820278, 0.00977859180421, 0.00349091249518, 0.0120274079964, 0.00546878017485, 0.0055810934864, 0.00887924153358, 0.00163463829085, 0.00693059805781, 0.00458107655868, 0.00445650611073],
        "var": [0.158215925097, 0.0194299481809, 0.0391416884959, 0.0513348206878, 0.128989979625, 0.128784373403, 0.0296833422035, 0.147447988391, 0.0215211194009, 0.0152033353224, 0.0205410532653, 0.0316753052175]
    }
},
"lowlevel": {
    "melbands": {
        "dmean": [6.73502800055e-05, 0.000170659419382, 4.93033257953e-05, 3.05451649183e-05, 2.76159444184e-05, 2.04799780477e-05, 2.68815510935e-05, 4.14851601818e-05, 7.20585376257e-05, 5.35689432581e-05, 2.21221107495e-05, 2.51251312875e-05, 3.0126710044e-05, 1.02591566247e-05, 1.73936205101e-05, 2.13570383494e-05, 5.46133651369e-06, 3.46121396433e-06, 1.48013509715e-06, 1.74749368398e-06, 3.2438447306e-06, 2.36179334934e-06, 4.3763316171e-06, 3.55280599251e-06, 1.89543834495e-06, 2.19866410589e-06, 1.91787103176e-06, 1.17592696824e-06, 4.88208854676e-07, 4.55888510942e-07, 2.0748426266e-07, 8.34464728428e-08, 4.92958598386e-08, 4.46418617628e-08, 4.22689936386e-08, 3.88689294084e-08, 3.84064442471e-08, 5.18186169529e-08, 4.83737672141e-08, 3.67894692488e-08],
        "dmean2": [0.000106202322058, 0.000274572696071, 8.77328420756e-05, 5.36152692803e-05, 4.9858012062e-05, 3.73691837012e-05, 4.58711729152e-05, 7.82413699199e-05, 0.000133233974339, 9.96809467324e-05, 4.30062391388e-05, 4.73690015497e-05, 5.48044299649e-05, 1.93597807083e-05, 3.14295757562e-05, 3.89166307286e-05, 1.02651429188e-05, 6.4320479396e-06, 2.67314749181e-06, 3.09778488372e-06, 5.88263628742e-06, 4.34274215877e-06, 8.27549956739e-06, 6.61895637677e-06, 3.48339767697e-06, 4.09637414123e-06, 3.54469830199e-06, 2.13241582969e-06, 9.033693118e-07, 8.5950199491e-07, 3.83927215353e-07, 1.50534830823e-07, 9.25426704157e-08, 8.27836430517e-08, 7.6168127805e-08, 7.01030415939e-08, 7.08463332444e-08, 9.53247720759e-08, 8.8688487665e-08, 6.76007303468e-08],
        "dvar": [2.08857309225e-09, 1.5829877853e-08, 2.79182432728e-09, 5.74370828677e-10, 1.31540756065e-09, 4.083382521e-10, 1.76346159897e-09, 3.25684057501e-09, 7.44431183364e-09, 1.49667194194e-08, 9.68174163063e-09, 1.9042314392e-09, 3.19340109911e-09, 2.3591864573e-10, 5.79399361822e-10, 1.29736554833e-09, 3.77238046356e-10, 5.41518427322e-11, 2.49596914317e-12, 1.7692308122e-12, 9.35364286025e-12, 5.4917455132e-12, 2.14142314992e-11, 9.58335407558e-12, 2.80460051884e-12, 4.65843899913e-12, 3.89913795695e-12, 1.30790224571e-12, 2.3013183156e-13, 2.31802288952e-13, 3.21035651405e-14, 5.32670348463e-15, 2.05205547582e-15, 1.33634026984e-15, 1.15452009491e-15, 1.44988418939e-15, 1.55506630556e-15, 3.2521717778e-15, 2.50592198698e-15, 2.04801364635e-15],
        "dvar2": [5.23511323181e-09, 4.54359003754e-08, 7.85756082422e-09, 1.54623613913e-09, 3.42345463089e-09, 9.07646735548e-10, 4.43911796211e-09, 9.54161816225e-09, 2.16255067187e-08, 4.24256256792e-08, 2.91297119759e-08, 5.66973668015e-09, 8.95679796997e-09, 6.86281698137e-10, 1.52509671558e-09, 3.60769036867e-09, 1.12908926653e-09, 1.58238311343e-10, 7.1604814092e-12, 4.97533741636e-12, 2.43445402726e-11, 1.57029216019e-11, 5.89279805507e-11, 2.5223630476e-11, 8.14058456061e-12, 1.27609268638e-11, 1.08821215927e-11, 3.70762968938e-12, 6.4311441372e-13, 6.53663050337e-13, 9.73629407349e-14, 1.75637872031e-14, 6.04301680175e-15, 3.72996548741e-15, 3.41322365777e-15, 4.30661196537e-15, 4.92314353076e-15, 9.89869637809e-15, 7.78057868513e-15, 6.23347808917e-15],
        "max": [0.000263697525952, 0.000816106214188, 0.000433812849224, 0.000181286639418, 0.00030627034721, 0.000149316794705, 0.000415433605667, 0.000287219503662, 0.000485204305733, 0.000954086543061, 0.000895590172149, 0.000257814972429, 0.00033805242856, 8.52416415e-05, 0.000134608781082, 0.000179637427209, 0.000175519729964, 4.98091321788e-05, 1.20690956464e-05, 5.88566263104e-06, 1.71026422322e-05, 1.04425098471e-05, 2.14481897274e-05, 1.66107565747e-05, 8.78118316905e-06, 1.17221206892e-05, 1.19157657537e-05, 7.14407042324e-06, 2.79384539681e-06, 3.11986309498e-06, 1.07809444216e-06, 5.37351922958e-07, 2.73686282526e-07, 2.32720196891e-07, 1.8623303788e-07, 2.20689059915e-07, 2.10145728374e-07, 3.47097397935e-07, 3.25685675762e-07, 3.6793039726e-07],
        "mean": [9.97308452497e-05, 0.000262574292719, 8.46950497362e-05, 4.02146979468e-05, 2.69711381407e-05, 2.1938696591e-05, 2.85152782453e-05, 3.55475276592e-05, 5.99656996201e-05, 3.76941134164e-05, 1.51872500282e-05, 1.83982829185e-05, 2.09341105801e-05, 8.46236980578e-06, 1.44317491504e-05, 1.56244950631e-05, 3.93693107981e-06, 2.75662137028e-06, 1.54337931235e-06, 1.89184663668e-06, 2.83900317299e-06, 2.13612952393e-06, 3.6683104554e-06, 2.9378486488e-06, 1.8189915636e-06, 1.95661323232e-06, 1.58157820351e-06, 9.77578338279e-07, 4.67460097298e-07, 3.83408519156e-07, 2.02468200428e-07, 1.05307634612e-07, 6.88695465101e-08, 6.11494286318e-08, 5.93174078745e-08, 5.90874336126e-08, 4.95520318111e-08, 6.84143870444e-08, 6.20701428033e-08, 5.17723499627e-08],