{
"metadata": {
    "version": {
        "essentia": "2.0.1",
        "extractor": "archive-music 1.0 mod ismir14"
    },
    "audio_properties": {
        "analysis_sample_rate": 44100,
        "bitrate": 160,
        "channels": 2,
        "equal_loudness": 0,
        "length": 30.0669155121,
        "replay_gain": -12.9660320282,
        "downmix": "mix"
    },
    "tags": {
        "track": 0,
        "year": 0,
        "album": "",
        "artist": "",
        "comment": "",
        "genre": "",
        "title": ""
    }
},
"rhythm": {
    "bpm": 88.2881317139,
    "bpm_histogram_first_peak": 89,
    "bpm_histogram_first_peak_spread": 0.309523820877,
    "bpm_histogram_first_peak_weight": 0.674418628216,
    "bpm_histogram_second_peak": 94,
    "bpm_histogram_second_peak_spread": 0,
    "bpm_histogram_second_peak_weight": 0.0232558138669
},
"tonal": {
    "tuning_frequency": {
        "dmean": 0.147687792778,
        "dmean2": 0.28580352664,
        "dvar": 2.56323504448,
        "dvar2": 5.35818862915,
        "max": 456.04309082,
        "mean": 436.11114502,
        "median": 433.691802979,
        "min": 433.691802979,
        "var": 42.4658203125
    },
    "hpcp": {
        "dmean": [0.182616576552, 0.161255419254, 0.17101508379, 0.177460953593, 0.141185775399, 0.151917546988, 0.238819211721, 0.29124879837, 0.259356617928, 0.204793736339, 0.267462313175, 0.241622492671],
        "dmean2": [0.337773114443, 0.302572458982, 0.317906796932, 0.324772179127, 0.263467848301, 0.281584590673, 0.438139498234, 0.536671280861, 0.476267158985, 0.382785558701, 0.481731235981, 0.456073909998],
        "dvar": [0.0783705785871, 0.0762254595757, 0.0867188647389, 0.0820658057928, 0.0682623758912, 0.0677768588066, 0.0942279323936, 0.110919684172, 0.104864016175, 0.0927362665534, 0.091554492712, 0.105413019657],
        "dvar2": [0.222070232034, 0.213818341494, 0.233218461275, 0.220774158835, 0.186797052622, 0.186809360981, 0.253468960524, 0.303922444582, 0.27819404006, 0.250824302435, 0.240138068795, 0.301769435406],
        "max": [1, 1, 1, 1, 1, 1, 1, 1, 1, 1, 1, 1],
        "mean": [0.161170378327, 0.128170713782, 0.137937471271, 0.168242126703, 0.109123416245, 0.132099434733, 0.237580835819, 0.276682466269, 0.246226191521, 0.164629608393, 0.327416956425, 0.174065157771],
        "median": [0.030525656417, 0.0219147540629, 0.0162486806512, 0.0244639087468, 0.0149640031159, 0.0225904714316, 0.0610854402184, 0.0838694944978, 0.0569179840386, 0.0248314961791, 0.151102229953, 0.029667397961],
        "min": [0, 0, 0, 0, 0, 0, 0, 0, 0, 0, 0, 0],
        "var": [0.077892139554, 0.0630460903049, 0.0753778815269, 0.0884314700961, 0.0556662417948, 0.0657954886556, 0.113427832723, 0.128540724516, 0.120442718267, 0.0822626054287, 0.130993112922, 0.0870158001781]
    }
},
"lowlevel": {
    "melbands": {
        "dmean": [0.000215101608774, 0.000793169194367, 0.00097668368835, 0.000495499814861, 0.00028149006539, 0.000440562231233, 0.000545889139175, 0.000390189030441, 0.000423845631303, 0.000256219500443, 0.000131222128402, 8.05835006759e-05, 6.31796865491e-05, 4.48045939265e-05, 6.266352284e-05, 4.10912361986e-05, 4.35156543972e-05, 3.6432811612e-05, 2.83137087536e-05, 2.39168475673e-05, 2.09846148209e-05, 2.03738072742e-05, 2.46920171776e-05, 2.56732910202e-05, 1.95171869564e-05, 1.56679725478e-05, 1.12436091513e-05, 7.57777979743e-06, 4.4345401875e-06, 3.46056958733e-06, 2.51255323747e-06, 1.59308456205e-06, 7.78397691192e-07, 6.10336201134e-07, 5.17914088505e-07, 3.91150450696e-07, 2.55885709066e-07, 1.040236981e-07, 1.89939548534e-08, 9.99016314118e-10],
        "dmean2": [0.000369866931578, 0.0013650865294, 0.00169346574694, 0.000842076551635, 0.000473067164421, 0.000743976735976, 0.000969415646978, 0.000635972304735, 0.000713458226528, 0.00043419978465, 0.000204092822969, 0.000119262920634, 9.90866101347e-05, 6.99455340509e-05, 9.2419963039e-05, 6.54860705254e-05, 7.05528800609e-05, 5.95392084506e-05, 4.63524593215e-05, 3.97175026592e-05, 3.45925400325e-05, 3.20997824019e-05, 3.96158720832e-05, 4.10453612858e-05, 3.00944957417e-05, 2.51477413258e-05, 1.72388881765e-05, 1.18602047223e-05, 7.33890828997e-06, 5.52131723452e-06, 3.9651008592e-06, 2.60947763309e-06, 1.25944575302e-06, 1.01883097159e-06, 8.35864682358e-07, 6.39192251128e-07, 4.14646905256e-07, 1.68401896872e-07, 3.11342738257e-08, 1.6867035546e-09],
        "dvar": [9.08475001893e-08, 1.20211120702e-06, 1.61266643772e-06, 5.91972764141e-07, 1.67900495285e-07, 3.2717255749e-07, 8.7169331664e-07, 9.13397968816e-07, 5.38332642464e-07, 2.44480276024e-07, 8.8024179945e-08, 4.84359539143e-08, 3.92497767621e-08, 1.64708868766e-08, 4.8733927116e-08, 1.12466178592e-08, 1.90635027764e-08, 9.29170784758e-09, 6.74459688099e-09, 6.44578213027e-09, 3.30856519959e-09, 3.11685766086e-09, 3.47162099068e-09, 3.98530364265e-09, 2.32700991809e-09, 1.07697339935e-09, 9.223227182e-10, 4.65496502455e-10, 9.02092359145e-11, 6.35295288598e-11, 3.66847142941e-11, 1.30475916529e-11, 2.46897879745e-12, 1.11685302933e-12, 9.84090847006e-13, 4.62121551963e-13, 2.19790643476e-13, 5.45008069436e-14, 2.93111240947e-15, 4.39604226643e-18],
        "dvar2": [2.63726690264e-07, 3.12030692839e-06, 4.54973087471e-06, 1.70556256762e-06, 4.45336638677e-07, 8.66645677888e-07, 2.47695788858e-06, 2.25571648116e-06, 1.54512076733e-06, 6.74458135563e-07, 2.24499444812e-07, 8.47335144272e-08, 8.70096243943e-08, 3.81139564354e-08, 1.09932180692e-07, 2.72030966642e-08, 4.54221549262e-08, 2.34631905016e-08, 1.79088246455e-08, 1.7333222857e-08, 8.91962326222e-09, 8.45456415988e-09, 9.04582631023e-09, 9.91034543318e-09, 5.45997780321e-09, 2.60700727672e-09, 1.78662395989e-09, 9.69282876184e-10, 2.30018185055e-10, 1.38543884698e-10, 8.09055183959e-11, 3.12963023552e-11, 6.04703223259e-12, 3.02891305787e-12, 2.7247397047e-12, 1.23463891021e-12, 5.85484406183e-13, 1.4474272475e-13, 8.33086549778e-15, 1.24202029243e-17],
        "max": [0.00388188892975, 0.014365863055, 0.0153845921159, 0.0124089093879, 0.00576008437201, 0.00623962190002, 0.0103327222168, 0.010932858102, 0.0167467519641, 0.0121176168323, 0.00690332893282, 0.00568475574255, 0.00568433431908, 0.00358853396028, 0.00836674589664, 0.00276547810063, 0.00373241701163, 0.00180785078555, 0.00106419669464, 0.00171348627191, 0.000870063027833, 0.00145109859295, 0.00121143611614, 0.0012902491726, 0.000894306926057, 0.000769018079154, 0.000740379735362, 0.000664762163069, 0.000153340515681, 0.000269695505267, 0.000184536969755, 0.000100391633168, 3.60215090041e-05, 2.04147581826e-05, 1.67141952261e-05, 9.97810366243e-06, 8.80963852978e-06, 5.13755685461e-06, 1.20505342238e-06, 3.8875423769e-08],
        "mean": [0.000258264888544, 0.00107506162021, 0.00127315986902, 0.00072558154352, 0.000378112512408, 0.000653582741506, 0.000655298179481, 0.000505154428538, 0.000769526406657, 0.000441985757789, 0.000283370143734, 0.000157531641889, 0.00011018976511, 7.86208984209e-05, 0.000120403776236, 7.39995084587e-05, 7.56636582082e-05, 6.28338602837e-05, 4.39543218818e-05, 3.89732413169e-05, 3.63270992239e-05, 3.7189322029e-05, 5.64011606912e-05, 6.24040840194e-05, 4.01206052629e-05, 3.40456535923e-05, 2.78578208963e-05, 1.59857045219e-05, 8.51200911711e-06, 7.02929582985e-06, 5.64369747735e-06, 3.4730758216e-06, 1.71013812178e-06, 1.31739454901e-06, 1.19478170291e-06, 8.35833702695e-07, 5.15263991474e-07, 1.99655332267e-07, 3.44522774753e-08, 1.65861835377e-09],