{
"metadata": {
    "version": {
        "essentia": "2.0.1",
        "extractor": "archive-music 1.0 mod ismir14"
    },
    "audio_properties": {
        "analysis_sample_rate": 44100,
        "bitrate": 160,
        "channels": 2,
        "equal_loudness": 0,
        "length": 30.0669155121,
        "replay_gain": -13.4180603027,
        "downmix": "mix"
    },
    "tags": {
        "track": 0,
        "year": 0,
        "album": "",
        "artist": "",
        "comment": "",
        "genre": "",
        "title": ""
    }
},
"rhythm": {
    "bpm": 90.2942581177,
    "bpm_histogram_first_peak": 91,
    "bpm_histogram_first_peak_spread": 0.31707316637,
    "bpm_histogram_first_peak_weight": 0.651162803173,
    "bpm_histogram_second_peak": 83,
    "bpm_histogram_second_peak_spread": 0.5,
    "bpm_histogram_second_peak_weight": 0.0232558138669
},
"tonal": {
    "tuning_frequency": {
        "dmean": 0.195149704814,
        "dmean2": 0.379304617643,
        "dvar": 2.89420795441,
        "dvar2": 5.60470438004,
        "max": 454.727905273,
        "mean": 441.752258301,
        "median": 443.316436768,
        "min": 431.193908691,
        "var": 37.7466697693
    },
    "hpcp": {
        "dmean": [0.207691773772, 0.168710187078, 0.188889846206, 0.159955143929, 0.148189559579, 0.182198747993, 0.194735869765, 0.22187563777, 0.252529740334, 0.179933652282, 0.187612146139, 0.191000029445],
        "dmean2": [0.379796892405, 0.318063884974, 0.35169968009, 0.298541635275, 0.273687511683, 0.333956390619, 0.363910585642, 0.411516934633, 0.466897547245, 0.345591694117, 0.351901948452, 0.361479014158],
        "dvar": [0.0921874195337, 0.0937909558415, 0.0968740582466, 0.0809087231755, 0.0679879188538, 0.0881865620613, 0.102419406176, 0.106685101986, 0.116578996181, 0.10265173018, 0.0960928946733, 0.0977320820093],
        "dvar2": [0.253107398748, 0.254026800394, 0.276485472918, 0.232015699148, 0.188734292984, 0.239290624857, 0.274416476488, 0.283730894327, 0.304717004299, 0.293251603842, 0.281250834465, 0.284891366959],
        "max": [1, 1, 1, 1, 1, 1, 1, 1, 1, 1, 1, 1],
        "mean": [0.189838975668, 0.135945349932, 0.160444274545, 0.134088262916, 0.12158279866, 0.171170756221, 0.167031049728, 0.204635664821, 0.262221962214, 0.121423237026, 0.138836696744, 0.136657044291],
        "median": [0.0387856811285, 0.0143353566527, 0.0207050684839, 0.015669465065, 0.0181470401585, 0.0215205401182, 0.0155808571726, 0.0337244234979, 0.0480070114136, 0.0103374272585, 0.0166454017162, 0.0162275210023],
        "min": [0, 0, 0, 0, 0, 0, 0, 0, 0, 0, 0, 0],
        "var": [0.0948498398066, 0.0804075971246, 0.0880895107985, 0.0736942738295, 0.0582297295332, 0.0934986621141, 0.098599806428, 0.108475878835, 0.138232111931, 0.0729043409228, 0.0755731314421, 0.0759035348892]
    }
},
"lowlevel": {
    "melbands": {
        "dmean": [0.000752283609472, 0.0024859844707, 0.00121773977298, 0.000473291205708, 0.000333154690452, 0.000254657701589, 0.000281182379695, 0.000314103148412, 0.000455903908005, 0.000312452757498, 0.000142607226735, 0.000158745693625, 0.000140019197715, 9.63668935583e-05, 0.000138267467264, 0.000135843481985, 3.25176661136e-05, 2.50264947681e-05, 1.46096563185e-05, 1.76053817995e-05, 2.74843896477e-05, 2.04130210477e-05, 3.52109891537e-05, 2.50029752351e-05, 1.45620588228e-05, 1.72528671101e-05, 1.32854065669e-05, 8.06141270004e-06, 3.8858456719e-06, 3.21365723721e-06, 1.73173498297e-06, 8.33746753415e-07, 4.91860703278e-07, 3.87881613051e-07, 3.56343917929e-07, 3.14389751566e-07, 1.62890785305e-07, 1.09047604724e-07, 3.04532150608e-08, 2.75857225951e-09],
        "dmean2": [0.00123643002007, 0.00451596453786, 0.00213407468982, 0.000804355950095, 0.000571947719436, 0.000434934830992, 0.000466951023554, 0.000490930629894, 0.000669425411616, 0.00042750799912, 0.000211389706237, 0.000221386362682, 0.000184326461749, 0.000152515276568, 0.000204171665246, 0.000195673666894, 4.69479600724e-05, 3.74223236577e-05, 2.34145973081e-05, 2.81112279481e-05, 4.46234371339e-05, 3.32807685481e-05, 5.60905791644e-05, 3.73766488337e-05, 2.18335226236e-05, 2.72932520602e-05, 1.96559394681e-05, 1.19387577797e-05, 5.9568578763e-06, 4.83597659695e-06, 2.66996744358e-06, 1.33247044687e-06, 7.94823449723e-07, 6.21568403858e-07, 5.69398594052e-07, 5.10810252763e-07, 2.58877804526e-07, 1.78043464416e-07, 4.83316391353e-08, 4.61120475137e-09],
        "dvar": [6.5434011276e-07, 8.2438264144e-06, 1.81585801329e-06, 4.6117236252e-07, 5.30172030722e-07, 1.91708096509e-07, 2.28931199331e-07, 3.68446166021e-07, 8.38151493099e-07, 1.02737521956e-06, 2.96538019029e-07, 2.19427121806e-07, 1.35182006034e-07, 9.28343837359e-08, 1.37219856811e-07, 1.69522422766e-07, 8.93048390793e-09, 4.17034407008e-09, 6.25012375188e-10, 8.91620388632e-10, 3.27453908433e-09, 2.04210559573e-09, 6.09590689038e-09, 2.90744694986e-09, 8.4499784947e-10, 1.12140441377e-09, 8.18778600475e-10, 2.9155389214e-10, 6.37383895663e-11, 5.27167129394e-11, 1.35698709214e-11, 2.31898398054e-12, 5.88794854886e-13, 3.28226513894e-13, 3.47474707427e-13, 2.09313279599e-13, 6.52411271166e-14, 3.29685043642e-14, 2.89690985433e-15, 2.90726886876e-17],
        "dvar2": [1.83623785688e-06, 2.73824898613e-05, 5.28153623236e-06, 1.19259709663e-06, 1.48914796227e-06, 5.31444015905e-07, 6.01730391736e-07, 8.56303813634e-07, 1.65670735441e-06, 1.80788754278e-06, 5.02980753936e-07, 3.41952812732e-07, 2.20870077783e-07, 2.1858721766e-07, 2.43047480808e-07, 2.90842962158e-07, 1.17502407804e-08, 8.58397442016e-09, 1.45000478291e-09, 2.19458429207e-09, 8.04141730981e-09, 5.37010524937e-09, 1.60244084668e-08, 5.94385873853e-09, 1.8313734973e-09, 2.84944867701e-09, 1.69610070433e-09, 5.57004609103e-10, 1.24372956378e-10, 1.01897018601e-10, 3.03177934147e-11, 5.65766097166e-12, 1.48972370898e-12, 7.6635258469e-13, 8.07075001448e-13, 5.00600320745e-13, 1.51246826478e-13, 8.51295691383e-14, 6.32655599865e-15, 7.64305555402e-17],
        "max": [0.00839962996542, 0.0247045531869, 0.0126264039427, 0.00890127103776, 0.0112919639796, 0.00634692749009, 0.0101400185376, 0.0103883286938, 0.0180386658758, 0.019660891965, 0.0256406515837, 0.0169631782919, 0.0148551966995, 0.00778026552871, 0.00875421613455, 0.0123753612861, 0.004521319177, 0.00167645583861, 0.000415971764596, 0.000351010967279, 0.000894816825166, 0.000684201484546, 0.00116869085468, 0.000859961088281, 0.000583264918532, 0.000522647984326, 0.00053885608213, 0.000316100369673, 0.000158359631314, 0.000146494654473, 7.26229700376e-05, 3.71068817913e-05, 1.09619159048e-05, 9.45971441979e-06, 1.11157887659e-05, 6.74394959788e-06, 5.80241794523e-06, 3.41529243997e-06, 1.04460150396e-06, 1.21729456737e-07],
        "mean": [0.00128318916541, 0.00345389172435, 0.0018132297555, 0.000678987591527, 0.000440004107077, 0.000381154735805, 0.000442124117399, 0.000594497076236, 0.000898612954188, 0.00060565531021, 0.000235827566939, 0.000269480980933, 0.000313383556204, 0.000145261161379, 0.000230825389735, 0.000246912764851, 6.11199066043e-05, 4.25026955782e-05, 2.56640360021e-05, 3.01086365653e-05, 4.4422049541e-05, 3.42287203239e-05, 5.71642922296e-05, 4.52534986835e-05, 2.80551885226e-05, 3.09897150146e-05, 2.50514913205e-05, 1.51389958774e-05, 7.41585972719e-06, 5.79989409744e-06, 3.11398798658e-06, 1.61057448622e-06, 9.66531956692e-07, 8.33804392641e-07, 7.45637692035e-07, 6.40009091057e-07, 3.49346152007e-07, 2.31714764709e-07, 6.81520759827e-08, 4.79809392218e-09],