{
"metadata": {
    "version": {
        "essentia": "2.0.1",
        "extractor": "archive-music 1.0 mod ismir14"
    },
    "audio_properties": {
        "analysis_sample_rate": 44100,
        "bitrate": 96,
        "channels": 2,
        "equal_loudness": 0,
        "length": 30.0669155121,
        "replay_gain": -13.4713459015,
        "downmix": "mix"
    },
    "tags": {
        "track": 0,
        "year": 0,
        "album": "",
        "artist": "",
        "comment": "",
        "genre": "",
        "title": ""
    }
},
"rhythm": {
    "bpm": 88.4114303589,
    "bpm_histogram_first_peak": 89,
    "bpm_histogram_first_peak_spread": 0.292683005333,
    "bpm_histogram_first_peak_weight": 0.674418568611,
    "bpm_histogram_second_peak": 83,
    "bpm_histogram_second_peak_spread": 0,
    "bpm_histogram_second_peak_weight": 0.0232558138669
},
"tonal": {
    "tuning_frequency": {
        "dmean": 0.319794088602,
        "dmean2": 0.62789273262,
        "dvar": 3.05835986137,
        "dvar2": 7.48203086853,
        "max": 451.586883545,
        "mean": 440.04486084,
        "median": 441.782684326,
        "min": 433.942382812,
        "var": 13.6840925217
    },
    "hpcp": {
        "dmean": [0.219517290592, 0.153977498412, 0.22518222034, 0.256246030331, 0.120124071836, 0.231067046523, 0.253601133823, 0.273274213076, 0.191661655903, 0.106225483119, 0.236885711551, 0.0833173319697],
        "dmean2": [0.376658409834, 0.278835982084, 0.406974703074, 0.448847562075, 0.210022777319, 0.386704951525, 0.434525519609, 0.477317720652, 0.335295498371, 0.184339210391, 0.41430541873, 0.154757156968],
        "dvar": [0.0431668460369, 0.0341611132026, 0.0584843792021, 0.0600675009191, 0.0297394655645, 0.0650756955147, 0.0634347200394, 0.0487244054675, 0.0494793653488, 0.0195920709521, 0.0581101849675, 0.0148923238739],
        "dvar2": [0.103885225952, 0.092667542398, 0.161499172449, 0.179052785039, 0.0811396539211, 0.15135845542, 0.150799483061, 0.138636559248, 0.132564648986, 0.048230573535, 0.149969190359, 0.0434492267668],
        "max": [1, 1, 1, 1, 1, 1, 1, 1, 1, 1, 1, 1],
        "mean": [0.305338561535, 0.172447264194, 0.236203759909, 0.304226189852, 0.132966578007, 0.321782201529, 0.348748832941, 0.393739938736, 0.249733373523, 0.130943208933, 0.778322815895, 0.0982200428843],
        "median": [0.232239812613, 0.108879320323, 0.139673829079, 0.204078301787, 0.0788427069783, 0.147715806961, 0.260442614555, 0.336340934038, 0.129001513124, 0.0828882530332, 0.929148972034, 0.0682515352964],
        "min": [0.0194033440202, 0.00586130144075, 0.00598561717197, 0.00557594932616, 0.00297684734687, 0.0256598200649, 0.00876897946, 0.00929124839604, 0.0062474347651, 0.00398621475324, 0.112851396203, 0.00443751364946],
        "var": [0.066857598722, 0.0354675240815, 0.0652674436569, 0.0741741880774, 0.0287194196135, 0.108733929694, 0.0942655280232, 0.08475895226, 0.0732809305191, 0.024023341015, 0.0758230909705, 0.0107460310683]
    }
},
"lowlevel": {
    "melbands": {
        "dmean": [1.42115422932e-05, 6.53028109809e-05, 5.69155963603e-05, 3.78045951948e-05, 1.6374497136e-05, 2.83691861114e-05, 3.04235345538e-05, 3.76929056074e-05, 4.24758363806e-05, 2.41269699472e-05, 1.67716007127e-05, 1.06931738628e-05, 9.52532718657e-06, 5.20383582625e-06, 8.66353821039e-06, 5.13956274517e-06, 6.30782960798e-06, 3.83927363146e-06, 2.88020783046e-06, 3.03366823573e-06, 2.25766484618e-06, 2.40365284299e-06, 3.94040625906e-06, 4.10181928601e-06, 2.5328247375e-06, 1.66778636412e-06, 1.61753575867e-06, 9.83062818705e-07, 4.50160086984e-07, 4.11326908534e-07, 3.41642277135e-07, 1.71194216136e-07, 7.67132846136e-08, 4.90861857827e-08, 4.37291021171e-08, 3.00480103022e-08, 1.70501461838e-08, 7.70238184344e-09, 1.50752554884e-09, 7.39877811795e-11],
        "dmean2": [2.54903479799e-05, 0.000124762431369, 0.000103822545498, 6.73937101965e-05, 2.97665501421e-05, 5.06834658154e-05, 5.57753301109e-05, 6.76219497109e-05, 7.00871678418e-05, 4.30984291597e-05, 2.91425967589e-05, 1.96146629605e-05, 1.70241110027e-05, 9.350415894e-06, 1.57725608005e-05, 9.34028776101e-06, 1.15042312245e-05, 6.872159247e-06, 5.19396144227e-06, 5.25596897205e-06, 3.9900014599e-06, 4.17893897975e-06, 7.15438090992e-06, 6.77048456055e-06, 4.53963730251e-06, 2.92204390462e-06, 2.68689313998e-06, 1.65070343883e-06, 7.69856171701e-07, 7.07704998604e-07, 5.92808305555e-07, 2.92042443562e-07, 1.30050437974e-07, 8.44874179506e-08, 7.22781194895e-08, 5.12256335128e-08, 3.09809031762e-08, 1.3580052638e-08, 2.68908673107e-09, 1.30477434412e-10],
        "dvar": [4.02683941747e-10, 4.94237228921e-09, 3.28600857635e-09, 2.52192000616e-09, 2.69251204665e-10, 5.91126314564e-10, 7.87657328249e-10, 1.51496237777e-09, 6.69868338576e-09, 4.56127891013e-09, 5.69600144829e-10, 6.301482669e-10, 5.58450785615e-10, 1.0122389732e-10, 3.18792547915e-10, 8.47642511737e-11, 2.14297385392e-10, 5.66603292063e-11, 1.7076043704e-11, 4.84971299231e-11, 1.03434370444e-11, 1.12612835723e-11, 4.4753031142e-11, 4.3075470274e-11, 1.82801586368e-11, 7.96377720713e-12, 9.02119785123e-12, 4.24501666457e-12, 4.3662548078e-13, 6.56892834398e-13, 4.2870560075e-13, 9.17714255283e-14, 1.52945385035e-14, 6.67269813012e-15, 4.17588217084e-15, 1.29694275576e-15, 3.63126544969e-16, 4.59527252199e-17, 1.85623361962e-18, 7.34211247036e-21],
        "dvar2": [1.02280461878e-09, 1.57660888789e-08, 9.18799258898e-09, 6.810217279e-09, 7.54778017864e-10, 1.9489072578e-09, 2.08211514696e-09, 4.14463707799e-09, 1.45925893591e-08, 1.29644588398e-08, 1.41086209382e-09, 1.77949965874e-09, 1.55232371402e-09, 2.86999674026e-10, 9.73535918547e-10, 2.42963454911e-10, 6.05837879863e-10, 1.46859552297e-10, 4.60689264514e-11, 1.28405619471e-10, 2.27642401457e-11, 3.2023030061e-11, 1.31170144191e-10, 1.1942724587e-10, 4.43421271923e-11, 2.18547298314e-11, 2.19900365278e-11, 1.10517836202e-11, 1.10752119281e-12, 1.62486452245e-12, 1.10979921e-12, 2.50012738377e-13, 3.60700340852e-14, 1.5778699148e-14, 7.97174470397e-15, 2.82245544651e-15, 8.37325314404e-16, 1.27063928578e-16, 4.39269094417e-18, 2.16301817134e-20],
        "max": [0.00013223986025, 0.000436700094724, 0.000279668456642, 0.000294556695735, 0.000115967741294, 0.000138280782267, 0.000137063223519, 0.000165386431036, 0.000852843048051, 0.000563825189602, 0.000156486174092, 0.000155484711286, 0.000138201343361, 6.24236854492e-05, 0.000107590392872, 5.06178075739e-05, 9.53517592279e-05, 7.0309273724e-05, 2.10972812056e-05, 6.0418045905e-05, 2.08390083571e-05, 2.21178452193e-05, 3.5709952499e-05, 4.73511718155e-05, 2.93422326649e-05, 1.67779671756e-05, 2.41713569267e-05, 1.33195862873e-05, 5.47322770217e-06, 7.47375088395e-06, 3.92587435272e-06, 1.70934299604e-06, 8.78118385117e-07, 6.58020155697e-07, 5.89567434872e-07, 3.04888175151e-07, 1.39824052781e-07, 4.82125805945e-08, 1.09913962376e-08, 6.48825437821e-10],
        "mean": [1.87171299331e-05, 7.39862734918e-05, 7.93664657976e-05, 4.12841727666e-05, 2.24335017265e-05, 4.09624772146e-05, 4.09359272453e-05, 3.11350122502e-05, 4.81637871417e-05, 2.48790056503e-05, 1.93789437617e-05, 8.78747869137e-06, 7.23293305782e-06, 4.7535977501e-06, 7.61291857998e-06, 4.31858870797e-06, 4.88075011162e-06, 3.88763874071e-06, 2.70416080639e-06, 2.44338730226e-06, 2.1728358206e-06, 2.24147038352e-06, 3.56700684279e-06, 3.78442632609e-06, 2.46144395533e-06, 2.06683830584e-06, 1.65552091858e-06, 9.50854882831e-07, 5.26432188508e-07, 4.32521233051e-07, 3.52902048917e-07, 2.1344733625e-07, 1.04869627648e-07, 8.15301888224e-08, 7.38775156606e-08, 5.12274453968e-08, 3.15280068719e-08, 1.25528378803e-08, 2.1419741536e-09, 1.0755781682e-10],