{
"metadata": {
    "version": {
        "essentia": "2.0.1",
        "extractor": "archive-music 1.0 mod ismir14"
    },
    "audio_properties": {
        "analysis_sample_rate": 44100,
        "bitrate": 128,
        "channels": 2,
        "equal_loudness": 0,
        "length": 30.0669155121,
        "replay_gain": -13.8431720734,
        "downmix": "mix"
    },
    "tags": {
        "track": 0,
        "year": 0,
        "album": "",
        "artist": "",
        "comment": "",
        "genre": "",
        "title": ""
    }
},
"rhythm": {
    "bpm": 90.2956161499,
    "bpm_histogram_first_peak": 91,
    "bpm_histogram_first_peak_spread": 0.341463446617,
    "bpm_histogram_first_peak_weight": 0.62790697813,
    "bpm_histogram_second_peak": 83,
    "bpm_histogram_second_peak_spread": 0.5,
    "bpm_histogram_second_peak_weight": 0.0232558138669
},
"tonal": {
    "tuning_frequency": {
        "dmean": 0.0580244660378,
        "dmean2": 0.095750130713,
        "dvar": 0.130345225334,
        "dvar2": 0.18878467381,
        "max": 454.465301514,
        "mean": 451.369689941,
        "median": 451.065460205,
        "min": 448.985931396,
        "var": 1.7133089304
    },
    "hpcp": {
        "dmean": [0.284175217152, 0.0779556110501, 0.156762108207, 0.166246503592, 0.384960800409, 0.292107671499, 0.120298020542, 0.314520508051, 0.130236566067, 0.0908332541585, 0.121685430408, 0.141155213118],
        "dmean2": [0.502577722073, 0.128526136279, 0.262062042952, 0.302571088076, 0.684511244297, 0.522113025188, 0.204464837909, 0.526777386665, 0.223258882761, 0.158102616668, 0.211593016982, 0.24960693717],
        "dvar": [0.0967751517892, 0.00955373328179, 0.0374412573874, 0.0570312030613, 0.0949844419956, 0.0788204744458, 0.0166543852538, 0.0890876874328, 0.0280690900981, 0.0165078304708, 0.0257321726531, 0.0358970277011],
        "dvar2": [0.174975574017, 0.0236714873463, 0.0868822783232, 0.166094601154, 0.247282609344, 0.186367347836, 0.0404772534966, 0.181858167052, 0.0859835594893, 0.0475271642208, 0.0688323751092, 0.0993599519134],
        "max": [1, 0.740797698498, 1, 1, 1, 1, 0.732594013214, 1, 1, 1, 1, 1],
        "mean": [0.566155254841, 0.0823866277933, 0.1872112602, 0.149497359991, 0.410805314779, 0.385105401278, 0.131427928805, 0.428953915834, 0.118183791637, 0.0944520756602, 0.120615765452, 0.144917562604],
        "median": [0.583608806133, 0.0526851415634, 0.100817501545, 0.070051304996, 0.298768103123, 0.255393594503, 0.0709002017975, 0.266258746386, 0.0683246999979, 0.0638968646526, 0.0698137059808, 0.0838003233075],
        "min": [0.00512514309958, 0.00273603200912, 0.0115224728361, 0.0042587951757, 0.0134868957102, 0.011518153362, 0.00497940834612, 0.00606478657573, 0.00129949580878, 0.00443799048662, 0.00281066261232, 0.00494969589636],
        "var": [0.157142281532, 0.0109052062035, 0.0472051687539, 0.0503841452301, 0.121368572116, 0.126988425851, 0.020174946636, 0.147957444191, 0.0242868289351, 0.0135939400643, 0.0233736690134, 0.0311028566211]
    }
},
"lowlevel": {
    "melbands": {
        "dmean": [6.63168684696e-05, 0.000169171355083, 4.84620613861e-05, 3.03971664835e-05, 2.8026785003e-05, 2.01696893782e-05, 2.87792554445e-05, 3.86245010304e-05, 6.8964996899e-05, 4.89006997668e-05, 1.95355714823e-05, 2.18280620174e-05, 2.85030073428e-05, 9.52874324867e-06, 1.72997915797e-05, 1.94369949895e-05, 5.03897990711e-06, 3.10122936753e-06, 1.4182932091e-06, 1.63802053521e-06, 3.20073900184e-06, 2.27910754802e-06, 4.15518434238e-06, 3.24036591337e-06, 1.81833740953e-06, 2.17776823774e-06, 1.93708297047e-06, 1.12899851956e-06, 4.81965344079e-07, 4.28055500379e-07, 1.95382796164e-07, 8.01511319537e-08, 4.37770815154e-08, 3.70225841095e-08, 3.16386845611e-08, 2.56018939382e-08, 1.66876432672e-08, 1.07451496589e-08, 3.37121153215e-09, 2.59967880556e-10],
        "dmean2": [0.000105984945549, 0.00028009864036, 8.57084378367e-05, 5.33060228918e-05, 4.97748696944e-05, 3.56167111022e-05, 5.0541904784e-05, 7.13104964234e-05, 0.000125574544654, 8.95945413504e-05, 3.75362287741e-05, 4.04197344324e-05, 5.21086076333e-05, 1.76998237293e-05, 3.09221322823e-05, 3.54597868863e-05, 9.49711647991e-06, 5.73486022404e-06, 2.57419446825e-06, 2.9305570024e-06, 5.83748897043e-06, 4.2922947614e-06, 7.87134013081e-06, 5.95608935328e-06, 3.38113363796e-06, 4.07076868214e-06, 3.59757905244e-06, 2.0838515411e-06, 8.93732078566e-07, 8.05303159268e-07, 3.67305347027e-07, 1.48415836065e-07, 8.15911036511e-08, 6.85507188791e-08, 5.80704586639e-08, 4.56723157072e-08, 3.09131387155e-08, 1.94679241616e-08, 6.08173378325e-09, 4.7977605222e-10],
        "dvar": [2.31356400704e-09, 1.80047532439e-08, 2.90342350162e-09, 6.45107967046e-10, 1.33062771912e-09, 4.57284377031e-10, 2.42461672961e-09, 2.49449105816e-09, 6.72520927836e-09, 9.74124869657e-09, 5.9677187636e-09, 1.17555598589e-09, 3.03931657619e-09, 2.18543447228e-10, 5.65558710974e-10, 9.95131199666e-10, 2.82701667631e-10, 3.86394700957e-11, 2.4127778768e-12, 1.69845940697e-12, 8.76856660198e-12, 5.53594670105e-12, 2.00892583818e-11, 8.24981229164e-12, 2.61721113531e-12, 4.87106275454e-12, 3.83094033926e-12, 1.38389506018e-12, 2.45096532046e-13, 2.12122352561e-13, 3.4588380337e-14, 5.55479675183e-15, 1.60425128534e-15, 9.96378408382e-16, 8.33796998662e-16, 5.55700041392e-16, 2.51634245099e-16, 1.37608946141e-16, 1.159420518e-17, 6.47743747317e-20],
        "dvar2": [5.66034730198e-09, 4.84088253927e-08, 8.13490874663e-09, 1.81119086395e-09, 3.55383611428e-09, 1.17009146816e-09, 6.28717922169e-09, 7.3924186772e-09, 1.99856788896e-08, 2.63222599273e-08, 1.77932548695e-08, 3.47700046532e-09, 8.36328872822e-09, 6.42264963435e-10, 1.49862877663e-09, 2.63677257806e-09, 8.41761271797e-10, 1.12177100942e-10, 6.80019235366e-12, 4.63410039508e-12, 2.21390995814e-11, 1.5134457923e-11, 5.53628982936e-11, 2.26774415218e-11, 7.2806587148e-12, 1.34554121317e-11, 1.05012821355e-11, 3.82760576706e-12, 6.86260130753e-13, 5.91825091538e-13, 9.81067779641e-14, 1.66400215411e-14, 4.9762177682e-15, 2.81113061601e-15, 2.4363223485e-15, 1.66558187056e-15, 7.96785311697e-16, 4.21269904023e-16, 3.61236258598e-17, 2.0888891529e-19],
        "max": [0.000292747659842, 0.000800322566647, 0.000405440252507, 0.000153784727445, 0.00031175382901, 0.000185941200471, 0.000467787875095, 0.000274317659205, 0.00044112620526, 0.00077985948883, 0.000712636683602, 0.000189604921616, 0.000345045671565, 8.88783688424e-05, 0.000118468495202, 0.000183477823157, 0.000152892331243, 4.3593274313e-05, 1.0834252862e-05, 6.13377187619e-06, 1.58739039762e-05, 1.2328124285e-05, 2.65150501946e-05, 1.4194324649e-05, 8.56399856275e-06, 1.15196608022e-05, 9.58077725954e-06, 7.39620236345e-06, 2.81624761556e-06, 3.12592874252e-06, 1.07867447241e-06, 5.81646588671e-07, 2.47761676064e-07, 2.0019872693e-07, 1.67991899502e-07, 1.37234451358e-07, 8.1363602078e-08, 6.66504718083e-08, 1.94990246172e-08, 1.80421322327e-09],
        "mean": [9.91710912785e-05, 0.000263003748842, 8.49435746204e-05, 4.02467849199e-05, 2.72832712653e-05, 2.18419136218e-05, 2.89950712613e-05, 3.4627119021e-05, 5.91998286836e-05, 3.58642137144e-05, 1.41327655001e-05, 1.73111020558e-05, 2.05089399969e-05, 8.32853038446e-06, 1.43258594107e-05, 1.51742642629e-05, 3.75607669412e-06, 2.69642350759e-06, 1.54777399075e-06, 1.85638691619e-06, 2.81674783764e-06, 2.10790153687e-06, 3.64500760952e-06, 2.7907783533e-06, 1.73623277533e-06, 1.96916562345e-06, 1.60019237683e-06, 9.47780051774e-07, 4.56157806639e-07, 3.60123380005e-07, 1.91876623035e-07, 9.88511246192e-08, 6.03524981102e-08, 5.22920444723e-08, 4.67064182885e-08, 4.06829094857e-08, 2.18895266357e-08, 1.46667709089e-08, 4.24904378349e-09, 3.12224940346e-10],