{
"metadata": {
    "version": {
        "essentia": "2.0.1",
        "extractor": "archive-music 1.0 mod ismir14"
    },
    "audio_properties": {
        "analysis_sample_rate": 44100,
        "bitrate": 32,
        "channels": 2,
        "equal_loudness": 0,
        "length": 30.0408172607,
        "replay_gain": -13.5079994202,
        "downmix": "mix"
    },
    "tags": {
        "track": 0,
        "year": 0,
        "album": "",
        "artist": "",
        "comment": "",
        "genre": "",
        "title": ""
    }
},
"rhythm": {
    "bpm": 178.205886841,
    "bpm_histogram_first_peak": 178,
    "bpm_histogram_first_peak_spread": 0,
    "bpm_histogram_first_peak_weight": 0.453488379717,
    "bpm_histogram_second_peak": 172,
    "bpm_histogram_second_peak_spread": 0,
    "bpm_histogram_second_peak_weight": 0.430232554674
},
"tonal": {
    "tuning_frequency": {
        "dmean": 0.229378223419,
        "dmean2": 0.431491971016,
        "dvar": 3.82570624352,
        "dvar2": 9.25544548035,
        "max": 456.04309082,
        "mean": 446.88848877,
        "median": 451.84777832,
        "min": 432.441040039,
        "var": 71.4948959351
    },
    "hpcp": {
        "dmean": [0.165525719523, 0.160603836179, 0.163498461246, 0.21538721025, 0.0941116735339, 0.158701986074, 0.198242634535, 0.260299414396, 0.159603819251, 0.109436504543, 0.258567154408, 0.0761941298842],
        "dmean2": [0.27997559309, 0.279091387987, 0.277176439762, 0.360314190388, 0.169927656651, 0.271073132753, 0.333732783794, 0.447446465492, 0.273491799831, 0.19405336678, 0.449572056532, 0.134634792805],
        "dvar": [0.0426959767938, 0.0561764873564, 0.0505765415728, 0.0623750537634, 0.0226115360856, 0.0534991137683, 0.0553320832551, 0.071614317596, 0.0492867343128, 0.0307968445122, 0.0716901496053, 0.0193221289665],
        "dvar2": [0.108152359724, 0.143601074815, 0.125283926725, 0.133790016174, 0.0600603818893, 0.115040488541, 0.129713118076, 0.17452840507, 0.121112748981, 0.0807540044188, 0.143432661891, 0.050582293421],
        "max": [1, 1, 1, 1, 1, 1, 1, 1, 1, 1, 1, 1],
        "mean": [0.235357195139, 0.150862693787, 0.163553655148, 0.271467804909, 0.0857238322496, 0.259130388498, 0.277018100023, 0.34072175622, 0.193409964442, 0.109168432653, 0.635166943073, 0.0759931877255],
        "median": [0.138687342405, 0.0409987941384, 0.059570454061, 0.133355617523, 0.0314868465066, 0.0896815657616, 0.132216691971, 0.206085368991, 0.0671915858984, 0.0387527011335, 0.664954066277, 0.0313311740756],
        "min": [0.00162528210785, 0.000266427960014, 0.000794934574515, 0.000672213733196, 0.000641018443275, 0.00318806711584, 0.000569650786929, 0.00222698110156, 0.000473022286315, 0.00021691978327, 0.00985405873507, 0.000552240991965],
        "var": [0.0681000724435, 0.0576717071235, 0.0589069910347, 0.0958424508572, 0.0212210528553, 0.114329442382, 0.101491071284, 0.112771078944, 0.0776847377419, 0.0330197140574, 0.127837121487, 0.01774052158]
    }
},
"lowlevel": {
    "melbands": {
        "dmean": [4.9863345339e-05, 0.000214660351048, 0.000195991146029, 0.00010724162712, 6.49727808195e-05, 0.000115537957754, 0.000116675299068, 0.000124321668409, 0.000130423606606, 6.89369771862e-05, 5.13889244758e-05, 3.01331165247e-05, 2.45478513534e-05, 1.58138882398e-05, 2.52647460002e-05, 1.36762300826e-05, 1.51531958181e-05, 1.14533786473e-05, 8.70587427926e-06, 7.56408371672e-06, 6.70856343277e-06, 6.68868369758e-06, 8.9248878794e-06, 8.55001508171e-06, 6.62624415781e-06, 5.06455489813e-06, 4.93999732498e-06, 3.05947105517e-06, 1.27301223074e-06, 1.13018018055e-06, 8.58503369727e-07, 4.96762993407e-07, 2.33332045241e-07, 1.80038412623e-07, 1.76438973654e-07, 1.50486641814e-07, 1.45522704997e-07, 1.10024117816e-07, 6.05264958153e-08, 3.04907423754e-08],
        "dmean2": [7.48432285036e-05, 0.000330421346007, 0.000306802248815, 0.000148321836605, 0.000103621510789, 0.000185664612218, 0.000188354257261, 0.00020694223349, 0.00019490266277, 0.000103286118247, 7.90521298768e-05, 4.59366929135e-05, 3.7579677155e-05, 2.32713155128e-05, 4.05318060075e-05, 2.13211951632e-05, 2.28626086027e-05, 1.77138463187e-05, 1.41877626447e-05, 1.09831589725e-05, 1.00880461105e-05, 1.03162028608e-05, 1.29768313855e-05, 1.24615617096e-05, 1.00673014458e-05, 7.71039503888e-06, 7.41748453947e-06, 4.91535683977e-06, 1.98261113837e-06, 1.70047894699e-06, 1.27471116684e-06, 7.6203991739e-07, 3.60326140481e-07, 2.71265093943e-07, 2.7662989055e-07, 2.37728784214e-07, 2.32814173273e-07, 1.80532325089e-07, 9.74967306888e-08, 4.76961616869e-08],
        "dvar": [4.55253079679e-09, 9.29726127197e-08, 5.61335760096e-08, 2.77260792103e-08, 6.96675694911e-09, 1.78275740836e-08, 2.51513778693e-08, 5.2730353417e-08, 5.30676587118e-08, 2.82272498708e-08, 8.1854754086e-09, 8.69957794691e-09, 6.99403379656e-09, 1.25527455097e-09, 7.15084214065e-09, 1.24468113594e-09, 1.7225443294e-09, 6.32096930353e-10, 2.98473468163e-10, 3.3006103406e-10, 1.51677601035e-10, 1.64461250174e-10, 3.14964082593e-10, 3.48216122603e-10, 1.97900695831e-10, 9.4286425889e-11, 1.44527473322e-10, 8.4248989729e-11, 4.36001321852e-12, 6.81431777325e-12, 4.54065344352e-12, 1.59133123345e-12, 1.86005562081e-13, 6.19354760078e-14, 6.02499753105e-14, 3.21167957951e-14, 3.92878953112e-14, 2.63651235989e-14, 7.60654898986e-15, 1.57798214667e-15],
        "dvar2": [9.18718168208e-09, 2.13345813904e-07, 1.16157544028e-07, 4.77389150433e-08, 1.72691478895e-08, 4.4423401846e-08, 6.37511448076e-08, 1.37927244737e-07, 9.40434787822e-08, 5.14556610653e-08, 1.90399287447e-08, 1.92241209618e-08, 1.68948179891e-08, 2.81507861466e-09, 1.80609198708e-08, 2.55377252678e-09, 3.44753159354e-09, 1.42648426404e-09, 6.48547604509e-10, 6.61933285961e-10, 3.25251658939e-10, 3.39926753412e-10, 5.69218838731e-10, 5.87803028473e-10, 4.53842990966e-10, 1.82156456585e-10, 3.48022499708e-10, 2.13199555232e-10, 1.04644634971e-11, 1.29310876243e-11, 9.16730233391e-12, 3.78799379017e-12, 4.00610398804e-13, 1.21487889193e-13, 1.21633050311e-13, 7.35416095425e-14, 9.9523918295e-14, 6.57363025776e-14, 1.93363002069e-14, 3.50842889049e-15],
        "max": [0.000912318355404, 0.00253885099664, 0.00167704070918, 0.00194276659749, 0.000925649947021, 0.000976343348157, 0.00118421076331, 0.00182995840441, 0.00431603658944, 0.00276289624162, 0.00105902552605, 0.00115906063002, 0.00108379416633, 0.00046231559827, 0.00124666513875, 0.000452144711744, 0.000656629563309, 0.000372721755411, 0.00016393441183, 0.000344651460182, 0.000118844334793, 0.000142800519825, 0.000195318818442, 0.000229694705922, 0.000164042969118, 0.000117111820146, 0.000139944197144, 0.000131170338136, 2.57127339864e-05, 5.50357581233e-05, 3.45482840203e-05, 2.19955963985e-05, 5.87961267229e-06, 4.2803208089e-06, 3.94156859329e-06, 2.07317089007e-06, 2.54065889749e-06, 2.10266148315e-06, 8.1272571606e-07, 5.49266701455e-07],
        "mean": [7.71069317125e-05, 0.000291788193863, 0.000313162017846, 0.000166375219123, 9.12295508897e-05, 0.000164161931025, 0.000159778166562, 0.000120917196909, 0.000193625222892, 9.95966911432e-05, 7.56622757763e-05, 3.40303340636e-05, 2.64347054326e-05, 1.87755704246e-05, 3.08662056341e-05, 1.73476255441e-05, 1.86218276212e-05, 1.5136989532e-05, 1.068207348e-05, 9.46123145695e-06, 8.75640671438e-06, 8.96175970411e-06, 1.38812756632e-05, 1.53462660819e-05, 9.75711918727e-06, 8.2243423094e-06, 6.77310572428e-06, 3.88965918319e-06, 2.03630065698e-06, 1.70576072378e-06, 1.37035624448e-06, 8.49241871492e-07, 4.18259872959e-07, 3.28155806528e-07, 3.19701086937e-07, 2.62462975797e-07, 2.4345669658e-07, 1.72671093424e-07, 9.37547284252e-08, 4.94813576779e-08],