{
"metadata": {
    "version": {
        "essentia": "2.0.1",
        "extractor": "archive-music 1.0 mod ismir14"
    },
    "audio_properties": {
        "analysis_sample_rate": 44100,
        "bitrate": 32,
        "channels": 2,
        "equal_loudness": 0,
        "length": 30.0408172607,
        "replay_gain": -13.6177768707,
        "downmix": "mix"
    },
    "tags": {
        "track": 0,
        "year": 0,
        "album": "",
        "artist": "",
        "comment": "",
        "genre": "",
        "title": ""
    }
},
"rhythm": {
    "bpm": 86.5640029907,
    "bpm_histogram_first_peak": 86,
    "bpm_histogram_first_peak_spread": 0.619047641754,
    "bpm_histogram_first_peak_weight": 0.380952388048,
    "bpm_histogram_second_peak": 0,
    "bpm_histogram_second_peak_spread": 0,
    "bpm_histogram_second_peak_weight": 0
},
"tonal": {
    "tuning_frequency": {
        "dmean": 0.230506151915,
        "dmean2": 0.437299132347,
        "dvar": 3.47276711464,
        "dvar2": 7.417740345,
        "max": 455.779724121,
        "mean": 442.493591309,
        "median": 441.017791748,
        "min": 432.690917969,
        "var": 28.9192066193
    },
    "hpcp": {
        "dmean": [0.165852740407, 0.155442282557, 0.162691220641, 0.219909355044, 0.0962216034532, 0.156845748425, 0.200885489583, 0.256705373526, 0.160406529903, 0.108892060816, 0.255020707846, 0.0744459629059],
        "dmean2": [0.277201205492, 0.267694681883, 0.278137266636, 0.37162783742, 0.173009932041, 0.268474131823, 0.342079043388, 0.441400110722, 0.273714274168, 0.193426087499, 0.440243005753, 0.132074266672],
        "dvar": [0.0427767932415, 0.051045242697, 0.049961168319, 0.066223949194, 0.0240256842226, 0.0529089309275, 0.0573605410755, 0.0706481188536, 0.0506107248366, 0.0321246050298, 0.0719396695495, 0.0192323252559],
        "dvar2": [0.109326221049, 0.127970859408, 0.121926769614, 0.141270473599, 0.0648645684123, 0.114145807922, 0.137252271175, 0.172053053975, 0.123884856701, 0.0842761024833, 0.146440193057, 0.0505887307227],
        "max": [1, 1, 1, 1, 1, 1, 1, 1, 1, 1, 1, 1],
        "mean": [0.233984857798, 0.146438896656, 0.1629024297, 0.275322079659, 0.08602643013, 0.254534810781, 0.27794367075, 0.336712807417, 0.196880176663, 0.107796162367, 0.636694848537, 0.074317894876],
        "median": [0.142517954111, 0.0394905284047, 0.0591860301793, 0.132602527738, 0.0310949962586, 0.0873802006245, 0.130543157458, 0.204228848219, 0.068901501596, 0.0390637218952, 0.673447489738, 0.0296606887132],
        "min": [0.00275677768514, 0.00030269776471, 0.00113624020014, 0.000680630095303, 0.000294911093079, 0.00338919810019, 0.000529439130332, 0.000958890479524, 0.000636796234176, 0.000612174160779, 0.00841186288744, 0.000710562220775],
        "var": [0.0675980225205, 0.0542263165116, 0.0578584335744, 0.0996830314398, 0.0220375992358, 0.111950606108, 0.10253573209, 0.110906742513, 0.0798310562968, 0.0338129587471, 0.127670705318, 0.0175161249936]
    }
},
"lowlevel": {
    "melbands": {
        "dmean": [4.90874699608e-05, 0.000211745893466, 0.000193189014681, 0.000104875558463, 6.42312515993e-05, 0.000113758942462, 0.000115277282021, 0.000122737445054, 0.000131131295348, 7.0028254413e-05, 5.05165371578e-05, 2.97968890663e-05, 2.47103016591e-05, 1.49406250785e-05, 2.4580545869e-05, 1.35302789204e-05, 1.47368436956e-05, 1.11612398541e-05, 8.56096357893e-06, 7.17808325135e-06, 6.86161320118e-06, 6.73767135595e-06, 8.95602897799e-06, 8.81791675056e-06, 6.78150900058e-06, 5.08344601258e-06, 4.81328788737e-06, 3.01589625451e-06, 1.2888033325e-06, 1.1313976529e-06, 8.55296718782e-07, 5.31620912625e-07, 2.63424567493e-07, 1.93068700582e-07, 2.01571381808e-07, 1.67903664305e-07, 1.61972053547e-07, 1.2686092532e-07, 6.78350389194e-08, 3.50483766454e-08],
        "dmean2": [7.3899369454e-05, 0.000327178364387, 0.000303773500491, 0.000144425139297, 0.000103372840385, 0.0001841790654, 0.000185868921108, 0.000204904252314, 0.000194217122043, 0.000103465172288, 7.72314233473e-05, 4.57332098449e-05, 3.79929515475e-05, 2.21147511184e-05, 3.87961954402e-05, 2.06892473216e-05, 2.24824671022e-05, 1.72289619513e-05, 1.39626636155e-05, 1.02306612462e-05, 1.07434998426e-05, 1.05231320049e-05, 1.32985587697e-05, 1.30732651087e-05, 1.06499410322e-05, 7.66911671235e-06, 7.28226495994e-06, 4.70572695122e-06, 2.0122956812e-06, 1.69165139141e-06, 1.29800832838e-06, 8.24380663289e-07, 4.01181978305e-07, 2.89571005396e-07, 3.12690360715e-07, 2.71301871635e-07, 2.57229459066e-07, 2.074543346e-07, 1.0874859413e-07, 5.64977824524e-08],
        "dvar": [4.5740553567e-09, 9.09343569333e-08, 5.48422605107e-08, 2.54087648699e-08, 6.76623423956e-09, 1.70542282518e-08, 2.42672477668e-08, 5.12963431731e-08, 5.47390826e-08, 2.8932303664e-08, 7.60467422367e-09, 9.02253383117e-09, 7.5517823106e-09, 1.14593590173e-09, 6.4057186222e-09, 1.21395082875e-09, 1.79296422154e-09, 6.23404716737e-10, 2.85324014415e-10, 2.89665985642e-10, 1.75602948849e-10, 1.79648865228e-10, 3.43752526444e-10, 3.99588584443e-10, 2.11897305258e-10, 9.89928347628e-11, 1.4366929868e-10, 7.31806976129e-11, 4.41687441829e-12, 6.39925872709e-12, 4.36141314036e-12, 1.66410646114e-12, 2.31903607645e-13, 7.59692059694e-14, 7.87071552681e-14, 4.11804379659e-14, 4.53462510326e-14, 2.94426348536e-14, 9.02442200422e-15, 2.07090661758e-15],
        "dvar2": [9.38400379624e-09, 2.09742367474e-07, 1.14590442024e-07, 4.46463026549e-08, 1.66484532826e-08, 4.21927701666e-08, 6.16705122525e-08, 1.33989956907e-07, 1.00281269511e-07, 5.25063796886e-08, 1.70939014055e-08, 2.00417176188e-08, 1.86303719119e-08, 2.5285693539e-09, 1.60747610778e-08, 2.50995824125e-09, 3.67859098738e-09, 1.37628841657e-09, 6.28516017009e-10, 5.62856039554e-10, 4.13855588688e-10, 3.92841731367e-10, 6.73991695788e-10, 7.25286775083e-10, 5.16979237197e-10, 2.03446134939e-10, 3.42109535145e-10, 1.8337119323e-10, 1.08602848936e-11, 1.2257344445e-11, 8.56847058583e-12, 4.02421282061e-12, 5.06767804803e-13, 1.29575210696e-13, 1.70855883152e-13, 9.45432900262e-14, 1.1450057211e-13, 7.31234259884e-14, 2.32187282367e-14, 4.49554139371e-15],
        "max": [0.000881448853761, 0.00241601769812, 0.00171096157283, 0.0018550750101, 0.000863420369569, 0.0009026984917, 0.00111021962948, 0.00187357410323, 0.00415640277788, 0.00311530381441, 0.00107742403634, 0.0012274554465, 0.00113642425276, 0.000421006319812, 0.00111791596282, 0.000469794875244, 0.00061108416412, 0.000363456405466, 0.000154606925207, 0.000328714435454, 0.000153577013407, 0.000141967117088, 0.000193688742002, 0.000299529026961, 0.00018218535115, 0.000127337523736, 0.000137448732858, 0.000105323983007, 2.73148853012e-05, 5.21542388014e-05, 3.27446869051e-05, 2.26019310503e-05, 6.89084026817e-06, 5.01958857058e-06, 4.31712214777e-06, 1.94484232452e-06, 2.66756978817e-06, 1.84366888334e-06, 8.78912203461e-07, 5.56686927666e-07],
        "mean": [7.55674482207e-05, 0.000285636255285, 0.000307696696837, 0.000162514537806, 8.93576798262e-05, 0.000161383723025, 0.000157231901539, 0.00011963029101, 0.000193235930055, 9.95901500573e-05, 7.47896992834e-05, 3.33786883857e-05, 2.63458223344e-05, 1.82065668923e-05, 2.97192054859e-05, 1.66966110555e-05, 1.79259841389e-05, 1.45109761434e-05, 1.02672438516e-05, 9.03061845747e-06, 8.48990748636e-06, 8.72540204e-06, 1.35632253659e-05, 1.52821703523e-05, 9.84839516605e-06, 8.10853180155e-06, 6.86089151714e-06, 3.90015975427e-06, 2.04385651159e-06, 1.71653687175e-06, 1.36777407533e-06, 8.73932719969e-07, 4.56874886368e-07, 3.59862070809e-07, 3.58386046173e-07, 2.93327104828e-07, 2.66387530701e-07, 1.92495093643e-07, 1.04790814248e-07, 5.56331549717e-08],