{
"metadata": {
    "version": {
        "essentia": "2.0.1",
        "extractor": "archive-music 1.0 mod ismir14"
    },
    "audio_properties": {
        "analysis_sample_rate": 44100,
        "bitrate": 32,
        "channels": 2,
        "equal_loudness": 0,
        "length": 30.0408172607,
        "replay_gain": -13.87408638,
        "downmix": "mix"
    },
    "tags": {
        "track": 0,
        "year": 0,
        "album": "",
        "artist": "",
        "comment": "",
        "genre": "",
        "title": ""
    }
},
"rhythm": {
    "bpm": 90.2968444824,
    "bpm_histogram_first_peak": 91,
    "bpm_histogram_first_peak_spread": 0.324999988079,
    "bpm_histogram_first_peak_weight": 0.62790697813,
    "bpm_histogram_second_peak": 85,
    "bpm_histogram_second_peak_spread": 0,
    "bpm_histogram_second_peak_weight": 0.0697674453259
},
"tonal": {
    "tuning_frequency": {
        "dmean": 0.0864124819636,
        "dmean2": 0.149121403694,
        "dvar": 0.876681983471,
        "dvar2": 1.90291512012,
        "max": 455.779724121,
        "mean": 454.604797363,
        "median": 455.779724121,
        "min": 437.971466064,
        "var": 12.5531778336
    },
    "hpcp": {
        "dmean": [0.229233041406, 0.14966699481, 0.116610661149, 0.12542720139, 0.228460162878, 0.321162194014, 0.188958898187, 0.193911984563, 0.149248689413, 0.0890863388777, 0.0890961661935, 0.100140318274],
        "dmean2": [0.391441643238, 0.283418267965, 0.202373489738, 0.22935949266, 0.400863498449, 0.586711764336, 0.357013374567, 0.33608135581, 0.272165983915, 0.160953715444, 0.154632627964, 0.171296238899],
        "dvar": [0.0819331333041, 0.0677514970303, 0.0333183445036, 0.0505908057094, 0.0798740237951, 0.118095941842, 0.0935402587056, 0.0692148208618, 0.0636994242668, 0.0301341339946, 0.0273646749556, 0.0278430301696],
        "dvar2": [0.180942073464, 0.191681712866, 0.086730748415, 0.124841928482, 0.207978516817, 0.288399487734, 0.254891306162, 0.157774373889, 0.184649944305, 0.0829956829548, 0.0662031918764, 0.0712771788239],
        "max": [1, 1, 1, 1, 1, 1, 1, 1, 1, 1, 1, 1],
        "mean": [0.433926284313, 0.100716240704, 0.133194223046, 0.12589302659, 0.216673985124, 0.455712199211, 0.138169750571, 0.259231239557, 0.129556834698, 0.0790422409773, 0.0961641594768, 0.0989886894822],
        "median": [0.231607347727, 0.0178676322103, 0.0458294302225, 0.027520461008, 0.069917306304, 0.285931050777, 0.0233255438507, 0.104963257909, 0.0306221079081, 0.024939192459, 0.0303235501051, 0.0335316136479],
        "min": [0.00201651104726, 0.000527186959516, 0.00116333563346, 0.000293427816359, 0.00131241360214, 0.000990336062387, 0.000368706852896, 0.00207887031138, 0.000429625011748, 0.000404971593525, 0.000644087966066, 0.000648715998977],
        "var": [0.167016208172, 0.0451505146921, 0.0453966297209, 0.0612363815308, 0.089111328125, 0.169927716255, 0.074897184968, 0.106501094997, 0.0591332763433, 0.0249623991549, 0.0325029939413, 0.028806431219]
    }
},
"lowlevel": {
    "melbands": {
        "dmean": [0.00023063061235, 0.000471347128041, 0.000171188672539, 0.000117497220344, 8.36238177726e-05, 6.06014109508e-05, 7.85512675066e-05, 0.000117912357382, 0.000190797174582, 0.000145446858369, 5.54515208933e-05, 6.70221052133e-05, 6.44611063763e-05, 3.36525881721e-05, 5.44529066246e-05, 6.45022228127e-05, 1.36223370646e-05, 9.6344974736e-06, 5.1260399232e-06, 5.98215592618e-06, 9.45101055549e-06, 7.38290145819e-06, 1.37980923682e-05, 1.20879940368e-05, 6.56209294903e-06, 6.34228172203e-06, 5.89403271078e-06, 3.79244193027e-06, 1.5884562572e-06, 1.4556513861e-06, 7.03808495928e-07, 3.02269796748e-07, 1.79376897336e-07, 1.51934330006e-07, 1.49884996858e-07, 1.46734890905e-07, 1.29357616174e-07, 1.66370767829e-07, 1.5246827445e-07, 1.30373607021e-07],
        "dmean2": [0.000376115727704, 0.000690899498295, 0.000265906361165, 0.000188144593267, 0.000135403271997, 9.41192847677e-05, 0.000121950608445, 0.000184815682587, 0.000312229676638, 0.000240246605244, 8.94876138773e-05, 0.000104570906842, 9.7797899798e-05, 5.72049793846e-05, 9.21860118979e-05, 0.000106260973553, 2.10585312743e-05, 1.56176156452e-05, 8.18397529656e-06, 9.48876731854e-06, 1.48702574734e-05, 1.17796253107e-05, 2.27093878493e-05, 1.93472606043e-05, 1.05148747025e-05, 9.63972615864e-06, 9.43266240938e-06, 6.15463432041e-06, 2.52657446254e-06, 2.33616401601e-06, 1.12237580652e-06, 4.78680135529e-07, 2.81250351009e-07, 2.38670764929e-07, 2.35914683344e-07, 2.32685039236e-07, 1.97195745955e-07, 2.61596738937e-07, 2.34934674381e-07, 2.05612366244e-07],
        "dvar": [5.65165620969e-08, 1.99748129148e-07, 3.17945421102e-08, 2.83559842273e-08, 1.99260430378e-08, 7.19454806841e-09, 1.6798233915e-08, 4.41152607777e-08, 1.42207625231e-07, 1.66060146967e-07, 8.07957221127e-08, 3.16175921e-08, 2.98074169791e-08, 7.63667351578e-09, 1.79070198669e-08, 3.497849832e-08, 2.48495957145e-09, 6.47330633541e-10, 6.62184335143e-11, 5.46215607466e-11, 1.98515356931e-10, 1.18090759393e-10, 5.12633824279e-10, 3.7766498262e-10, 9.69930802341e-11, 8.8147995847e-11, 1.09315251295e-10, 4.22896336005e-11, 6.65675500833e-12, 6.4756325302e-12, 1.16027294109e-12, 1.67730209604e-13, 4.82551112512e-14, 3.74548109812e-14, 3.82193158144e-14, 2.98599510461e-14, 2.47567757446e-14, 4.80252603907e-14, 4.58926279411e-14, 3.24016021533e-14],
        "dvar2": [1.52905627715e-07, 4.38901992084e-07, 6.57910774748e-08, 7.2532245099e-08, 4.91446101591e-08, 1.55836517024e-08, 3.50430937601e-08, 1.04203131457e-07, 3.49775433506e-07, 3.82925804843e-07, 1.67632023818e-07, 7.51745901084e-08, 6.55584884157e-08, 2.07179535749e-08, 4.72006647101e-08, 8.45723633347e-08, 4.18096313126e-09, 1.48971235348e-09, 1.57833621173e-10, 1.35935304679e-10, 4.78087847089e-10, 3.00744595894e-10, 1.3067071869e-09, 9.30447385805e-10, 2.29621696657e-10, 2.02822592055e-10, 2.82228074244e-10, 1.11358908206e-10, 1.58374442033e-11, 1.5616537577e-11, 2.91171513983e-12, 4.13428053727e-13, 1.10492134376e-13, 8.43748085722e-14, 8.94559762637e-14, 6.91168381751e-14, 5.60420138844e-14, 1.04881604974e-13, 1.05227465467e-13, 7.01422630373e-14],
        "max": [0.00211614673026, 0.00439761346206, 0.0022025112994, 0.00200765440241, 0.00133894814644, 0.00124420772772, 0.00203578989021, 0.00159544404596, 0.00440021976829, 0.00461170496419, 0.00600029435009, 0.00180056155659, 0.00262472382747, 0.000799927394837, 0.00137885613367, 0.0023522968404, 0.00106976926327, 0.000360963254934, 9.12514806259e-05, 5.12309925398e-05, 0.000148751525558, 8.29515047371e-05, 0.000187167825061, 0.0001372594852, 7.50020044507e-05, 8.86188572622e-05, 0.000102675810922, 6.68342836434e-05, 2.33318241953e-05, 2.57325900748e-05, 7.62233412388e-06, 3.68067571799e-06, 1.86995680451e-06, 1.58291356911e-06, 1.67500411408e-06, 1.59753324169e-06, 1.56578823862e-06, 2.43615659201e-06, 2.57826650341e-06, 2.12720874515e-06],
        "mean": [0.000406250357628, 0.00104449887294, 0.000340988626704, 0.000161098156241, 0.000108016633021, 8.88166759978e-05, 0.000116987052024, 0.00014283193741, 0.000235128070926, 0.00014805594401, 5.5867501942e-05, 6.93960100762e-05, 8.10641504359e-05, 3.42838975484e-05, 5.77862701903e-05, 6.31923030596e-05, 1.47449272845e-05, 1.04528662632e-05, 6.23660798738e-06, 7.48205820855e-06, 1.13315236376e-05, 8.54678182804e-06, 1.4335600099e-05, 1.15492812256e-05, 7.29454313841e-06, 7.79059973866e-06, 6.26077599009e-06, 3.90810373574e-06, 1.86715624295e-06, 1.51527331127e-06, 8.0458875118e-07, 4.25778495128e-07, 2.76759720919e-07, 2.45202613769e-07, 2.36094109596e-07, 2.37848112761e-07, 1.96065542468e-07, 2.75064081734e-07, 2.52409961377e-07, 2.0995678085e-07],