{
"metadata": {
    "version": {
        "essentia": "2.0.1",
        "extractor": "archive-music 1.0 mod ismir14"
    },
    "audio_properties": {
        "analysis_sample_rate": 44100,
        "bitrate": 32,
        "channels": 2,
        "equal_loudness": 0,
        "length": 30.0408172607,
        "replay_gain": -8.83718299866,
        "downmix": "mix"
    },
    "tags": {
        "track": 7,
        "year": 0,
        "album": "The Cool Jazz Collection",
        "artist": "Astrud Gilberto",
        "comment": "",
        "genre": "Jazz",
        "title": "Girl From Ipanema"
    }
},
"rhythm": {
    "bpm": 130.226318359,
    "bpm_histogram_first_peak": 129,
    "bpm_histogram_first_peak_spread": 0.508474588394,
    "bpm_histogram_first_peak_weight": 0.460317462683,
    "bpm_histogram_second_peak": 123,
    "bpm_histogram_second_peak_spread": 0,
    "bpm_histogram_second_peak_weight": 0.0317460335791
},
"tonal": {
    "tuning_frequency": {
        "dmean": 0.0512789413333,
        "dmean2": 0.10015629977,
        "dvar": 0.778590083122,
        "dvar2": 1.70974552631,
        "max": 456.570251465,
        "mean": 434.69052124,
        "median": 434.193115234,
        "min": 431.443084717,
        "var": 2.18110561371
    },
    "hpcp": {
        "dmean": [0.115920215845, 0.118065260351, 0.148589015007, 0.180015236139, 0.162690892816, 0.12496291101, 0.137921541929, 0.156870901585, 0.225996509194, 0.13519218564, 0.135650917888, 0.114544048905],
        "dmean2": [0.225027605891, 0.225903883576, 0.28748306632, 0.340648531914, 0.31659245491, 0.240069508553, 0.26454180479, 0.304422467947, 0.435513943434, 0.262116104364, 0.259981632233, 0.223770484328],
        "dvar": [0.0817462056875, 0.0778655856848, 0.0992503911257, 0.106968902051, 0.109038054943, 0.0802773088217, 0.0853999853134, 0.104401409626, 0.131280094385, 0.093750230968, 0.0864570885897, 0.08084756881],
        "dvar2": [0.238465845585, 0.224369734526, 0.2767393291, 0.29796898365, 0.307095885277, 0.232220843434, 0.241184771061, 0.296749651432, 0.361906826496, 0.271023541689, 0.244063213468, 0.237373903394],
        "max": [1, 1, 1, 1, 1, 1, 1, 1, 1, 1, 1, 1],
        "mean": [0.0715701952577, 0.104401648045, 0.109245017171, 0.206795036793, 0.116315677762, 0.0930833816528, 0.129162922502, 0.11917193234, 0.19778573513, 0.0943054333329, 0.0979440063238, 0.0804880782962],
        "median": [0.000361500075087, 0.00160982855596, 0.000663602957502, 0.00340272812173, 0.00110305834096, 0.00105773692485, 0.00154576811474, 0.00110435974784, 0.00416011875495, 0.000305234570988, 0.00180491455831, 0.000588097900618],
        "min": [0, 0, 0, 0, 0, 0, 0, 0, 0, 0, 0, 0],
        "var": [0.0531830266118, 0.0744874626398, 0.0811335071921, 0.135291904211, 0.0846359729767, 0.0667701885104, 0.0901371762156, 0.086759313941, 0.130005463958, 0.0720780417323, 0.0646147206426, 0.0604034401476]
    }
},
"lowlevel": {
    "melbands": {
        "dmean": [0.00081580755068, 0.00338831427507, 0.00356847909279, 0.00185111467727, 0.00100081088021, 0.000377250544261, 0.000127735096612, 0.000120251599583, 5.07208278577e-05, 2.6784833608e-05, 2.71776789305e-05, 2.79746618617e-05, 8.73066073837e-06, 6.57002965454e-06, 7.72350449552e-06, 4.61951003672e-06, 3.71325154447e-06, 1.66595236806e-06, 1.55674615598e-06, 1.53206451614e-06, 9.82655024018e-07, 1.24335349483e-06, 1.48914330111e-06, 1.48802598687e-06, 5.94434084178e-07, 3.52998142716e-07, 5.53667689474e-07, 8.34200420741e-07, 7.09392963927e-07, 8.65989932208e-07, 1.37688300583e-06, 2.48639798883e-06, 2.85913552034e-06, 1.71163469531e-06, 7.70254871441e-07, 4.13299545698e-07, 3.64535765129e-07, 2.78571633316e-07, 3.57784983862e-07, 5.65046889278e-07],
        "dmean2": [0.001382153132, 0.00579468207434, 0.00613985816017, 0.00309068174101, 0.00167315779254, 0.000636458105873, 0.00018928553618, 0.000170905797859, 6.95726484992e-05, 3.46218876075e-05, 3.54209805664e-05, 3.70750894945e-05, 1.23684276332e-05, 1.00990082501e-05, 1.0569024198e-05, 6.90623755872e-06, 5.24103779753e-06, 2.45061869464e-06, 2.15328509512e-06, 2.19730895878e-06, 1.52511017859e-06, 1.84342059129e-06, 2.17832621274e-06, 2.31193780564e-06, 9.25380334138e-07, 5.28379587195e-07, 8.39115614326e-07, 1.38691041229e-06, 1.0926972891e-06, 1.26166628434e-06, 2.18688660425e-06, 3.88039507015e-06, 4.53334587291e-06, 2.65869948635e-06, 1.24435644011e-06, 6.19315358108e-07, 5.39325526461e-07, 4.11631077668e-07, 5.27443660303e-07, 8.74396164363e-07],
        "dvar": [2.58145587395e-06, 2.88201117655e-05, 3.55583542841e-05, 9.18954174267e-06, 2.69335987468e-06, 4.33618112083e-07, 1.42349975363e-07, 1.45499456039e-07, 1.84828792271e-08, 1.03883772695e-08, 6.7552066163e-09, 1.86519741874e-08, 1.06547881629e-09, 4.53810877765e-10, 6.03632588358e-10, 4.788261454e-10, 5.41865496917e-10, 4.26401552955e-11, 6.39178987516e-11, 6.94495363995e-11, 1.45485325176e-11, 1.47518646604e-11, 2.30158114789e-11, 4.06853578605e-11, 6.09724033415e-12, 9.58332805473e-13, 4.07310123129e-12, 1.53760962296e-11, 7.87914785499e-12, 2.67339865523e-11, 5.86601253683e-11, 2.19329512885e-10, 7.12648773327e-10, 1.78363629422e-10, 1.45230216742e-11, 1.9413646038e-12, 1.53416027712e-12, 1.26445826466e-12, 3.96783344028e-12, 8.47688672728e-12],
        "dvar2": [6.96366896591e-06, 8.70241201483e-05, 0.000114880604087, 2.53216694546e-05, 7.29736484573e-06, 1.21033190226e-06, 2.15108386215e-07, 2.25756608074e-07, 2.87447949887e-08, 1.40308955565e-08, 1.15343521401e-08, 2.20535696371e-08, 2.53656184945e-09, 1.07787490045e-09, 9.27091181602e-10, 9.73210956268e-10, 9.16528686279e-10, 8.49021478122e-11, 9.23152734811e-11, 1.41798989217e-10, 2.92346320763e-11, 2.98754215811e-11, 4.89301099638e-11, 1.01896824312e-10, 1.47591452948e-11, 2.06151632223e-12, 8.27200807851e-12, 4.15427241218e-11, 1.87671909263e-11, 6.10310205151e-11, 1.31842078921e-10, 5.28669608091e-10, 1.88503190834e-09, 3.81447207154e-10, 4.07543096492e-11, 4.27770275799e-12, 3.63450979382e-12, 2.97032580823e-12, 1.01401317898e-11, 2.33164893643e-11],
        "max": [0.0347371101379, 0.071551926434, 0.0719458460808, 0.0821004882455, 0.0244465786964, 0.0123267266899, 0.00947344861925, 0.00907708704472, 0.00376542913727, 0.00406607426703, 0.00215832330287, 0.0099823186174, 0.000933801580686, 0.000629129470326, 0.00143499602564, 0.000834802864119, 0.00105978490319, 0.0002697838936, 0.000345059263054, 0.000331781688146, 0.000129506341182, 7.49287064536e-05, 9.2238165962e-05, 0.000139736250276, 9.08919028006e-05, 2.97299848171e-05, 5.44795002497e-05, 0.000147540456965, 7.96205640654e-05, 0.000162294571055, 0.000205101328902, 0.000380914832931, 0.00103700230829, 0.000644338026177, 0.000100896613731, 3.42617568094e-05, 2.53226753557e-05, 4.49236868008e-05, 7.91508646216e-05, 8.09797056718e-05],
        "mean": [0.00151999469381, 0.00620601978153, 0.007505975198, 0.00366298458539, 0.00227798800915, 0.000820728833787, 0.000305572233628, 0.000302405707771, 0.000142676391988, 8.76017365954e-05, 8.53983219713e-05, 8.63184250193e-05, 2.25359344768e-05, 1.27872572193e-05, 1.97502540686e-05, 1.17252038763e-05, 8.21326102596e-06, 3.4426577713e-06, 3.2994328194e-06, 3.17501644531e-06, 1.74483682258e-06, 2.59372313849e-06, 3.09420511257e-06, 2.46773765866e-06, 1.06165703073e-06, 7.14351472197e-07, 1.0107687558e-06, 1.30626142436e-06, 1.12188320145e-06, 1.3871815554e-06, 2.36443770518e-06, 3.98281008529e-06, 4.21151526098e-06, 2.97571409646e-06, 1.3858324337e-06, 9.18428554542e-07, 7.61071476063e-07, 5.81275912737e-07, 7.39618712942e-07, 1.05300398445e-06],