{
"metadata": {
    "version": {
        "essentia": "2.0.1",
        "extractor": "archive-music 1.0 mod ismir14"
    },
    "audio_properties": {
        "analysis_sample_rate": 44100,
        "bitrate": 32,
        "channels": 2,
        "equal_loudness": 0,
        "length": 30.0408172607,
        "replay_gain": -12.2262630463,
        "downmix": "mix"
    },
    "tags": {
        "track": 6,
        "year": 0,
        "album": "Swing Classics (Jazz & Tzaz 70)",
        "artist": "Benny Carter",
        "comment": "",
        "genre": "Jazz",
        "title": "Babalu"
    }
},
"rhythm": {
    "bpm": 92.4430923462,
    "bpm_histogram_first_peak": 92,
    "bpm_histogram_first_peak_spread": 0.636363625526,
    "bpm_histogram_first_peak_weight": 0.355555564165,
    "bpm_histogram_second_peak": 99,
    "bpm_histogram_second_peak_spread": 0,
    "bpm_histogram_second_peak_weight": 0.0222222227603
},
"tonal": {
    "tuning_frequency": {
        "dmean": 0.0648531168699,
        "dmean2": 0.125531956553,
        "dvar": 0.769504487514,
        "dvar2": 1.76396405697,
        "max": 455.253540039,
        "mean": 436.915618896,
        "median": 436.960693359,
        "min": 433.191070557,
        "var": 7.20706129074
    },
    "hpcp": {
        "dmean": [0.148356720805, 0.145128831267, 0.151443734765, 0.194607794285, 0.142558336258, 0.119795978069, 0.152916431427, 0.126305192709, 0.192851245403, 0.145877271891, 0.185706049204, 0.194920644164],
        "dmean2": [0.276725441217, 0.263309001923, 0.286269456148, 0.349578142166, 0.262763887644, 0.221032738686, 0.268400400877, 0.236058086157, 0.345717042685, 0.274504095316, 0.337531924248, 0.346384614706],
        "dvar": [0.0665748119354, 0.0615991763771, 0.0800689607859, 0.0796573385596, 0.0636373460293, 0.0548912473023, 0.0593460276723, 0.060100838542, 0.0744633004069, 0.0712189972401, 0.0712819844484, 0.0762607902288],
        "dvar2": [0.189470201731, 0.170311152935, 0.230359464884, 0.212350174785, 0.173019573092, 0.154248267412, 0.159427374601, 0.167591139674, 0.198570862412, 0.203885868192, 0.193907484412, 0.20590364933],
        "max": [1, 1, 1, 1, 1, 1, 1, 1, 1, 1, 1, 1],
        "mean": [0.113263390958, 0.149913981557, 0.110433340073, 0.396215051413, 0.165778726339, 0.102344982326, 0.240965664387, 0.0969953238964, 0.287628948689, 0.105020724237, 0.191318556666, 0.235775083303],
        "median": [0.0110639333725, 0.021475577727, 0.00367148895748, 0.195130690932, 0.0125615494326, 0.0127811385319, 0.061091247946, 0.00734638050199, 0.101585283875, 0.00813212804496, 0.0633487179875, 0.0683235749602],
        "min": [0, 0, 0, 0, 0, 0, 0, 0, 0, 0, 0, 0],
        "var": [0.0570002347231, 0.0681851580739, 0.0669917315245, 0.172755777836, 0.0939505770802, 0.0492645576596, 0.11703210324, 0.0496562942863, 0.129242062569, 0.053253326565, 0.0772842988372, 0.106748186052]
    }
},
"lowlevel": {
    "melbands": {
        "dmean": [2.76836053672e-05, 0.000122711338918, 0.000138760122354, 0.000259106862359, 0.000311622512527, 0.000344682397554, 0.00026519986568, 0.000341634557117, 0.000247285788646, 0.000158736380399, 0.000116998715384, 9.65983635979e-05, 9.34926865739e-05, 7.92921418906e-05, 0.000148053266457, 0.0001320183801, 7.1975235187e-05, 3.71838468709e-05, 3.98593656428e-05, 4.34232242696e-05, 1.49886491272e-05, 2.21274422074e-05, 1.02108742794e-05, 6.91145078235e-06, 8.81638788996e-06, 3.07815093947e-06, 1.83183897207e-06, 2.26761540034e-06, 1.77167999027e-06, 1.68073768236e-06, 8.09247694633e-07, 3.9236741145e-07, 2.63999055505e-07, 1.0458384736e-07, 4.55434978619e-08, 4.08890343806e-08, 1.18884226907e-08, 2.08971284721e-09, 8.90155449351e-10, 5.1640991483e-10],
        "dmean2": [4.27877239417e-05, 0.000199742993573, 0.000242557478487, 0.000469312275527, 0.00056765350746, 0.000591239426285, 0.000414585025283, 0.000481327384477, 0.00034359365236, 0.000219374604058, 0.000179894370376, 0.000147071084939, 0.000143493904034, 0.000123491059639, 0.000224897798034, 0.000208757614018, 0.000108301683213, 5.24373463122e-05, 5.81088825129e-05, 6.4707142883e-05, 2.31679605349e-05, 3.53325522156e-05, 1.6631469407e-05, 1.06646057247e-05, 1.28473639052e-05, 4.63748074253e-06, 2.8752565413e-06, 3.47916488863e-06, 2.66903907686e-06, 2.43590943683e-06, 1.16465275823e-06, 5.77016749048e-07, 3.85980229112e-07, 1.50989720282e-07, 6.43824762392e-08, 5.83985979574e-08, 1.74629768424e-08, 3.12597792096e-09, 1.34780175909e-09, 8.0897638588e-10],
        "dvar": [1.26420107716e-09, 2.37982096252e-08, 4.90495395411e-08, 1.5552735988e-07, 2.12721744219e-07, 2.79871443354e-07, 1.39565884183e-07, 5.19159016221e-07, 2.14813894672e-07, 8.85705446763e-08, 6.82531577922e-08, 5.36850066624e-08, 5.073456677e-08, 2.97284206141e-08, 8.74628014458e-08, 1.20990705454e-07, 3.60163454616e-08, 7.70532526673e-09, 1.18153158368e-08, 1.1449924564e-08, 7.30177307506e-10, 3.95412635967e-09, 5.46249989686e-10, 2.0709249593e-10, 4.68758365457e-10, 6.0535673696e-11, 1.93651570474e-11, 5.40361436152e-11, 1.97560180021e-11, 1.55954988507e-11, 4.44571202768e-12, 1.23635606961e-12, 6.7786406913e-13, 1.19784837973e-13, 1.58818101628e-14, 1.39041813545e-14, 8.2627179914e-16, 3.67097925116e-17, 6.18001318094e-18, 1.49673389437e-18],
        "dvar2": [2.63307131654e-09, 5.9660436591e-08, 1.41160938938e-07, 4.61208259139e-07, 6.67228050588e-07, 8.11822872038e-07, 3.39639683489e-07, 1.11962890514e-06, 4.57820505062e-07, 1.81035517244e-07, 1.67839786513e-07, 1.36130111628e-07, 1.25934079165e-07, 7.99961270559e-08, 2.03512271924e-07, 3.13735057489e-07, 9.0693617949e-08, 1.54939776564e-08, 2.73546145735e-08, 2.47555327348e-08, 1.74115555307e-09, 1.06478861284e-08, 1.55587864814e-09, 5.01320041035e-10, 9.90899806652e-10, 1.31272659409e-10, 4.63238648829e-11, 1.31067851017e-10, 4.65906861702e-11, 3.3157886159e-11, 9.8627694553e-12, 2.63811585424e-12, 1.54394964695e-12, 2.51276592849e-13, 3.08216925832e-14, 3.05164151327e-14, 1.8571788174e-15, 7.23361703267e-17, 1.24910914756e-17, 3.31160186592e-18],
        "max": [0.000485787546495, 0.00225144508295, 0.00450376793742, 0.00928087346256, 0.00627884734422, 0.00770887453109, 0.00613925978541, 0.0179600194097, 0.00847521983087, 0.00525014614686, 0.00480346940458, 0.00451957853511, 0.00528870383278, 0.00371847208589, 0.0057036424987, 0.00566113740206, 0.00410530623049, 0.00220873276703, 0.00194081291556, 0.00253093242645, 0.000512675149366, 0.00146918289829, 0.000412580149714, 0.000287316128379, 0.000379571720259, 0.000198910114705, 8.33033554954e-05, 0.000144698322401, 7.21045362297e-05, 6.75818228046e-05, 4.57371097582e-05, 3.07191185129e-05, 2.10337911994e-05, 7.04700460119e-06, 2.65461517301e-06, 2.68281064564e-06, 4.35941331034e-07, 1.4270773363e-07, 5.67477727031e-08, 2.12879118777e-08],
        "mean": [3.90232780774e-05, 0.000175923021743, 0.000176129440661, 0.000326840759953, 0.000415560178226, 0.000566091970541, 0.000613080861513, 0.0012381253764, 0.000770245038439, 0.00043166190153, 0.000297669001156, 0.00024320067314, 0.000191194325453, 0.000146716585732, 0.00029613514198, 0.000240747714997, 0.000177791211172, 9.21413229662e-05, 7.36544679967e-05, 9.79675751296e-05, 3.11536241497e-05, 4.02531622967e-05, 2.16362768697e-05, 1.67556718225e-05, 2.38357952185e-05, 7.84444728197e-06, 4.01489614887e-06, 4.42649070465e-06, 4.58740487375e-06, 4.92689514431e-06, 2.2845863441e-06, 1.08474932858e-06, 6.95095252468e-07, 2.83683078806e-07, 1.28051667048e-07, 1.19656320408e-07, 3.38746808382e-08, 5.17302689573e-09, 1.89361992753e-09, 1.099606739e-09],