{
"metadata": {
    "version": {
        "essentia": "2.0.1",
        "extractor": "archive-music 1.0 mod ismir14"
    },
    "audio_properties": {
        "analysis_sample_rate": 44100,
        "bitrate": 64,
        "channels": 2,
        "equal_loudness": 0,
        "length": 30.0669155121,
        "replay_gain": -9.80090904236,
        "downmix": "mix"
    },
    "tags": {
        "track": 0,
        "year": 0,
        "album": "",
        "artist": "",
        "comment": "",
        "genre": "",
        "title": ""
    }
},
"rhythm": {
    "bpm": 172.265563965,
    "bpm_histogram_first_peak": 172,
    "bpm_histogram_first_peak_spread": 0,
    "bpm_histogram_first_peak_weight": 0.511904776096,
    "bpm_histogram_second_peak": 178,
    "bpm_histogram_second_peak_spread": 0,
    "bpm_histogram_second_peak_weight": 0.25
},
"tonal": {
    "tuning_frequency": {
        "dmean": 0.0419484823942,
        "dmean2": 0.0687682330608,
        "dvar": 0.115226969123,
        "dvar2": 0.191263511777,
        "max": 437.465789795,
        "mean": 434.703063965,
        "median": 434.695007324,
        "min": 433.942382812,
        "var": 0.108430489898
    },
    "hpcp": {
        "dmean": [0.127433046699, 0.208440989256, 0.179181531072, 0.277269661427, 0.0396059900522, 0.155121102929, 0.172211110592, 0.267702609301, 0.0961505323648, 0.090890288353, 0.248146250844, 0.0872476249933],
        "dmean2": [0.237001672387, 0.386646479368, 0.310786694288, 0.502666652203, 0.0696102380753, 0.271229207516, 0.313439011574, 0.467983752489, 0.171194553375, 0.160929277539, 0.427639067173, 0.15882769227],
        "dvar": [0.0541293360293, 0.0777288451791, 0.0525671392679, 0.113890342414, 0.00682989368215, 0.0775335505605, 0.100486718118, 0.107352137566, 0.0456672795117, 0.0287286937237, 0.0783996582031, 0.0264017824084],
        "dvar2": [0.147469833493, 0.182421207428, 0.131633326411, 0.255721688271, 0.0202051494271, 0.181816905737, 0.24183934927, 0.276162862778, 0.127265140414, 0.0715789049864, 0.146951466799, 0.076586201787],
        "max": [1, 1, 1, 1, 0.537719249725, 1, 1, 1, 1, 1, 1, 1],
        "mean": [0.10518502444, 0.238958626986, 0.175254926085, 0.399894148111, 0.0324783027172, 0.146187081933, 0.185389682651, 0.228998154402, 0.0673231631517, 0.0757453367114, 0.376661747694, 0.070704780519],
        "median": [0.0250066239387, 0.0941570475698, 0.0750035718083, 0.153333410621, 0.00756501406431, 0.0261232703924, 0.0160592272878, 0.0465986952186, 0.0123936496675, 0.0194178204983, 0.200478807092, 0.0235407166183],
        "min": [0.000844001420774, 0.00562390265986, 0.000612086907495, 0.000157957198098, 8.74052129802e-05, 0.00113840354607, 0.000128129031509, 0.000368562003132, 0.000365495769074, 0.000144281468238, 0.00077291711932, 0.000669640605338],
        "var": [0.0434412024915, 0.0986337959766, 0.0617067292333, 0.173942968249, 0.00544773600996, 0.0817519277334, 0.120129674673, 0.113534107804, 0.0325272493064, 0.0253306105733, 0.145057693124, 0.0194242987782]
    }
},
"lowlevel": {
    "melbands": {
        "dmean": [2.86703908614e-07, 1.4116048078e-05, 1.78921818588e-05, 0.000195032698684, 0.000167937803781, 7.83448194852e-05, 3.5980312532e-05, 3.21466068272e-05, 2.07274824788e-05, 1.41327436722e-05, 1.18286998259e-05, 9.07693447516e-06, 1.07627192847e-05, 4.60379578726e-06, 4.28023167842e-06, 3.07482332573e-06, 6.37609582554e-06, 2.6229984087e-06, 3.67480151908e-06, 8.68439997248e-07, 1.11155895866e-06, 1.02845001493e-06, 6.9289478688e-07, 1.01914986317e-06, 2.34986578107e-06, 2.84120142169e-06, 6.66497783186e-07, 3.5243141383e-07, 1.51059779796e-07, 1.00256102087e-07, 4.02205699856e-08, 6.64419719243e-09, 1.11144859982e-09, 2.80960366084e-10, 7.83079573408e-11, 3.03094181697e-11, 1.09816036473e-11, 2.67105760253e-12, 1.05317176421e-12, 2.68865279433e-13],
        "dmean2": [4.61217155134e-07, 2.41886864387e-05, 3.10102041112e-05, 0.000333482399583, 0.000301739899442, 0.000138109258842, 6.17324039922e-05, 5.39901120646e-05, 3.87204636354e-05, 2.6665524274e-05, 2.20263736992e-05, 1.76250287041e-05, 1.992374564e-05, 8.58642488311e-06, 8.1989892351e-06, 5.65563550481e-06, 1.16418623293e-05, 4.6248169383e-06, 6.59362376609e-06, 1.5335755279e-06, 1.93794858205e-06, 1.85654164397e-06, 1.21681114251e-06, 1.81246900866e-06, 4.32821570939e-06, 5.32078638571e-06, 1.1940433069e-06, 6.49650871765e-07, 2.83655793964e-07, 1.88590306038e-07, 7.91119134647e-08, 1.25277193064e-08, 2.15111661817e-09, 5.42957401262e-10, 1.45848444433e-10, 5.46078529617e-11, 1.9004405688e-11, 3.84523966487e-12, 1.28804898605e-12, 3.94927200751e-13],
        "dvar": [1.00959645917e-13, 1.41981559842e-09, 7.69370678277e-10, 2.97848089303e-07, 3.85780047907e-08, 5.90675330869e-09, 1.72919667474e-09, 2.22474638711e-09, 3.18998072402e-09, 9.77242287092e-10, 8.60506887967e-10, 6.99327373788e-10, 9.92609217043e-10, 1.39695255363e-10, 1.68969810366e-10, 4.4224981316e-11, 3.83957088346e-10, 1.63904341488e-11, 5.06444226833e-11, 1.71416244914e-12, 2.26809413265e-12, 2.40118515349e-12, 1.44796913175e-12, 2.78908038158e-12, 3.25623868147e-11, 4.56669806137e-11, 9.48314885819e-13, 4.23008091228e-13, 1.1689756693e-13, 9.08843719684e-14, 2.09978552829e-14, 3.37947961216e-16, 2.74642459126e-17, 9.76397170818e-19, 2.78256869532e-20, 6.14298896447e-21, 9.02995471934e-22, 1.25220637273e-22, 4.69695072043e-23, 1.53280357746e-24],
        "dvar2": [2.28809511485e-13, 2.85283774382e-09, 2.01564143154e-09, 7.91656532328e-07, 1.08749951266e-07, 1.68302332071e-08, 4.7436219397e-09, 5.12096587357e-09, 9.6650989434e-09, 2.96930702248e-09, 2.64912025649e-09, 2.12563411317e-09, 2.84989654098e-09, 4.17555989785e-10, 5.26973742421e-10, 1.24527541057e-10, 1.11111553291e-09, 4.6171799023e-11, 1.44968800853e-10, 4.82969740589e-12, 6.73102068874e-12, 7.06429532926e-12, 4.22924499241e-12, 7.96154375066e-12, 9.60723930965e-11, 1.35366870491e-10, 2.50913677856e-12, 1.16304611341e-12, 3.295398893e-13, 2.57484842909e-13, 6.24380647012e-14, 9.6941025577e-16, 8.13654025781e-17, 3.09449487247e-18, 8.34977694555e-20, 1.80306422699e-20, 2.34794166742e-21, 1.20062547182e-22, 4.58895471588e-23, 1.56297267531e-24],
        "max": [2.15778050006e-06, 0.000406534876674, 0.000231582467677, 0.00544169778004, 0.00117615761701, 0.00038542720722, 0.000224514224101, 0.00038634907105, 0.000370880094124, 0.000217202992644, 0.000159913921379, 0.00014306261437, 0.00024926676997, 9.2921385658e-05, 8.28665870358e-05, 6.00009225309e-05, 0.000183277079486, 2.57690644503e-05, 7.01758544892e-05, 1.26377753986e-05, 9.70769724518e-06, 9.03831642063e-06, 7.77376681071e-06, 1.14509430205e-05, 3.68373257515e-05, 5.27356423845e-05, 4.78140236737e-06, 4.20163178205e-06, 1.89189938737e-06, 2.21996674554e-06, 1.22670394376e-06, 1.46395890965e-07, 4.7584300944e-08, 6.47653530805e-09, 9.5017493873e-10, 6.440150635e-10, 2.49002096719e-10, 1.37335212647e-10, 6.55169460351e-11, 1.48718103804e-11],
        "mean": [4.37112305463e-07, 1.83998108696e-05, 2.55397080764e-05, 0.000220123241888, 0.000203083909582, 9.39700621529e-05, 3.6256344174e-05, 3.49932161043e-05, 1.5122410332e-05, 1.00919987744e-05, 9.48069282458e-06, 5.58923693461e-06, 8.78874743648e-06, 3.31802675646e-06, 2.93714970212e-06, 2.35868492382e-06, 4.95427957503e-06, 2.37734957409e-06, 3.38782911058e-06, 9.35154730541e-07, 1.06341622086e-06, 9.48024307945e-07, 6.11951463725e-07, 8.41515998218e-07, 1.83262716291e-06, 2.07439211408e-06, 5.51080006517e-07, 2.73998239209e-07, 1.00401642555e-07, 6.21487856733e-08, 2.54635033059e-08, 4.24776125385e-09, 6.96747826101e-10, 2.00192862287e-10, 7.45964956472e-11, 3.10277012416e-11, 1.1857040523e-11, 3.35162561767e-12, 1.16747345298e-12, 2.35596346035e-13],