{
"metadata": {
    "version": {
        "essentia": "2.0.1",
        "extractor": "archive-music 1.0 mod ismir14"
    },
    "audio_properties": {
        "analysis_sample_rate": 44100,
        "bitrate": 64,
        "channels": 2,
        "equal_loudness": 0,
        "length": 30.0669155121,
        "replay_gain": -14.3417758942,
        "downmix": "mix"
    },
    "tags": {
        "track": 0,
        "year": 0,
        "album": "",
        "artist": "",
        "comment": "",
        "genre": "",
        "title": ""
    }
},
"rhythm": {
    "bpm": 109.229476929,
    "bpm_histogram_first_peak": 110,
    "bpm_histogram_first_peak_spread": 0.471698105335,
    "bpm_histogram_first_peak_weight": 0.528301894665,
    "bpm_histogram_second_peak": 0,
    "bpm_histogram_second_peak_spread": 0,
    "bpm_histogram_second_peak_weight": 0
},
"tonal": {
    "tuning_frequency": {
        "dmean": 0.149698704481,
        "dmean2": 0.269391924143,
        "dvar": 0.406048864126,
        "dvar2": 0.677722334862,
        "max": 446.657836914,
        "mean": 441.829071045,
        "median": 441.782684326,
        "min": 439.745910645,
        "var": 1.96753096581
    },
    "hpcp": {
        "dmean": [0.126233771443, 0.0959739908576, 0.0580395944417, 0.158648848534, 0.0457283593714, 0.140730261803, 0.0478759072721, 0.0998561754823, 0.146281793714, 0.0367546379566, 0.165635362267, 0.0685797482729],
        "dmean2": [0.237802535295, 0.172475680709, 0.109049245715, 0.270515710115, 0.0856093838811, 0.231947362423, 0.0890287458897, 0.179377794266, 0.259788930416, 0.0709417611361, 0.266326606274, 0.129384204745],
        "dvar": [0.042015209794, 0.0553211756051, 0.00990664586425, 0.0692355334759, 0.0140622314066, 0.04930145666, 0.0147147532552, 0.0307175945491, 0.0371555089951, 0.00537783186883, 0.0615961328149, 0.024214938283],
        "dvar2": [0.103703588247, 0.108164936304, 0.0234574545175, 0.155483171344, 0.029757950455, 0.104702331126, 0.0405149944127, 0.0748027339578, 0.0893073305488, 0.0153152886778, 0.124708339572, 0.065470173955],
        "max": [1, 1, 0.588568091393, 1, 1, 1, 0.906113862991, 1, 1, 0.478609234095, 1, 1],
        "mean": [0.165235489607, 0.24749596417, 0.0440429784358, 0.45741379261, 0.039445694536, 0.252152383327, 0.0347172506154, 0.102670930326, 0.231242775917, 0.0256917569786, 0.225584059954, 0.0476404502988],
        "median": [0.0442343465984, 0.0163646992296, 0.012135556899, 0.257577091455, 0.00990569405258, 0.0809307619929, 0.0116648040712, 0.024026574567, 0.103442125022, 0.00989423319697, 0.0878285616636, 0.00983907561749],
        "min": [5.35327053512e-05, 0.000323858548654, 0.000513522652909, 0.000825978815556, 0.000100673038105, 0.000652399612591, 0.00033873852226, 0.00102560070809, 0.000722836120985, 0.000237238986301, 0.000619774567895, 0.000709091604222],
        "var": [0.0774286985397, 0.163332715631, 0.00808890815824, 0.191998049617, 0.0135277900845, 0.123234681785, 0.008769874461, 0.0370256826282, 0.0915547385812, 0.00307181361131, 0.0972248762846, 0.0160553269088]
    }
},
"lowlevel": {
    "melbands": {
        "dmean": [0.00014867047139, 0.000258914864389, 0.000174297310878, 0.000114803915494, 4.47190068371e-05, 5.72472781641e-05, 2.55146114796e-05, 4.09094172937e-05, 6.02965883445e-05, 4.37728594989e-05, 9.48534034251e-06, 1.10621595013e-05, 7.74259297032e-06, 7.87746466813e-06, 6.17217347099e-06, 6.91841660228e-06, 6.31544071439e-06, 6.68285611027e-06, 3.70888551515e-06, 5.33606089448e-06, 2.35913216784e-06, 1.65284120612e-06, 1.95308007278e-06, 1.26330212424e-06, 6.71714985856e-07, 4.8565908628e-07, 3.09825281875e-07, 2.42040499643e-07, 2.64058968469e-07, 2.0791904376e-07, 1.78176833288e-07, 1.89782554116e-07, 1.75608818154e-07, 1.26682053292e-07, 1.11052422369e-07, 7.99806798568e-08, 4.33722888715e-08, 1.30112791652e-08, 2.51701592902e-09, 1.7101137173e-10],
        "dmean2": [0.000274355581496, 0.000431145279435, 0.000273339188425, 0.000189833168406, 7.09318701411e-05, 9.64664650382e-05, 4.35616057075e-05, 6.75528426655e-05, 0.000100966914033, 7.00199234416e-05, 1.66770078067e-05, 2.04334610316e-05, 1.38958321259e-05, 1.43237066368e-05, 1.08492322397e-05, 1.22057072076e-05, 1.07283067337e-05, 1.14412850962e-05, 6.33426770946e-06, 8.20273635327e-06, 3.98581278205e-06, 2.91553897114e-06, 3.13886653203e-06, 2.05770948014e-06, 1.20770107515e-06, 8.77975537605e-07, 5.7170564105e-07, 4.47749414434e-07, 4.74108730941e-07, 3.79914524729e-07, 3.27050145188e-07, 3.51260013076e-07, 3.25255967937e-07, 2.35557678252e-07, 2.07819113029e-07, 1.54232822069e-07, 8.35678477529e-08, 2.51460008371e-08, 4.85891105129e-09, 3.36179833971e-10],
        "dvar": [4.56054642939e-08, 8.51740438179e-08, 3.43275665671e-08, 1.19158798384e-08, 1.55630175414e-09, 5.64430813199e-09, 1.12438625077e-09, 4.61688509645e-09, 1.17387770615e-08, 7.30259408499e-09, 4.33431429636e-10, 9.63017887656e-10, 3.70686453754e-10, 1.87766316384e-10, 1.82316356456e-10, 1.97540664382e-10, 1.27231378211e-10, 1.56842039356e-10, 3.56446226701e-11, 2.17485265908e-10, 1.37322939478e-11, 5.06442197207e-12, 1.5352179597e-11, 4.14184398584e-12, 8.62935482619e-13, 2.92552467711e-13, 1.04357914996e-13, 7.58561236828e-14, 8.91498788853e-14, 6.38820254833e-14, 4.68061699154e-14, 7.3652116849e-14, 7.86020418675e-14, 5.4577659937e-14, 1.13507381933e-13, 9.12421180277e-14, 2.95034348786e-14, 2.2544664923e-15, 7.85660380968e-17, 8.07279577593e-19],
        "dvar2": [1.26413951307e-07, 1.96563490817e-07, 8.24002270861e-08, 3.64805075037e-08, 3.74651376589e-09, 1.44870204721e-08, 2.41632580611e-09, 1.14918590199e-08, 3.50003013239e-08, 1.73240728429e-08, 1.25123111872e-09, 2.80096834615e-09, 1.0519232152e-09, 5.67548064101e-10, 5.26110544019e-10, 5.22380083634e-10, 3.33761435156e-10, 3.95849630852e-10, 9.52611392546e-11, 3.50305146002e-10, 2.95963739627e-11, 1.52321870395e-11, 3.34579447481e-11, 8.25357143741e-12, 2.0833506361e-12, 7.43124528926e-13, 2.74206113544e-13, 1.88444610394e-13, 2.176016935e-13, 1.51739867416e-13, 1.20364235614e-13, 2.0157541001e-13, 2.20578885561e-13, 1.58773994928e-13, 3.37843441374e-13, 2.73023465815e-13, 8.81660196239e-14, 6.71009039958e-15, 2.34914926451e-16, 2.42544699801e-18],
        "max": [0.000835334765725, 0.00189417623915, 0.00162119301967, 0.000719104893506, 0.00029933458427, 0.000409725384088, 0.000174252258148, 0.000484036514536, 0.00083113333676, 0.000696842966136, 0.000137633745908, 0.000260903732851, 0.000149501283886, 9.04704429558e-05, 0.000115844442917, 9.52785267145e-05, 7.93497165432e-05, 0.000104593520518, 3.40661172231e-05, 0.000178516434971, 3.67366992577e-05, 1.33123085106e-05, 3.1693278288e-05, 1.81963987416e-05, 5.68831501369e-06, 3.73805255549e-06, 1.32661364205e-06, 1.17897127438e-06, 1.58809825734e-06, 1.24628684262e-06, 7.93002868704e-07, 1.656488962e-06, 2.00288195629e-06, 1.84394070857e-06, 3.06614606416e-06, 2.77113122138e-06, 1.58358898261e-06, 4.34471388644e-07, 8.11058029626e-08, 8.15968004275e-09],
        "mean": [0.000154494788148, 0.0006662599626, 0.000478197354823, 0.000178252783371, 7.51503757783e-05, 6.87278807163e-05, 3.43494721164e-05, 4.4024996896e-05, 6.11588257016e-05, 4.35801994172e-05, 9.16996395972e-06, 9.86210943665e-06, 6.44624287816e-06, 6.46714988761e-06, 5.85560155741e-06, 6.7246587605e-06, 6.25542725174e-06, 6.18787635176e-06, 3.45069361174e-06, 6.64021627017e-06, 2.87184752779e-06, 2.05074320547e-06, 2.69421298071e-06, 1.62481649113e-06, 8.06559285138e-07, 5.1345580232e-07, 2.87847598202e-07, 2.03284045597e-07, 2.24622297651e-07, 1.65529257856e-07, 1.35112713906e-07, 1.38381594184e-07, 1.26353612018e-07, 9.16721063504e-08, 7.93235912511e-08, 5.36271720364e-08, 2.83356644815e-08, 8.3121438621e-09, 1.59887492135e-09, 9.73680996941e-11],