{
"metadata": {
    "version": {
        "essentia": "2.0.1",
        "extractor": "archive-music 1.0 mod ismir14"
    },
    "audio_properties": {
        "analysis_sample_rate": 44100,
        "bitrate": 128,
        "channels": 2,
        "equal_loudness": 0,
        "length": 30.0669155121,
        "replay_gain": -14.7827281952,
        "downmix": "mix"
    },
    "tags": {
        "track": 0,
        "year": 0,
        "album": "",
        "artist": "",
        "comment": "",
        "genre": "",
        "title": ""
    }
},
"rhythm": {
    "bpm": 109.23135376,
    "bpm_histogram_first_peak": 110,
    "bpm_histogram_first_peak_spread": 0.509433984756,
    "bpm_histogram_first_peak_weight": 0.490566045046,
    "bpm_histogram_second_peak": 0,
    "bpm_histogram_second_peak_spread": 0,
    "bpm_histogram_second_peak_weight": 0
},
"tonal": {
    "tuning_frequency": {
        "dmean": 0.105759419501,
        "dmean2": 0.180967539549,
        "dvar": 0.247502997518,
        "dvar2": 0.349503368139,
        "max": 446.657836914,
        "mean": 441.630310059,
        "median": 441.782684326,
        "min": 440.508575439,
        "var": 1.09094679356
    },
    "hpcp": {
        "dmean": [0.125156536698, 0.0980325713754, 0.0592249818146, 0.15797509253, 0.041028290987, 0.138768553734, 0.0476899296045, 0.100040867925, 0.141631752253, 0.0384549424052, 0.167184367776, 0.0640345290303],
        "dmean2": [0.234224021435, 0.180053398013, 0.109310224652, 0.267430454493, 0.0742823109031, 0.227222755551, 0.0898004472256, 0.180991396308, 0.250702410936, 0.0737715810537, 0.268886238337, 0.120374657214],
        "dvar": [0.0459066219628, 0.0579780638218, 0.0104827266186, 0.0675439909101, 0.0118619324639, 0.0484318435192, 0.013573189266, 0.0322281420231, 0.0362738110125, 0.00608703354374, 0.0619382634759, 0.0213998574764],
        "dvar2": [0.113611981273, 0.114454351366, 0.0251573119313, 0.15244576335, 0.0251396838576, 0.0999286472797, 0.0376669429243, 0.0790822207928, 0.0881098508835, 0.017390254885, 0.127509608865, 0.0578379966319],
        "max": [1, 1, 0.710443675518, 1, 1, 1, 0.837884902954, 1, 1, 0.51825594902, 1, 0.912726163864],
        "mean": [0.167047858238, 0.249904990196, 0.0437839217484, 0.458471149206, 0.0359205082059, 0.252701193094, 0.0336103513837, 0.102746590972, 0.229006409645, 0.0272906124592, 0.224051326513, 0.0450222529471],
        "median": [0.0376353785396, 0.0163139253855, 0.0110120894387, 0.291601270437, 0.0100404545665, 0.078797750175, 0.0103887272999, 0.0255601797253, 0.110835768282, 0.0106131667271, 0.0837635919452, 0.0096480390057],
        "min": [3.91889370803e-05, 0.0001990833116, 8.3846221969e-05, 0.00077400135342, 0.00013612517796, 0.000580439635087, 0.000380204088287, 0.00102170801256, 0.000819813983981, 0.00030079568387, 0.000438811111962, 0.000826846866403],
        "var": [0.0801574885845, 0.165261521935, 0.00859321560711, 0.19088293612, 0.0116313565522, 0.123779401183, 0.00799217727035, 0.0380579866469, 0.0908524468541, 0.00346192228608, 0.0968663468957, 0.0141145875677]
    }
},
"lowlevel": {
    "melbands": {
        "dmean": [0.000147938262671, 0.00025904897484, 0.000172245796421, 0.000117477451568, 4.523212192e-05, 5.70932752453e-05, 2.55865525105e-05, 4.08138439525e-05, 6.04005799687e-05, 4.42379059677e-05, 9.44993371377e-06, 1.09746042654e-05, 7.65931326896e-06, 7.8928151197e-06, 6.20577293375e-06, 6.95285052643e-06, 6.27432791589e-06, 6.76277522871e-06, 3.67058828488e-06, 5.3891171774e-06, 2.36405571741e-06, 1.61828381806e-06, 1.87024340903e-06, 1.22905021271e-06, 6.62314448618e-07, 4.389737569e-07, 2.93226293024e-07, 2.21385363375e-07, 2.49548264719e-07, 1.9164028231e-07, 1.61011200817e-07, 1.70826510271e-07, 1.62161072126e-07, 1.21266225506e-07, 9.54706607104e-08, 6.63457342398e-08, 3.88343970315e-08, 1.47582213117e-08, 3.08481862277e-09, 2.32363350783e-10],
        "dmean2": [0.000272972887615, 0.000434172456153, 0.000268074421911, 0.000194822438061, 7.18858718756e-05, 9.7197429568e-05, 4.41407464677e-05, 6.7888177e-05, 0.000100904020655, 7.07672079443e-05, 1.66129957506e-05, 2.02071769309e-05, 1.37296801768e-05, 1.44089453897e-05, 1.09480870378e-05, 1.224881089e-05, 1.06327242975e-05, 1.16324281407e-05, 6.30200156593e-06, 8.25337701826e-06, 3.99868304157e-06, 2.85526948574e-06, 3.04737091028e-06, 2.01268994715e-06, 1.19577714486e-06, 7.96273468495e-07, 5.42992722785e-07, 4.11427294011e-07, 4.49211398745e-07, 3.53611682158e-07, 2.95105053283e-07, 3.1430070635e-07, 3.02176943023e-07, 2.26748895216e-07, 1.78077144142e-07, 1.26879427853e-07, 7.44748049897e-08, 2.85708843251e-08, 5.92099524965e-09, 4.49980191997e-10],
        "dvar": [4.52032615783e-08, 8.69883294286e-08, 3.47276838397e-08, 1.25473809121e-08, 1.47244372251e-09, 5.71581937336e-09, 1.15089981989e-09, 4.68048488855e-09, 1.15813341139e-08, 7.1288579484e-09, 4.22270635125e-10, 9.59755275254e-10, 3.76286418691e-10, 1.89642995752e-10, 1.8823709258e-10, 2.00144623097e-10, 1.28378904729e-10, 1.62934540859e-10, 3.62117419384e-11, 2.29847335609e-10, 1.40196465548e-11, 5.1215312373e-12, 1.39941409155e-11, 3.96824977392e-12, 8.06713745284e-13, 2.49495167364e-13, 9.61861883544e-14, 6.36550545347e-14, 8.15968725421e-14, 5.53805014813e-14, 3.81230149445e-14, 5.66346320156e-14, 6.89119713983e-14, 6.25234523985e-14, 6.49453296589e-14, 4.54581915187e-14, 2.26789751258e-14, 3.39404174965e-15, 1.00178044041e-16, 1.00114103807e-18],
        "dvar2": [1.2489269352e-07, 2.05359384609e-07, 8.37592963876e-08, 3.83749103605e-08, 3.65411856329e-09, 1.45190650613e-08, 2.48983811346e-09, 1.16358105373e-08, 3.45383313061e-08, 1.67186922084e-08, 1.21528853647e-09, 2.79511636059e-09, 1.06667175093e-09, 5.69486069413e-10, 5.44431000282e-10, 5.29836008401e-10, 3.40033834423e-10, 4.129496467e-10, 9.77053507545e-11, 3.85532245017e-10, 3.00167148082e-11, 1.53616182275e-11, 2.95589872024e-11, 7.85713074464e-12, 1.95656663614e-12, 6.24974247701e-13, 2.58097118981e-13, 1.56987704086e-13, 1.98884962319e-13, 1.31757614801e-13, 9.84996792789e-14, 1.55156988061e-13, 1.92773680591e-13, 1.83865103047e-13, 1.94150752875e-13, 1.359129416e-13, 6.78124684227e-14, 1.01285726496e-14, 2.97144134215e-16, 2.97878533287e-18],
        "max": [0.000847185961902, 0.00189715053421, 0.00165294308681, 0.000721736578271, 0.000289058574708, 0.000421099597588, 0.000177804031409, 0.000483406969579, 0.000826822826639, 0.000672217807733, 0.000133030407596, 0.000262400310021, 0.000154213645146, 9.23905972741e-05, 0.000117938412586, 9.71081462922e-05, 8.11318823253e-05, 0.000108295025711, 3.53207324224e-05, 0.000184805030585, 3.63607359759e-05, 1.3919160665e-05, 3.1209703593e-05, 1.6785279513e-05, 5.32764033778e-06, 3.41724194186e-06, 1.46802460677e-06, 1.20088100175e-06, 1.58485659085e-06, 1.03619390757e-06, 8.71741747233e-07, 1.41806799547e-06, 1.95279130821e-06, 2.09379390981e-06, 2.29432293963e-06, 1.95145184989e-06, 1.38821621931e-06, 5.33812624326e-07, 9.18356661828e-08, 9.2380592065e-09],
        "mean": [0.000154391193064, 0.00066719588358, 0.00047940024524, 0.00017892208416, 7.526990521e-05, 6.8882953201e-05, 3.43279352819e-05, 4.40553340013e-05, 6.13255833741e-05, 4.38735369244e-05, 9.1349493232e-06, 9.83945028565e-06, 6.3986431087e-06, 6.44944293526e-06, 5.83908922636e-06, 6.68977736495e-06, 6.21398976364e-06, 6.21144818069e-06, 3.40888914252e-06, 6.61114609102e-06, 2.85159126179e-06, 1.99530563805e-06, 2.60714750766e-06, 1.57284227953e-06, 7.81545509199e-07, 4.7942916126e-07, 2.70111257805e-07, 1.88502781384e-07, 2.14647059238e-07, 1.54073688918e-07, 1.23524472428e-07, 1.26342698081e-07, 1.17131065736e-07, 8.67669243121e-08, 6.97113620163e-08, 4.58387461322e-08, 2.56280490163e-08, 9.5076737594e-09, 2.04473216137e-09, 1.45893921943e-10],