{
"metadata": {
    "version": {
        "essentia": "2.0.1",
        "extractor": "archive-music 1.0 mod ismir14"
    },
    "audio_properties": {
        "analysis_sample_rate": 44100,
        "bitrate": 128,
        "channels": 2,
        "equal_loudness": 0,
        "length": 30.0669155121,
        "replay_gain": -13.8852882385,
        "downmix": "mix"
    },
    "tags": {
        "track": 0,
        "year": 0,
        "album": "",
        "artist": "",
        "comment": "",
        "genre": "",
        "title": ""
    }
},
"rhythm": {
    "bpm": 90.2942581177,
    "bpm_histogram_first_peak": 91,
    "bpm_histogram_first_peak_spread": 0.31707316637,
    "bpm_histogram_first_peak_weight": 0.651162803173,
    "bpm_histogram_second_peak": 83,
    "bpm_histogram_second_peak_spread": 0.5,
    "bpm_histogram_second_peak_weight": 0.0232558138669
},
"tonal": {
    "tuning_frequency": {
        "dmean": 0.294359922409,
        "dmean2": 0.566924154758,
        "dvar": 3.77809238434,
        "dvar2": 7.70715141296,
        "max": 456.570251465,
        "mean": 445.994354248,
        "median": 446.657836914,
        "min": 431.193908691,
        "var": 42.0313453674
    },
    "hpcp": {
        "dmean": [0.231804594398, 0.142518982291, 0.123212993145, 0.149480640888, 0.234319597483, 0.281220525503, 0.199550464749, 0.211251452565, 0.130675584078, 0.0815877988935, 0.106361426413, 0.116440936923],
        "dmean2": [0.397195905447, 0.269679307938, 0.213817209005, 0.269840121269, 0.420499682426, 0.496928662062, 0.375245302916, 0.372342556715, 0.235216125846, 0.145762324333, 0.186218500137, 0.20495839417],
        "dvar": [0.0845977440476, 0.0668368041515, 0.0371583551168, 0.0618269518018, 0.0838673859835, 0.0963527858257, 0.0985847190022, 0.0778209269047, 0.0553279221058, 0.028080439195, 0.0340945497155, 0.0368699543178],
        "dvar2": [0.186304926872, 0.194667965174, 0.0982040390372, 0.154216721654, 0.214553743601, 0.211026147008, 0.278014957905, 0.194864034653, 0.141554370522, 0.0738398879766, 0.0869730934501, 0.101426199079],
        "max": [1, 1, 1, 1, 1, 1, 1, 1, 1, 1, 1, 1],
        "mean": [0.439318299294, 0.0941493809223, 0.135860562325, 0.137207984924, 0.222911983728, 0.443431079388, 0.143773689866, 0.260984539986, 0.128824397922, 0.0748935490847, 0.0978560447693, 0.103786028922],
        "median": [0.244516536593, 0.0174152683467, 0.0468358434737, 0.0262691117823, 0.068381741643, 0.29300236702, 0.0193294491619, 0.105817966163, 0.0315546169877, 0.0254587195814, 0.0308741815388, 0.0327991060913],
        "min": [0.00205375975929, 0.000502800976392, 0.00117412419058, 0.000214530184167, 0.0014233479742, 0.00104312854819, 0.000478764879517, 0.00149026280269, 0.000410497770645, 0.000494034960866, 0.000501889968291, 0],
        "var": [0.169141188264, 0.043666433543, 0.0473117344081, 0.0682987272739, 0.0923819541931, 0.160761833191, 0.0781193599105, 0.105247378349, 0.0601883046329, 0.022254852578, 0.0330143086612, 0.0319358482957]
    }
},
"lowlevel": {
    "melbands": {
        "dmean": [0.000235287167015, 0.000512607570272, 0.000176478177309, 0.000112347028335, 7.93776125647e-05, 5.88322000112e-05, 8.01194473752e-05, 0.000105110826553, 0.000182096177014, 0.000133916910272, 5.35503240826e-05, 6.97376090102e-05, 5.81843378313e-05, 2.8898306482e-05, 5.26325238752e-05, 6.39905920252e-05, 1.3829027921e-05, 9.81840548775e-06, 4.74930720884e-06, 6.08742266195e-06, 9.13049279916e-06, 6.85122222421e-06, 1.33375451696e-05, 1.16826322483e-05, 6.38570327283e-06, 6.40731695967e-06, 5.69500116399e-06, 3.67961524717e-06, 1.67797520589e-06, 1.39761232276e-06, 6.67706842705e-07, 2.78502170659e-07, 1.56414984076e-07, 1.29535692395e-07, 1.22384321344e-07, 9.35923765155e-08, 5.6255469616e-08, 3.58701761627e-08, 1.10067945869e-08, 7.95152999e-10],
        "dmean2": [0.000401249068091, 0.000786795048043, 0.000283338828012, 0.000175083536305, 0.000128760861116, 8.78772480064e-05, 0.000123655045172, 0.000160026887897, 0.000280655687675, 0.000225099909585, 8.28416232252e-05, 0.00011131062638, 8.23205700726e-05, 4.85499513161e-05, 8.64438843564e-05, 0.000102166792203, 2.25156909437e-05, 1.51259037011e-05, 7.23855191609e-06, 9.76948012976e-06, 1.4485975953e-05, 1.07320702227e-05, 2.11188234971e-05, 1.87261739484e-05, 1.00764491435e-05, 9.83220525086e-06, 8.91854415386e-06, 5.93061804466e-06, 2.65783160103e-06, 2.19170487981e-06, 1.07189191567e-06, 4.35910152419e-07, 2.44239117819e-07, 1.94025943756e-07, 1.91396821947e-07, 1.49134407934e-07, 8.69500240697e-08, 5.64304762918e-08, 1.72233587392e-08, 1.27168531261e-09],
        "dvar": [6.98242601516e-08, 2.11480013945e-07, 3.51886093597e-08, 1.88878281904e-08, 1.61100572882e-08, 7.26580573485e-09, 1.81635027019e-08, 3.25806368551e-08, 1.10349162696e-07, 1.50557269762e-07, 5.41108882146e-08, 4.87765134949e-08, 2.01323437921e-08, 4.6286006139e-09, 2.00801757444e-08, 3.49513697984e-08, 2.55525933746e-09, 6.47490949746e-10, 4.23877807854e-11, 6.33192734356e-11, 1.74487244098e-10, 1.00576810769e-10, 4.11044226434e-10, 3.63534202741e-10, 9.90234144682e-11, 8.94191803935e-11, 8.41632180615e-11, 3.95235684458e-11, 9.04414130393e-12, 6.92949126899e-12, 1.33589602054e-12, 1.29906488669e-13, 3.73201632358e-14, 2.94517319875e-14, 2.93602354885e-14, 1.19021427507e-14, 5.37475439318e-15, 2.20261748802e-15, 2.55902602939e-16, 1.67302262652e-18],
        "dvar2": [1.97570301452e-07, 5.11469124831e-07, 7.78197204454e-08, 4.38895604304e-08, 3.99680288865e-08, 1.50243462116e-08, 3.51283873101e-08, 6.73294309195e-08, 2.37673219772e-07, 3.42574480783e-07, 8.81002009123e-08, 1.2925912074e-07, 3.55660390028e-08, 1.15402620793e-08, 5.29406705141e-08, 8.36296436546e-08, 4.78914818913e-09, 1.38630729118e-09, 9.00132329784e-11, 1.62737004428e-10, 4.17181400536e-10, 2.36407060594e-10, 9.50807765854e-10, 8.97612151274e-10, 2.45772457941e-10, 1.98461191925e-10, 1.96073615677e-10, 1.01227269622e-10, 2.29962073689e-11, 1.67107005317e-11, 3.3592167676e-12, 2.9824637226e-13, 8.93689283818e-14, 7.08354951301e-14, 7.33031799323e-14, 2.61126501823e-14, 1.30191843905e-14, 5.20018132627e-15, 6.10842521533e-16, 4.37678177945e-18],
        "max": [0.00223758281209, 0.00382303120568, 0.00213929545134, 0.00177740713116, 0.00151935894974, 0.0012023759773, 0.00247646588832, 0.00164099829271, 0.00388237810694, 0.00448360480368, 0.00535576557741, 0.00318656628951, 0.00161954306532, 0.000805263523944, 0.00159158930182, 0.00271509657614, 0.000950706424192, 0.000364378880477, 7.99783520051e-05, 5.17304106324e-05, 0.000117534349556, 8.32422956591e-05, 0.000177670022822, 0.000143686324009, 7.56056251703e-05, 8.69258437888e-05, 8.70582807693e-05, 5.20406247233e-05, 2.71909011644e-05, 2.66299684881e-05, 1.13139394671e-05, 4.47709726359e-06, 1.77795857326e-06, 1.8636412733e-06, 2.05517108043e-06, 1.04421587821e-06, 7.31780801289e-07, 4.33825363189e-07, 1.66127236412e-07, 1.48779957243e-08],
        "mean": [0.000401517376304, 0.00104575732257, 0.000342235667631, 0.000159132454428, 0.000104950588138, 8.69041978149e-05, 0.000116307222925, 0.000137957482366, 0.000229366429267, 0.000143771263538, 5.46323353774e-05, 6.95335620549e-05, 7.92482169345e-05, 3.25992732542e-05, 5.67536444578e-05, 6.17673867964e-05, 1.45806961882e-05, 1.07773366835e-05, 6.22361903879e-06, 7.50919070924e-06, 1.11551844384e-05, 8.38220967125e-06, 1.43352499435e-05, 1.12617572086e-05, 7.04407420926e-06, 7.83037830843e-06, 6.25292477707e-06, 3.78823142455e-06, 1.85452938695e-06, 1.45257536133e-06, 7.79484821578e-07, 3.9678138819e-07, 2.41590527139e-07, 2.07485328474e-07, 1.86805934277e-07, 1.60270346328e-07, 8.65239755399e-08, 5.78718513111e-08, 1.68251581556e-08, 1.17618637052e-09],