{
"metadata": {
    "version": {
        "essentia": "2.0.1",
        "extractor": "archive-music 1.0 mod ismir14"
    },
    "audio_properties": {
        "analysis_sample_rate": 44100,
        "bitrate": 721,
        "channels": 2,
        "equal_loudness": 0,
        "length": 29.9995231628,
        "replay_gain": -10.2216567993,
        "downmix": "mix"
    },
    "tags": {
        "track": 0,
        "year": 0,
        "album": "",
        "artist": "",
        "comment": "",
        "genre": "",
        "title": ""
    }
},
"rhythm": {
    "bpm": 172.265563965,
    "bpm_histogram_first_peak": 172,
    "bpm_histogram_first_peak_spread": 0,
    "bpm_histogram_first_peak_weight": 0.517647087574,
    "bpm_histogram_second_peak": 178,
    "bpm_histogram_second_peak_spread": 0,
    "bpm_histogram_second_peak_weight": 0.29411765933
},
"tonal": {
    "tuning_frequency": {
        "dmean": 0.0498570762575,
        "dmean2": 0.0788205191493,
        "dvar": 0.411735653877,
        "dvar2": 0.537793695927,
        "max": 450.284484863,
        "mean": 433.394226074,
        "median": 432.441040039,
        "min": 432.441040039,
        "var": 3.35694074631
    },
    "hpcp": {
        "dmean": [0.0818661525846, 0.140881180763, 0.15473651886, 0.151642039418, 0.0328378230333, 0.0784965828061, 0.0825523808599, 0.122538328171, 0.0549538806081, 0.0640898197889, 0.140378654003, 0.0613269284368],
        "dmean2": [0.143628850579, 0.254802316427, 0.283768683672, 0.271615922451, 0.0611139945686, 0.138956576586, 0.150955691934, 0.211423844099, 0.0992345288396, 0.114418759942, 0.235777974129, 0.110442891717],
        "dvar": [0.038399413228, 0.0639245659113, 0.0768374577165, 0.0836890861392, 0.019188022241, 0.0410665385425, 0.0490936711431, 0.0672727003694, 0.0298485625535, 0.0302769336849, 0.0584598220885, 0.0290602426976],
        "dvar2": [0.0974494963884, 0.159943133593, 0.202775254846, 0.165315777063, 0.0517455153167, 0.0928547754884, 0.104222334921, 0.136674493551, 0.0728201642632, 0.0733644142747, 0.116106666625, 0.0737568661571],
        "max": [1, 1, 1, 1, 1, 1, 1, 1, 1, 1, 1, 1],
        "mean": [0.0799370333552, 0.184575989842, 0.141555473208, 0.315696418285, 0.0239153634757, 0.110199742019, 0.123594991863, 0.188059508801, 0.0515758171678, 0.0654582902789, 0.333607494831, 0.0509699620306],
        "median": [0.0102233616635, 0.034258518368, 0.0342014692724, 0.0484648868442, 0.00112757750321, 0.0118801305071, 0.00149032683112, 0.0111217079684, 0.00265492941253, 0.00490714656189, 0.0957848280668, 0.00332711706869],
        "min": [1.26609747895e-05, 2.65107810264e-05, 6.63068931317e-06, 7.86197051639e-06, 3.58768193109e-06, 1.99643563974e-05, 1.06931406663e-06, 1.97697318072e-06, 3.70014276996e-06, 3.03127103507e-06, 2.09984841604e-06, 5.37089727004e-06],
        "var": [0.0405761711299, 0.0999328047037, 0.0675246864557, 0.174100443721, 0.0137989381328, 0.0699521079659, 0.0894019529223, 0.118515394628, 0.033812623471, 0.0372291505337, 0.161282226443, 0.0243607312441]
    }
},
"lowlevel": {
    "melbands": {
        "dmean": [1.73956027538e-06, 4.16783586843e-05, 5.52156488993e-05, 0.000513872713782, 0.000497462286148, 0.000264975387836, 0.000116004914162, 9.78580937954e-05, 5.897797746e-05, 3.92304973502e-05, 3.27854941133e-05, 1.98981397261e-05, 3.42749262927e-05, 1.28694618979e-05, 1.04281407403e-05, 8.76260310179e-06, 1.79776834557e-05, 8.5069987108e-06, 1.0010114238e-05, 2.75483739642e-06, 3.95528331865e-06, 3.8444081838e-06, 2.26069482778e-06, 2.74738295047e-06, 6.93177935318e-06, 7.38541848477e-06, 2.12890563489e-06, 1.15762247788e-06, 3.94840640183e-07, 2.58084469351e-07, 9.8564299833e-08, 1.55389709988e-08, 2.82269052576e-09, 6.02325966881e-10, 2.26561353012e-10, 8.98135038563e-11, 3.34017848103e-11, 1.14477888974e-11, 8.42893376624e-12, 7.13702924884e-12],
        "dmean2": [2.86241015601e-06, 6.50263827993e-05, 8.1992460764e-05, 0.000793263257947, 0.000777744222432, 0.000414244976128, 0.000181726994924, 0.000150919237058, 9.58171440288e-05, 6.1928127252e-05, 4.95391359436e-05, 3.07247028104e-05, 5.3082480008e-05, 2.00904833036e-05, 1.68849492184e-05, 1.37841025207e-05, 2.86509184662e-05, 1.35112795761e-05, 1.53068576765e-05, 4.18569743488e-06, 6.33242598269e-06, 6.38312531009e-06, 3.73651096197e-06, 4.19371690441e-06, 1.05186245491e-05, 1.11950057544e-05, 3.42615931004e-06, 1.89674756257e-06, 6.14249472619e-07, 3.99489948677e-07, 1.51326318587e-07, 2.63057025052e-08, 4.40417746717e-09, 9.84420878147e-10, 3.46649653427e-10, 1.3841043589e-10, 4.9386272849e-11, 1.49034673491e-11, 1.01113084919e-11, 8.60636475281e-12],
        "dvar": [5.37725419747e-12, 8.24863910509e-09, 1.17759144658e-08, 1.76728735823e-06, 7.59139368256e-07, 1.41012151289e-07, 5.30331440984e-08, 6.18311730705e-08, 4.85890687685e-08, 1.3994050363e-08, 1.40830538342e-08, 5.14149967046e-09, 1.48967753688e-08, 1.99278771262e-09, 2.19888551811e-09, 4.55329607352e-10, 3.32906346934e-09, 3.06242836645e-10, 4.65702032493e-10, 2.55301665225e-11, 4.74592830313e-11, 6.98323135429e-11, 3.30504131008e-11, 3.6387139829e-11, 3.4310332353e-10, 3.79067333078e-10, 2.12200240018e-11, 8.25642939434e-12, 1.69854115582e-12, 1.75644058759e-12, 3.25648660598e-13, 4.37542703959e-15, 5.15168085498e-16, 7.35951607257e-18, 4.86562215362e-19, 8.52434953642e-20, 2.17652367198e-20, 1.09848510982e-20, 1.28355166614e-20, 9.62045464405e-21],
        "dvar2": [1.33176360564e-11, 1.33489468368e-08, 2.29751897507e-08, 3.70503948943e-06, 1.68114229382e-06, 3.2966983099e-07, 1.35498623877e-07, 1.52102543893e-07, 1.23656306528e-07, 3.08713588026e-08, 3.1436222514e-08, 1.09873248277e-08, 3.27369953368e-08, 3.73839093015e-09, 5.24034637905e-09, 1.02953112702e-09, 5.69361402469e-09, 7.42224282035e-10, 8.919447958e-10, 5.55118936929e-11, 1.15367500275e-10, 1.74021713706e-10, 7.8896493505e-11, 7.12794476221e-11, 7.98077992581e-10, 7.36904925969e-10, 5.30942477484e-11, 1.9995182593e-11, 3.93948458924e-12, 4.27121792795e-12, 7.5051239095e-13, 9.50838698413e-15, 1.24580282393e-15, 1.41994204454e-17, 1.05907035752e-18, 1.95382167411e-19, 3.76171563421e-20, 1.10448717758e-20, 1.28566307696e-20, 9.64268835419e-21],
        "max": [2.89400923066e-05, 0.00234519643709, 0.00164704385679, 0.0305089876056, 0.0132102025673, 0.00348986056633, 0.0021787181031, 0.002792309504, 0.00292278057896, 0.00153155624866, 0.00157531071454, 0.000892436772119, 0.00166724342853, 0.000630191119853, 0.000672758498695, 0.000324818625813, 0.00130792183336, 0.000177429537871, 0.000434763001977, 7.71472114138e-05, 6.49993817206e-05, 0.000107651394501, 4.85960517835e-05, 9.22857143451e-05, 0.000281049782643, 0.000325030065142, 4.47668498964e-05, 2.98596260109e-05, 2.07074826903e-05, 2.51917226706e-05, 1.17628378575e-05, 1.04861373984e-06, 4.72838109999e-07, 3.80667799504e-08, 9.38239708148e-09, 4.33258673382e-09, 2.10246930976e-09, 1.98133220941e-09, 2.11774353609e-09, 1.83054293945e-09],
        "mean": [2.29020383813e-06, 7.25713180145e-05, 0.000107364707219, 0.000879421364516, 0.00083719578106, 0.000384672865039, 0.000149560553837, 0.000148479710333, 6.61018129904e-05, 4.1912557208e-05, 4.00713615818e-05, 2.13154253288e-05, 3.80525016226e-05, 1.43886973092e-05, 1.20618842629e-05, 9.5714804047e-06, 2.02039700525e-05, 9.62688682193e-06, 1.3050724192e-05, 3.6779565562e-06, 4.31799298894e-06, 3.86081774195e-06, 2.48138121606e-06, 3.34629771714e-06, 7.06754008206e-06, 8.02062459115e-06, 2.16780267692e-06, 1.08283643385e-06, 3.69932962485e-07, 2.17068020447e-07, 8.65227960389e-08, 1.48445922221e-08, 2.49581977307e-09, 6.85392187449e-10, 2.73866762601e-10, 1.14116965877e-10, 4.44109506115e-11, 1.55416148701e-11, 9.12671587611e-12, 6.79792940689e-12],