{
"metadata": {
    "version": {
        "essentia": "2.0.1",
        "extractor": "archive-music 1.0 mod ismir14"
    },
    "audio_properties": {
        "analysis_sample_rate": 44100,
        "bitrate": 721,
        "channels": 2,
        "equal_loudness": 0,
        "length": 29.9995231628,
        "replay_gain": -14.8590297699,
        "downmix": "mix"
    },
    "tags": {
        "track": 0,
        "year": 0,
        "album": "",
        "artist": "",
        "comment": "",
        "genre": "",
        "title": ""
    }
},
"rhythm": {
    "bpm": 109.404251099,
    "bpm_histogram_first_peak": 110,
    "bpm_histogram_first_peak_spread": 0.433962285519,
    "bpm_histogram_first_peak_weight": 0.566037714481,
    "bpm_histogram_second_peak": 0,
    "bpm_histogram_second_peak_spread": 0,
    "bpm_histogram_second_peak_weight": 0
},
"tonal": {
    "tuning_frequency": {
        "dmean": 0.0447408482432,
        "dmean2": 0.0820620507002,
        "dvar": 0.0950640067458,
        "dvar2": 0.160980090499,
        "max": 446.657836914,
        "mean": 441.672149658,
        "median": 441.272583008,
        "min": 441.017791748,
        "var": 0.811895489693
    },
    "hpcp": {
        "dmean": [0.124998666346, 0.0795070156455, 0.0535230189562, 0.13124871254, 0.0704439878464, 0.105394676328, 0.0481681153178, 0.0798606425524, 0.114702090621, 0.0528602525592, 0.108308121562, 0.0763206258416],
        "dmean2": [0.225898072124, 0.146162182093, 0.0961064472795, 0.225674748421, 0.130070671439, 0.186584353447, 0.0903007015586, 0.139141201973, 0.194777533412, 0.0985676050186, 0.18500714004, 0.143918454647],
        "dvar": [0.064405605197, 0.0412081032991, 0.0231479275972, 0.0581580288708, 0.0315791815519, 0.0415619984269, 0.0218371078372, 0.0323003157973, 0.0463253706694, 0.0245199445635, 0.0441939197481, 0.0429501831532],
        "dvar2": [0.165142193437, 0.103771321476, 0.0641830787063, 0.12543335557, 0.0784602165222, 0.105647608638, 0.0621861591935, 0.0799332112074, 0.115774072707, 0.0698102638125, 0.107109107077, 0.121602639556],
        "max": [1, 1, 1, 1, 1, 1, 1, 1, 1, 1, 1, 1],
        "mean": [0.164699792862, 0.215771302581, 0.0377231352031, 0.414571166039, 0.050925642252, 0.214123874903, 0.0299248490483, 0.0991124585271, 0.212674617767, 0.0348484031856, 0.211784169078, 0.0479458011687],
        "median": [0.0222499780357, 0.00543814338744, 0.00353384437039, 0.17685264349, 0.00264100916684, 0.0375528484583, 0.00249719712883, 0.0105872545391, 0.065756291151, 0.00230870908126, 0.0568806901574, 0.00251929345541],
        "min": [9.03699231003e-07, 1.00313536677e-05, 3.66312883671e-06, 1.33778921736e-05, 3.87373893318e-06, 9.2521327133e-07, 2.19203343477e-06, 3.1075640436e-05, 2.99408316096e-06, 1.92921629605e-06, 9.1154824986e-06, 1.57056445005e-06],
        "var": [0.0932297930121, 0.146425396204, 0.0155120240524, 0.190982595086, 0.0258545447141, 0.117045775056, 0.012803543359, 0.0500570014119, 0.101592414081, 0.0148343583569, 0.103465273976, 0.026125587523]
    }
},
"lowlevel": {
    "melbands": {
        "dmean": [0.000499568181112, 0.000873857818078, 0.000599727558438, 0.000392547808588, 0.000164603101439, 0.000149619474541, 8.56782207848e-05, 0.000118829506391, 0.000163986958796, 0.000109233420517, 2.69772917818e-05, 3.22537125612e-05, 1.95945358428e-05, 2.15410691453e-05, 2.1612699129e-05, 2.04899133678e-05, 1.89244365174e-05, 1.65419696714e-05, 9.61300702329e-06, 1.5493014871e-05, 6.87200099492e-06, 4.83419034936e-06, 5.00687065141e-06, 3.30322882292e-06, 1.92601191884e-06, 1.33012144943e-06, 8.37174013668e-07, 5.9342306713e-07, 6.39659560875e-07, 4.76695959151e-07, 4.02463257387e-07, 3.97171021405e-07, 3.60509289976e-07, 2.56170665125e-07, 2.02802723948e-07, 1.4717109309e-07, 8.32720132848e-08, 2.74097509134e-08, 6.43685860169e-09, 7.46593509238e-10],
        "dmean2": [0.000854561396409, 0.0014293192653, 0.00091608153889, 0.000638790370431, 0.000267834082479, 0.000222665781621, 0.000137328403071, 0.000182583869901, 0.000250846642302, 0.000172717103851, 4.13092930103e-05, 5.40436485608e-05, 3.05672547256e-05, 3.43539468304e-05, 3.49258625647e-05, 3.24540633301e-05, 3.1077182939e-05, 2.6001533115e-05, 1.51503627421e-05, 2.34152194025e-05, 1.07566092993e-05, 7.57297584641e-06, 7.97024040367e-06, 5.15731699124e-06, 3.0247902032e-06, 2.10068833439e-06, 1.29864702103e-06, 8.89611328603e-07, 9.66150309978e-07, 7.2144666774e-07, 6.07762501659e-07, 5.68922473576e-07, 5.25205280155e-07, 3.71305134195e-07, 2.79924222468e-07, 2.07111767736e-07, 1.18790104864e-07, 4.00835844516e-08, 9.41474098681e-09, 1.09236653056e-09],
        "dvar": [1.80166296104e-06, 1.47971240949e-06, 5.11614871357e-07, 5.37885512131e-07, 4.71358063692e-08, 7.19410309102e-08, 2.0461953909e-08, 6.14791630937e-08, 9.86545742876e-08, 7.22631980921e-08, 4.2880108353e-09, 9.64788782198e-09, 2.98038660418e-09, 2.89703172562e-09, 4.18409218383e-09, 2.22196128163e-09, 1.52997337022e-09, 1.73195524589e-09, 4.67906102752e-10, 2.87988100034e-09, 2.01880442918e-10, 8.30154625597e-11, 1.15326477534e-10, 3.8561723259e-11, 1.06755949567e-11, 7.6155843784e-12, 2.351274557e-12, 1.18898901141e-12, 1.36139710616e-12, 8.74524899112e-13, 7.1956074996e-13, 6.81224824814e-13, 6.09705591136e-13, 4.21123747853e-13, 3.72363869339e-13, 3.53848217003e-13, 1.66186698734e-13, 1.41404764417e-14, 6.35884838861e-16, 1.61716820692e-17],
        "dvar2": [4.87752913614e-06, 3.78769800591e-06, 1.25676967855e-06, 1.53112409862e-06, 1.29374910784e-07, 1.55794253942e-07, 4.79416293331e-08, 1.33636888222e-07, 2.13221966305e-07, 1.62232481671e-07, 7.48566097997e-09, 2.2649583542e-08, 7.07831659952e-09, 7.04418745556e-09, 1.0145242868e-08, 5.02922459233e-09, 3.77790421169e-09, 3.53919826779e-09, 1.0669682915e-09, 7.39023819918e-09, 5.00976315987e-10, 2.3371790614e-10, 2.65951427547e-10, 9.20691856088e-11, 2.47750934351e-11, 1.95450010343e-11, 5.70486453216e-12, 2.73597811074e-12, 2.99726476277e-12, 1.99643079846e-12, 1.63238227189e-12, 1.43036743474e-12, 1.19800057461e-12, 8.03404814464e-13, 6.67431984246e-13, 6.71283449834e-13, 3.55260959539e-13, 2.5502650935e-14, 1.22667427888e-15, 3.47968810968e-17],
        "max": [0.0099320160225, 0.0093669462949, 0.00844473112375, 0.00649718474597, 0.00172395596746, 0.00239625805989, 0.00138042366598, 0.00264615239576, 0.0040323343128, 0.00400843238458, 0.0010690568015, 0.00142213050276, 0.000924747844692, 0.000526389398146, 0.00069858180359, 0.000509148405399, 0.000390744098695, 0.000603522756137, 0.000234065373661, 0.00110786850564, 0.000250694778515, 0.000114742753794, 0.000166290235939, 8.86899942998e-05, 3.19512437272e-05, 3.63838298654e-05, 1.91846720554e-05, 9.49666446104e-06, 1.0510064385e-05, 9.55268751568e-06, 9.25341282709e-06, 8.44101668918e-06, 1.04432656372e-05, 9.89953514363e-06, 1.35580894494e-05, 1.39914673127e-05, 9.42631322687e-06, 2.63332390205e-06, 5.39983602721e-07, 7.70849055698e-08],
        "mean": [0.000640640093479, 0.0026309043169, 0.0018996783765, 0.000718088645954, 0.000301330466755, 0.000263142137555, 0.000139628376928, 0.000172474741703, 0.000236804349697, 0.000177741909283, 3.74045339413e-05, 3.86418068956e-05, 2.60474807874e-05, 2.57505853369e-05, 2.5239534807e-05, 2.71651042567e-05, 2.44829152507e-05, 2.34851140704e-05, 1.30409525809e-05, 2.69317442871e-05, 1.12534753498e-05, 7.76619162934e-06, 1.04243708847e-05, 6.20884384261e-06, 3.01563432004e-06, 1.90712262338e-06, 1.06320374016e-06, 7.25302697901e-07, 8.08096331184e-07, 5.69168264519e-07, 4.69079395771e-07, 4.62671323476e-07, 4.25270343385e-07, 3.12779292244e-07, 2.41075554186e-07, 1.63588936175e-07, 8.80060326836e-08, 2.98695717049e-08, 6.90569823547e-09, 6.95980439946e-10],