{
"metadata": {
    "version": {
        "essentia": "2.0.1",
        "extractor": "archive-music 1.0 mod ismir14"
    },
    "audio_properties": {
        "analysis_sample_rate": 44100,
        "bitrate": 96,
        "channels": 2,
        "equal_loudness": 0,
        "length": 30.0669155121,
        "replay_gain": -9.77028656006,
        "downmix": "mix"
    },
    "tags": {
        "track": 0,
        "year": 0,
        "album": "",
        "artist": "",
        "comment": "",
        "genre": "",
        "title": ""
    }
},
"rhythm": {
    "bpm": 172.265594482,
    "bpm_histogram_first_peak": 172,
    "bpm_histogram_first_peak_spread": 0,
    "bpm_histogram_first_peak_weight": 0.5,
    "bpm_histogram_second_peak": 178,
    "bpm_histogram_second_peak_spread": 0,
    "bpm_histogram_second_peak_weight": 0.27380952239
},
"tonal": {
    "tuning_frequency": {
        "dmean": 0.0879213288426,
        "dmean2": 0.15443970263,
        "dvar": 0.621383726597,
        "dvar2": 1.43121111393,
        "max": 448.467559814,
        "mean": 434.415344238,
        "median": 433.691802979,
        "min": 432.690917969,
        "var": 2.77614164352
    },
    "hpcp": {
        "dmean": [0.0830457508564, 0.146957486868, 0.154561519623, 0.15495467186, 0.03100415878, 0.0805483534932, 0.0822286531329, 0.123479492962, 0.0551670975983, 0.0588119886816, 0.143182888627, 0.0612867325544],
        "dmean2": [0.147575289011, 0.265687316656, 0.282339811325, 0.277962446213, 0.0565827451646, 0.141405671835, 0.145979359746, 0.216809675097, 0.0987018868327, 0.103783324361, 0.242007702589, 0.112900838256],
        "dvar": [0.0408739261329, 0.0683335661888, 0.0776645317674, 0.0852426588535, 0.017820391804, 0.043438013643, 0.0458980090916, 0.0687794163823, 0.0315763019025, 0.0257083047181, 0.0594485029578, 0.0288290064782],
        "dvar2": [0.104147665203, 0.175084218383, 0.204823106527, 0.168797671795, 0.0457856096327, 0.101350337267, 0.0905977934599, 0.135348811746, 0.0746078416705, 0.0625910237432, 0.120349407196, 0.0745768845081],
        "max": [1, 1, 1, 1, 1, 1, 1, 1, 1, 1, 1, 1],
        "mean": [0.0802111253142, 0.18676905334, 0.144253090024, 0.313291847706, 0.023793745786, 0.108050107956, 0.125457763672, 0.185568541288, 0.0537337474525, 0.0620992146432, 0.330780237913, 0.0506581701338],
        "median": [0.0101767582819, 0.0345057696104, 0.0311462003738, 0.0502001903951, 0.001195116085, 0.0116385519505, 0.00146928639151, 0.0105539737269, 0.00274168490432, 0.00459931138903, 0.0994608253241, 0.00360472500324],
        "min": [1.35366581162e-05, 2.65016151388e-05, 3.66562608178e-06, 0, 0, 0, 1.51307119722e-06, 0, 0, 0, 2.03025115297e-06, 7.98005657998e-06],
        "var": [0.0420321375132, 0.10151579231, 0.0705951675773, 0.172605991364, 0.0136749651283, 0.0682201981544, 0.0886783599854, 0.117695391178, 0.0359730757773, 0.0340119451284, 0.159006640315, 0.0236091334373]
    }
},
"lowlevel": {
    "melbands": {
        "dmean": [1.71381009295e-06, 4.16623952333e-05, 5.50980730623e-05, 0.000504546973389, 0.000502829905599, 0.000269468670012, 0.000113193818834, 9.66839506873e-05, 5.68329523958e-05, 3.95911338273e-05, 3.2760493923e-05, 2.0105182557e-05, 3.41114973708e-05, 1.301656539e-05, 1.02102894743e-05, 8.54900554259e-06, 1.75671448233e-05, 8.4852317741e-06, 9.91676733975e-06, 2.76626224149e-06, 3.97987378165e-06, 3.88861644751e-06, 2.22287053475e-06, 2.74604553852e-06, 7.10145877747e-06, 7.35089679438e-06, 2.11733868127e-06, 1.15853038096e-06, 3.97059295665e-07, 2.57753811184e-07, 9.95203564003e-08, 1.60710413866e-08, 3.00351077342e-09, 6.51635911897e-10, 2.631652396e-10, 1.10998814307e-10, 4.98004658345e-11, 2.05364388689e-11, 1.10312228102e-11, 3.14474509801e-12],
        "dmean2": [2.74431272373e-06, 6.43811436021e-05, 8.26030372991e-05, 0.000778301968239, 0.000787960947491, 0.000417785486206, 0.000176661909791, 0.00014950093464, 9.1107111075e-05, 6.46090702503e-05, 4.93971783726e-05, 3.10913164867e-05, 5.2956318541e-05, 2.00599570235e-05, 1.66691115737e-05, 1.35368181873e-05, 2.84227735392e-05, 1.34318306664e-05, 1.50873620441e-05, 4.21307458964e-06, 6.45253658149e-06, 6.45109093966e-06, 3.63989147445e-06, 4.23350684287e-06, 1.09958209578e-05, 1.12464485937e-05, 3.38762106367e-06, 1.87125374396e-06, 6.16897182226e-07, 3.99842093657e-07, 1.53924972324e-07, 2.62807979823e-08, 4.78087258671e-09, 1.05129760453e-09, 4.18963141957e-10, 1.72725223013e-10, 7.68648061866e-11, 3.14829481929e-11, 1.71848750508e-11, 5.36810786794e-12],
        "dvar": [4.78092608905e-12, 8.05018363081e-09, 1.15428138159e-08, 1.82099824997e-06, 8.26748930649e-07, 1.47302301912e-07, 4.97792100873e-08, 6.25854852387e-08, 4.4639588026e-08, 1.55125476908e-08, 1.29867787635e-08, 5.49403234018e-09, 1.50272825294e-08, 2.01130312405e-09, 1.73724923336e-09, 4.13980960623e-10, 3.37309558063e-09, 3.18904375129e-10, 4.32624686075e-10, 2.54644621361e-11, 5.22566885597e-11, 7.19339032784e-11, 2.8606285743e-11, 3.60828034118e-11, 4.01791488969e-10, 3.92346211076e-10, 2.01449083109e-11, 7.92416219447e-12, 1.63652338209e-12, 1.76842351526e-12, 3.38390123214e-13, 4.20462708094e-15, 6.00707031165e-16, 7.85572683279e-18, 6.88403745703e-19, 1.65841221291e-19, 8.01517980283e-20, 3.66533293698e-20, 1.24470713532e-20, 4.01089094983e-22],
        "dvar2": [1.17581864384e-11, 1.29046568986e-08, 2.22957190488e-08, 3.81626387025e-06, 1.87509056104e-06, 3.47769287146e-07, 1.25790236893e-07, 1.5292300759e-07, 1.10998847447e-07, 3.53781928197e-08, 2.8149045761e-08, 1.1774536901e-08, 3.28972653563e-08, 3.81802323091e-09, 3.80184195237e-09, 9.01239860518e-10, 5.80785775028e-09, 7.7651152175e-10, 8.18369316757e-10, 5.58945910389e-11, 1.28605792682e-10, 1.80780571069e-10, 6.61496968313e-11, 6.93301666077e-11, 9.57137480384e-10, 7.73148489674e-10, 4.99606224447e-11, 1.91903437585e-11, 3.75027873339e-12, 4.34065153612e-12, 8.04774649699e-13, 9.47885348636e-15, 1.51632555965e-15, 1.61456556584e-17, 1.62744042528e-18, 4.22035199945e-19, 2.01041142626e-19, 9.17687290134e-20, 3.11869030606e-20, 1.0094726605e-21],
        "max": [3.0399816751e-05, 0.00226080836728, 0.00162632623687, 0.0302509721369, 0.0138340396807, 0.00364658143371, 0.00219302787445, 0.00279833516106, 0.00278946151957, 0.00148488418199, 0.00142249860801, 0.000916397955734, 0.00170475232881, 0.000614204443991, 0.000545189832337, 0.000287967355689, 0.00128624320496, 0.000181457420695, 0.00042405052227, 8.04218434496e-05, 6.95502967574e-05, 0.000108170148451, 5.35113831575e-05, 8.68452189025e-05, 0.000305372843286, 0.000320161110722, 4.24584795837e-05, 2.64437730948e-05, 2.05734449992e-05, 2.56828880083e-05, 1.20566683108e-05, 1.05500339487e-06, 5.10105166995e-07, 4.06524414132e-08, 1.09490905231e-08, 4.6778243501e-09, 4.3276404682e-09, 3.02184188783e-09, 1.49307843866e-09, 3.35188210521e-10],
        "mean": [2.26892484534e-06, 7.26768994355e-05, 0.000107276522613, 0.00087839824846, 0.000838221050799, 0.000386981409974, 0.00014901519171, 0.000147983781062, 6.56361444271e-05, 4.1758754378e-05, 3.98925367335e-05, 2.14364263229e-05, 3.80795281671e-05, 1.43292836583e-05, 1.19350870591e-05, 9.53264770942e-06, 2.01459715754e-05, 9.68899621512e-06, 1.2991758922e-05, 3.66722679246e-06, 4.32406977779e-06, 3.86973806599e-06, 2.46185459218e-06, 3.3665266983e-06, 7.16454906069e-06, 7.99127064965e-06, 2.15815180127e-06, 1.07842868147e-06, 3.71265826971e-07, 2.17461419538e-07, 8.61252047457e-08, 1.48731214011e-08, 2.57360843747e-09, 7.16902037734e-10, 3.02187386225e-10, 1.26638352582e-10, 5.23196035107e-11, 1.77167395338e-11, 7.33979977491e-12, 2.07977558786e-12],