{
"metadata": {
    "version": {
        "essentia": "2.0.1",
        "extractor": "archive-music 1.0 mod ismir14"
    },
    "audio_properties": {
        "analysis_sample_rate": 44100,
        "bitrate": 96,
        "channels": 2,
        "equal_loudness": 0,
        "length": 30.0669155121,
        "replay_gain": -14.3366317749,
        "downmix": "mix"
    },
    "tags": {
        "track": 0,
        "year": 0,
        "album": "",
        "artist": "",
        "comment": "",
        "genre": "",
        "title": ""
    }
},
"rhythm": {
    "bpm": 109.23135376,
    "bpm_histogram_first_peak": 110,
    "bpm_histogram_first_peak_spread": 0.509433984756,
    "bpm_histogram_first_peak_weight": 0.490566045046,
    "bpm_histogram_second_peak": 0,
    "bpm_histogram_second_peak_spread": 0,
    "bpm_histogram_second_peak_weight": 0
},
"tonal": {
    "tuning_frequency": {
        "dmean": 0.0778342857957,
        "dmean2": 0.135286360979,
        "dvar": 0.347833782434,
        "dvar2": 0.788483679295,
        "max": 450.284484863,
        "mean": 442.143096924,
        "median": 442.548919678,
        "min": 438.477722168,
        "var": 2.06288719177
    },
    "hpcp": {
        "dmean": [0.133866980672, 0.0766962394118, 0.0681746304035, 0.129664883018, 0.0756757408381, 0.113092504442, 0.0551122389734, 0.0843195617199, 0.110123492777, 0.0496004521847, 0.120282664895, 0.076149135828],
        "dmean2": [0.237694382668, 0.140622481704, 0.121312305331, 0.221616819501, 0.140253379941, 0.197726398706, 0.104785583913, 0.146138086915, 0.180776625872, 0.0909169986844, 0.203023135662, 0.141947969794],
        "dvar": [0.07000605762, 0.0424942187965, 0.0325742475688, 0.0562569238245, 0.0390049703419, 0.0475352033973, 0.0263380389661, 0.0317217186093, 0.0448693186045, 0.0232686772943, 0.0520389564335, 0.0395206175745],
        "dvar2": [0.18546871841, 0.106783233583, 0.0873166546226, 0.121241912246, 0.103317782283, 0.121224850416, 0.0761893242598, 0.0795840844512, 0.109971649945, 0.0652668252587, 0.130109757185, 0.108474120498],
        "max": [1, 1, 1, 1, 1, 1, 1, 1, 1, 1, 1, 1],
        "mean": [0.169600620866, 0.210252925754, 0.0502352789044, 0.414294213057, 0.0522879324853, 0.218312814832, 0.0333762802184, 0.100551731884, 0.206098720431, 0.0333784483373, 0.217549279332, 0.049992673099],
        "median": [0.0230142250657, 0.00498875509948, 0.00371362757869, 0.161850810051, 0.00259146513417, 0.0362082757056, 0.0023325344082, 0.0111236283556, 0.057506904006, 0.00226358231157, 0.0516874864697, 0.00237400503829],
        "min": [1.37078484386e-06, 1.006511593e-05, 4.1095358938e-06, 1.08151652967e-05, 3.30205125465e-06, 9.05591491573e-07, 9.57838210525e-07, 2.76767987089e-05, 4.06727792779e-07, 2.16296871258e-06, 6.26624387223e-06, 1.87068712876e-06],
        "var": [0.0953860804439, 0.145747125149, 0.0238815546036, 0.189492359757, 0.0287368167192, 0.119833394885, 0.015206547454, 0.0496157631278, 0.100490085781, 0.0146023351699, 0.107476435602, 0.0263108778745]
    }
},
"lowlevel": {
    "melbands": {
        "dmean": [0.000509638630319, 0.000868212373462, 0.000632630544715, 0.000401146215154, 0.000166352008819, 0.000151629981701, 8.84530963958e-05, 0.000122514204122, 0.000169284350704, 0.000113867266919, 2.75117108686e-05, 3.30252514686e-05, 1.99578007596e-05, 2.23522492888e-05, 2.17873166548e-05, 2.10182188312e-05, 1.95282264031e-05, 1.67682264873e-05, 9.60728266364e-06, 1.55299912876e-05, 6.96713732395e-06, 4.9814839258e-06, 5.14354724146e-06, 3.38889662999e-06, 1.99691294256e-06, 1.39481380756e-06, 8.46303009894e-07, 6.20464902568e-07, 6.71453790346e-07, 4.97697556057e-07, 4.22271654088e-07, 4.13032495317e-07, 3.80152698654e-07, 2.72153300784e-07, 2.11399154182e-07, 1.5532020825e-07, 8.92990499324e-08, 2.97750517575e-08, 6.80076928106e-09, 6.56585563696e-10],
        "dmean2": [0.000875044555869, 0.00141147128306, 0.000966883962974, 0.000662231061142, 0.00026730648824, 0.000227791198995, 0.00014091625053, 0.000186798046343, 0.000263312656898, 0.000181368246558, 4.15811991843e-05, 5.53128447791e-05, 3.00586561934e-05, 3.57908866135e-05, 3.45857079083e-05, 3.3249038097e-05, 3.21991501551e-05, 2.62983958237e-05, 1.49804691318e-05, 2.36447558564e-05, 1.10130267785e-05, 7.83541781857e-06, 8.2836686488e-06, 5.42215093446e-06, 3.22653909279e-06, 2.23700044444e-06, 1.32409604703e-06, 9.34650870477e-07, 1.00919737633e-06, 7.42209010696e-07, 6.27335737136e-07, 5.91003811223e-07, 5.56640884497e-07, 3.91317598769e-07, 2.86819755502e-07, 2.17101870703e-07, 1.2673123706e-07, 4.23100630087e-08, 9.72719771397e-09, 1.02998964913e-09],
        "dvar": [1.85693147614e-06, 1.49263155436e-06, 5.71281248085e-07, 5.48898242414e-07, 4.68758862837e-08, 7.19658430626e-08, 2.19397158219e-08, 6.28569836181e-08, 1.00489820909e-07, 7.74670851911e-08, 4.49675940928e-09, 1.0178779597e-08, 2.8670623653e-09, 3.25719673455e-09, 3.90200893818e-09, 2.47185072411e-09, 1.64157165639e-09, 1.73722869423e-09, 4.49009801562e-10, 2.44363329571e-09, 2.00682900853e-10, 7.67609933949e-11, 1.29445981711e-10, 4.26862122038e-11, 1.17753038223e-11, 8.3075647056e-12, 2.3907889557e-12, 1.34052426277e-12, 1.48140061416e-12, 9.23637577012e-13, 7.55581903468e-13, 7.1423579941e-13, 6.47407474852e-13, 4.71723463243e-13, 3.40184044129e-13, 3.55856267847e-13, 1.83266379503e-13, 1.31831047476e-14, 4.9189130247e-16, 1.16279582849e-17],
        "dvar2": [5.0294029279e-06, 3.75972558686e-06, 1.44063596963e-06, 1.55345594521e-06, 1.273091641e-07, 1.52595475811e-07, 5.22629228783e-08, 1.35606626372e-07, 2.1409626072e-07, 1.80145207196e-07, 7.70870389744e-09, 2.40010429309e-08, 6.49022746657e-09, 8.00603405793e-09, 9.15561493287e-09, 5.73423042383e-09, 4.04983513391e-09, 3.52225337785e-09, 9.65575508438e-10, 5.91099658109e-09, 4.95970653436e-10, 2.09947240148e-10, 3.10024367289e-10, 1.04661584954e-10, 2.75805940586e-11, 2.16358164024e-11, 5.73284692287e-12, 3.04777709147e-12, 3.25215180307e-12, 2.10504140161e-12, 1.67477370947e-12, 1.43564565618e-12, 1.2426888945e-12, 9.12760210296e-13, 5.73768083826e-13, 6.57510721216e-13, 3.7071745413e-13, 2.14698017123e-14, 8.32177471667e-16, 2.88339246581e-17],
        "max": [0.00984249729663, 0.00928837992251, 0.00859358999878, 0.00578465312719, 0.00169528345577, 0.00247915508226, 0.00145344622433, 0.00262190983631, 0.00369215104729, 0.00420279661193, 0.00120256491937, 0.00156372145284, 0.00087603443535, 0.000514283194207, 0.000649569439702, 0.000506824231707, 0.000413915724494, 0.000627381377853, 0.000224159099162, 0.00113781134132, 0.000256762519712, 9.8529511888e-05, 0.000174189204699, 9.04174230527e-05, 3.02302796626e-05, 3.75966592401e-05, 1.82594594662e-05, 9.76437422651e-06, 1.06164525278e-05, 8.77960701473e-06, 8.73315730132e-06, 7.9306319094e-06, 1.03955017039e-05, 1.02440317278e-05, 1.30195439851e-05, 1.42640374179e-05, 1.01252690001e-05, 2.65380140263e-06, 4.73812775681e-07, 7.2487587488e-08],
        "mean": [0.000649045803584, 0.00266433670186, 0.00193037150893, 0.000727592036128, 0.000305162946461, 0.000266182876658, 0.000142438628245, 0.000175546942046, 0.000240571229369, 0.00017891151947, 3.80696510547e-05, 3.91350695281e-05, 2.63952024397e-05, 2.63485962932e-05, 2.56329531112e-05, 2.78070310742e-05, 2.48657579505e-05, 2.37121639657e-05, 1.31830329337e-05, 2.72189372481e-05, 1.14558242785e-05, 7.92057562649e-06, 1.06069264802e-05, 6.33765102975e-06, 3.08843141283e-06, 1.95485426957e-06, 1.09149777927e-06, 7.58371754728e-07, 8.37625350414e-07, 5.92012497691e-07, 4.94538369367e-07, 4.87790714487e-07, 4.48549315024e-07, 3.33092202709e-07, 2.54710670333e-07, 1.72579433411e-07, 9.6038164088e-08, 3.33128404861e-08, 7.45977324357e-09, 5.63896929151e-10],