{
"metadata": {
    "version": {
        "essentia": "2.0.1",
        "extractor": "archive-music 1.0 mod ismir14"
    },
    "audio_properties": {
        "analysis_sample_rate": 44100,
        "bitrate": 96,
        "channels": 2,
        "equal_loudness": 0,
        "length": 30.0669155121,
        "replay_gain": -9.77028656006,
        "downmix": "mix"
    },
    "tags": {
        "track": 0,
        "year": 0,
        "album": "",
        "artist": "",
        "comment": "",
        "genre": "",
        "title": ""
    }
},
"rhythm": {
    "bpm": 172.265594482,
    "bpm_histogram_first_peak": 172,
    "bpm_histogram_first_peak_spread": 0,
    "bpm_histogram_first_peak_weight": 0.5,
    "bpm_histogram_second_peak": 178,
    "bpm_histogram_second_peak_spread": 0,
    "bpm_histogram_second_peak_weight": 0.27380952239
},
"tonal": {
    "tuning_frequency": {
        "dmean": 0.0434988513589,
        "dmean2": 0.0703282356262,
        "dvar": 0.123295746744,
        "dvar2": 0.199300155044,
        "max": 437.465789795,
        "mean": 434.701538086,
        "median": 434.695007324,
        "min": 433.942382812,
        "var": 0.10806466639
    },
    "hpcp": {
        "dmean": [0.128454983234, 0.209275439382, 0.180132731795, 0.276956021786, 0.0397208631039, 0.154407888651, 0.172621816397, 0.267385393381, 0.095479093492, 0.0907716527581, 0.247838318348, 0.087268024683],
        "dmean2": [0.238158375025, 0.388020247221, 0.313858807087, 0.502014756203, 0.0688668861985, 0.269150078297, 0.312131553888, 0.467856884003, 0.170006468892, 0.16029933095, 0.427156090736, 0.158499106765],
        "dvar": [0.0538342855871, 0.078405149281, 0.0529428571463, 0.113247528672, 0.00695959944278, 0.0769176781178, 0.100439451635, 0.107008330524, 0.0456191450357, 0.0284467861056, 0.0785579830408, 0.025901561603],
        "dvar2": [0.146346881986, 0.184520632029, 0.131451711059, 0.253639280796, 0.0206958185881, 0.179821386933, 0.242473289371, 0.274121850729, 0.127117738128, 0.0711191222072, 0.146838441491, 0.0754224061966],
        "max": [1, 1, 1, 1, 0.540208935738, 1, 1, 1, 1, 1, 1, 1],
        "mean": [0.105562724173, 0.239816278219, 0.176345646381, 0.400211632252, 0.0329520627856, 0.146272629499, 0.184850886464, 0.228840112686, 0.0671593919396, 0.0756666585803, 0.37745308876, 0.0708398967981],
        "median": [0.0236194357276, 0.101895555854, 0.0741160288453, 0.151711821556, 0.00755318393931, 0.0259369555861, 0.015927279368, 0.0468694381416, 0.0124795213342, 0.0193401481956, 0.200721934438, 0.0236887391657],
        "min": [0.000950611021835, 0.00559754157439, 0.000661114172544, 0.000171153515112, 7.14373236406e-05, 0.00113037868869, 0.000139505107654, 0.000361706246622, 0.000405984494137, 0.000120176046039, 0.000899334147107, 0.000677909352817],
        "var": [0.043389249593, 0.0992174074054, 0.0622539930046, 0.173832505941, 0.00564732123166, 0.0817365273833, 0.119964927435, 0.113384105265, 0.0325136706233, 0.0250686332583, 0.14521561563, 0.0190976448357]
    }
},
"lowlevel": {
    "melbands": {
        "dmean": [2.85340291839e-07, 1.42235221574e-05, 1.80050737981e-05, 0.000196180757484, 0.000169158869539, 7.89296245784e-05, 3.62651335308e-05, 3.23311942338e-05, 2.08788842428e-05, 1.41940327012e-05, 1.19206124509e-05, 9.10225389816e-06, 1.08230315163e-05, 4.6425839173e-06, 4.33608647654e-06, 3.09564484269e-06, 6.38326764602e-06, 2.63612287199e-06, 3.70897851099e-06, 8.71050986007e-07, 1.11326323804e-06, 1.03702006982e-06, 6.90374861279e-07, 1.02746594166e-06, 2.38379834627e-06, 2.8574429507e-06, 6.6800021159e-07, 3.54155588411e-07, 1.4989599606e-07, 9.91605659806e-08, 3.96884232146e-08, 6.63153132408e-09, 1.0994409827e-09, 2.71324990253e-10, 7.65979085715e-11, 2.98634797447e-11, 1.13515750619e-11, 2.72319233136e-12, 1.03482261822e-12, 2.61154514897e-13],
        "dmean2": [4.60132014268e-07, 2.43700706051e-05, 3.12252268486e-05, 0.000335478427587, 0.000304122571833, 0.000139030482387, 6.22788211331e-05, 5.43077112525e-05, 3.89386696042e-05, 2.67761570285e-05, 2.21916070586e-05, 1.76562134584e-05, 2.00203703571e-05, 8.65494075697e-06, 8.30376393424e-06, 5.68596487938e-06, 1.1667236322e-05, 4.64837739855e-06, 6.65888182994e-06, 1.53565383698e-06, 1.94185872715e-06, 1.87155285403e-06, 1.21618029425e-06, 1.8247440039e-06, 4.38552069681e-06, 5.35738126928e-06, 1.19770788842e-06, 6.49975049782e-07, 2.80817147313e-07, 1.86284637493e-07, 7.81387257121e-08, 1.24074936991e-08, 2.13185424869e-09, 5.22463239339e-10, 1.42150888283e-10, 5.30536274634e-11, 1.96881903142e-11, 3.9963483911e-12, 1.27979094336e-12, 3.86237537179e-13],
        "dvar": [9.6700994651e-14, 1.44326905982e-09, 7.75234487715e-10, 3.00181028479e-07, 3.92373600278e-08, 5.99187455208e-09, 1.75949310677e-09, 2.2569850433e-09, 3.22633075811e-09, 9.827714198e-10, 8.70784333529e-10, 7.04448221978e-10, 9.98806815034e-10, 1.40496975165e-10, 1.72853925617e-10, 4.42998207562e-11, 3.86015802656e-10, 1.65288251835e-11, 5.14735094825e-11, 1.71700327567e-12, 2.26225288502e-12, 2.45537531279e-12, 1.41182974599e-12, 2.8305008077e-12, 3.34123145818e-11, 4.69384982271e-11, 9.60394632744e-13, 4.22485261836e-13, 1.15598692728e-13, 8.87267893163e-14, 2.15795551594e-14, 3.45920447074e-16, 2.55481978289e-17, 8.01887342276e-19, 2.6241354968e-20, 5.58484723056e-21, 1.08779521404e-21, 1.14092031333e-22, 4.26600957632e-23, 1.41865126296e-24],
        "dvar2": [2.14607750516e-13, 2.89591595148e-09, 2.0287085345e-09, 7.97565633093e-07, 1.10671351194e-07, 1.71073235578e-08, 4.82132689328e-09, 5.18064302568e-09, 9.77192637919e-09, 2.98637448104e-09, 2.67913735641e-09, 2.14111350871e-09, 2.86733059518e-09, 4.20217888264e-10, 5.39294664481e-10, 1.2484174805e-10, 1.11896170107e-09, 4.66207211725e-11, 1.46893164299e-10, 4.81810641731e-12, 6.72009930341e-12, 7.21542227008e-12, 4.10584543795e-12, 8.1110855879e-12, 9.86838180617e-11, 1.39201122851e-10, 2.53965013082e-12, 1.16202002447e-12, 3.26142677318e-13, 2.50906392017e-13, 6.41232604666e-14, 9.8642481834e-16, 7.56756705132e-17, 2.53621061793e-18, 8.00966354212e-20, 1.66088367348e-20, 2.97002409917e-21, 1.17150211559e-22, 4.15395914225e-23, 1.45256113922e-24],
        "max": [2.086700988e-06, 0.000410402892157, 0.000231761208852, 0.00546489423141, 0.00118796655443, 0.000388625834603, 0.000226626580115, 0.000391073263017, 0.000372566282749, 0.000218091998249, 0.000159977207659, 0.000144690595334, 0.000250437442446, 9.28343943087e-05, 8.40260036057e-05, 5.99263912591e-05, 0.000183940239367, 2.62734974967e-05, 7.07415456418e-05, 1.26222348626e-05, 9.79835658654e-06, 9.28258759814e-06, 7.56597864893e-06, 1.16584751595e-05, 3.74922892661e-05, 5.38445456186e-05, 4.87686293127e-06, 4.20305923399e-06, 1.85462863556e-06, 2.21966683966e-06, 1.26339500639e-06, 1.52361266714e-07, 4.58405580162e-08, 6.18170670208e-09, 9.59068047202e-10, 6.17385531587e-10, 2.83736811824e-10, 1.23560897625e-10, 6.49922407558e-11, 1.45555945769e-11],
        "mean": [4.36835250639e-07, 1.85055669135e-05, 2.5691519113e-05, 0.000221374939429, 0.000204431198654, 9.46725485846e-05, 3.65379710274e-05, 3.52166171069e-05, 1.52327593241e-05, 1.01461055237e-05, 9.5422301456e-06, 5.6099752328e-06, 8.84093424247e-06, 3.34649530487e-06, 2.97274436889e-06, 2.3754846552e-06, 4.95819767821e-06, 2.38655502471e-06, 3.42065391123e-06, 9.3893771691e-07, 1.06480501927e-06, 9.51297352003e-07, 6.11045379628e-07, 8.45577403652e-07, 1.84975397133e-06, 2.08497726817e-06, 5.51044877284e-07, 2.74414190926e-07, 9.96770452844e-08, 6.15091835243e-08, 2.51809897378e-08, 4.25675539262e-09, 6.89062529258e-10, 1.95330557284e-10, 7.439899391e-11, 3.08065066512e-11, 1.22169175817e-11, 3.55715695614e-12, 1.23046635814e-12, 2.33517117318e-13],