{
"metadata": {
    "version": {
        "essentia": "2.0.1",
        "extractor": "archive-music 1.0 mod ismir14"
    },
    "audio_properties": {
        "analysis_sample_rate": 44100,
        "bitrate": 128,
        "channels": 2,
        "equal_loudness": 0,
        "length": 30.0669155121,
        "replay_gain": -8.86243057251,
        "downmix": "mix"
    },
    "tags": {
        "track": 7,
        "year": 0,
        "album": "The Cool Jazz Collection",
        "artist": "Astrud Gilberto",
        "comment": "",
        "genre": "Jazz",
        "title": "Girl From Ipanema"
    }
},
"rhythm": {
    "bpm": 130.002792358,
    "bpm_histogram_first_peak": 129,
    "bpm_histogram_first_peak_spread": 0.490909099579,
    "bpm_histogram_first_peak_weight": 0.444444447756,
    "bpm_histogram_second_peak": 136,
    "bpm_histogram_second_peak_spread": 0.199999988079,
    "bpm_histogram_second_peak_weight": 0.0634920671582
},
"tonal": {
    "tuning_frequency": {
        "dmean": 0.133445039392,
        "dmean2": 0.246241956949,
        "dvar": 1.36734998226,
        "dvar2": 3.31423377991,
        "max": 454.990661621,
        "mean": 436.640563965,
        "median": 434.695007324,
        "min": 431.443084717,
        "var": 9.86785984039
    },
    "hpcp": {
        "dmean": [0.084736853838, 0.139914467931, 0.104807302356, 0.147009804845, 0.107207335532, 0.0800048187375, 0.127971947193, 0.0505407527089, 0.128120735288, 0.104035168886, 0.117542691529, 0.111129239202],
        "dmean2": [0.152964994311, 0.240244090557, 0.20141273737, 0.268007367849, 0.193156734109, 0.147316917777, 0.22688062489, 0.0922716930509, 0.218854621053, 0.19163274765, 0.21961838007, 0.199507117271],
        "dvar": [0.0444421991706, 0.0613421760499, 0.0715715885162, 0.0776026546955, 0.0502310208976, 0.0430719107389, 0.0595759637654, 0.0288566723466, 0.0599398091435, 0.0643302500248, 0.0641335994005, 0.0479124523699],
        "dvar2": [0.118573114276, 0.130005657673, 0.201253265142, 0.167511984706, 0.117039367557, 0.11526709795, 0.128346771002, 0.0697677433491, 0.1359154284, 0.158130332828, 0.167507454753, 0.112768113613],
        "max": [1, 1, 1, 1, 1, 1, 1, 1, 1, 1, 1, 1],
        "mean": [0.0608075372875, 0.242471277714, 0.0691491141915, 0.265214115381, 0.130532458425, 0.0785807445645, 0.233652338386, 0.0692378208041, 0.162227004766, 0.0887628048658, 0.0976200923324, 0.141705036163],
        "median": [0.00193750381004, 0.0354765839875, 0.00109261239413, 0.0161292143166, 0.00789881311357, 0.00295200385153, 0.0293225497007, 0.00131352676544, 0.0117373047397, 0.00122573319823, 0.00527940923348, 0.00885750167072],
        "min": [0, 0, 1.86883130482e-06, 0, 0, 4.75165234093e-06, 0, 0, 1.5709440504e-06, 0, 0, 0],
        "var": [0.0344430841506, 0.132153108716, 0.0493452958763, 0.160704314709, 0.0764615535736, 0.0504809580743, 0.132928773761, 0.0509787499905, 0.0936816260219, 0.0615215152502, 0.056421700865, 0.0816190615296]
    }
},
"lowlevel": {
    "melbands": {
        "dmean": [0.000258323678281, 0.000727173406631, 0.000801491783932, 0.000429430161603, 0.000248937023571, 9.53384660534e-05, 5.94256343902e-05, 6.53332754155e-05, 2.51324727287e-05, 1.69167342392e-05, 1.49785646499e-05, 1.44834066305e-05, 3.5860493881e-06, 2.55142708738e-06, 3.82284815714e-06, 2.45905607699e-06, 1.99694613912e-06, 6.80044252022e-07, 6.93309573307e-07, 6.72970315918e-07, 4.11657197219e-07, 5.89722390032e-07, 7.36127503842e-07, 6.53736719869e-07, 2.60000604158e-07, 1.53620590027e-07, 1.99797568712e-07, 3.15014176522e-07, 2.67436945478e-07, 3.60797230314e-07, 6.3717982357e-07, 9.11243603241e-07, 1.18853972708e-06, 6.83101006871e-07, 2.87743091576e-07, 1.51031613882e-07, 8.8799701814e-08, 3.23044382355e-08, 1.07508135727e-08, 1.22486931708e-09],
        "dmean2": [0.000357440905645, 0.00104440376163, 0.00116569746751, 0.000652746704873, 0.000359980069334, 0.000143552679219, 9.131841216e-05, 9.49213426793e-05, 3.67456304957e-05, 2.28694825637e-05, 2.15992167796e-05, 2.01067796297e-05, 5.23917788087e-06, 3.67532811651e-06, 5.05431626152e-06, 3.4251265788e-06, 2.92157460535e-06, 1.04541459223e-06, 1.05788910787e-06, 1.02127546597e-06, 6.54813334222e-07, 9.31527438297e-07, 1.12368866212e-06, 1.08757342332e-06, 4.18863891127e-07, 2.26615767929e-07, 2.87927690579e-07, 4.61723772105e-07, 4.05276296078e-07, 5.47578963506e-07, 9.21973366985e-07, 1.2841918533e-06, 1.99212945518e-06, 9.15703765259e-07, 3.94924086322e-07, 2.09842937693e-07, 1.17462249705e-07, 4.29866950924e-08, 1.42218867794e-08, 1.73530556591e-09],
        "dvar": [3.86415365483e-07, 1.35950972435e-06, 1.06808215605e-06, 5.19562718182e-07, 1.6526412594e-07, 4.26006110388e-08, 3.69074939499e-08, 3.19155724071e-08, 4.9989510309e-09, 3.64387786611e-09, 1.70410097144e-09, 9.26278076463e-09, 8.13024023105e-11, 4.07377985512e-11, 2.30971367032e-10, 8.81011236187e-11, 1.00562079497e-10, 3.69031541436e-12, 8.69301505779e-12, 1.0606768068e-11, 1.86794438424e-12, 2.40129682631e-12, 3.56713703714e-12, 4.54264664079e-12, 6.73691788119e-13, 1.60532340459e-13, 3.57143595297e-13, 1.42684269348e-12, 5.93055932054e-13, 2.02214590558e-12, 7.1571581127e-12, 1.54382982093e-11, 5.56521044526e-11, 1.28777171218e-11, 1.19348606518e-12, 1.88576625561e-13, 5.52023602881e-14, 8.77183423825e-15, 1.35111580669e-15, 3.09838431707e-17],
        "dvar2": [7.35376488592e-07, 2.65146286438e-06, 1.85282590337e-06, 1.05332526346e-06, 3.31539666831e-07, 9.12515574214e-08, 7.87381608802e-08, 6.44681747985e-08, 9.39192723592e-09, 6.66946231576e-09, 2.89469559434e-09, 1.57479149721e-08, 1.58184201848e-10, 8.11851280647e-11, 4.07983452577e-10, 1.94274568655e-10, 2.36354352756e-10, 7.60101790537e-12, 1.94308163309e-11, 1.88998903333e-11, 4.77580865479e-12, 6.08249171516e-12, 8.28312331919e-12, 1.16124757379e-11, 1.70445125028e-12, 3.24108903778e-13, 6.41954371605e-13, 2.90706391251e-12, 1.26387724071e-12, 4.68076011978e-12, 1.57137688278e-11, 2.8354518386e-11, 1.52137941134e-10, 2.05803186992e-11, 1.88495768473e-12, 3.31029854136e-13, 9.21517500979e-14, 1.36607466265e-14, 2.13651016638e-15, 6.68455373265e-17],
        "max": [0.00999415758997, 0.0114508811384, 0.0116296801716, 0.0140748396516, 0.00509487371892, 0.00207883515395, 0.00235674413852, 0.00207086885348, 0.00101611111313, 0.000989122083411, 0.000421580771217, 0.00216422765516, 0.000114312286314, 0.000125630467664, 0.000351100054104, 0.000165099889273, 0.00019991240697, 2.36468968069e-05, 4.13921079598e-05, 4.13182388002e-05, 1.77330493898e-05, 1.70374005393e-05, 1.74327615241e-05, 2.54303704423e-05, 1.18991920317e-05, 6.69545488563e-06, 1.00462302726e-05, 2.21619247895e-05, 8.01361875347e-06, 2.30942587223e-05, 3.85780731449e-05, 6.02343352512e-05, 0.000120645127026, 8.35828759591e-05, 1.99947153305e-05, 5.2252075875e-06, 2.64090726887e-06, 1.46677223256e-06, 5.27065253664e-07, 9.89849695543e-08],
        "mean": [0.000455180939753, 0.00156936992425, 0.0020039039664, 0.000756590161473, 0.000557646737434, 0.000167340578628, 6.82477257214e-05, 7.84836447565e-05, 3.21549705404e-05, 2.20322599489e-05, 2.07441917155e-05, 2.16271746467e-05, 4.70918939754e-06, 3.18043430525e-06, 5.10259587827e-06, 2.89768649964e-06, 2.04469370146e-06, 8.17207421733e-07, 7.9126732544e-07, 8.12102541659e-07, 4.22205005179e-07, 6.58469105019e-07, 7.81957965046e-07, 6.21500078068e-07, 2.6489595939e-07, 1.81306859304e-07, 2.42210774104e-07, 3.2059247701e-07, 2.74202960782e-07, 3.41576225082e-07, 6.17855732798e-07, 9.86272198134e-07, 1.08122537767e-06, 7.24481594716e-07, 3.25259549072e-07, 1.77395847345e-07, 1.00440210815e-07, 3.71448933834e-08, 1.18626211076e-08, 1.17398990529e-09],