{
"metadata": {
    "version": {
        "essentia": "2.0.1",
        "extractor": "archive-music 1.0 mod ismir14"
    },
    "audio_properties": {
        "analysis_sample_rate": 44100,
        "bitrate": 128,
        "channels": 2,
        "equal_loudness": 0,
        "length": 30.0669155121,
        "replay_gain": -12.156419754,
        "downmix": "mix"
    },
    "tags": {
        "track": 6,
        "year": 0,
        "album": "Swing Classics (Jazz & Tzaz 70)",
        "artist": "Benny Carter",
        "comment": "",
        "genre": "Jazz",
        "title": "Babalu"
    }
},
"rhythm": {
    "bpm": 92.6367721558,
    "bpm_histogram_first_peak": 94,
    "bpm_histogram_first_peak_spread": 0.555555582047,
    "bpm_histogram_first_peak_weight": 0.355555564165,
    "bpm_histogram_second_peak": 89,
    "bpm_histogram_second_peak_spread": 0,
    "bpm_histogram_second_peak_weight": 0.177777782083
},
"tonal": {
    "tuning_frequency": {
        "dmean": 0.0906697958708,
        "dmean2": 0.173676759005,
        "dvar": 1.19868218899,
        "dvar2": 3.42834639549,
        "max": 452.37008667,
        "mean": 438.069488525,
        "median": 440.254241943,
        "min": 431.941772461,
        "var": 12.4637727737
    },
    "hpcp": {
        "dmean": [0.11437188834, 0.13201880455, 0.0752556249499, 0.178369402885, 0.128305450082, 0.110891744494, 0.151246279478, 0.0808589756489, 0.196891844273, 0.0933449864388, 0.185377642512, 0.200727671385],
        "dmean2": [0.208739817142, 0.223367214203, 0.13675378263, 0.301910251379, 0.217039525509, 0.194590479136, 0.257968991995, 0.14472065866, 0.335101276636, 0.165295884013, 0.32180917263, 0.345883667469],
        "dvar": [0.0568739213049, 0.0381058342755, 0.032540705055, 0.058448780328, 0.0504153035581, 0.0325516052544, 0.0471678040922, 0.0287802256644, 0.0516114756465, 0.030940014869, 0.0594812445343, 0.0628731846809],
        "dvar2": [0.161143690348, 0.0977560132742, 0.0810477286577, 0.129168346524, 0.118428766727, 0.0845471248031, 0.101239152253, 0.077181853354, 0.125631570816, 0.0787342339754, 0.155941069126, 0.132430046797],
        "max": [1, 1, 1, 1, 1, 1, 1, 1, 1, 1, 1, 1],
        "mean": [0.101891517639, 0.212657704949, 0.0685674697161, 0.43348005414, 0.217813804746, 0.115547612309, 0.308442831039, 0.06651122123, 0.371998518705, 0.0806694477797, 0.241295292974, 0.344972997904],
        "median": [0.0152558069676, 0.0681470409036, 0.00924916379154, 0.285805404186, 0.037538908422, 0.0433424673975, 0.139415428042, 0.0164504870772, 0.260687917471, 0.0153741110116, 0.127310916781, 0.205881163478],
        "min": [0, 0, 0, 0, 0, 0.000275861500995, 0, 0, 0, 0, 0, 0],
        "var": [0.0482877828181, 0.0780714452267, 0.0338463112712, 0.156985267997, 0.11226349324, 0.0345809087157, 0.129720047116, 0.0234422106296, 0.119233079255, 0.0278865918517, 0.0811495408416, 0.127380430698]
    }
},
"lowlevel": {
    "melbands": {
        "dmean": [8.7112748588e-06, 4.07492661907e-05, 2.59228199866e-05, 5.11417274538e-05, 5.28380624019e-05, 8.3624094259e-05, 6.37054108665e-05, 0.000142538279761, 9.52879418037e-05, 7.16260474292e-05, 4.13960042351e-05, 3.48421453964e-05, 3.30225811922e-05, 2.47984662565e-05, 4.97116525366e-05, 4.24244135502e-05, 2.47097668762e-05, 1.64884058904e-05, 1.32118639158e-05, 1.65596375155e-05, 4.87894840262e-06, 6.51930622553e-06, 3.02294733956e-06, 2.79448272522e-06, 4.00252747568e-06, 1.23383154005e-06, 6.50384606615e-07, 7.64670744502e-07, 7.83287021022e-07, 7.72320618125e-07, 3.84916091889e-07, 1.88961337244e-07, 1.3072472882e-07, 4.97760765938e-08, 2.02241299263e-08, 1.56407971019e-08, 3.0486733138e-09, 3.0190530631e-10, 2.85220250196e-11, 2.09445156531e-12],
        "dmean2": [1.46418387885e-05, 6.95481940056e-05, 4.02850746468e-05, 7.60914190323e-05, 8.02322902018e-05, 0.000128824263811, 9.91833148873e-05, 0.000212711791391, 0.000144659046782, 0.000110052271339, 6.57857090118e-05, 5.41117660759e-05, 5.13601517014e-05, 3.81649006158e-05, 7.91668790043e-05, 6.90158194629e-05, 3.74269839085e-05, 2.44714155997e-05, 2.05115866265e-05, 2.49766035267e-05, 7.62912168284e-06, 9.85522183328e-06, 4.52215135738e-06, 4.22877974415e-06, 6.02828094998e-06, 1.83894087513e-06, 9.50017692958e-07, 1.17887771012e-06, 1.14244380711e-06, 1.18341620237e-06, 5.37591233751e-07, 2.69375590278e-07, 1.80582333087e-07, 6.93349093694e-08, 2.8420014786e-08, 2.36826203093e-08, 4.68822891619e-09, 4.54502657732e-10, 4.63187439792e-11, 3.5960034863e-12],
        "dvar": [1.14619931602e-10, 2.44267406302e-09, 2.01226857399e-09, 5.83559467415e-09, 5.07374187109e-09, 1.70807634703e-08, 8.08004418928e-09, 8.23394827876e-08, 2.6701902911e-08, 1.40313822783e-08, 5.72876368565e-09, 5.0454542766e-09, 5.74893777028e-09, 2.31123631345e-09, 1.00750590093e-08, 1.00290762362e-08, 2.91154877985e-09, 1.37839095693e-09, 8.41222425052e-10, 1.36135036577e-09, 7.37596789202e-11, 1.8131360302e-10, 2.75850557674e-11, 2.64624953894e-11, 6.55737963928e-11, 7.82474085526e-12, 1.79782425926e-12, 4.15761522432e-12, 2.22056509465e-12, 2.23754912168e-12, 6.50434729948e-13, 2.15045768194e-13, 1.26998116342e-13, 1.91913152714e-14, 2.20429291919e-15, 1.320151035e-15, 3.94717750467e-17, 5.13952646985e-19, 5.34252733583e-21, 2.5001335537e-23],
        "dvar2": [2.64456151422e-10, 5.80221737323e-09, 5.24255305834e-09, 1.39763276508e-08, 1.01043413636e-08, 3.52568463313e-08, 1.72117253783e-08, 1.50136941102e-07, 5.35495914278e-08, 3.16807593492e-08, 1.21036496381e-08, 1.16265708172e-08, 1.45886538405e-08, 4.71408778679e-09, 2.23037712743e-08, 2.4808265664e-08, 6.47992282055e-09, 2.77883605015e-09, 1.89035231912e-09, 2.9275917246e-09, 1.56772525517e-10, 3.83054005182e-10, 5.66660572632e-11, 5.32524926933e-11, 1.36955141672e-10, 1.66366174309e-11, 3.54061181415e-12, 9.02626324378e-12, 4.47984488047e-12, 4.29363619311e-12, 1.16215685079e-12, 4.0181887765e-13, 2.33094901887e-13, 3.23987290175e-14, 3.83012586287e-15, 2.76650616749e-15, 7.72429329285e-17, 1.13310767524e-18, 1.23749491202e-20, 6.5410945244e-23],
        "max": [8.36653853185e-05, 0.000566018628888, 0.000720016832929, 0.00114661490079, 0.000853195262607, 0.00123411521781, 0.00140281114727, 0.00401876913384, 0.00188482331578, 0.00108046398964, 0.000736185582355, 0.000880290288478, 0.00103924481664, 0.000715676986147, 0.00107832858339, 0.00108971795999, 0.000663411279675, 0.000430072162999, 0.000274703779723, 0.000583189132158, 0.000110461907752, 0.000152543885633, 7.39275928936e-05, 6.04230262979e-05, 6.79155127727e-05, 3.99923846999e-05, 1.33021940201e-05, 2.80352196569e-05, 1.18883990581e-05, 1.34179244924e-05, 7.86680720921e-06, 5.12669430464e-06, 4.01208217227e-06, 1.55515442657e-06, 4.64916894316e-07, 4.12995120769e-07, 5.65344464576e-08, 6.16916651097e-09, 6.42492725689e-10, 6.53838094777e-11],
        "mean": [1.14590120575e-05, 5.52837373107e-05, 3.89710112358e-05, 8.33549856907e-05, 0.000105020561023, 0.000148821258335, 0.000140176765854, 0.000337046047207, 0.000186207107618, 0.00010926854884, 7.25692807464e-05, 5.85511224926e-05, 4.84278316435e-05, 3.67381398974e-05, 7.66306475271e-05, 6.37080884189e-05, 4.37002418039e-05, 2.22125545406e-05, 1.84654327313e-05, 2.5345792892e-05, 7.58531905376e-06, 1.03565444078e-05, 5.28568034497e-06, 4.28632483818e-06, 6.08987375017e-06, 1.97405984181e-06, 1.02367937416e-06, 1.12899203941e-06, 1.1580428918e-06, 1.23096049265e-06, 5.79661104894e-07, 2.72082189667e-07, 1.75447297579e-07, 6.97675730521e-08, 2.88865997788e-08, 2.35907027246e-08, 5.08101116736e-09, 4.0257533418e-10, 3.05284790503e-11, 2.1478565454e-12],