{
"metadata": {
    "version": {
        "essentia": "2.0.1",
        "extractor": "archive-music 1.0 mod ismir14"
    },
    "audio_properties": {
        "analysis_sample_rate": 44100,
        "bitrate": 32,
        "channels": 2,
        "equal_loudness": 0,
        "length": 30.0408172607,
        "replay_gain": -8.82925224304,
        "downmix": "mix"
    },
    "tags": {
        "track": 7,
        "year": 0,
        "album": "The Cool Jazz Collection",
        "artist": "Astrud Gilberto",
        "comment": "",
        "genre": "Jazz",
        "title": "Girl From Ipanema"
    }
},
"rhythm": {
    "bpm": 130.229049683,
    "bpm_histogram_first_peak": 129,
    "bpm_histogram_first_peak_spread": 0.542372882366,
    "bpm_histogram_first_peak_weight": 0.428571432829,
    "bpm_histogram_second_peak": 123,
    "bpm_histogram_second_peak_spread": 0,
    "bpm_histogram_second_peak_weight": 0.0317460335791
},
"tonal": {
    "tuning_frequency": {
        "dmean": 0.208754360676,
        "dmean2": 0.374808758497,
        "dvar": 1.45374679565,
        "dvar2": 3.04258298874,
        "max": 443.316436768,
        "mean": 441.322235107,
        "median": 442.548919678,
        "min": 431.692352295,
        "var": 8.62329864502
    },
    "hpcp": {
        "dmean": [0.0779765844345, 0.239594876766, 0.124002717435, 0.25979912281, 0.124787896872, 0.124449238181, 0.208464533091, 0.0492132492363, 0.215384989977, 0.153808966279, 0.204495623708, 0.183325961232],
        "dmean2": [0.139717534184, 0.414548695087, 0.218201205134, 0.458465069532, 0.223963648081, 0.229788690805, 0.380618870258, 0.0922983959317, 0.398788869381, 0.286841720343, 0.391466140747, 0.324284821749],
        "dvar": [0.0347047485411, 0.0922556221485, 0.0534961782396, 0.103318437934, 0.0479567609727, 0.0593612641096, 0.0877935513854, 0.023072021082, 0.0850266739726, 0.0776620060205, 0.0957637429237, 0.0831642523408],
        "dvar2": [0.0883722826838, 0.17191337049, 0.128749117255, 0.247276872396, 0.103685759008, 0.154065907001, 0.178744733334, 0.0564527139068, 0.242216527462, 0.229678153992, 0.279035925865, 0.197685852647],
        "max": [1, 1, 1, 1, 1, 1, 1, 1, 1, 1, 1, 1],
        "mean": [0.0616912208498, 0.307467132807, 0.0937953367829, 0.311976224184, 0.123941220343, 0.120739988983, 0.235100567341, 0.0627230778337, 0.211778178811, 0.116335980594, 0.167639702559, 0.172272026539],
        "median": [0.00764570897445, 0.121542304754, 0.00958049111068, 0.0896924436092, 0.0290385652333, 0.015559989959, 0.070279955864, 0.00677334936336, 0.047928892076, 0.0165144205093, 0.0326051153243, 0.0279910136014],
        "min": [6.2767387135e-05, 0.00013210454199, 1.99868900381e-05, 0.000255571736488, 8.88320646482e-05, 0.000102810910903, 6.91196182743e-05, 5.77693863306e-05, 1.32626310005e-05, 9.374088404e-05, 6.85889608576e-05, 0.0003845525207],
        "var": [0.0280236694962, 0.138542234898, 0.0430709309876, 0.150832146406, 0.0558103732765, 0.0645035207272, 0.114516191185, 0.0411198027432, 0.104705937207, 0.0640697479248, 0.0908849686384, 0.0896379947662]
    }
},
"lowlevel": {
    "melbands": {
        "dmean": [0.000126455241116, 0.000308912916807, 0.000308896123897, 0.000159234550665, 0.000102933205198, 3.09419010591e-05, 1.58378497872e-05, 2.24209034059e-05, 9.35041043704e-06, 6.87294141244e-06, 6.99134534443e-06, 9.25745189306e-06, 1.32753575599e-06, 1.0365762364e-06, 1.57113652222e-06, 1.05097615233e-06, 8.09222683529e-07, 2.68583221441e-07, 3.08764953161e-07, 2.98318184377e-07, 1.2229180868e-07, 1.72454846847e-07, 2.14657632114e-07, 1.82288502515e-07, 6.34100913999e-08, 4.93446172811e-08, 6.46204156851e-08, 1.0333911149e-07, 8.74509140658e-08, 1.10368688411e-07, 2.07632297133e-07, 3.7568727862e-07, 4.26987554647e-07, 2.53540804351e-07, 1.12523615314e-07, 7.45131032431e-08, 5.94376672325e-08, 4.4300907831e-08, 5.68655167399e-08, 8.4188663152e-08],
        "dmean2": [0.000201285030926, 0.000480308983242, 0.0005043692654, 0.000260000611888, 0.000161229705554, 5.01371032442e-05, 2.80665281025e-05, 3.9891088818e-05, 1.6617916117e-05, 1.2294480257e-05, 1.27812254505e-05, 1.72087911778e-05, 2.3338320716e-06, 1.92526499632e-06, 2.76832270174e-06, 1.95302800421e-06, 1.53191081154e-06, 4.89005458348e-07, 5.87198485391e-07, 5.61905835639e-07, 2.18782574279e-07, 3.01175191453e-07, 3.83004362448e-07, 3.34818224701e-07, 1.0819369578e-07, 8.604638424e-08, 1.14037092658e-07, 1.93514480884e-07, 1.57487605179e-07, 2.00848560894e-07, 3.78708733706e-07, 6.92446860739e-07, 8.07662502211e-07, 4.50514278327e-07, 2.01674183131e-07, 1.33987413165e-07, 1.08218443984e-07, 7.92923060544e-08, 1.0330460043e-07, 1.5629134964e-07],
        "dvar": [7.42390398045e-08, 9.49263068151e-08, 1.32835111799e-07, 8.85927136096e-08, 1.78184826893e-08, 1.97876293129e-09, 1.20505727619e-09, 1.50945222988e-09, 3.58986895765e-10, 2.49559067855e-10, 1.66041291827e-10, 2.25795204756e-09, 6.38097040484e-12, 4.35084910808e-12, 1.64669944347e-11, 7.22234294939e-12, 8.04315555131e-12, 2.42726032416e-13, 8.48389446802e-13, 8.33526986582e-13, 5.78351453642e-14, 7.9469058016e-14, 1.59303017826e-13, 1.46940998865e-13, 9.92544567857e-15, 1.05444505802e-14, 2.30995456189e-14, 1.3008405388e-13, 3.09360759124e-14, 8.00156111074e-14, 3.25082137858e-13, 1.09632387803e-12, 1.68265846135e-12, 7.23883138761e-13, 6.58213040279e-14, 1.85528929866e-14, 1.15751482225e-14, 8.25815110739e-15, 2.12808066389e-14, 5.38813853018e-14],
        "dvar2": [1.7908234895e-07, 2.16136200493e-07, 2.82684680997e-07, 2.15918760205e-07, 3.6645122492e-08, 3.6860083874e-09, 3.24743587576e-09, 4.2340251305e-09, 1.05306452447e-09, 7.03642699662e-10, 4.8202691838e-10, 6.55336140909e-09, 1.76342742492e-11, 1.25792640193e-11, 4.21841103715e-11, 2.07998791801e-11, 2.35068440407e-11, 6.71944271058e-13, 2.4215701059e-12, 2.36993389323e-12, 1.66601351855e-13, 2.14339193638e-13, 4.44641556647e-13, 4.24450974585e-13, 2.53942476585e-14, 2.81100199405e-14, 6.56072012039e-14, 3.81143738532e-13, 8.70341667659e-14, 2.31425555802e-13, 9.09788412141e-13, 3.07657176644e-12, 4.72646401184e-12, 1.87820462308e-12, 1.72431174699e-13, 4.9515116806e-14, 3.0600156198e-14, 2.13330533252e-14, 5.67044478592e-14, 1.47187329599e-13],
        "max": [0.0018893959932, 0.00187700230163, 0.00275467033498, 0.0035449215211, 0.0010548280552, 0.000329043919919, 0.000274252321105, 0.000266951014055, 0.000105449937109, 0.000153827379108, 6.88599757268e-05, 0.000444852426881, 1.70325820363e-05, 1.54352328536e-05, 3.39352736773e-05, 1.92791922018e-05, 2.43616996158e-05, 2.94823166769e-06, 7.09001687937e-06, 6.42458280709e-06, 1.68646886323e-06, 1.86067961749e-06, 2.3955017241e-06, 2.96611506201e-06, 7.40361429052e-07, 9.70216319729e-07, 1.23710970001e-06, 3.06997071675e-06, 1.08923211428e-06, 2.16910939344e-06, 3.99710052079e-06, 5.96715426582e-06, 9.04559692572e-06, 7.94915831648e-06, 1.48862761762e-06, 6.18142166786e-07, 4.1386803673e-07, 5.39603263405e-07, 7.70726842347e-07, 1.38055872867e-06],
        "mean": [0.000109482520202, 0.000390632805647, 0.000500628433656, 0.000185981276445, 0.000139374198625, 3.97880103264e-05, 1.56761452672e-05, 1.95957509277e-05, 7.8097491496e-06, 5.22651816937e-06, 5.0206144806e-06, 5.85133102504e-06, 1.06416428025e-06, 8.226932664e-07, 1.22441701933e-06, 7.28019529106e-07, 5.21311108059e-07, 2.06333481856e-07, 2.03216046657e-07, 2.02421162498e-07, 1.01205621661e-07, 1.58828285635e-07, 1.85520406148e-07, 1.46854063132e-07, 5.99930771727e-08, 4.43733156885e-08, 5.75911087708e-08, 7.86195499813e-08, 6.73701379128e-08, 8.024284881e-08, 1.435543453e-07, 2.4065431603e-07, 2.64849376208e-07, 1.71999445797e-07, 8.09445737104e-08, 5.48968941416e-08, 4.58360140954e-08, 3.57629481584e-08, 4.46456986936e-08, 6.28138892012e-08],