{
"metadata": {
    "version": {
        "essentia": "2.0.1",
        "extractor": "archive-music 1.0 mod ismir14"
    },
    "audio_properties": {
        "analysis_sample_rate": 44100,
        "bitrate": 32,
        "channels": 2,
        "equal_loudness": 0,
        "length": 30.0408172607,
        "replay_gain": -12.2329673767,
        "downmix": "mix"
    },
    "tags": {
        "track": 6,
        "year": 0,
        "album": "Swing Classics (Jazz & Tzaz 70)",
        "artist": "Benny Carter",
        "comment": "",
        "genre": "Jazz",
        "title": "Babalu"
    }
},
"rhythm": {
    "bpm": 92.5154342651,
    "bpm_histogram_first_peak": 94,
    "bpm_histogram_first_peak_spread": 0.514285683632,
    "bpm_histogram_first_peak_weight": 0.377777785063,
    "bpm_histogram_second_peak": 89,
    "bpm_histogram_second_peak_spread": 0,
    "bpm_histogram_second_peak_weight": 0.20000000298
},
"tonal": {
    "tuning_frequency": {
        "dmean": 0.393916934729,
        "dmean2": 0.652736902237,
        "dvar": 4.30485105515,
        "dvar2": 6.74752283096,
        "max": 455.779724121,
        "mean": 438.407928467,
        "median": 440.254241943,
        "min": 432.191345215,
        "var": 11.188158989
    },
    "hpcp": {
        "dmean": [0.0929343700409, 0.178074017167, 0.0759499445558, 0.223860427737, 0.144493460655, 0.102111004293, 0.211830824614, 0.0749245360494, 0.182506591082, 0.0898101180792, 0.140006124973, 0.210589051247],
        "dmean2": [0.165099069476, 0.31287664175, 0.138445734978, 0.401536971331, 0.251624822617, 0.184811860323, 0.368280053139, 0.13625253737, 0.297344982624, 0.161935210228, 0.238093882799, 0.358417212963],
        "dvar": [0.0373214781284, 0.052921783179, 0.0285990834236, 0.0735876187682, 0.0563546419144, 0.017117889598, 0.0755279064178, 0.0165593661368, 0.039235394448, 0.0229418240488, 0.0344028733671, 0.0518981516361],
        "dvar2": [0.108568094671, 0.127726584673, 0.0817735344172, 0.155569240451, 0.117196157575, 0.0492111295462, 0.128362312913, 0.0467126518488, 0.0822382941842, 0.0657289624214, 0.0815815106034, 0.120867699385],
        "max": [1, 1, 1, 1, 1, 1, 1, 0.630887329578, 1, 1, 1, 1],
        "mean": [0.0816819742322, 0.245847389102, 0.0652666985989, 0.459627538919, 0.265128165483, 0.114803761244, 0.352202385664, 0.0671904534101, 0.422857493162, 0.0813408344984, 0.214072823524, 0.404137790203],
        "median": [0.0271331518888, 0.114659421146, 0.0270393323153, 0.315305173397, 0.0988908484578, 0.0807922631502, 0.17660240829, 0.0352675653994, 0.29975771904, 0.0407811105251, 0.150366216898, 0.326556295156],
        "min": [0.00120038492605, 0.00342883937992, 0.00131344469264, 0.00176347896922, 0.00112391705625, 0.00310407485813, 0.00364751834422, 0.00310458382592, 0.0114459460601, 0.00300426199101, 0.00256846379489, 0.00284595554695],
        "var": [0.0247604269534, 0.0753668248653, 0.0183365829289, 0.138550773263, 0.12379834801, 0.0144803859293, 0.139205187559, 0.010844164528, 0.113833844662, 0.0153820822015, 0.0472985245287, 0.113308705389]
    }
},
"lowlevel": {
    "melbands": {
        "dmean": [1.58573732278e-06, 9.47135777096e-06, 6.8495769483e-06, 1.5162409909e-05, 1.71805731952e-05, 2.84762627416e-05, 2.17853230424e-05, 6.30678114248e-05, 3.54166768375e-05, 2.55776212725e-05, 1.49028064698e-05, 1.19311498565e-05, 1.09433740363e-05, 9.48838442127e-06, 1.90037717402e-05, 1.37308752528e-05, 8.72443615663e-06, 5.59383261134e-06, 5.37957339475e-06, 6.56151678413e-06, 1.74717501977e-06, 2.31494414038e-06, 1.14846045562e-06, 1.00463785202e-06, 1.52211953264e-06, 4.44585936066e-07, 2.87465894644e-07, 3.21079198784e-07, 3.13640839522e-07, 3.31180871171e-07, 1.67180388644e-07, 8.48712318202e-08, 5.93764468704e-08, 2.54602596783e-08, 1.08838182911e-08, 9.32555099808e-09, 2.25732477155e-09, 3.87029019944e-10, 1.39063496829e-10, 7.33511307249e-11],
        "dmean2": [2.79111418422e-06, 1.68681035575e-05, 1.24465841509e-05, 2.73280274996e-05, 3.07849295496e-05, 4.90096244903e-05, 3.36033226631e-05, 0.000103429134469, 6.03841908742e-05, 4.38043753093e-05, 2.43922950176e-05, 1.91298422578e-05, 1.8331598767e-05, 1.73730895767e-05, 3.32332238031e-05, 2.28379831242e-05, 1.39566036523e-05, 9.74395425146e-06, 8.93152264325e-06, 1.09672737381e-05, 3.02227454085e-06, 4.00346380047e-06, 1.97691656467e-06, 1.7634025653e-06, 2.65444964498e-06, 7.79722824973e-07, 5.13875875185e-07, 5.57800376555e-07, 5.38112487902e-07, 6.08340087638e-07, 3.03878323393e-07, 1.56678623853e-07, 1.08291239087e-07, 4.62682443469e-08, 1.99975698223e-08, 1.61466555681e-08, 4.11384615262e-09, 6.98550828293e-10, 2.51551807162e-10, 1.31051072771e-10],
        "dvar": [2.60964752412e-12, 1.47831413777e-10, 4.01828847973e-11, 2.35067770804e-10, 3.69809960432e-10, 1.09223297073e-09, 7.12302106187e-10, 1.21811547515e-08, 3.36326544392e-09, 1.14237574955e-09, 4.42944764201e-10, 2.8785188122e-10, 2.54218951445e-10, 2.38026487409e-10, 8.22848900128e-10, 5.90652693422e-10, 2.24961271833e-10, 8.7768792234e-11, 6.66613361733e-11, 1.45793641049e-10, 4.40203862945e-12, 1.19144936972e-11, 1.89249137195e-12, 1.86058568726e-12, 4.77366713866e-12, 7.59439223747e-13, 2.11946603389e-13, 3.08158256941e-13, 1.87575866298e-13, 2.06669466154e-13, 6.89068282143e-14, 2.30563011988e-14, 1.36407397083e-14, 2.52003419116e-15, 3.59970023751e-16, 2.35351439587e-16, 1.13539315459e-17, 4.47686380933e-19, 4.80874954447e-20, 1.15399660296e-20],
        "dvar2": [6.6155206313e-12, 4.14410672445e-10, 1.134795799e-10, 7.31869065351e-10, 1.19683640776e-09, 3.56807761115e-09, 1.74060466041e-09, 2.98708719981e-08, 8.77353656392e-09, 3.32000915648e-09, 1.05539543771e-09, 7.20235759921e-10, 6.86009027362e-10, 7.09138303634e-10, 2.1244803694e-09, 1.00423280802e-09, 4.81171880118e-10, 2.71361599857e-10, 1.74637873607e-10, 3.94328181219e-10, 1.15911351697e-11, 3.26780894011e-11, 4.46756694139e-12, 5.56984579986e-12, 1.38876375677e-11, 2.01754606945e-12, 6.58672606475e-13, 8.53944952944e-13, 5.65993270047e-13, 5.89027578882e-13, 2.08781275146e-13, 6.82649805282e-14, 3.96893347181e-14, 7.59237135238e-15, 1.05326365881e-15, 6.41374777029e-16, 3.15273570815e-17, 1.26349977411e-18, 1.33087298877e-19, 3.0859989004e-20],
        "max": [8.17373165773e-06, 9.22309263842e-05, 4.71930870845e-05, 0.000110565270006, 0.000108847409138, 0.000158213471877, 0.000251383404247, 0.000726856291294, 0.000345253822161, 0.00020516270888, 0.000106104438601, 0.000116885821626, 9.58499294939e-05, 0.000103522543213, 0.000161519332323, 0.000145244048326, 0.00011890908354, 5.87971626373e-05, 5.39291941095e-05, 0.000110104563646, 1.13575879368e-05, 2.67987907137e-05, 1.00083580037e-05, 7.9969795479e-06, 1.20850936582e-05, 6.71549241815e-06, 2.52275458479e-06, 3.62485366168e-06, 2.14430610868e-06, 2.42824671659e-06, 1.51159076722e-06, 8.40838538352e-07, 6.32134515399e-07, 2.72084434982e-07, 8.41202378865e-08, 1.08034413415e-07, 1.76976602262e-08, 3.2373859149e-09, 1.08242870223e-09, 6.58881504911e-10],
        "mean": [2.40063377532e-06, 1.39451167342e-05, 9.23088191485e-06, 2.01684979402e-05, 2.56567036558e-05, 3.66725435015e-05, 3.37502569892e-05, 8.33683443489e-05, 4.56298221252e-05, 2.73420700978e-05, 1.77187012014e-05, 1.41912350955e-05, 1.23295440062e-05, 9.24857522477e-06, 1.89451620827e-05, 1.54748613568e-05, 1.11488534458e-05, 5.47464014744e-06, 4.72210422231e-06, 6.35985907138e-06, 1.86299962479e-06, 2.61351578956e-06, 1.29997863496e-06, 1.07376661163e-06, 1.47090293012e-06, 4.84421661895e-07, 2.58556610788e-07, 2.77706504903e-07, 2.90558233473e-07, 3.05547530388e-07, 1.45201482837e-07, 6.85696832647e-08, 4.46219097228e-08, 1.83690183064e-08, 8.27324520003e-09, 7.64275487342e-09, 2.11162132224e-09, 3.17183029841e-10, 1.21303592171e-10, 7.36110686295e-11],