{
"metadata": {
    "version": {
        "essentia": "2.0.1",
        "extractor": "archive-music 1.0 mod ismir14"
    },
    "audio_properties": {
        "analysis_sample_rate": 44100,
        "bitrate": 112,
        "channels": 2,
        "equal_loudness": 0,
        "length": 30.0669155121,
        "replay_gain": -10.2259140015,
        "downmix": "mix"
    },
    "tags": {
        "track": 0,
        "year": 0,
        "album": "",
        "artist": "",
        "comment": "",
        "genre": "",
        "title": ""
    }
},
"rhythm": {
    "bpm": 172.265594482,
    "bpm_histogram_first_peak": 172,
    "bpm_histogram_first_peak_spread": 0,
    "bpm_histogram_first_peak_weight": 0.5,
    "bpm_histogram_second_peak": 178,
    "bpm_histogram_second_peak_spread": 0,
    "bpm_histogram_second_peak_weight": 0.27380952239
},
"tonal": {
    "tuning_frequency": {
        "dmean": 0.0704049915075,
        "dmean2": 0.11939047277,
        "dvar": 0.561298549175,
        "dvar2": 1.33238208294,
        "max": 447.691040039,
        "mean": 434.683410645,
        "median": 433.691802979,
        "min": 432.690917969,
        "var": 2.54520153999
    },
    "hpcp": {
        "dmean": [0.083330437541, 0.148029923439, 0.156575009227, 0.154601469636, 0.0322970300913, 0.081745095551, 0.0804007127881, 0.122004523873, 0.0545265823603, 0.0587898828089, 0.14268669486, 0.0618390217423],
        "dmean2": [0.147705569863, 0.267203211784, 0.286726385355, 0.277763217688, 0.0575259178877, 0.142656162381, 0.144247725606, 0.215221241117, 0.0982387810946, 0.103867247701, 0.240934625268, 0.113580979407],
        "dvar": [0.0409079901874, 0.0686830207705, 0.0796570032835, 0.0851940885186, 0.0191217921674, 0.0444027110934, 0.0444952808321, 0.0676337629557, 0.0305419415236, 0.0254487339407, 0.0592829696834, 0.0290037430823],
        "dvar2": [0.104023292661, 0.175354421139, 0.210534989834, 0.169302001595, 0.0467303283513, 0.102667525411, 0.0891201272607, 0.134619861841, 0.0737585425377, 0.0618834123015, 0.119834654033, 0.0748485699296],
        "max": [1, 1, 1, 1, 1, 1, 1, 1, 1, 1, 1, 1],
        "mean": [0.0805196985602, 0.187589228153, 0.144779652357, 0.313151180744, 0.0252709146589, 0.109036423266, 0.123597957194, 0.187349021435, 0.0530242808163, 0.0619138069451, 0.330648750067, 0.0511777848005],
        "median": [0.0104067735374, 0.0343009456992, 0.031581480056, 0.0505418404937, 0.00119097880088, 0.0114612653852, 0.00142344331834, 0.0103545663878, 0.00269829458557, 0.00451488932595, 0.0990495383739, 0.00363676459529],
        "min": [0, 0, 3.07366326524e-06, 7.03294745108e-06, 0, 2.61463010247e-05, 0, 2.70053283202e-06, 0, 0, 1.89681702523e-06, 8.72555483511e-06],
        "var": [0.0421080216765, 0.101804405451, 0.0716240629554, 0.172507047653, 0.0151185253635, 0.0688481703401, 0.0874900519848, 0.11875449121, 0.034908041358, 0.0338218025863, 0.158915683627, 0.0238308906555]
    }
},
"lowlevel": {
    "melbands": {
        "dmean": [1.71219789991e-06, 4.15359136241e-05, 5.49420874449e-05, 0.000503572984599, 0.000501895498019, 0.000268699775916, 0.000112919929961, 9.64790742728e-05, 5.669798702e-05, 3.94702947233e-05, 3.2710886444e-05, 2.00393460545e-05, 3.40636870533e-05, 1.29874078993e-05, 1.01611321952e-05, 8.52373341331e-06, 1.75018740265e-05, 8.4618513938e-06, 9.88356077869e-06, 2.75996876553e-06, 3.97494886784e-06, 3.88331363865e-06, 2.21688651436e-06, 2.73283217211e-06, 7.06045057086e-06, 7.32515263735e-06, 2.11603628486e-06, 1.15568104775e-06, 3.96771667965e-07, 2.55428858509e-07, 9.89213617686e-08, 1.59159139201e-08, 2.99204883092e-09, 6.57832066597e-10, 2.62446703259e-10, 1.09805588233e-10, 4.53722753813e-11, 2.15442299417e-11, 1.53215860138e-11, 3.9780704772e-12],
        "dmean2": [2.74067724604e-06, 6.41989827272e-05, 8.23468726594e-05, 0.000777018314693, 0.000786642369349, 0.000416539638536, 0.000176145898877, 0.000149188141222, 9.08803704078e-05, 6.44399769953e-05, 4.931145304e-05, 3.10283649014e-05, 5.28728742211e-05, 2.002844667e-05, 1.66222762346e-05, 1.35095506266e-05, 2.83229583147e-05, 1.34110468935e-05, 1.50560672409e-05, 4.20147307523e-06, 6.43491512164e-06, 6.43315252091e-06, 3.63426397598e-06, 4.21616869062e-06, 1.09409520519e-05, 1.12183743113e-05, 3.3874566725e-06, 1.86829265658e-06, 6.16856198121e-07, 3.96391925506e-07, 1.53040488726e-07, 2.57345806887e-08, 4.82232032084e-09, 1.05956754481e-09, 4.14270534543e-10, 1.72749883842e-10, 6.97426491558e-11, 3.28565438745e-11, 2.3648832892e-11, 6.61709315813e-12],
        "dvar": [4.80682854631e-12, 8.02495847552e-09, 1.14469687063e-08, 1.81449252068e-06, 8.2426197423e-07, 1.46505684029e-07, 4.95458678529e-08, 6.2316374283e-08, 4.43355965274e-08, 1.54618486903e-08, 1.29545494332e-08, 5.47229994652e-09, 1.49790189141e-08, 1.99994065753e-09, 1.72346859006e-09, 4.07803540936e-10, 3.33132410546e-09, 3.17177645259e-10, 4.31542551693e-10, 2.5609859719e-11, 5.19018855671e-11, 7.14149087089e-11, 2.83186529781e-11, 3.60228756546e-11, 3.96225025012e-10, 3.87178650252e-10, 2.01594574367e-11, 7.87024004995e-12, 1.61749595922e-12, 1.73014825123e-12, 3.36469838536e-13, 4.18441856889e-15, 6.32002463347e-16, 8.16203925824e-18, 7.53037208925e-19, 1.74799199584e-19, 6.03224499008e-20, 4.42262680441e-20, 3.03379120217e-20, 8.61547483039e-22],
        "dvar2": [1.18018485609e-11, 1.28698065538e-08, 2.20869988965e-08, 3.80107326237e-06, 1.87073749203e-06, 3.45718405015e-07, 1.25206938151e-07, 1.52311372403e-07, 1.10285739652e-07, 3.52895632716e-08, 2.8091937665e-08, 1.17315455128e-08, 3.28088312074e-08, 3.79756670554e-09, 3.77666253826e-09, 8.84862849659e-10, 5.73881520083e-09, 7.7066741877e-10, 8.1414353037e-10, 5.612970852e-11, 1.27818769458e-10, 1.79612311135e-10, 6.54078111118e-11, 6.90488916044e-11, 9.42569577944e-10, 7.63389962355e-10, 4.99576838231e-11, 1.90337832301e-11, 3.69993488972e-12, 4.24892933337e-12, 8.00125482363e-13, 9.39467026986e-15, 1.60696052022e-15, 1.6866766901e-17, 1.76655586749e-18, 4.48441028146e-19, 1.5119176217e-19, 1.10705368314e-19, 7.59981235071e-20, 2.16264493032e-21],
        "max": [3.043380093e-05, 0.00225635315292, 0.00162046717014, 0.0301953479648, 0.0138336615637, 0.00363842630759, 0.00219242810272, 0.00280096405186, 0.0027617525775, 0.00148352130782, 0.00142338627484, 0.000912992865779, 0.00170351448469, 0.000610653078184, 0.000541571527719, 0.000281783752143, 0.00127486686688, 0.000180903211003, 0.000422320357757, 8.13994629425e-05, 6.97015711921e-05, 0.000107974476123, 5.35702602065e-05, 8.64289759193e-05, 0.000303506909404, 0.000316439633025, 4.23771380156e-05, 2.61905752268e-05, 2.02994469873e-05, 2.53916950896e-05, 1.20663708003e-05, 1.0915631492e-06, 5.20337380294e-07, 3.8642870237e-08, 1.09118314384e-08, 4.80032458228e-09, 3.56023766024e-09, 3.41241146451e-09, 2.78903500295e-09, 4.34804192651e-10],
        "mean": [2.26450038099e-06, 7.25446006982e-05, 0.0001070405051, 0.000876501551829, 0.000836464576423, 0.000386078376323, 0.000148667822941, 0.000147676284541, 6.54882096569e-05, 4.1668117774e-05, 3.98045012844e-05, 2.13788862311e-05, 3.79917801183e-05, 1.42771732499e-05, 1.18808256957e-05, 9.50975754677e-06, 2.00942668016e-05, 9.66816696746e-06, 1.29578456836e-05, 3.65846176464e-06, 4.31612215834e-06, 3.85943576475e-06, 2.45426008405e-06, 3.35446179633e-06, 7.13018698661e-06, 7.96964923211e-06, 2.15571571971e-06, 1.07576954633e-06, 3.70207317246e-07, 2.15356848798e-07, 8.54910027215e-08, 1.4720952457e-08, 2.54361687269e-09, 7.03250513379e-10, 2.91223878346e-10, 1.22670817948e-10, 4.78326198095e-11, 1.8299259677e-11, 9.52467445192e-12, 2.51320405459e-12],