{
"metadata": {
    "version": {
        "essentia": "2.0.1",
        "extractor": "archive-music 1.0 mod ismir14"
    },
    "audio_properties": {
        "analysis_sample_rate": 44100,
        "bitrate": 128,
        "channels": 2,
        "equal_loudness": 0,
        "length": 30.0669155121,
        "replay_gain": -14.8216972351,
        "downmix": "mix"
    },
    "tags": {
        "track": 0,
        "year": 0,
        "album": "",
        "artist": "",
        "comment": "",
        "genre": "",
        "title": ""
    }
},
"rhythm": {
    "bpm": 109.27457428,
    "bpm_histogram_first_peak": 110,
    "bpm_histogram_first_peak_spread": 0.490566015244,
    "bpm_histogram_first_peak_weight": 0.509433984756,
    "bpm_histogram_second_peak": 0,
    "bpm_histogram_second_peak_spread": 0,
    "bpm_histogram_second_peak_weight": 0
},
"tonal": {
    "tuning_frequency": {
        "dmean": 0.0439325012267,
        "dmean2": 0.061570558697,
        "dvar": 0.122549913824,
        "dvar2": 0.118454970419,
        "max": 452.37008667,
        "mean": 442.07333374,
        "median": 441.527557373,
        "min": 440.508575439,
        "var": 1.13131356239
    },
    "hpcp": {
        "dmean": [0.134002044797, 0.0769839137793, 0.0679645016789, 0.129753246903, 0.0753003656864, 0.111577555537, 0.0557820312679, 0.082943931222, 0.109904229641, 0.0487053915858, 0.120961815119, 0.0788826793432],
        "dmean2": [0.241050064564, 0.141059100628, 0.121021322906, 0.220933586359, 0.137571111321, 0.194869965315, 0.105893917382, 0.143528521061, 0.181785166264, 0.0896589905024, 0.203835293651, 0.146168887615],
        "dvar": [0.0708654224873, 0.0426414161921, 0.0323409810662, 0.056437779218, 0.0391106083989, 0.046697344631, 0.0261319186538, 0.0317227505147, 0.044500336051, 0.0227222759277, 0.0521663315594, 0.0417683832347],
        "dvar2": [0.186070457101, 0.106244981289, 0.0858678966761, 0.120206944644, 0.102452248335, 0.120085455477, 0.0756201595068, 0.0795328691602, 0.109450466931, 0.0635483190417, 0.130819812417, 0.112218432128],
        "max": [1, 1, 1, 1, 1, 1, 1, 1, 1, 1, 1, 1],
        "mean": [0.170363619924, 0.210417687893, 0.0502787344158, 0.413541674614, 0.0524774342775, 0.217355191708, 0.0337697193027, 0.100142501295, 0.206625193357, 0.032884132117, 0.216950520873, 0.0523481853306],
        "median": [0.0225277263671, 0.00468126125634, 0.00356621202081, 0.16024337709, 0.00267793983221, 0.036136649549, 0.00244572898373, 0.0113835670054, 0.0594173185527, 0.0023261772003, 0.0525687970221, 0.00235644145869],
        "min": [0, 1.06420648081e-05, 3.94124162995e-06, 0, 3.12216411658e-06, 9.59233148023e-07, 8.48489605687e-07, 0, 1.82082135325e-06, 0, 6.10163806414e-06, 1.82122414571e-06],
        "var": [0.0966358557343, 0.145581454039, 0.0241974294186, 0.189353600144, 0.0293378718197, 0.119151122868, 0.0150657016784, 0.0496420562267, 0.100246831775, 0.0142204035074, 0.106743849814, 0.0282742772251]
    }
},
"lowlevel": {
    "melbands": {
        "dmean": [0.000504855473991, 0.00086445803754, 0.000624482345302, 0.00039562326856, 0.000164763448993, 0.000151116677443, 8.69725845405e-05, 0.000121963763377, 0.000168327896972, 0.000113030873763, 2.71214958047e-05, 3.26465997205e-05, 1.97846075025e-05, 2.19287048822e-05, 2.13832172449e-05, 2.07791999856e-05, 1.94081803784e-05, 1.66821628227e-05, 9.46867112361e-06, 1.51001968334e-05, 6.85910799803e-06, 4.89085550726e-06, 5.05923571836e-06, 3.3461028579e-06, 1.97341978492e-06, 1.39834344282e-06, 8.55806320033e-07, 6.04405386184e-07, 6.51866002954e-07, 4.83930023165e-07, 4.14845771957e-07, 4.03525547199e-07, 3.66757916481e-07, 2.56805407162e-07, 2.09236333149e-07, 1.51041518848e-07, 8.44737968464e-08, 2.83136092349e-08, 6.91465329439e-09, 6.91377011197e-10],
        "dmean2": [0.000865984358825, 0.00140777463093, 0.000952611735556, 0.000651569745969, 0.000266045768512, 0.000225792071433, 0.000138716728543, 0.000186114441021, 0.000261023349594, 0.000179651411599, 4.11453256675e-05, 5.49584874534e-05, 2.99429048027e-05, 3.51171293005e-05, 3.39757425536e-05, 3.29953945766e-05, 3.2114712667e-05, 2.61224759015e-05, 1.47659193317e-05, 2.29502074944e-05, 1.08354397526e-05, 7.63954176364e-06, 8.08954064269e-06, 5.32435478817e-06, 3.16892874253e-06, 2.23694451051e-06, 1.33318940243e-06, 9.08086292384e-07, 9.73736746346e-07, 7.25136317214e-07, 6.29119028872e-07, 5.78504909754e-07, 5.26350220298e-07, 3.69606283357e-07, 2.86639476599e-07, 2.08589383988e-07, 1.16954616658e-07, 3.9513437855e-08, 9.7109067454e-09, 1.03943753604e-09],
        "dvar": [1.82513463187e-06, 1.46992852024e-06, 5.60817909445e-07, 5.25174414179e-07, 4.59154172461e-08, 7.14728685125e-08, 2.11553548013e-08, 6.20925817429e-08, 9.89656356865e-08, 7.58597593631e-08, 4.31407354284e-09, 1.01414627807e-08, 2.81917755807e-09, 3.07509306907e-09, 3.70278563366e-09, 2.39765052257e-09, 1.6325226726e-09, 1.70109071274e-09, 4.42133996081e-10, 2.24576623964e-09, 1.88712517835e-10, 7.22095230832e-11, 1.22006071912e-10, 4.24433994894e-11, 1.10273829998e-11, 8.98145099959e-12, 2.64311402626e-12, 1.25950573755e-12, 1.37552263416e-12, 8.66609518521e-13, 7.31417910179e-13, 6.79281284e-13, 6.15775280158e-13, 4.08329836957e-13, 4.22218900467e-13, 3.28547573262e-13, 1.49404739882e-13, 1.12132305259e-14, 6.77544142668e-16, 1.60290281551e-17],
        "dvar2": [4.94125333717e-06, 3.70054863197e-06, 1.40942131566e-06, 1.4808205151e-06, 1.25376800497e-07, 1.5125620223e-07, 4.99751919847e-08, 1.34001624019e-07, 2.11938868233e-07, 1.75252225176e-07, 7.38734318162e-09, 2.38531026042e-08, 6.37230090916e-09, 7.52750750621e-09, 8.64729621242e-09, 5.52086110162e-09, 4.12362322066e-09, 3.44293638044e-09, 9.57289580938e-10, 5.3864637195e-09, 4.63191929256e-10, 1.9503090809e-10, 2.91691643062e-10, 1.04433836579e-10, 2.5737032297e-11, 2.3353114581e-11, 6.44400635283e-12, 2.92252333445e-12, 3.00402432964e-12, 1.91371874944e-12, 1.64169556855e-12, 1.37911069283e-12, 1.15963185235e-12, 7.49076419383e-13, 7.6481036131e-13, 6.01206259256e-13, 2.84655355927e-13, 1.82996081125e-14, 1.27673858475e-15, 3.90757176607e-17],
        "max": [0.00983842276037, 0.00926509033889, 0.00850945245475, 0.00573840737343, 0.00165770074818, 0.00245673093013, 0.00142676988617, 0.00258247717284, 0.0036508848425, 0.0041583776474, 0.0011627896456, 0.00155904702842, 0.000861966749653, 0.000505882664584, 0.00064656190807, 0.000501037866343, 0.000390949193388, 0.000615944038145, 0.000222656948608, 0.0010969475843, 0.000247532356298, 9.62977355812e-05, 0.000173274544068, 9.06249406398e-05, 3.21729385178e-05, 4.0367951442e-05, 2.0624283934e-05, 9.93453340925e-06, 1.10096625576e-05, 8.05260606285e-06, 7.58158557801e-06, 7.489620657e-06, 1.0927895346e-05, 9.51791935222e-06, 1.50137466335e-05, 1.37581264426e-05, 9.22463823372e-06, 2.46893728217e-06, 6.00469604706e-07, 8.70646132967e-08],
        "mean": [0.000643968465738, 0.00264031346887, 0.00191226706374, 0.000721382908523, 0.000301966734696, 0.000264954782324, 0.000140932708746, 0.000174485932803, 0.00023872606107, 0.000177740701474, 3.7601304939e-05, 3.88551270589e-05, 2.62238536379e-05, 2.59775370068e-05, 2.52627869486e-05, 2.75372658507e-05, 2.46278632403e-05, 2.35486040765e-05, 1.3045398191e-05, 2.69316587946e-05, 1.12950701805e-05, 7.80544905865e-06, 1.05258086478e-05, 6.27064946457e-06, 3.05771277453e-06, 1.93703726836e-06, 1.07881669464e-06, 7.31003353849e-07, 8.15767180029e-07, 5.78990523081e-07, 4.77122512166e-07, 4.76179621955e-07, 4.34259362692e-07, 3.18047227665e-07, 2.47983763302e-07, 1.66432215565e-07, 9.09946251682e-08, 3.10072287846e-08, 7.31068450222e-09, 6.27801699515e-10],