{
"metadata": {
    "version": {
        "essentia": "2.0.1",
        "extractor": "archive-music 1.0 mod ismir14"
    },
    "audio_properties": {
        "analysis_sample_rate": 44100,
        "bitrate": 32,
        "channels": 2,
        "equal_loudness": 0,
        "length": 30.0408172607,
        "replay_gain": -14.8404006958,
        "downmix": "mix"
    },
    "tags": {
        "track": 0,
        "year": 0,
        "album": "",
        "artist": "",
        "comment": "",
        "genre": "",
        "title": ""
    }
},
"rhythm": {
    "bpm": 109.314041138,
    "bpm_histogram_first_peak": 110,
    "bpm_histogram_first_peak_spread": 0.396226406097,
    "bpm_histogram_first_peak_weight": 0.603773593903,
    "bpm_histogram_second_peak": 0,
    "bpm_histogram_second_peak_spread": 0,
    "bpm_histogram_second_peak_weight": 0
},
"tonal": {
    "tuning_frequency": {
        "dmean": 0.205025941133,
        "dmean2": 0.383986383677,
        "dvar": 0.689888656139,
        "dvar2": 1.58717167377,
        "max": 446.399932861,
        "mean": 440.745544434,
        "median": 439.745910645,
        "min": 439.745910645,
        "var": 2.31305289268
    },
    "hpcp": {
        "dmean": [0.108285859227, 0.0910552442074, 0.035457842052, 0.152313023806, 0.03867001459, 0.140296161175, 0.0369316339493, 0.099456101656, 0.12555795908, 0.0309507790953, 0.170626789331, 0.0651037320495],
        "dmean2": [0.204648882151, 0.161304503679, 0.0654270872474, 0.258080363274, 0.0677224621177, 0.230133742094, 0.0665445849299, 0.166559204459, 0.22586260736, 0.0584866888821, 0.286347210407, 0.122252494097],
        "dvar": [0.0393863767385, 0.0540526546538, 0.00242234603502, 0.0679036229849, 0.0103516802192, 0.0452697724104, 0.00761752668768, 0.0317772515118, 0.0334527418017, 0.0038544263225, 0.0669448673725, 0.0207103621215],
        "dvar2": [0.0961642339826, 0.103993602097, 0.00604541320354, 0.157525107265, 0.0280018895864, 0.0997413247824, 0.0209649950266, 0.0816395431757, 0.06924354285, 0.0111141586676, 0.141281306744, 0.0575638711452],
        "max": [1, 1, 0.234899535775, 1, 1, 1, 0.774355888367, 1, 1, 0.514303505421, 1, 0.936534225941],
        "mean": [0.160396710038, 0.247907236218, 0.0289724674076, 0.461311429739, 0.0315151661634, 0.252138704062, 0.0295450259, 0.101285032928, 0.22861649096, 0.0238211657852, 0.221772387624, 0.0444197170436],
        "median": [0.0408241413534, 0.0184700135142, 0.0116165028885, 0.287258923054, 0.0100971171632, 0.0704696401954, 0.0102581987157, 0.0237857494503, 0.106103502214, 0.00973690208048, 0.0854570716619, 0.0102240601555],
        "min": [9.75307630142e-05, 0.000267796451226, 0.000117508294352, 0.000797408865765, 0.000170521874679, 0.000487995304866, 0.000202919298317, 0.000855767750181, 0.000657005817629, 0.000106029445305, 0.000462126889033, 0.000434664369095],
        "var": [0.0761230587959, 0.165156140924, 0.00203226157464, 0.193521797657, 0.00784640945494, 0.123434923589, 0.00491625675932, 0.0367963388562, 0.0919847115874, 0.00225103273988, 0.0989720076323, 0.0130288619548]
    }
},
"lowlevel": {
    "melbands": {
        "dmean": [0.000141470824019, 0.000269515818218, 0.000169918741449, 0.000108293890662, 4.39071409346e-05, 5.77501268708e-05, 2.55548275163e-05, 3.85067505704e-05, 5.7977031247e-05, 4.32336346421e-05, 1.01900041045e-05, 1.09874645204e-05, 7.76510751166e-06, 7.58557280278e-06, 6.33831632513e-06, 6.84169890519e-06, 6.33801391814e-06, 6.89320995662e-06, 3.74624369215e-06, 5.34951368536e-06, 2.39039422922e-06, 1.62305832418e-06, 1.81201835403e-06, 1.11298516003e-06, 6.39303266325e-07, 4.36065192844e-07, 2.9106860211e-07, 2.15525872704e-07, 2.40895531078e-07, 1.74528793195e-07, 1.43724378177e-07, 1.51436296392e-07, 1.41326708558e-07, 1.15639323894e-07, 9.25214465042e-08, 7.72231203428e-08, 7.04303104726e-08, 4.64731648719e-08, 3.64682364307e-08, 3.1978110826e-08],
        "dmean2": [0.000262030865997, 0.000452474079793, 0.000277823244687, 0.000184755859664, 6.99171723682e-05, 0.000100873883639, 4.34353860328e-05, 6.4361069235e-05, 9.62387421168e-05, 7.04487538314e-05, 1.84806831385e-05, 2.03407580557e-05, 1.40893198477e-05, 1.37940760396e-05, 1.10275223051e-05, 1.21494340419e-05, 1.12428360808e-05, 1.21319599202e-05, 6.57419968775e-06, 7.83784707892e-06, 4.042598448e-06, 2.89150125354e-06, 2.71667681773e-06, 1.67575808518e-06, 1.12785971851e-06, 7.83663665516e-07, 5.36238019322e-07, 3.99048843747e-07, 4.3568073238e-07, 3.1785211263e-07, 2.6344613957e-07, 2.81175289274e-07, 2.62981586729e-07, 2.16060215052e-07, 1.71946652472e-07, 1.48025776525e-07, 1.36880359491e-07, 8.97058498595e-08, 7.01844271589e-08, 6.13824724383e-08],
        "dvar": [4.22216253071e-08, 8.48715728807e-08, 3.58134855105e-08, 1.1503692221e-08, 1.47918610693e-09, 7.40113081932e-09, 1.09541498095e-09, 4.23845669673e-09, 1.09228190937e-08, 7.43767092359e-09, 6.38296859812e-10, 1.04965403036e-09, 3.89870108419e-10, 1.73872499731e-10, 1.52958298805e-10, 1.90521418086e-10, 1.39653150155e-10, 2.17368012478e-10, 4.34370039937e-11, 2.20223797531e-10, 1.53892384946e-11, 5.27626596927e-12, 1.07780199696e-11, 3.07705575429e-12, 7.47142907438e-13, 2.84268864958e-13, 9.60839480896e-14, 6.17045070638e-14, 9.59584652406e-14, 4.93153627201e-14, 3.42807345824e-14, 5.04133512008e-14, 5.24247291899e-14, 5.99716809416e-14, 5.65313617586e-14, 6.43006698234e-14, 8.24165429371e-14, 2.61995201873e-14, 1.48303204027e-14, 1.33837600765e-14],
        "dvar2": [1.14176181398e-07, 2.1591485222e-07, 8.53792414546e-08, 3.11821892751e-08, 3.56619089814e-09, 1.97517984191e-08, 2.26875562781e-09, 1.07826467755e-08, 3.27613314255e-08, 1.8066277363e-08, 1.90687998725e-09, 3.06555425489e-09, 1.11280462622e-09, 4.96421737051e-10, 4.32610891554e-10, 5.01007457743e-10, 3.57693680231e-10, 5.92535798205e-10, 1.18640125502e-10, 3.13800735396e-10, 3.36346402119e-11, 1.59729781485e-11, 1.94731366449e-11, 5.35557318979e-12, 1.86053494659e-12, 7.61657664022e-13, 2.63346853005e-13, 1.53817117463e-13, 2.44128935817e-13, 1.21795545112e-13, 8.91553744351e-14, 1.36682033964e-13, 1.44505433552e-13, 1.7395237811e-13, 1.65913235841e-13, 1.90475551456e-13, 2.45139439347e-13, 7.73408979004e-14, 4.36765695225e-14, 3.94694957869e-14],
        "max": [0.000888164737262, 0.00185408454854, 0.00176833127625, 0.000651938782539, 0.000259780092165, 0.000457199988887, 0.000174445740413, 0.000431004271377, 0.00078266474884, 0.000677764241118, 0.000181608440471, 0.000282241497189, 0.000157746006153, 8.3863560576e-05, 9.59096287261e-05, 9.40102836466e-05, 8.1598838733e-05, 0.000125757942442, 4.05866921938e-05, 0.000199318543309, 4.3566164095e-05, 1.35008676807e-05, 2.70756809186e-05, 1.73018579517e-05, 4.99221187056e-06, 3.48119669979e-06, 1.39799408316e-06, 1.20364552458e-06, 2.09931113204e-06, 9.88973738458e-07, 8.74696922892e-07, 1.25860162825e-06, 1.60171464358e-06, 2.03614945349e-06, 2.11679957829e-06, 2.31212243307e-06, 2.6333268579e-06, 1.48150093082e-06, 1.11541783099e-06, 1.07106632186e-06],
        "mean": [0.000150776599185, 0.000659177778289, 0.000473253807286, 0.00017588918854, 7.3512441304e-05, 6.75257542753e-05, 3.41343838954e-05, 4.18315103161e-05, 6.00563835178e-05, 4.31032058259e-05, 9.10611834115e-06, 9.8110494946e-06, 6.34785874354e-06, 6.31878174318e-06, 5.88930561207e-06, 6.52005655866e-06, 6.18829199084e-06, 6.12513485976e-06, 3.39238999914e-06, 6.52010203339e-06, 2.81849929706e-06, 1.95520328816e-06, 2.59138778347e-06, 1.51538984028e-06, 7.55681583087e-07, 4.73520884725e-07, 2.67803329734e-07, 1.83766104556e-07, 2.06623425925e-07, 1.44871521002e-07, 1.14868804246e-07, 1.16628321223e-07, 1.06389144605e-07, 8.43507734771e-08, 6.971608002e-08, 5.50693854962e-08, 4.71565186899e-08, 3.13899235493e-08, 2.49718343781e-08, 2.2227645502e-08],