{
"metadata": {
    "version": {
        "essentia": "2.0.1",
        "extractor": "archive-music 1.0 mod ismir14"
    },
    "audio_properties": {
        "analysis_sample_rate": 44100,
        "bitrate": 96,
        "channels": 2,
        "equal_loudness": 0,
        "length": 30.0669155121,
        "replay_gain": -13.4713459015,
        "downmix": "mix"
    },
    "tags": {
        "track": 0,
        "year": 0,
        "album": "",
        "artist": "",
        "comment": "",
        "genre": "",
        "title": ""
    }
},
"rhythm": {
    "bpm": 88.4114303589,
    "bpm_histogram_first_peak": 89,
    "bpm_histogram_first_peak_spread": 0.292683005333,
    "bpm_histogram_first_peak_weight": 0.674418568611,
    "bpm_histogram_second_peak": 83,
    "bpm_histogram_second_peak_spread": 0,
    "bpm_histogram_second_peak_weight": 0.0232558138669
},
"tonal": {
    "tuning_frequency": {
        "dmean": 0.129948839545,
        "dmean2": 0.244574680924,
        "dvar": 1.86824536324,
        "dvar2": 4.19042539597,
        "max": 456.04309082,
        "mean": 450.924499512,
        "median": 453.678466797,
        "min": 431.692352295,
        "var": 42.4607315063
    },
    "hpcp": {
        "dmean": [0.163146018982, 0.159457609057, 0.179383054376, 0.149922430515, 0.14278331399, 0.227541252971, 0.304574817419, 0.25999546051, 0.209049135447, 0.271058499813, 0.280586332083, 0.195259988308],
        "dmean2": [0.301380932331, 0.29640313983, 0.335280507803, 0.275257796049, 0.266062706709, 0.418364673853, 0.562178373337, 0.474576592445, 0.387950181961, 0.501120507717, 0.51995652914, 0.362803131342],
        "dvar": [0.0711458474398, 0.079175427556, 0.0844454020262, 0.0720348730683, 0.0676577463746, 0.0903900116682, 0.116853147745, 0.103167653084, 0.0922577902675, 0.105626948178, 0.110373973846, 0.0832576751709],
        "dvar2": [0.199846714735, 0.201809689403, 0.230944111943, 0.199334546924, 0.190506339073, 0.249277740717, 0.327364444733, 0.273457765579, 0.248109325767, 0.293525367975, 0.317724525928, 0.237828806043],
        "max": [1, 1, 1, 1, 1, 1, 1, 1, 1, 1, 1, 1],
        "mean": [0.135284736753, 0.134387075901, 0.150107353926, 0.12948282063, 0.104883566499, 0.225561454892, 0.285646080971, 0.249084562063, 0.177297890186, 0.242479383945, 0.248245641589, 0.158042386174],
        "median": [0.0297801084816, 0.0145234204829, 0.0244057681412, 0.0198870394379, 0.017239427194, 0.0542389266193, 0.0792422816157, 0.063349314034, 0.0279157683253, 0.0767618343234, 0.0721158757806, 0.0279523804784],
        "min": [0, 0, 0, 0, 0, 0, 0, 0, 0, 0, 0, 0],
        "var": [0.0618852898479, 0.0736822187901, 0.0767200812697, 0.067096196115, 0.0503267943859, 0.107909731567, 0.134380161762, 0.119751870632, 0.0882307216525, 0.110180139542, 0.113901495934, 0.0755854249001]
    }
},
"lowlevel": {
    "melbands": {
        "dmean": [0.000212650207686, 0.000779686088208, 0.000961702316999, 0.000488216028316, 0.000277053652098, 0.000434850080637, 0.000539930479135, 0.000385818013456, 0.000418393989094, 0.000251386023592, 0.000129954423755, 7.89359473856e-05, 6.2591607275e-05, 4.46645426564e-05, 6.20109276497e-05, 4.05534083256e-05, 4.31177395512e-05, 3.61638522008e-05, 2.78100797004e-05, 2.36496125581e-05, 2.07700541068e-05, 2.03565869015e-05, 2.46543659159e-05, 2.65558519459e-05, 1.95740394702e-05, 1.60289855557e-05, 1.14018739623e-05, 7.43415102988e-06, 4.39679570263e-06, 3.45350349562e-06, 2.48447076956e-06, 1.60170600338e-06, 7.72383032199e-07, 6.01677470513e-07, 5.23695575794e-07, 3.89174402926e-07, 2.539100592e-07, 1.0464653144e-07, 1.88700752801e-08, 1.03971820042e-09],
        "dmean2": [0.000364941108273, 0.00134172500111, 0.00166559347417, 0.00083018722944, 0.000464589218609, 0.000734164379537, 0.000955751573201, 0.000628839014098, 0.000704342091922, 0.000425323320087, 0.000202028866624, 0.000117082883662, 9.91991109913e-05, 6.96599381627e-05, 9.15981945582e-05, 6.46456537652e-05, 7.0204041549e-05, 5.87853173784e-05, 4.52753374702e-05, 3.91111461795e-05, 3.43247193086e-05, 3.21206644003e-05, 3.97767325921e-05, 4.24248246418e-05, 3.00632946164e-05, 2.57762749243e-05, 1.74862343556e-05, 1.17721774586e-05, 7.27136875867e-06, 5.58466490475e-06, 3.95614824811e-06, 2.60061278823e-06, 1.25760470837e-06, 1.00341810594e-06, 8.48864374348e-07, 6.25669031251e-07, 4.0804479795e-07, 1.68966266756e-07, 3.08123624393e-08, 1.73016823091e-09],
        "dvar": [9.03608992076e-08, 1.17540992051e-06, 1.56662895279e-06, 5.79555944569e-07, 1.62787486602e-07, 3.19680907523e-07, 8.46865077619e-07, 8.94069671631e-07, 5.19664865806e-07, 2.27798068408e-07, 8.55956940882e-08, 4.50553265807e-08, 3.96849202389e-08, 1.65395039886e-08, 4.76773394098e-08, 1.07562394547e-08, 1.82745303334e-08, 9.33531651981e-09, 6.27208951443e-09, 6.15570261431e-09, 3.17863690924e-09, 3.07472869387e-09, 3.3597906679e-09, 4.27062873953e-09, 2.41063591311e-09, 1.13713294336e-09, 9.44529343627e-10, 4.39698999433e-10, 8.77790132248e-11, 6.63064950168e-11, 3.78940871737e-11, 1.27296602079e-11, 2.42724677163e-12, 1.01263366182e-12, 9.85733196457e-13, 4.30987548167e-13, 2.07020652791e-13, 5.27397339667e-14, 2.72837337948e-15, 3.93978929288e-18],
        "dvar2": [2.64920089421e-07, 3.05137041323e-06, 4.40672556579e-06, 1.66806057678e-06, 4.32078195445e-07, 8.43561622332e-07, 2.40508256866e-06, 2.21093387154e-06, 1.49273171246e-06, 6.30403008017e-07, 2.17034738625e-07, 7.92937768779e-08, 8.74179661992e-08, 3.81942939498e-08, 1.08522463904e-07, 2.60553623121e-08, 4.32571987119e-08, 2.35453914144e-08, 1.64923008583e-08, 1.62771947032e-08, 8.50062953361e-09, 8.21379764204e-09, 8.69430127892e-09, 1.0964103403e-08, 5.47603296042e-09, 2.81577139383e-09, 1.88865345585e-09, 9.44111566703e-10, 2.26776986079e-10, 1.58040650011e-10, 8.55132839539e-11, 3.0070290008e-11, 6.03900653443e-12, 2.79365419686e-12, 2.69707173262e-12, 1.13882427794e-12, 5.42774646842e-13, 1.37459650867e-13, 7.66906849169e-15, 1.04926032633e-17],
        "max": [0.0040051555261, 0.0142932850868, 0.0155576318502, 0.0120563618839, 0.00551318377256, 0.00622516078874, 0.0104351062328, 0.010992991738, 0.0160056129098, 0.0122955702245, 0.00705320574343, 0.00558565557003, 0.00574418250471, 0.00355922826566, 0.00819747895002, 0.00271197780967, 0.00363975507207, 0.00181339518167, 0.00103211938404, 0.00169487204403, 0.000824928400107, 0.00140972144436, 0.00119590724353, 0.00139408116229, 0.00107775419019, 0.000723543169443, 0.000734673754778, 0.000669671746437, 0.000151011132402, 0.00027942773886, 0.000155782021466, 9.57744414336e-05, 3.67450811609e-05, 1.97686586034e-05, 1.77104320755e-05, 1.03320289782e-05, 8.82617860043e-06, 5.7384122556e-06, 1.17811657674e-06, 3.49306610303e-08],
        "mean": [0.000254741753452, 0.0010594218038, 0.00125585007481, 0.000717253191397, 0.000373564427719, 0.00064622820355, 0.000648053654004, 0.000498053093906, 0.000758276553825, 0.000435922382167, 0.00027961388696, 0.000154932335136, 0.000108928245027, 7.7549389971e-05, 0.000118897325592, 7.29205785319e-05, 7.47510493966e-05, 6.19299535174e-05, 4.35196270701e-05, 3.85653220292e-05, 3.58612560376e-05, 3.6735109461e-05, 5.59629224881e-05, 6.21344152023e-05, 3.976645894e-05, 3.39048201567e-05, 2.77461494989e-05, 1.59195788001e-05, 8.49435036798e-06, 6.92251614964e-06, 5.63050889468e-06, 3.45610942531e-06, 1.71091471657e-06, 1.3221217614e-06, 1.20641141166e-06, 8.32651551264e-07, 5.13045847583e-07, 2.02316783771e-07, 3.50915385638e-08, 1.78725745315e-09],