{
"metadata": {
    "version": {
        "essentia": "2.0.1",
        "extractor": "archive-music 1.0 mod ismir14"
    },
    "audio_properties": {
        "analysis_sample_rate": 44100,
        "bitrate": 128,
        "channels": 2,
        "equal_loudness": 0,
        "length": 30.0669155121,
        "replay_gain": -13.8431720734,
        "downmix": "mix"
    },
    "tags": {
        "track": 0,
        "year": 0,
        "album": "",
        "artist": "",
        "comment": "",
        "genre": "",
        "title": ""
    }
},
"rhythm": {
    "bpm": 90.2956161499,
    "bpm_histogram_first_peak": 91,
    "bpm_histogram_first_peak_spread": 0.341463446617,
    "bpm_histogram_first_peak_weight": 0.62790697813,
    "bpm_histogram_second_peak": 83,
    "bpm_histogram_second_peak_spread": 0.5,
    "bpm_histogram_second_peak_weight": 0.0232558138669
},
"tonal": {
    "tuning_frequency": {
        "dmean": 0.0864899307489,
        "dmean2": 0.153665304184,
        "dvar": 1.22317445278,
        "dvar2": 2.25245523453,
        "max": 456.570251465,
        "mean": 443.63885498,
        "median": 444.085327148,
        "min": 431.193908691,
        "var": 26.2008419037
    },
    "hpcp": {
        "dmean": [0.18422819674, 0.175529196858, 0.173082515597, 0.123083852232, 0.166192576289, 0.193929255009, 0.200230658054, 0.229729548097, 0.210983470082, 0.165840432048, 0.182381182909, 0.184574872255],
        "dmean2": [0.341159880161, 0.336372822523, 0.319460123777, 0.22907781601, 0.303093075752, 0.361975312233, 0.378325521946, 0.421255111694, 0.394012272358, 0.310975074768, 0.340995967388, 0.341728687286],
        "dvar": [0.0878861770034, 0.101850494742, 0.0832240432501, 0.0630802586675, 0.0758247971535, 0.0972266942263, 0.110291540623, 0.0994021743536, 0.106736369431, 0.084625005722, 0.0947035253048, 0.0831644535065],
        "dvar2": [0.230073302984, 0.288935750723, 0.243661016226, 0.182032123208, 0.211233153939, 0.27244630456, 0.29154664278, 0.258260786533, 0.291413992643, 0.240075156093, 0.271650314331, 0.2336615026],
        "max": [1, 1, 1, 1, 1, 1, 1, 1, 1, 1, 1, 1],
        "mean": [0.181364774704, 0.121443398297, 0.157768577337, 0.112136654556, 0.166733711958, 0.206281587481, 0.147313058376, 0.27181404829, 0.159972667694, 0.123064152896, 0.134740650654, 0.14999717474],
        "median": [0.0313242226839, 0.00812370143831, 0.0282311886549, 0.0106683848426, 0.0204430427402, 0.0287860203534, 0.00873821508139, 0.0745366066694, 0.0182077363133, 0.0151656297967, 0.0139279766008, 0.0264158472419],
        "min": [0, 0, 0, 0, 0, 0, 0, 0, 0, 0, 0, 0],
        "var": [0.0971112772822, 0.0763179138303, 0.0804680138826, 0.0644469037652, 0.0883397758007, 0.115271277726, 0.0919832438231, 0.13402710855, 0.0893420726061, 0.0647156015038, 0.0764769688249, 0.0737232267857]
    }
},
"lowlevel": {
    "melbands": {
        "dmean": [0.000752938736696, 0.0024933856912, 0.00122551084496, 0.000476776767755, 0.000336468481692, 0.000256760831689, 0.000283317291178, 0.000320212973747, 0.000460069510154, 0.000314906996209, 0.000143022611155, 0.000159674716997, 0.000141393466038, 9.7843912954e-05, 0.000139041920193, 0.000136509086587, 3.27283596562e-05, 2.52552181337e-05, 1.47661157825e-05, 1.77213696588e-05, 2.77070575976e-05, 2.07876873901e-05, 3.56842392648e-05, 2.54369060713e-05, 1.47786031448e-05, 1.73772132257e-05, 1.35118007165e-05, 8.10417805042e-06, 3.90384047932e-06, 3.21805100612e-06, 1.7363064444e-06, 8.57424083733e-07, 5.03041064803e-07, 3.91993324911e-07, 3.591759139e-07, 3.23903350363e-07, 1.65934153529e-07, 1.1102716968e-07, 3.05745331275e-08, 2.91159674148e-09],
        "dmean2": [0.00123677286319, 0.00453013367951, 0.00214685709216, 0.000809319491964, 0.000577261438593, 0.000437988463091, 0.00047153927153, 0.00050230557099, 0.000675435294397, 0.000432118395111, 0.000211340229725, 0.000223919967539, 0.000186531819054, 0.000154553315951, 0.000205585558433, 0.000196048145881, 4.74627340736e-05, 3.79411467293e-05, 2.36324431171e-05, 2.84445068246e-05, 4.49982617283e-05, 3.39891485055e-05, 5.72413919144e-05, 3.81982135877e-05, 2.23053248192e-05, 2.75196907751e-05, 2.00183676498e-05, 1.19609048852e-05, 5.87790509599e-06, 4.73790169053e-06, 2.69813585874e-06, 1.36349240165e-06, 8.09523100997e-07, 6.3380997517e-07, 5.74504554152e-07, 5.19868649462e-07, 2.63911402953e-07, 1.79813966383e-07, 4.84882178853e-08, 4.86984719217e-09],
        "dvar": [6.53712277199e-07, 8.31924535305e-06, 1.84613281817e-06, 4.693006872e-07, 5.36973345788e-07, 1.95163764261e-07, 2.3277954142e-07, 3.88684242125e-07, 8.6212082806e-07, 1.03777892946e-06, 2.86418099904e-07, 2.27534755481e-07, 1.36751552304e-07, 9.74439515744e-08, 1.36686225005e-07, 1.70796269572e-07, 8.93744633856e-09, 4.40595737672e-09, 6.52926102074e-10, 9.08361497132e-10, 3.28003224581e-09, 2.11699857644e-09, 6.33932284444e-09, 3.03387204248e-09, 8.91786922086e-10, 1.1317130566e-09, 8.53106807419e-10, 2.9240110333e-10, 6.34333974237e-11, 5.24962816273e-11, 1.29742102478e-11, 2.3614042579e-12, 6.0548023843e-13, 3.56436993636e-13, 3.44812882674e-13, 2.16695788375e-13, 7.13830036747e-14, 3.595636904e-14, 2.85875673753e-15, 3.25473303338e-17],
        "dvar2": [1.82294024853e-06, 2.75893526123e-05, 5.37539835932e-06, 1.21931577723e-06, 1.51144263327e-06, 5.40307780739e-07, 6.09281755715e-07, 9.08859476567e-07, 1.71298893292e-06, 1.82473934274e-06, 4.79035804801e-07, 3.70263506966e-07, 2.23643638719e-07, 2.3245698344e-07, 2.41315234462e-07, 2.91185898504e-07, 1.2243292602e-08, 9.26932663958e-09, 1.51012724547e-09, 2.23347984551e-09, 7.97989141432e-09, 5.57987833716e-09, 1.67552762775e-08, 6.25892138117e-09, 1.96099980698e-09, 2.877664107e-09, 1.7765883209e-09, 5.58050994304e-10, 1.24605367691e-10, 1.00260036384e-10, 2.90043301876e-11, 5.71918033765e-12, 1.50682656457e-12, 8.34273405567e-13, 8.00266103385e-13, 5.08442517689e-13, 1.69773456361e-13, 9.45383026962e-14, 6.16495608835e-15, 8.51054236171e-17],
        "max": [0.00852106977254, 0.0252106040716, 0.0130935395136, 0.00910248234868, 0.0111270025373, 0.00651519652456, 0.0107872746885, 0.0108607206494, 0.0181804653257, 0.0198883265257, 0.0259005203843, 0.0172261856496, 0.0150405755267, 0.00795581005514, 0.00878514256328, 0.0126095172018, 0.00441277213395, 0.00171800120734, 0.000398296862841, 0.000351347785909, 0.000901374907698, 0.000691267487127, 0.0011861108942, 0.000839685788378, 0.000585825473536, 0.000537009909749, 0.000534916995093, 0.000324188324157, 0.000157528324053, 0.000150396677782, 7.04174308339e-05, 3.71233691112e-05, 1.14934882731e-05, 9.71594727162e-06, 1.12117440949e-05, 7.00575219525e-06, 6.21128219791e-06, 4.10090888181e-06, 1.04604032458e-06, 1.28152166212e-07],
        "mean": [0.00128825742286, 0.00346778077073, 0.00182189664338, 0.000683118705638, 0.000443337543402, 0.000385295687011, 0.000445390702225, 0.000598045415245, 0.000904846645426, 0.00061001512222, 0.000237349333474, 0.000270570861176, 0.000315569021041, 0.000146506965393, 0.000231884492678, 0.000247983116424, 6.12400253885e-05, 4.25372600148e-05, 2.58431864495e-05, 3.03165179503e-05, 4.46518824901e-05, 3.45592925441e-05, 5.76841266593e-05, 4.57304377051e-05, 2.84043817373e-05, 3.12738811772e-05, 2.53941070696e-05, 1.52468783199e-05, 7.44240014683e-06, 5.79351853958e-06, 3.13724194712e-06, 1.63594290825e-06, 9.81118432719e-07, 8.52676237173e-07, 7.57878751756e-07, 6.5689408757e-07, 3.55723500434e-07, 2.35290670503e-07, 6.90711274842e-08, 5.09407716009e-09],