{
"metadata": {
    "version": {
        "essentia": "2.0.1",
        "extractor": "archive-music 1.0 mod ismir14"
    },
    "audio_properties": {
        "analysis_sample_rate": 44100,
        "bitrate": 64,
        "channels": 2,
        "equal_loudness": 0,
        "length": 30.0669155121,
        "replay_gain": -13.0022926331,
        "downmix": "mix"
    },
    "tags": {
        "track": 0,
        "year": 0,
        "album": "",
        "artist": "",
        "comment": "",
        "genre": "",
        "title": ""
    }
},
"rhythm": {
    "bpm": 88.3269577026,
    "bpm_histogram_first_peak": 89,
    "bpm_histogram_first_peak_spread": 0.333333313465,
    "bpm_histogram_first_peak_weight": 0.651162803173,
    "bpm_histogram_second_peak": 94,
    "bpm_histogram_second_peak_spread": 0,
    "bpm_histogram_second_peak_weight": 0.0232558138669
},
"tonal": {
    "tuning_frequency": {
        "dmean": 0.12416100502,
        "dmean2": 0.21518689394,
        "dvar": 2.21132421494,
        "dvar2": 3.703966856,
        "max": 455.779724121,
        "mean": 440.656890869,
        "median": 442.03793335,
        "min": 431.193908691,
        "var": 33.6749725342
    },
    "hpcp": {
        "dmean": [0.170032709837, 0.170969039202, 0.165778458118, 0.234549045563, 0.0925855711102, 0.151780992746, 0.206869378686, 0.243424713612, 0.162461206317, 0.128049433231, 0.260554581881, 0.0756087750196],
        "dmean2": [0.28536143899, 0.302000969648, 0.290682941675, 0.410015791655, 0.165459498763, 0.254348576069, 0.356561839581, 0.407737582922, 0.277934402227, 0.226523414254, 0.439593464136, 0.134615793824],
        "dvar": [0.0416280031204, 0.0621597990394, 0.0582072809339, 0.0763764604926, 0.0230702832341, 0.0497775301337, 0.0630922466516, 0.0660624057055, 0.0500877648592, 0.0344110019505, 0.0704045444727, 0.0191407632083],
        "dvar2": [0.0995918288827, 0.160057201982, 0.137343898416, 0.178392961621, 0.0626231133938, 0.103885129094, 0.154202565551, 0.15633174777, 0.122062847018, 0.0945927351713, 0.147109642625, 0.051817573607],
        "max": [1, 1, 1, 1, 1, 1, 1, 1, 1, 1, 1, 1],
        "mean": [0.239450231194, 0.148588776588, 0.169458121061, 0.279322743416, 0.0809252560139, 0.261164218187, 0.278466045856, 0.330845862627, 0.191456586123, 0.114865355194, 0.619426012039, 0.0748383328319],
        "median": [0.130740061402, 0.0408186763525, 0.0579291917384, 0.125394925475, 0.0280103664845, 0.0866827070713, 0.145625799894, 0.209746986628, 0.0683755129576, 0.0441683456302, 0.656212508678, 0.03180481866],
        "min": [0, 0, 0.000756420835387, 0.00100897834636, 0.000310109142447, 0.00224039447494, 0.000500558177009, 6.70641602483e-05, 0, 0.000365452287951, 0.00791614875197, 0.000755592423957],
        "var": [0.0710421875119, 0.0575806610286, 0.0666065588593, 0.105566777289, 0.0193753521889, 0.114763811231, 0.103086948395, 0.108944788575, 0.0739990100265, 0.03295814991, 0.12839448452, 0.0166305527091]
    }
},
"lowlevel": {
    "melbands": {
        "dmean": [4.71511993965e-05, 0.000210325815715, 0.000215510575799, 0.000105387771328, 6.68759894324e-05, 0.000116830022307, 0.000128359228256, 0.000130440530484, 0.000129027146613, 6.92552130204e-05, 4.96869979543e-05, 3.0026107197e-05, 2.36881223827e-05, 1.54213248607e-05, 2.4627051971e-05, 1.46257443703e-05, 1.61820953508e-05, 1.24519438032e-05, 9.78414573183e-06, 8.73101271281e-06, 6.9825873652e-06, 7.08430297891e-06, 8.72858345247e-06, 9.4414644991e-06, 6.91154264132e-06, 5.43765872862e-06, 4.524275937e-06, 2.53722487287e-06, 1.38954112572e-06, 1.20529659853e-06, 8.79284414168e-07, 5.15131432621e-07, 2.53993249544e-07, 1.91924556248e-07, 1.81834550972e-07, 1.3648778463e-07, 8.4271462697e-08, 3.60475418404e-08, 6.54567822167e-09, 3.04730241041e-10],
        "dmean2": [7.00278396835e-05, 0.00033086919575, 0.000342654355336, 0.000140396354254, 0.000108510357677, 0.000188971316675, 0.000209244288271, 0.000220880829147, 0.000186026110896, 0.000101522658952, 7.33506749384e-05, 4.81610113638e-05, 3.6037996324e-05, 2.43482299993e-05, 3.80459350708e-05, 2.12254235521e-05, 2.44960028795e-05, 1.97185145225e-05, 1.55218876898e-05, 1.33732910399e-05, 1.10825867523e-05, 1.07509122245e-05, 1.25808219309e-05, 1.35834288812e-05, 1.05473709482e-05, 7.94739480625e-06, 6.96944016454e-06, 3.95832194044e-06, 2.23795132115e-06, 1.91890762835e-06, 1.33766911858e-06, 7.94214997768e-07, 3.94424688466e-07, 3.03402288182e-07, 2.911818342e-07, 2.17375131228e-07, 1.35323674044e-07, 5.93493183487e-08, 1.07595932164e-08, 5.10206432658e-10],
        "dvar": [3.42084960359e-09, 9.20410272442e-08, 7.35521865636e-08, 2.75726712573e-08, 8.68199112602e-09, 2.03704519919e-08, 3.19435855545e-08, 5.54175549894e-08, 4.72838337373e-08, 2.43757654061e-08, 6.5608105615e-09, 1.12035287714e-08, 5.83536996501e-09, 1.54920754003e-09, 4.58940929704e-09, 1.41896649986e-09, 2.41139619384e-09, 6.95005053508e-10, 4.51759601949e-10, 6.12856820847e-10, 1.91980834008e-10, 1.88049076311e-10, 3.03459618545e-10, 3.97159805043e-10, 1.98686067598e-10, 1.04096141429e-10, 1.29443136765e-10, 4.89260541803e-11, 6.53141690038e-12, 7.51343605387e-12, 4.8850051608e-12, 1.4523572232e-12, 1.79152713172e-13, 7.1506155489e-14, 7.00337072948e-14, 3.03084617679e-14, 1.09220019639e-14, 3.12415100639e-15, 1.05761506559e-16, 2.26591678998e-19],
        "dvar2": [5.67569014009e-09, 2.00758762503e-07, 1.63374394901e-07, 4.77631800777e-08, 2.17122178015e-08, 4.93020984038e-08, 8.24101817898e-08, 1.47152931618e-07, 7.17544992312e-08, 4.06109172957e-08, 1.2784060921e-08, 2.68758633126e-08, 1.16940697126e-08, 3.15971893095e-09, 1.0176375298e-08, 2.76542055921e-09, 5.75115732815e-09, 1.6285397475e-09, 1.12981601852e-09, 1.5467268577e-09, 4.19632883997e-10, 4.2362294228e-10, 5.07416386686e-10, 8.24334656091e-10, 4.36838815121e-10, 2.24519472458e-10, 2.84009121776e-10, 8.7727200504e-11, 1.56944440083e-11, 1.5987253188e-11, 1.06449155046e-11, 3.18334508059e-12, 3.8629567752e-13, 1.5274856846e-13, 1.60534874782e-13, 7.27504875461e-14, 2.69245092394e-14, 8.1709473714e-15, 2.72674596449e-16, 5.91502328677e-19],
        "max": [0.000829595723189, 0.00322249205783, 0.00244277506135, 0.00228499504738, 0.00121831987053, 0.00123367190827, 0.00138879218139, 0.00169897347223, 0.00389786227606, 0.00257489876822, 0.00111210963223, 0.00117143790703, 0.00100550870411, 0.000537015439477, 0.000910235219635, 0.000572795281187, 0.00073860475095, 0.00033171477844, 0.000211012491491, 0.000403540703701, 0.000139560041134, 0.000132558998303, 0.000184531498235, 0.000275353319012, 0.000205749136512, 0.000116064526082, 0.000153840941493, 9.74771319306e-05, 2.88404989988e-05, 4.78032234241e-05, 3.61973761756e-05, 2.08886285691e-05, 6.37759785604e-06, 4.31080661656e-06, 3.74821979676e-06, 1.93092205336e-06, 1.04050934624e-06, 7.15803537332e-07, 9.23622067717e-08, 3.96085786392e-09],
        "mean": [7.87394383224e-05, 0.000291589793051, 0.000323280546581, 0.000167955309735, 9.20469901757e-05, 0.00016679703549, 0.00016505990061, 0.000123709178297, 0.000199155780138, 0.000101056757558, 7.67634846852e-05, 3.46704364347e-05, 2.74135363725e-05, 1.9472096028e-05, 3.0981751479e-05, 1.80017141247e-05, 1.91274830286e-05, 1.54887675308e-05, 1.10214296001e-05, 1.00367124105e-05, 9.11981533136e-06, 9.29857651499e-06, 1.41630671351e-05, 1.54758272402e-05, 9.87487601378e-06, 8.44993155624e-06, 7.02694569554e-06, 3.96690529669e-06, 2.1699224817e-06, 1.79414757895e-06, 1.43647412187e-06, 8.89209673005e-07, 4.43560139729e-07, 3.47341767792e-07, 3.201527079e-07, 2.24080025646e-07, 1.38082782541e-07, 5.55618200337e-08, 9.60777679637e-09, 3.55942691987e-10],