{
"metadata": {
    "version": {
        "essentia": "2.0.1",
        "extractor": "archive-music 1.0 mod ismir14"
    },
    "audio_properties": {
        "analysis_sample_rate": 44100,
        "bitrate": 64,
        "channels": 2,
        "equal_loudness": 0,
        "length": 30.0669155121,
        "replay_gain": -13.4510478973,
        "downmix": "mix"
    },
    "tags": {
        "track": 0,
        "year": 0,
        "album": "",
        "artist": "",
        "comment": "",
        "genre": "",
        "title": ""
    }
},
"rhythm": {
    "bpm": 90.2969741821,
    "bpm_histogram_first_peak": 91,
    "bpm_histogram_first_peak_spread": 0.365853667259,
    "bpm_histogram_first_peak_weight": 0.604651153088,
    "bpm_histogram_second_peak": 83,
    "bpm_histogram_second_peak_spread": 0.5,
    "bpm_histogram_second_peak_weight": 0.0232558138669
},
"tonal": {
    "tuning_frequency": {
        "dmean": 0.0841291919351,
        "dmean2": 0.164178058505,
        "dvar": 0.916228592396,
        "dvar2": 2.22694802284,
        "max": 456.570251465,
        "mean": 451.260345459,
        "median": 456.570251465,
        "min": 431.692352295,
        "var": 39.1777000427
    },
    "hpcp": {
        "dmean": [0.237692043185, 0.153091281652, 0.121239900589, 0.144430503249, 0.2301736027, 0.275779336691, 0.201612964272, 0.211985453963, 0.135444894433, 0.0807058513165, 0.107055254281, 0.114479325712],
        "dmean2": [0.412658035755, 0.290480107069, 0.208538904786, 0.260446369648, 0.413244664669, 0.489742994308, 0.381517827511, 0.373800694942, 0.241985738277, 0.144102036953, 0.185675308108, 0.203867256641],
        "dvar": [0.0868421122432, 0.0738115981221, 0.0353898517787, 0.0593558773398, 0.0822457894683, 0.0965118855238, 0.0995898991823, 0.07655338943, 0.0566764175892, 0.026554543525, 0.0340357236564, 0.0362895876169],
        "dvar2": [0.193652138114, 0.217238128185, 0.0949130505323, 0.144975736737, 0.212001740932, 0.206986919045, 0.279263287783, 0.191197454929, 0.142663121223, 0.0710979104042, 0.0865249484777, 0.0998875200748],
        "max": [1, 1, 1, 1, 1, 1, 1, 1, 1, 1, 1, 1],
        "mean": [0.433768540621, 0.10137502104, 0.134007021785, 0.136074066162, 0.216499134898, 0.440400213003, 0.146425545216, 0.257226079702, 0.135968282819, 0.0736112222075, 0.100656010211, 0.100544653833],
        "median": [0.231832548976, 0.0183057691902, 0.0461407192051, 0.0266813021153, 0.0644170865417, 0.286666154861, 0.0204434525222, 0.107911750674, 0.0317423045635, 0.0263002421707, 0.0311883576214, 0.0309866629541],
        "min": [0.00216168747284, 0.000569952011574, 0.00105898722541, 0.000270200776868, 0.00145400373731, 0.000939648482017, 0.000420731841587, 0.00141652137972, 0.000430351501564, 0.000483977317344, 0.000546675815713, 0.000581270083785],
        "var": [0.168709486723, 0.0486699342728, 0.045506734401, 0.066767513752, 0.0895598307252, 0.1614407897, 0.0791525915265, 0.103633888066, 0.0650532469153, 0.0209359154105, 0.0349441505969, 0.0307754836977]
    }
},
"lowlevel": {
    "melbands": {
        "dmean": [0.000235373634496, 0.000513260019943, 0.000176806352101, 0.000111626803118, 7.90747071733e-05, 5.91439165873e-05, 8.00212510512e-05, 0.00010420147737, 0.000182383693755, 0.000134674075525, 5.23423914274e-05, 6.90637243679e-05, 5.86417772865e-05, 2.88687697321e-05, 5.22431910213e-05, 6.29752903478e-05, 1.42238995977e-05, 1.01122286651e-05, 4.7588846428e-06, 6.19360707788e-06, 9.18175737752e-06, 6.80656512486e-06, 1.3585538909e-05, 1.1832707969e-05, 6.4331293288e-06, 6.40823282083e-06, 5.76360707782e-06, 3.70156953977e-06, 1.65191488577e-06, 1.40476095112e-06, 7.04883120761e-07, 3.08025022377e-07, 1.72237406559e-07, 1.4281231131e-07, 1.32892068905e-07, 1.00411618575e-07, 6.03969922963e-08, 3.84029412714e-08, 1.15013811808e-08, 8.62673377178e-10],
        "dmean2": [0.000399922108045, 0.000787391152699, 0.000283897505142, 0.000173346605152, 0.000128485655296, 8.9049928647e-05, 0.000123410893138, 0.000157909176778, 0.000280643987935, 0.000226416537771, 8.09024786577e-05, 0.000110229899292, 8.36102917674e-05, 4.86440003442e-05, 8.61267471919e-05, 0.000100756369648, 2.3482087272e-05, 1.55001380335e-05, 7.32077751309e-06, 9.91477918433e-06, 1.45073827298e-05, 1.07053483589e-05, 2.15758245758e-05, 1.9097031327e-05, 1.02075100585e-05, 9.8041828096e-06, 8.99455972103e-06, 5.9718772718e-06, 2.62026583187e-06, 2.20985589294e-06, 1.11589235985e-06, 4.77309697544e-07, 2.67941658194e-07, 2.12864151194e-07, 2.04244656743e-07, 1.61452746283e-07, 9.33096870881e-08, 6.03113861075e-08, 1.78172090415e-08, 1.43591638579e-09],
        "dvar": [7.05199383333e-08, 2.12248465914e-07, 3.45968658166e-08, 1.84853554686e-08, 1.61637565554e-08, 7.56938867141e-09, 1.77581966909e-08, 3.15038732879e-08, 1.12279579412e-07, 1.53246034529e-07, 4.94708309873e-08, 4.68265568543e-08, 2.05614263393e-08, 4.53461668215e-09, 1.96713703104e-08, 3.33960592513e-08, 2.82897949511e-09, 7.24521442841e-10, 4.32182310772e-11, 6.63013047242e-11, 1.7226904625e-10, 9.81752040774e-11, 4.3228640112e-10, 3.70914188252e-10, 1.00009667214e-10, 8.65197150035e-11, 8.58512635982e-11, 4.00365296471e-11, 8.43122967276e-12, 6.76111987577e-12, 1.37004828055e-12, 1.68284562175e-13, 4.75611100525e-14, 3.36071265489e-14, 3.07543907333e-14, 1.34402478567e-14, 5.79122524675e-15, 2.40215409819e-15, 2.84751248104e-16, 2.09371138322e-18],
        "dvar2": [2.00447217935e-07, 5.07586548792e-07, 7.64284280308e-08, 4.25376533997e-08, 4.02537274624e-08, 1.55627652987e-08, 3.44849837575e-08, 6.52700009596e-08, 2.42005341988e-07, 3.5027363765e-07, 7.97543435738e-08, 1.23705262922e-07, 3.67967061266e-08, 1.127279603e-08, 5.20805158999e-08, 7.94179726427e-08, 5.23055820878e-09, 1.55624757525e-09, 9.20043000119e-11, 1.68588185079e-10, 4.16520901103e-10, 2.28192409413e-10, 1.01049713042e-09, 9.09226305357e-10, 2.46890702327e-10, 1.88016158198e-10, 1.98087476977e-10, 1.0285828439e-10, 2.11797350491e-11, 1.60694409168e-11, 3.4137232971e-12, 3.88735810035e-13, 1.11132830098e-13, 8.09114195999e-14, 7.39953481517e-14, 2.81948248792e-14, 1.32760810131e-14, 5.60980095384e-15, 6.81059329399e-16, 5.50671380492e-18],
        "max": [0.00227683596313, 0.00395152717829, 0.00208756001666, 0.00178681896068, 0.00151043059304, 0.00126715179067, 0.00243977177888, 0.00159994175192, 0.00392987392843, 0.00451030209661, 0.00508218072355, 0.00308459834196, 0.00163859862369, 0.000786909542512, 0.00158759194892, 0.00265797018073, 0.000992550747469, 0.000390847097151, 7.77120876592e-05, 5.49948854314e-05, 0.000111793189717, 7.89770638221e-05, 0.000177798079676, 0.000138170391438, 7.63222487876e-05, 8.10202618595e-05, 8.61005319166e-05, 5.12118240295e-05, 2.46377821895e-05, 2.42345522565e-05, 1.17700656119e-05, 5.49325386601e-06, 2.36816504184e-06, 2.17525666812e-06, 2.27186001212e-06, 1.06905190478e-06, 7.61896671975e-07, 4.57997600734e-07, 1.8037339089e-07, 2.01183087967e-08],
        "mean": [0.000400221499149, 0.00104568409733, 0.000341718929121, 0.000158318871399, 0.000104891027149, 8.70760923135e-05, 0.000115596296382, 0.000137265931698, 0.000230046352954, 0.000144231191371, 5.40288710908e-05, 6.92057947163e-05, 7.96645254013e-05, 3.26019398926e-05, 5.65123482374e-05, 6.12934600213e-05, 1.49994693857e-05, 1.10153623609e-05, 6.31252942185e-06, 7.64384640206e-06, 1.12299012471e-05, 8.43648194859e-06, 1.45849890032e-05, 1.14165823106e-05, 7.15555370334e-06, 7.96212952991e-06, 6.40468533675e-06, 3.84944041798e-06, 1.89530135231e-06, 1.50793732701e-06, 8.36135995996e-07, 4.37104915818e-07, 2.75335082733e-07, 2.34652475228e-07, 2.12810931544e-07, 1.76026560439e-07, 9.6344173528e-08, 6.37981827367e-08, 1.82017014794e-08, 1.14572873411e-09],