{
"metadata": {
    "version": {
        "essentia": "2.0.1",
        "extractor": "archive-music 1.0 mod ismir14"
    },
    "audio_properties": {
        "analysis_sample_rate": 44100,
        "bitrate": 32,
        "channels": 2,
        "equal_loudness": 0,
        "length": 30.0408172607,
        "replay_gain": -11.7841053009,
        "downmix": "mix"
    },
    "tags": {
        "track": 6,
        "year": 0,
        "album": "Swing Classics (Jazz & Tzaz 70)",
        "artist": "Benny Carter",
        "comment": "",
        "genre": "Jazz",
        "title": "Babalu"
    }
},
"rhythm": {
    "bpm": 92.4009475708,
    "bpm_histogram_first_peak": 92,
    "bpm_histogram_first_peak_spread": 0.590909123421,
    "bpm_histogram_first_peak_weight": 0.40000000596,
    "bpm_histogram_second_peak": 99,
    "bpm_histogram_second_peak_spread": 0,
    "bpm_histogram_second_peak_weight": 0.0222222227603
},
"tonal": {
    "tuning_frequency": {
        "dmean": 0.409620314837,
        "dmean2": 0.67154365778,
        "dvar": 4.43462705612,
        "dvar2": 6.74415588379,
        "max": 455.779724121,
        "mean": 437.560760498,
        "median": 438.224517822,
        "min": 432.690917969,
        "var": 12.7033853531
    },
    "hpcp": {
        "dmean": [0.0934796333313, 0.177333921194, 0.0759205073118, 0.22355632484, 0.143972814083, 0.101454414427, 0.212385743856, 0.0753081142902, 0.182200029492, 0.0883868709207, 0.141069948673, 0.213461652398],
        "dmean2": [0.166849181056, 0.31122353673, 0.137963250279, 0.40051817894, 0.251726716757, 0.183668345213, 0.366775482893, 0.137378841639, 0.298440814018, 0.157889068127, 0.239012464881, 0.363068759441],
        "dvar": [0.0375039540231, 0.053346786648, 0.0292545948178, 0.0728830322623, 0.0558838918805, 0.0168426595628, 0.0752279907465, 0.0160076506436, 0.0391920655966, 0.0222544893622, 0.0345256775618, 0.0528751760721],
        "dvar2": [0.109156675637, 0.130582854152, 0.0839593708515, 0.154900819063, 0.115227803588, 0.0483428426087, 0.129612803459, 0.0449991002679, 0.0832578614354, 0.0639896020293, 0.0814824402332, 0.12399353832],
        "max": [1, 1, 1, 1, 1, 1, 1, 0.618948280811, 1, 1, 1, 1],
        "mean": [0.0818497985601, 0.243933081627, 0.0657598078251, 0.458006829023, 0.264833211899, 0.114366896451, 0.351417928934, 0.0678677633405, 0.422867059708, 0.0812010467052, 0.214261218905, 0.405836373568],
        "median": [0.0281671006233, 0.11694008112, 0.028120489791, 0.308693110943, 0.0993077978492, 0.0790976807475, 0.173959136009, 0.0374263934791, 0.304563879967, 0.041964802891, 0.151840537786, 0.329151302576],
        "min": [0.00155010330491, 0.00305554666556, 0.00121323775966, 0.00190736504737, 0.00123591371812, 0.00380251929164, 0.00179914943874, 0.00315289245918, 0.0115610444918, 0.00324552832171, 0.00297433813103, 0.00330267217942],
        "var": [0.0247657783329, 0.0739287808537, 0.0187394153327, 0.137581259012, 0.123094640672, 0.0142711382359, 0.138410702348, 0.0105736274272, 0.113447904587, 0.0149019919336, 0.0479485653341, 0.115250870585]
    }
},
"lowlevel": {
    "melbands": {
        "dmean": [1.57639965437e-06, 9.459507055e-06, 6.83977077642e-06, 1.52283128045e-05, 1.72759901034e-05, 2.8810587537e-05, 2.1637766622e-05, 6.29716014373e-05, 3.56031669071e-05, 2.53517555393e-05, 1.48804274431e-05, 1.19202431961e-05, 1.08569520307e-05, 9.4645538411e-06, 1.90576574823e-05, 1.36733851832e-05, 8.78817536432e-06, 5.59162253921e-06, 5.43263240615e-06, 6.60421983412e-06, 1.78316224719e-06, 2.29295847021e-06, 1.14955616937e-06, 1.01549960618e-06, 1.52855704982e-06, 4.4954549594e-07, 2.9994478723e-07, 3.25214301711e-07, 3.18177114877e-07, 3.35186825851e-07, 1.72731745351e-07, 8.72304042332e-08, 6.17600122155e-08, 2.50520084677e-08, 1.14674225671e-08, 9.66588142859e-09, 2.38697683841e-09, 3.90218801716e-10, 1.47299658582e-10, 7.69957500535e-11],
        "dmean2": [2.76166406366e-06, 1.67469170265e-05, 1.24492626128e-05, 2.74318772426e-05, 3.10249124595e-05, 4.96030370414e-05, 3.35477125191e-05, 0.00010312726954, 6.07552683505e-05, 4.33427412645e-05, 2.44942930294e-05, 1.91399176401e-05, 1.82352596312e-05, 1.72772088263e-05, 3.33023526764e-05, 2.29095585382e-05, 1.41367172546e-05, 9.7293568615e-06, 9.04813350644e-06, 1.10346009023e-05, 3.07055393023e-06, 3.94698008677e-06, 1.97209101316e-06, 1.78985362709e-06, 2.65853395831e-06, 7.7430422607e-07, 5.37008475021e-07, 5.73217221245e-07, 5.45748946479e-07, 6.13564623109e-07, 3.14869282647e-07, 1.61024090062e-07, 1.13793525713e-07, 4.59891609239e-08, 2.10035437931e-08, 1.69382090576e-08, 4.27224122745e-09, 7.0086231263e-10, 2.70427263915e-10, 1.4152777561e-10],
        "dvar": [2.59516626938e-12, 1.48665593724e-10, 4.12298632735e-11, 2.48028236838e-10, 3.86586263001e-10, 1.11174014439e-09, 7.11615766313e-10, 1.21622925064e-08, 3.35462724266e-09, 1.11218501075e-09, 4.4379794284e-10, 2.86941692629e-10, 2.51889037406e-10, 2.3456681042e-10, 8.32557245367e-10, 5.90224535912e-10, 2.25710089508e-10, 8.57944548738e-11, 6.95632579317e-11, 1.49733447863e-10, 4.62756048758e-12, 1.14017831634e-11, 1.86641999599e-12, 1.95901780041e-12, 4.78164469825e-12, 7.75661869803e-13, 2.34659324307e-13, 3.23580572059e-13, 1.88070303146e-13, 2.09117404924e-13, 7.15033636684e-14, 2.42689423652e-14, 1.54574754553e-14, 2.37360104106e-15, 3.8890461629e-16, 2.59670946643e-16, 1.21885923528e-17, 4.78955359051e-19, 5.92285164654e-20, 1.39544706947e-20],
        "dvar2": [6.60934588309e-12, 4.19195178569e-10, 1.16134941941e-10, 7.73724528891e-10, 1.251416748e-09, 3.64172758616e-09, 1.72026703993e-09, 2.9852273542e-08, 8.78234818202e-09, 3.22836757327e-09, 1.04840380821e-09, 7.15001835516e-10, 6.82727263612e-10, 7.00648428165e-10, 2.1651498372e-09, 1.0018755825e-09, 4.90492924055e-10, 2.63391752853e-10, 1.81218762219e-10, 4.04137279197e-10, 1.23632822729e-11, 3.06142264317e-11, 4.39972364097e-12, 5.90795684943e-12, 1.39166603588e-11, 2.04882031479e-12, 7.32326200549e-13, 8.84088971736e-13, 5.63395359011e-13, 5.97528103385e-13, 2.16654005934e-13, 7.21684539386e-14, 4.53764968851e-14, 7.07794113846e-15, 1.14735790194e-15, 7.06340298259e-16, 3.39659318494e-17, 1.34580197031e-18, 1.66389254296e-19, 3.84906138326e-20],
        "max": [7.76275646786e-06, 9.38765660976e-05, 4.7294794058e-05, 0.000114492271678, 0.000111163273687, 0.000157575006597, 0.000253384234384, 0.000727716716938, 0.000345246837242, 0.000203909454285, 0.000105119004729, 0.000115267452202, 9.62040139711e-05, 0.000101926067146, 0.000160276293173, 0.000141560274642, 0.000118940391985, 5.72424360143e-05, 5.58231331524e-05, 0.000111549816211, 1.15126749733e-05, 2.66986753559e-05, 1.03042657429e-05, 8.56425776874e-06, 1.22556393762e-05, 6.86445673637e-06, 2.64994719146e-06, 3.69773579223e-06, 2.07306879929e-06, 2.54468159255e-06, 1.45318563227e-06, 8.498831221e-07, 7.11084283012e-07, 2.50577301131e-07, 9.26183290062e-08, 1.11783400314e-07, 2.08184296469e-08, 3.43157813276e-09, 1.13141185309e-09, 5.92717763759e-10],
        "mean": [2.4044525162e-06, 1.39235426104e-05, 9.2418767963e-06, 2.0217104975e-05, 2.57881874859e-05, 3.68108158e-05, 3.37048295478e-05, 8.31877769087e-05, 4.5558961574e-05, 2.72359284281e-05, 1.78019381565e-05, 1.42325316119e-05, 1.22632072816e-05, 9.22462550079e-06, 1.89956517715e-05, 1.54516092152e-05, 1.11544186439e-05, 5.48613797946e-06, 4.75650449516e-06, 6.359881354e-06, 1.88560204606e-06, 2.622366992e-06, 1.30373177853e-06, 1.07690846107e-06, 1.47262323935e-06, 4.89703666062e-07, 2.66824145001e-07, 2.82321991563e-07, 2.93920891181e-07, 3.09232717655e-07, 1.48802783428e-07, 7.00864291048e-08, 4.63708182963e-08, 1.8379669342e-08, 8.54876436307e-09, 7.8602120368e-09, 2.1804458239e-09, 3.12088715981e-10, 1.24962526438e-10, 7.55679546716e-11],