{
"metadata": {
    "version": {
        "essentia": "2.0.1",
        "extractor": "archive-music 1.0 mod ismir14"
    },
    "audio_properties": {
        "analysis_sample_rate": 44100,
        "bitrate": 32,
        "channels": 2,
        "equal_loudness": 0,
        "length": 30.0408172607,
        "replay_gain": -10.0199260712,
        "downmix": "mix"
    },
    "tags": {
        "track": 0,
        "year": 0,
        "album": "",
        "artist": "",
        "comment": "",
        "genre": "",
        "title": ""
    }
},
"rhythm": {
    "bpm": 172.265594482,
    "bpm_histogram_first_peak": 172,
    "bpm_histogram_first_peak_spread": 0,
    "bpm_histogram_first_peak_weight": 0.529411792755,
    "bpm_histogram_second_peak": 178,
    "bpm_histogram_second_peak_spread": 0,
    "bpm_histogram_second_peak_weight": 0.282352954149
},
"tonal": {
    "tuning_frequency": {
        "dmean": 0.0264239311218,
        "dmean2": 0.0525421984494,
        "dvar": 0.0855171531439,
        "dvar2": 0.214892566204,
        "max": 437.971466064,
        "mean": 435.348571777,
        "median": 435.448913574,
        "min": 432.191345215,
        "var": 0.175770118833
    },
    "hpcp": {
        "dmean": [0.08369345963, 0.152307763696, 0.15186996758, 0.152385726571, 0.0383148379624, 0.0799031332135, 0.10282471031, 0.120320081711, 0.0498293153942, 0.0599785782397, 0.135261118412, 0.0643795579672],
        "dmean2": [0.150454565883, 0.277310401201, 0.280658721924, 0.277521640062, 0.0721809193492, 0.139220371842, 0.191357120872, 0.204413831234, 0.0875112339854, 0.10723900795, 0.228006646037, 0.114854060113],
        "dvar": [0.0429585725069, 0.0731087103486, 0.077937066555, 0.0831307694316, 0.0219593122602, 0.0430165380239, 0.0623393468559, 0.0636209100485, 0.0239707250148, 0.0252550859004, 0.0557291433215, 0.0326350703835],
        "dvar2": [0.10191129148, 0.184040278196, 0.206521973014, 0.165561556816, 0.0598632842302, 0.100993670523, 0.154959946871, 0.133296340704, 0.0554054714739, 0.0588167607784, 0.10782302916, 0.0845445841551],
        "max": [1, 1, 1, 1, 1, 1, 1, 1, 1, 1, 1, 1],
        "mean": [0.082366399467, 0.189267188311, 0.136470749974, 0.303409516811, 0.0273552387953, 0.111021853983, 0.128734663129, 0.188121929765, 0.0490400232375, 0.0624749995768, 0.330706268549, 0.0527001842856],
        "median": [0.00963220093399, 0.0352258868515, 0.027847385034, 0.0491154156625, 0.00115227594506, 0.0109833478928, 0.00130310608074, 0.00999712292105, 0.00225612684153, 0.00381581205875, 0.105247408152, 0.00325189856812],
        "min": [2.28462831728e-05, 2.26527135965e-05, 5.31278965354e-06, 7.06726132194e-06, 2.04161756301e-06, 4.10152006225e-06, 3.83550695915e-06, 4.21840286435e-06, 5.41963163414e-06, 2.77827052741e-06, 4.61432449583e-07, 1.05004455691e-05],
        "var": [0.0452096611261, 0.104458786547, 0.0658938214183, 0.167489245534, 0.0159557778388, 0.0714855417609, 0.0919234231114, 0.116305857897, 0.0308001693338, 0.0333511829376, 0.159208402038, 0.0270150508732]
    }
},
"lowlevel": {
    "melbands": {
        "dmean": [2.14955616684e-06, 4.45691875939e-05, 5.91094467381e-05, 0.000488466583192, 0.000511793710757, 0.00027814306668, 0.000112418507342, 9.48951565078e-05, 5.53040990781e-05, 3.9551374357e-05, 3.44251602655e-05, 1.85547924048e-05, 3.2639476558e-05, 1.2601230992e-05, 1.38940604302e-05, 8.81611413206e-06, 1.80081551662e-05, 8.64495814312e-06, 1.03637230495e-05, 2.91993410428e-06, 4.08933738072e-06, 3.78275262847e-06, 2.8254373774e-06, 3.17344893119e-06, 6.92321373208e-06, 7.02814804754e-06, 2.28718931794e-06, 1.19487799566e-06, 3.86163037547e-07, 2.43880805328e-07, 1.10026782352e-07, 1.85635986583e-08, 2.93508883864e-09, 7.13320569279e-10, 2.53770310321e-10, 1.11806744418e-10, 5.15401853141e-11, 2.1201604708e-11, 1.10025877298e-11, 7.01370732326e-12],
        "dmean2": [3.73954094357e-06, 6.84223341523e-05, 8.66321570356e-05, 0.000745928380638, 0.000767478544731, 0.000422711746069, 0.000173029358848, 0.000144328674651, 8.50235373946e-05, 6.3674262492e-05, 4.82217110402e-05, 2.76494047284e-05, 4.90404236189e-05, 1.80840997928e-05, 2.37714430114e-05, 1.32253662741e-05, 2.57842457358e-05, 1.3672485693e-05, 1.5568029994e-05, 4.42838336312e-06, 6.54746463624e-06, 6.23240339337e-06, 4.78132596982e-06, 5.04639956489e-06, 1.10217060865e-05, 1.05830940811e-05, 3.75590934709e-06, 1.92718903236e-06, 6.26493090294e-07, 4.11437980574e-07, 1.77786631639e-07, 2.96133819688e-08, 4.55184379078e-09, 1.11506937017e-09, 4.02509303665e-10, 1.71877748145e-10, 7.99802932216e-11, 3.10435323281e-11, 1.58268016748e-11, 1.00424573171e-11],
        "dvar": [1.14779696164e-11, 9.441633253e-09, 1.33916175926e-08, 1.49443746977e-06, 7.75826265453e-07, 1.5074977e-07, 3.74421382787e-08, 4.65350140644e-08, 3.26004929718e-08, 1.44005554148e-08, 1.27160335595e-08, 4.53863391314e-09, 1.32787096874e-08, 1.76844072719e-09, 4.21508605797e-09, 4.13998557658e-10, 2.82544432295e-09, 2.51632187309e-10, 5.05174291288e-10, 2.91485099946e-11, 6.15907255752e-11, 6.24302692875e-11, 6.09386083261e-11, 5.46369789689e-11, 3.46604217549e-10, 3.01758201759e-10, 2.77337458554e-11, 9.77909940525e-12, 1.52666182647e-12, 1.34623291247e-12, 4.12391990131e-13, 6.13913259489e-15, 4.37036707652e-16, 1.11255866835e-17, 6.54123468264e-19, 1.28030640395e-19, 2.48951669887e-20, 2.92698425207e-21, 2.06178120022e-21, 1.59433186371e-21],
        "dvar2": [3.10629993949e-11, 1.48929686361e-08, 2.61611869945e-08, 2.48788433055e-06, 1.58763418767e-06, 3.42023042776e-07, 8.49839807415e-08, 1.02248748135e-07, 6.5072818245e-08, 3.4875647259e-08, 2.73854396937e-08, 8.16773582102e-09, 2.73040665633e-08, 3.33199778879e-09, 1.15916751753e-08, 8.85545137219e-10, 4.09192146833e-09, 5.5590748671e-10, 9.81340675388e-10, 6.8640093609e-11, 1.50264758969e-10, 1.4438038265e-10, 1.68726768668e-10, 1.2504049185e-10, 6.97029156616e-10, 5.20689658057e-10, 7.15823511577e-11, 2.32202451711e-11, 3.07596808267e-12, 2.71172255657e-12, 8.67170376305e-13, 1.42972876512e-14, 1.01877681824e-15, 2.63802637702e-17, 1.54343134188e-18, 3.02656287146e-19, 5.15871738318e-20, 4.93055180889e-21, 2.86568625088e-21, 2.2980297185e-21],
        "max": [3.65641935787e-05, 0.00256858975627, 0.00147971813567, 0.0298228841275, 0.00971227511764, 0.00318233785219, 0.00189604109619, 0.00259242299944, 0.00257273553871, 0.00124328176025, 0.00147342274431, 0.000815448118374, 0.00171377218794, 0.000612468225881, 0.00083336152602, 0.000372875947505, 0.00137988873757, 0.000188183694263, 0.000407278886996, 8.54941317812e-05, 7.20140888006e-05, 8.18043772597e-05, 8.62842716742e-05, 0.000108285159513, 0.000252227648161, 0.000321061466821, 5.1451203035e-05, 3.42062558047e-05, 1.85675744433e-05, 1.888279985e-05, 1.28851434056e-05, 1.45303272348e-06, 4.49020717497e-07, 5.09230808632e-08, 1.22674554959e-08, 4.9886166309e-09, 2.25912843987e-09, 1.31554322991e-09, 1.27395893834e-09, 1.09325992703e-09],
        "mean": [2.46455670094e-06, 7.58083042456e-05, 0.000111636887596, 0.000912921386771, 0.000879566126969, 0.000408329389757, 0.000155840680236, 0.000152894208441, 6.88145009917e-05, 4.21672812081e-05, 4.19634525315e-05, 2.23908955377e-05, 3.83109399991e-05, 1.44303730849e-05, 1.30659473143e-05, 9.81965877145e-06, 2.11693259189e-05, 1.00793085949e-05, 1.35839090945e-05, 3.89806746171e-06, 4.63215928903e-06, 4.06490016758e-06, 2.67051677838e-06, 3.62646551366e-06, 7.66757602833e-06, 8.19967226562e-06, 2.26647489399e-06, 1.11783811008e-06, 3.92086576539e-07, 2.32449281157e-07, 9.86673214243e-08, 1.64329936325e-08, 2.64616240031e-09, 7.33937466357e-10, 3.13433778931e-10, 1.5131415565e-10, 7.79098313641e-11, 3.86333916247e-11, 2.26249713409e-11, 1.4811927726e-11],