{
"metadata": {
    "version": {
        "essentia": "2.0.1",
        "extractor": "archive-music 1.0 mod ismir14"
    },
    "audio_properties": {
        "analysis_sample_rate": 44100,
        "bitrate": 112,
        "channels": 2,
        "equal_loudness": 0,
        "length": 30.0669155121,
        "replay_gain": -10.2191314697,
        "downmix": "mix"
    },
    "tags": {
        "track": 0,
        "year": 0,
        "album": "",
        "artist": "",
        "comment": "",
        "genre": "",
        "title": ""
    }
},
"rhythm": {
    "bpm": 172.265609741,
    "bpm_histogram_first_peak": 172,
    "bpm_histogram_first_peak_spread": 0,
    "bpm_histogram_first_peak_weight": 0.5,
    "bpm_histogram_second_peak": 178,
    "bpm_histogram_second_peak_spread": 0,
    "bpm_histogram_second_peak_weight": 0.27380952239
},
"tonal": {
    "tuning_frequency": {
        "dmean": 0.0657489001751,
        "dmean2": 0.110063888133,
        "dvar": 0.549288809299,
        "dvar2": 1.29737687111,
        "max": 447.691040039,
        "mean": 434.517333984,
        "median": 433.691802979,
        "min": 432.690917969,
        "var": 2.99868106842
    },
    "hpcp": {
        "dmean": [0.0834107175469, 0.148225143552, 0.156656682491, 0.155030086637, 0.0325104482472, 0.0813140794635, 0.0805412828922, 0.122135385871, 0.053653229028, 0.0587885864079, 0.143707573414, 0.0617551803589],
        "dmean2": [0.147437795997, 0.26896739006, 0.287091344595, 0.278420418501, 0.0576692782342, 0.142422571778, 0.144374936819, 0.21534076333, 0.0966027081013, 0.103672012687, 0.242811456323, 0.113145656884],
        "dvar": [0.0407425649464, 0.0697006210685, 0.0795577764511, 0.0852178037167, 0.0191166438162, 0.0436888970435, 0.0446143485606, 0.0675914958119, 0.0293541122228, 0.0251459870487, 0.059826914221, 0.0290146172047],
        "dvar2": [0.103444829583, 0.177784889936, 0.210239559412, 0.169357910752, 0.0467147491872, 0.101873829961, 0.0895635411143, 0.134402349591, 0.0702862292528, 0.0608988814056, 0.121845543385, 0.0747550353408],
        "max": [1, 1, 1, 1, 1, 1, 1, 1, 1, 1, 1, 1],
        "mean": [0.080777220428, 0.186734870076, 0.145058885217, 0.313486665487, 0.0254824869335, 0.10864379257, 0.123677879572, 0.187442436814, 0.0526413992047, 0.0619634203613, 0.331171512604, 0.0511597618461],
        "median": [0.0101202037185, 0.034280564636, 0.0315400399268, 0.0504386983812, 0.00118978740647, 0.0115568488836, 0.00139565463178, 0.0104558775201, 0.00268475571647, 0.00442042667419, 0.0987410396338, 0.00361087196507],
        "min": [1.49690376929e-05, 0, 4.29534748037e-06, 6.8862682383e-06, 2.06147342396e-06, 2.53330345004e-05, 0, 2.59476450992e-06, 0, 2.37072913478e-06, 1.74325373337e-06, 0],
        "var": [0.0420476533473, 0.101591594517, 0.0715391933918, 0.172467723489, 0.0151303689927, 0.0682207122445, 0.0875285938382, 0.118750482798, 0.0343077927828, 0.033615976572, 0.159312292933, 0.0239395815879]
    }
},
"lowlevel": {
    "melbands": {
        "dmean": [1.71943634086e-06, 4.16230177507e-05, 5.51133598492e-05, 0.000504242489114, 0.000502565468196, 0.000269109004876, 0.000113090434752, 9.66751467786e-05, 5.6825181673e-05, 3.95448296331e-05, 3.2699208532e-05, 2.00465074158e-05, 3.41143240803e-05, 1.30184334921e-05, 1.01674741018e-05, 8.55146663525e-06, 1.75342465809e-05, 8.48591207614e-06, 9.90357784758e-06, 2.76701075563e-06, 3.97618350689e-06, 3.89396154787e-06, 2.22325002142e-06, 2.75216643786e-06, 7.07150502421e-06, 7.35303592592e-06, 2.11774204217e-06, 1.15204738904e-06, 3.96351680365e-07, 2.54936253441e-07, 9.88554020864e-08, 1.59545390233e-08, 2.95036639564e-09, 6.55649035064e-10, 2.65493488305e-10, 1.11656135726e-10, 4.62775928689e-11, 2.1747282794e-11, 1.53607768866e-11, 4.03024445414e-12],
        "dmean2": [2.75866364063e-06, 6.43069433863e-05, 8.26098694233e-05, 0.000777877576184, 0.000787572818808, 0.000417183822719, 0.000176290166564, 0.00014950428158, 9.10697563086e-05, 6.45593754598e-05, 4.93105326314e-05, 3.1064315408e-05, 5.28980126546e-05, 2.0057985239e-05, 1.66513673321e-05, 1.35402224259e-05, 2.84028374153e-05, 1.34507245093e-05, 1.50844070959e-05, 4.21671029471e-06, 6.43508474241e-06, 6.45441605229e-06, 3.64217521565e-06, 4.22915627496e-06, 1.09539269033e-05, 1.12524339784e-05, 3.38743961947e-06, 1.86303736882e-06, 6.17368755229e-07, 3.94655586433e-07, 1.52615342586e-07, 2.55719854181e-08, 4.7619161947e-09, 1.04897146525e-09, 4.15711021162e-10, 1.73249206648e-10, 7.15197137624e-11, 3.34352649733e-11, 2.38032666494e-11, 6.69981865126e-12],
        "dvar": [4.85206666512e-12, 8.04685207356e-09, 1.15118234945e-08, 1.81807843092e-06, 8.2739654772e-07, 1.46759305153e-07, 4.95228782427e-08, 6.25386462616e-08, 4.44877983341e-08, 1.55166688387e-08, 1.299268515e-08, 5.47522915895e-09, 1.49911123515e-08, 2.00911909332e-09, 1.73199998788e-09, 4.07568728766e-10, 3.35368177673e-09, 3.19085702305e-10, 4.35505465024e-10, 2.59644875045e-11, 5.20512695446e-11, 7.23596460528e-11, 2.83894973502e-11, 3.68006354556e-11, 3.99493105263e-10, 3.91163379465e-10, 2.01860264615e-11, 7.83120616965e-12, 1.60945215488e-12, 1.69705818408e-12, 3.34534510553e-13, 4.09419050176e-15, 5.79323684412e-16, 7.86621217424e-18, 7.62403323302e-19, 1.67483084334e-19, 6.11725266142e-20, 4.49665333001e-20, 3.07167833605e-20, 8.94659547194e-22],
        "dvar2": [1.18896628654e-11, 1.29317960784e-08, 2.2205354e-08, 3.80869187211e-06, 1.87805915175e-06, 3.46364686266e-07, 1.25107902704e-07, 1.52828661726e-07, 1.10647143003e-07, 3.54017188897e-08, 2.81555863069e-08, 1.17475211781e-08, 3.27878879602e-08, 3.8114755796e-09, 3.78478270946e-09, 8.85825246488e-10, 5.79000003498e-09, 7.75736141989e-10, 8.21752277336e-10, 5.69443485421e-11, 1.27781341064e-10, 1.82129533677e-10, 6.57197213316e-11, 7.02862421043e-11, 9.53100154355e-10, 7.74751041099e-10, 5.01870489611e-11, 1.89566886494e-11, 3.66250172551e-12, 4.1431233444e-12, 7.92852328929e-13, 9.20431909672e-15, 1.46809200962e-15, 1.63744670507e-17, 1.78956968649e-18, 4.24792218776e-19, 1.55270874114e-19, 1.12584425398e-19, 7.69584155748e-20, 2.24572064218e-21],
        "max": [3.07508889819e-05, 0.00225993897766, 0.00162320618983, 0.0302296299487, 0.0138693135232, 0.00363138713874, 0.00218689837493, 0.00280050933361, 0.00276370369829, 0.00147973618004, 0.00142467045225, 0.000910456175916, 0.00170651543885, 0.000614324118942, 0.000541539338883, 0.000281430635368, 0.00127688003704, 0.00018238966004, 0.000425024190918, 8.17087639007e-05, 7.11462271283e-05, 0.000108969172288, 5.30236902705e-05, 9.02932515601e-05, 0.000304695073282, 0.000317823927617, 4.27396698797e-05, 2.62213761744e-05, 2.00684298761e-05, 2.51739584201e-05, 1.20367758427e-05, 1.07652203951e-06, 4.98087388223e-07, 4.05888691546e-08, 1.137042549e-08, 4.92891727433e-09, 3.56212503938e-09, 3.42130257458e-09, 2.79674750026e-09, 4.35758845674e-10],
        "mean": [2.27171813094e-06, 7.2676295531e-05, 0.00010723160085, 0.000877795566339, 0.000837639847305, 0.000386671046726, 0.000148875551531, 0.000147941638716, 6.55988405924e-05, 4.17226146965e-05, 3.98751835746e-05, 2.14146566577e-05, 3.8052949094e-05, 1.43102724905e-05, 1.19130154417e-05, 9.52042137214e-06, 2.01195271075e-05, 9.68356107478e-06, 1.29784848468e-05, 3.66549056707e-06, 4.32161141362e-06, 3.8707830754e-06, 2.45990599979e-06, 3.36354355568e-06, 7.13854569767e-06, 7.9824567365e-06, 2.15985710383e-06, 1.0770429526e-06, 3.71583098513e-07, 2.16091791572e-07, 8.59347011328e-08, 1.47608227863e-08, 2.558169232e-09, 7.17525483473e-10, 2.99259145242e-10, 1.27689567253e-10, 4.96689391005e-11, 1.69530448707e-11, 8.44741117334e-12, 2.49548363744e-12],