{
"metadata": {
    "version": {
        "essentia": "2.0.1",
        "extractor": "archive-music 1.0 mod ismir14"
    },
    "audio_properties": {
        "analysis_sample_rate": 44100,
        "bitrate": 128,
        "channels": 2,
        "equal_loudness": 0,
        "length": 30.0669155121,
        "replay_gain": -14.7827281952,
        "downmix": "mix"
    },
    "tags": {
        "track": 0,
        "year": 0,
        "album": "",
        "artist": "",
        "comment": "",
        "genre": "",
        "title": ""
    }
},
"rhythm": {
    "bpm": 109.23135376,
    "bpm_histogram_first_peak": 110,
    "bpm_histogram_first_peak_spread": 0.509433984756,
    "bpm_histogram_first_peak_weight": 0.490566045046,
    "bpm_histogram_second_peak": 0,
    "bpm_histogram_second_peak_spread": 0,
    "bpm_histogram_second_peak_weight": 0
},
"tonal": {
    "tuning_frequency": {
        "dmean": 0.0561110414565,
        "dmean2": 0.0911552011967,
        "dvar": 0.187677323818,
        "dvar2": 0.2748221457,
        "max": 452.108886719,
        "mean": 441.928924561,
        "median": 441.527557373,
        "min": 438.477722168,
        "var": 2.16179418564
    },
    "hpcp": {
        "dmean": [0.13667781651, 0.0783612057567, 0.0627002641559, 0.134931176901, 0.0735349357128, 0.112971246243, 0.0534163527191, 0.0822822451591, 0.112266920507, 0.0503042116761, 0.118064701557, 0.0752860084176],
        "dmean2": [0.243656039238, 0.14339338243, 0.111957199872, 0.231036737561, 0.137055546045, 0.199758633971, 0.0996177792549, 0.14234419167, 0.189128920436, 0.0924357026815, 0.198265582323, 0.13798174262],
        "dvar": [0.0719129219651, 0.0430901758373, 0.0268596652895, 0.0605333894491, 0.0383418947458, 0.0472823902965, 0.0240589696914, 0.0310416668653, 0.0468106307089, 0.0224619936198, 0.0511053055525, 0.0390793681145],
        "dvar2": [0.189447924495, 0.109362006187, 0.0719427317381, 0.131192445755, 0.100467413664, 0.120424352586, 0.0688760653138, 0.077026553452, 0.117248088121, 0.0627902671695, 0.127684220672, 0.103996962309],
        "max": [1, 1, 1, 1, 1, 1, 1, 1, 1, 1, 1, 1],
        "mean": [0.171934112906, 0.212225496769, 0.0454031452537, 0.416759520769, 0.0509233623743, 0.216655358672, 0.0329218134284, 0.0976862981915, 0.20963819325, 0.0339773483574, 0.216320261359, 0.0506504699588],
        "median": [0.0220723245293, 0.00495309196413, 0.00354724191129, 0.171863228083, 0.00259175873362, 0.0359807349741, 0.00245686038397, 0.0109688211232, 0.0632434859872, 0.00229121022858, 0.0519409030676, 0.00247518182732],
        "min": [1.01452383205e-06, 9.78086973191e-06, 3.02230205307e-06, 1.13645774036e-05, 0, 0, 1.14626220693e-06, 3.22939922626e-05, 2.59409034697e-07, 0, 8.02805607236e-06, 1.62481148891e-06],
        "var": [0.0970126390457, 0.145937979221, 0.0194812137634, 0.18998169899, 0.0284692421556, 0.118322178721, 0.0141951758415, 0.0478871352971, 0.102484054863, 0.0144087625667, 0.107082270086, 0.0268607009202]
    }
},
"lowlevel": {
    "melbands": {
        "dmean": [0.000507766380906, 0.00087225245079, 0.000634541152976, 0.000398329983, 0.000165805933648, 0.000153299377416, 8.8692358986e-05, 0.000122683981317, 0.000169251143234, 0.000113283917017, 2.76569062407e-05, 3.33064490405e-05, 2.02171195269e-05, 2.24151317525e-05, 2.16063253902e-05, 2.10131183849e-05, 1.95598531718e-05, 1.68661026692e-05, 9.56762323767e-06, 1.53704004333e-05, 7.16982685844e-06, 5.04663148604e-06, 5.05319212607e-06, 3.40343353855e-06, 2.03835384127e-06, 1.42156227412e-06, 8.56365488744e-07, 6.21646449872e-07, 6.77218508827e-07, 5.02676584802e-07, 4.33739330674e-07, 4.31434330039e-07, 3.95514803131e-07, 2.7722893492e-07, 2.18102826466e-07, 1.50373850261e-07, 8.64684182034e-08, 3.04396081674e-08, 7.54246975987e-09, 6.57807863735e-10],
        "dmean2": [0.000871855649166, 0.0014264897909, 0.000969030545093, 0.000654571107589, 0.000267260969849, 0.000230376652326, 0.000141790485941, 0.000187425699551, 0.000261615175987, 0.000180699134944, 4.20485594077e-05, 5.58002357138e-05, 3.06345646095e-05, 3.58973884431e-05, 3.45370754076e-05, 3.33507268806e-05, 3.23639069393e-05, 2.62197390839e-05, 1.49105899254e-05, 2.34056224144e-05, 1.1396440641e-05, 7.99564804765e-06, 8.10748588265e-06, 5.35254230272e-06, 3.25989094563e-06, 2.29207785196e-06, 1.32174920964e-06, 9.35175421546e-07, 1.00588374607e-06, 7.58462476824e-07, 6.4620928697e-07, 6.13621580214e-07, 5.7800605191e-07, 4.02090392981e-07, 3.01308091366e-07, 2.05011431831e-07, 1.20862679864e-07, 4.29075583952e-08, 1.07302042807e-08, 1.06218633888e-09],
        "dvar": [1.84342104603e-06, 1.49667323512e-06, 5.71952455175e-07, 5.29812325567e-07, 4.61443576683e-08, 7.41426831041e-08, 2.21746780937e-08, 6.36791810393e-08, 9.91964412833e-08, 7.69218715391e-08, 4.64019755952e-09, 1.03449391275e-08, 2.92333868224e-09, 3.19975534957e-09, 3.82069575977e-09, 2.45902165297e-09, 1.63155278177e-09, 1.69400593553e-09, 4.43610287393e-10, 2.46914599877e-09, 2.117097192e-10, 7.95902233008e-11, 1.26461063843e-10, 4.42776475207e-11, 1.22886102336e-11, 8.2936209983e-12, 2.50192900252e-12, 1.35457476399e-12, 1.46135122232e-12, 9.87995059029e-13, 8.14858217794e-13, 7.94478577978e-13, 7.40314764786e-13, 5.04411725062e-13, 3.87380530214e-13, 2.41115151933e-13, 1.58860338079e-13, 1.48483469579e-14, 8.70971898289e-16, 1.49185332196e-17],
        "dvar2": [4.98975987284e-06, 3.74986166207e-06, 1.44254101997e-06, 1.50029927681e-06, 1.25949370045e-07, 1.57278691404e-07, 5.2922171534e-08, 1.37491170449e-07, 2.11581863141e-07, 1.78860460665e-07, 8.14694889328e-09, 2.47052955871e-08, 6.5862866272e-09, 7.8512316648e-09, 8.88782913933e-09, 5.65069901981e-09, 4.08505718141e-09, 3.40808714583e-09, 9.5298513525e-10, 5.99842309157e-09, 5.29392529813e-10, 2.17551338055e-10, 2.95922092386e-10, 1.09168722673e-10, 2.95427397823e-11, 2.142997238e-11, 6.0419087268e-12, 3.08158056364e-12, 3.18184909844e-12, 2.23815172125e-12, 1.82793754092e-12, 1.60543258375e-12, 1.40934540514e-12, 9.43113317477e-13, 6.21680712552e-13, 3.87740675071e-13, 3.05939382985e-13, 2.3275833504e-14, 1.77369514424e-15, 3.69030880772e-17],
        "max": [0.00976754073054, 0.00930984225124, 0.00861992593855, 0.00587479863316, 0.00165139103774, 0.00250188284554, 0.0014513717033, 0.00261412723921, 0.00367857539095, 0.00417506182566, 0.00122279603966, 0.00156400527339, 0.000883420347236, 0.000519713386893, 0.000666659499984, 0.000514634768479, 0.000398741103709, 0.000620549020823, 0.000221974565648, 0.00113463075832, 0.000254053011304, 9.89639593172e-05, 0.000168270009453, 9.08533766051e-05, 3.47608256561e-05, 3.58319412044e-05, 1.76490284503e-05, 1.06321276689e-05, 1.0227607163e-05, 9.82402252703e-06, 9.82658002613e-06, 8.58585553942e-06, 1.26212617033e-05, 1.10297232823e-05, 1.38001796586e-05, 1.1588860616e-05, 9.43010763876e-06, 2.88105661639e-06, 6.51348898373e-07, 8.1462829371e-08],
        "mean": [0.000648557324894, 0.00266355788335, 0.00193218362983, 0.000727597158402, 0.000305365974782, 0.00026842954685, 0.000142450109706, 0.000175739449332, 0.000240160021349, 0.000178923466592, 3.80799792765e-05, 3.91927787859e-05, 2.65860708168e-05, 2.63187976088e-05, 2.54883725574e-05, 2.77836879832e-05, 2.48591786658e-05, 2.37788481172e-05, 1.31704355226e-05, 2.73414061667e-05, 1.16142846309e-05, 7.95849973656e-06, 1.05352255559e-05, 6.30830390946e-06, 3.10512018586e-06, 1.95305665329e-06, 1.09526479264e-06, 7.64483104376e-07, 8.50675291986e-07, 6.08050243045e-07, 5.09751544087e-07, 5.08059770254e-07, 4.65224417212e-07, 3.43913740153e-07, 2.67637716433e-07, 1.72512002905e-07, 9.46988052419e-08, 3.43577681861e-08, 7.78843833871e-09, 5.53193768571e-10],