{
"metadata": {
    "version": {
        "essentia": "2.0.1",
        "extractor": "archive-music 1.0 mod ismir14"
    },
    "audio_properties": {
        "analysis_sample_rate": 44100,
        "bitrate": 96,
        "channels": 2,
        "equal_loudness": 0,
        "length": 30.0669155121,
        "replay_gain": -13.4233722687,
        "downmix": "mix"
    },
    "tags": {
        "track": 0,
        "year": 0,
        "album": "",
        "artist": "",
        "comment": "",
        "genre": "",
        "title": ""
    }
},
"rhythm": {
    "bpm": 90.2956161499,
    "bpm_histogram_first_peak": 91,
    "bpm_histogram_first_peak_spread": 0.341463446617,
    "bpm_histogram_first_peak_weight": 0.62790697813,
    "bpm_histogram_second_peak": 83,
    "bpm_histogram_second_peak_spread": 0.5,
    "bpm_histogram_second_peak_weight": 0.0232558138669
},
"tonal": {
    "tuning_frequency": {
        "dmean": 0.0890659317374,
        "dmean2": 0.175248816609,
        "dvar": 0.779106020927,
        "dvar2": 2.00844788551,
        "max": 456.570251465,
        "mean": 446.554901123,
        "median": 446.91595459,
        "min": 431.443084717,
        "var": 9.32242107391
    },
    "hpcp": {
        "dmean": [0.228975459933, 0.145100057125, 0.11937841773, 0.149350777268, 0.234535858035, 0.279211759567, 0.199641034007, 0.21161006391, 0.130165234208, 0.0812292918563, 0.104519158602, 0.115753747523],
        "dmean2": [0.394012510777, 0.272841572762, 0.206808879972, 0.270156621933, 0.421357005835, 0.493994653225, 0.379021018744, 0.374142020941, 0.232503712177, 0.145803406835, 0.183705568314, 0.20392075181],
        "dvar": [0.084741063416, 0.0673741027713, 0.0348755829036, 0.0625818297267, 0.084853939712, 0.0964168161154, 0.0997941643, 0.0766956582665, 0.055601336062, 0.0276170950383, 0.0328827127814, 0.036917835474],
        "dvar2": [0.182692572474, 0.194114148617, 0.0932032391429, 0.156961172819, 0.21876077354, 0.209217697382, 0.278450220823, 0.191561669111, 0.140894576907, 0.0749681890011, 0.085037894547, 0.102035537362],
        "max": [1, 1, 1, 1, 1, 1, 1, 1, 1, 1, 1, 1],
        "mean": [0.439682036638, 0.0961612015963, 0.134242668748, 0.136821612716, 0.222419917583, 0.443033516407, 0.144269630313, 0.262683838606, 0.128815919161, 0.0745142474771, 0.0983714461327, 0.103008814156],
        "median": [0.240713790059, 0.0177835226059, 0.0474773384631, 0.0260885134339, 0.0654125511646, 0.287841618061, 0.0189805850387, 0.104278348386, 0.0316202789545, 0.0257911980152, 0.0309270974249, 0.0319432988763],
        "min": [0.00187135778833, 0.000441440555733, 0.00107509351801, 0.000211798993405, 0.00150872045197, 0.00107630970888, 0.000465589022497, 0.00124700332526, 0.000412297202274, 0.000481688039145, 0.000463095348096, 0.000728537153918],
        "var": [0.169896900654, 0.0448125228286, 0.0458642393351, 0.0684204101562, 0.0925360247493, 0.161528334022, 0.0789933353662, 0.105470500886, 0.0604991354048, 0.0213918611407, 0.0328815206885, 0.031839415431]
    }
},
"lowlevel": {
    "melbands": {
        "dmean": [0.000237057116465, 0.000516518834047, 0.00017683240003, 0.000112979658297, 7.98456676421e-05, 5.9251771745e-05, 8.04776427685e-05, 0.000105334263935, 0.00018270307919, 0.000134266534587, 5.34270802746e-05, 6.97822106304e-05, 5.80520099902e-05, 2.87464790745e-05, 5.24663555552e-05, 6.37941557216e-05, 1.39133844641e-05, 9.86468330666e-06, 4.78434094475e-06, 6.10093775322e-06, 9.21963237488e-06, 6.8714293775e-06, 1.3357910575e-05, 1.17326026157e-05, 6.42073109702e-06, 6.39412382952e-06, 5.66637208976e-06, 3.67782627109e-06, 1.66993970652e-06, 1.4087972886e-06, 6.75618139212e-07, 2.85197188532e-07, 1.59992623594e-07, 1.31779373191e-07, 1.24610465946e-07, 9.47930729467e-08, 5.74001752796e-08, 3.67719010796e-08, 1.13878728669e-08, 8.73177530281e-10],
        "dmean2": [0.000404871883802, 0.000793662096839, 0.000283537374344, 0.000175777415279, 0.000129732856294, 8.85061817826e-05, 0.000123855599668, 0.000160128198331, 0.000282156019239, 0.000225776180741, 8.29057098599e-05, 0.000111284382001, 8.23526424938e-05, 4.83418079966e-05, 8.61278676894e-05, 0.000101893900137, 2.2727976102e-05, 1.52185939442e-05, 7.32964736017e-06, 9.77047329798e-06, 1.45869544212e-05, 1.07763371489e-05, 2.11378628592e-05, 1.88392750715e-05, 1.01375535451e-05, 9.78095431492e-06, 8.85592089617e-06, 5.91728758081e-06, 2.63435481429e-06, 2.21281311497e-06, 1.08963899947e-06, 4.4421190637e-07, 2.5216994004e-07, 2.00875689416e-07, 1.93571153773e-07, 1.50703272084e-07, 8.83734188051e-08, 5.71748017819e-08, 1.79809926948e-08, 1.4018816108e-09],
        "dvar": [7.06758740421e-08, 2.14649503505e-07, 3.55381644113e-08, 1.9146121133e-08, 1.6485554255e-08, 7.42837569234e-09, 1.84534414416e-08, 3.25725864059e-08, 1.10147745147e-07, 1.51662760572e-07, 5.37110054211e-08, 4.82470312591e-08, 2.01296366242e-08, 4.57039606161e-09, 1.99015399716e-08, 3.44253301421e-08, 2.56854448821e-09, 6.60545396158e-10, 4.27167537453e-11, 6.50249645795e-11, 1.78466491585e-10, 1.00181259122e-10, 4.08214684278e-10, 3.64887647875e-10, 9.95627053024e-11, 9.06457756078e-11, 8.4138723766e-11, 3.97382023121e-11, 8.85330177225e-12, 7.06277007365e-12, 1.38169022664e-12, 1.31454824239e-13, 4.04786711691e-14, 3.03658228391e-14, 3.02781346002e-14, 1.2575439076e-14, 5.6345008581e-15, 2.24986413878e-15, 2.76531693323e-16, 1.77209446208e-18],
        "dvar2": [2.00247598059e-07, 5.19418847489e-07, 7.89253462585e-08, 4.45490258016e-08, 4.08307663236e-08, 1.52929260366e-08, 3.59531959759e-08, 6.70917685852e-08, 2.36792701003e-07, 3.45058310813e-07, 8.75608492379e-08, 1.27626137214e-07, 3.57019231956e-08, 1.13598757068e-08, 5.25128918127e-08, 8.21450854005e-08, 4.83802597984e-09, 1.40601175147e-09, 9.16363651626e-11, 1.66825511738e-10, 4.31215452235e-10, 2.37284247806e-10, 9.4126217931e-10, 8.96550944596e-10, 2.47087017513e-10, 2.00888403135e-10, 1.95411090087e-10, 1.01833666499e-10, 2.25785570795e-11, 1.71068124943e-11, 3.48978506683e-12, 3.0484363406e-13, 9.76796226369e-14, 7.2925227055e-14, 7.5284444206e-14, 2.79785231577e-14, 1.38289605936e-14, 5.31423770074e-15, 6.45746896405e-16, 4.57544202486e-18],
        "max": [0.00225176662207, 0.00386914610863, 0.00209941063076, 0.00177583028562, 0.00154425401706, 0.00123735319357, 0.00251098209992, 0.00165019696578, 0.00387963606045, 0.00449593504891, 0.00530193187296, 0.00315196649171, 0.00162009813357, 0.000792052887846, 0.00160150532611, 0.0026801051572, 0.000948961125687, 0.000379390083253, 7.58081732783e-05, 5.42640773347e-05, 0.000119884993182, 8.17740510684e-05, 0.000180427217856, 0.000142900651554, 7.71282575442e-05, 9.80830518529e-05, 8.82366584847e-05, 5.21554429724e-05, 2.6157747925e-05, 2.66123824986e-05, 1.11477756946e-05, 4.31121770816e-06, 1.83961344646e-06, 1.82288567885e-06, 2.25059193326e-06, 1.18978221053e-06, 7.33182957902e-07, 4.59344164483e-07, 1.71501980617e-07, 1.61758677564e-08],
        "mean": [0.000403227866627, 0.00105080229696, 0.0003436615807, 0.000159399016411, 0.000105558043288, 8.74702382134e-05, 0.000116938310384, 0.000138181902003, 0.000229728582781, 0.000144105841173, 5.46939190826e-05, 6.97180585121e-05, 7.93464569142e-05, 3.26249464706e-05, 5.67602437513e-05, 6.17874611635e-05, 1.46274887811e-05, 1.08332005766e-05, 6.25682378086e-06, 7.54677967052e-06, 1.12068746603e-05, 8.41570090415e-06, 1.4423491848e-05, 1.1338157492e-05, 7.08746028977e-06, 7.83353698353e-06, 6.24314225206e-06, 3.7916643123e-06, 1.84887483101e-06, 1.46286538438e-06, 7.8745074461e-07, 4.03343761946e-07, 2.48534860248e-07, 2.11497805935e-07, 1.92300831259e-07, 1.64117011536e-07, 8.93876759278e-08, 6.01694409852e-08, 1.76843393263e-08, 1.26186472382e-09],