{
"metadata": {
    "version": {
        "essentia": "2.0.1",
        "extractor": "archive-music 1.0 mod ismir14"
    },
    "audio_properties": {
        "analysis_sample_rate": 44100,
        "bitrate": 32,
        "channels": 2,
        "equal_loudness": 0,
        "length": 30.0408172607,
        "replay_gain": -14.3674125671,
        "downmix": "mix"
    },
    "tags": {
        "track": 0,
        "year": 0,
        "album": "",
        "artist": "",
        "comment": "",
        "genre": "",
        "title": ""
    }
},
"rhythm": {
    "bpm": 109.314041138,
    "bpm_histogram_first_peak": 110,
    "bpm_histogram_first_peak_spread": 0.396226406097,
    "bpm_histogram_first_peak_weight": 0.603773593903,
    "bpm_histogram_second_peak": 0,
    "bpm_histogram_second_peak_spread": 0,
    "bpm_histogram_second_peak_weight": 0
},
"tonal": {
    "tuning_frequency": {
        "dmean": 0.242754340172,
        "dmean2": 0.459911853075,
        "dvar": 0.737529933453,
        "dvar2": 1.7787771225,
        "max": 446.142181396,
        "mean": 441.286560059,
        "median": 441.272583008,
        "min": 437.971466064,
        "var": 2.55735015869
    },
    "hpcp": {
        "dmean": [0.108149267733, 0.0897069051862, 0.0372502319515, 0.152322083712, 0.0380302667618, 0.140557512641, 0.0342364422977, 0.0993305742741, 0.126496493816, 0.0315955765545, 0.171776115894, 0.066662825644],
        "dmean2": [0.203001230955, 0.159643381834, 0.0687992945313, 0.258188664913, 0.0665756985545, 0.230388641357, 0.061690337956, 0.166355967522, 0.22707913816, 0.0594691857696, 0.288529068232, 0.12523457408],
        "dvar": [0.0393998026848, 0.0546277314425, 0.00255610770546, 0.0680308938026, 0.0102576073259, 0.0452852584422, 0.00598132703453, 0.0311993025243, 0.0331540592015, 0.00403825612739, 0.0670782625675, 0.0208923853934],
        "dvar2": [0.0961196050048, 0.106100261211, 0.00639534229413, 0.157608538866, 0.0277772191912, 0.0998563244939, 0.0162441805005, 0.0800704285502, 0.0691012144089, 0.0116407787427, 0.142032504082, 0.0580886416137],
        "max": [1, 1, 0.225898340344, 1, 1, 1, 0.679124951363, 1, 1, 0.521342396736, 1, 0.92310076952],
        "mean": [0.159798830748, 0.246570721269, 0.0297885406762, 0.462179630995, 0.0310002230108, 0.25229844451, 0.027701176703, 0.101120367646, 0.228454336524, 0.0240274127573, 0.222542539239, 0.0451262369752],
        "median": [0.0402447059751, 0.0178226735443, 0.0114717697725, 0.287212669849, 0.00965891778469, 0.070747345686, 0.00987087655813, 0.0227519720793, 0.104046225548, 0.00961455143988, 0.0855957716703, 0.0108473077416],
        "min": [8.41365690576e-05, 0.000244333059527, 0.000154246299644, 0.000865475798491, 0.000225524185225, 0.000472713814816, 0.000173916603671, 0.000883907021489, 0.000660079298541, 5.87751928833e-05, 0.000551254895981, 0.000395752431359],
        "var": [0.0761275142431, 0.165546730161, 0.00212970701978, 0.193954959512, 0.0077371802181, 0.123480953276, 0.00397125910968, 0.0365641601384, 0.0915268063545, 0.00235913018696, 0.0991626828909, 0.0131360255182]
    }
},
"lowlevel": {
    "melbands": {
        "dmean": [0.000141816839459, 0.000270016083959, 0.000171135703567, 0.000108884138172, 4.40587500634e-05, 5.81735985179e-05, 2.57286519627e-05, 3.86668216379e-05, 5.86025307712e-05, 4.33290624642e-05, 1.01153518699e-05, 1.10083446998e-05, 7.7660097304e-06, 7.60887587603e-06, 6.41201586404e-06, 6.92228059052e-06, 6.35431615592e-06, 6.95895596436e-06, 3.79445009457e-06, 5.37444248039e-06, 2.40613780988e-06, 1.63525328389e-06, 1.79952292001e-06, 1.10743542336e-06, 6.59132865621e-07, 4.57678424937e-07, 2.91253087426e-07, 2.16764760808e-07, 2.39106952904e-07, 1.77069082952e-07, 1.46643287735e-07, 1.52540181375e-07, 1.43667875818e-07, 1.15426985303e-07, 9.68278399682e-08, 8.73048477956e-08, 7.10137868509e-08, 4.62072584639e-08, 3.55127944829e-08, 3.19502078128e-08],
        "dmean2": [0.00026224143221, 0.000455538305687, 0.000281581626041, 0.000186044635484, 7.00729797245e-05, 0.00010178356024, 4.37135022366e-05, 6.46209882689e-05, 9.7432435723e-05, 7.0437839895e-05, 1.83826832654e-05, 2.03846921067e-05, 1.41105838338e-05, 1.3806719835e-05, 1.11573745016e-05, 1.22335131891e-05, 1.12448378786e-05, 1.22525243569e-05, 6.60895875626e-06, 7.89335899753e-06, 4.07094330512e-06, 2.89912418339e-06, 2.73575960819e-06, 1.70872795024e-06, 1.16753892598e-06, 8.26299242362e-07, 5.39751795259e-07, 4.00528222144e-07, 4.31085766195e-07, 3.22105336181e-07, 2.6828425348e-07, 2.83000701984e-07, 2.66750447508e-07, 2.15618641164e-07, 1.80580656206e-07, 1.67636926562e-07, 1.37577501391e-07, 8.88493829621e-08, 6.78799310094e-08, 6.13178769981e-08],
        "dvar": [4.24337009974e-08, 8.54313739751e-08, 3.68749759616e-08, 1.15471943118e-08, 1.48900480834e-09, 7.58160911829e-09, 1.11856335305e-09, 4.26878932203e-09, 1.1149301038e-08, 7.38847116821e-09, 6.24330198651e-10, 1.0514766835e-09, 3.88541254726e-10, 1.73293240868e-10, 1.60180355091e-10, 1.99243094245e-10, 1.43088249582e-10, 2.21343068874e-10, 4.4043456382e-11, 2.19401843915e-10, 1.55882806663e-11, 5.44296508906e-12, 1.06933698008e-11, 3.18516892549e-12, 8.37905970736e-13, 3.14230005948e-13, 9.74320857284e-14, 5.9206058025e-14, 8.63409550019e-14, 4.84919518277e-14, 3.4679466872e-14, 4.80384808809e-14, 5.42834820063e-14, 5.17829458783e-14, 6.97210775983e-14, 1.04910912314e-13, 7.95981322846e-14, 2.43065404636e-14, 1.13127712967e-14, 1.19220598834e-14],
        "dvar2": [1.14884002755e-07, 2.15704886841e-07, 8.69971472639e-08, 3.1173033932e-08, 3.56065843476e-09, 2.02787706627e-08, 2.31487273794e-09, 1.08065112414e-08, 3.33601164471e-08, 1.79071264483e-08, 1.86470661134e-09, 3.07245318076e-09, 1.10769149408e-09, 4.9614251596e-10, 4.53096726805e-10, 5.2676396578e-10, 3.67962271763e-10, 6.02588867693e-10, 1.19904072782e-10, 3.15357767677e-10, 3.45021060333e-11, 1.66118837436e-11, 1.93387476172e-11, 5.55170709751e-12, 2.13067866302e-12, 8.48617508729e-13, 2.64019817293e-13, 1.46604814876e-13, 2.18522980744e-13, 1.17520468183e-13, 9.00697431135e-14, 1.29320138582e-13, 1.50574810866e-13, 1.48783735983e-13, 2.05039463056e-13, 3.11807762769e-13, 2.36543288212e-13, 7.14770514369e-14, 3.30887559377e-14, 3.50319952084e-14],
        "max": [0.000889584305696, 0.0018513671821, 0.00177430070471, 0.000655152543914, 0.000257611594861, 0.000469070131658, 0.000175344117451, 0.000431247288361, 0.000792348699179, 0.000671667687129, 0.000181129929842, 0.000281716580503, 0.000157820410095, 8.42734370963e-05, 9.93331268546e-05, 9.59316894296e-05, 8.37775951368e-05, 0.000126777638798, 4.10553911934e-05, 0.000200323484023, 4.3581603677e-05, 1.37163578984e-05, 2.69523370662e-05, 1.69253235072e-05, 5.28142754774e-06, 3.4315380617e-06, 1.42555518323e-06, 1.16413491469e-06, 1.99457440431e-06, 1.03563672837e-06, 8.62366277943e-07, 1.25936480799e-06, 1.68497513187e-06, 1.82836470231e-06, 2.368675041e-06, 2.96829716717e-06, 2.58892123384e-06, 1.42725241403e-06, 9.6990891052e-07, 1.00868669506e-06],
        "mean": [0.000151697007823, 0.000663489976432, 0.000476844055811, 0.000176855624886, 7.39439346944e-05, 6.79753939039e-05, 3.44652617059e-05, 4.22301563958e-05, 6.06405337749e-05, 4.31805128756e-05, 9.08152105694e-06, 9.83903191809e-06, 6.3578049776e-06, 6.33429999652e-06, 5.9323961068e-06, 6.58124690744e-06, 6.23175583314e-06, 6.1984014792e-06, 3.44156410392e-06, 6.54148470858e-06, 2.83524309452e-06, 1.96868541025e-06, 2.59788816948e-06, 1.53082919496e-06, 7.72878195221e-07, 4.86707392611e-07, 2.70928637747e-07, 1.85533977515e-07, 2.07424534437e-07, 1.48046851223e-07, 1.16969353314e-07, 1.18211879396e-07, 1.08601120985e-07, 8.51045172112e-08, 7.24834592347e-08, 6.06895724786e-08, 4.78499657675e-08, 3.15968442521e-08, 2.48509408607e-08, 2.2431033031e-08],