{
"metadata": {
    "version": {
        "essentia": "2.0.1",
        "extractor": "archive-music 1.0 mod ismir14"
    },
    "audio_properties": {
        "analysis_sample_rate": 44100,
        "bitrate": 96,
        "channels": 2,
        "equal_loudness": 0,
        "length": 30.0669155121,
        "replay_gain": -13.4713459015,
        "downmix": "mix"
    },
    "tags": {
        "track": 0,
        "year": 0,
        "album": "",
        "artist": "",
        "comment": "",
        "genre": "",
        "title": ""
    }
},
"rhythm": {
    "bpm": 88.4114303589,
    "bpm_histogram_first_peak": 89,
    "bpm_histogram_first_peak_spread": 0.292683005333,
    "bpm_histogram_first_peak_weight": 0.674418568611,
    "bpm_histogram_second_peak": 83,
    "bpm_histogram_second_peak_spread": 0,
    "bpm_histogram_second_peak_weight": 0.0232558138669
},
"tonal": {
    "tuning_frequency": {
        "dmean": 0.315662562847,
        "dmean2": 0.597495615482,
        "dvar": 4.41032123566,
        "dvar2": 10.8196630478,
        "max": 455.516601562,
        "mean": 438.090820312,
        "median": 438.984558105,
        "min": 431.443084717,
        "var": 35.9715423584
    },
    "hpcp": {
        "dmean": [0.171732082963, 0.169320464134, 0.163381844759, 0.23297342658, 0.088771507144, 0.150217577815, 0.204720556736, 0.247885733843, 0.158976778388, 0.132188558578, 0.258527636528, 0.0736666992307],
        "dmean2": [0.289175152779, 0.300041288137, 0.285766869783, 0.410661220551, 0.158379539847, 0.25499433279, 0.354613006115, 0.416668653488, 0.270447582006, 0.234495699406, 0.438031166792, 0.12952272594],
        "dvar": [0.0419674925506, 0.0610068403184, 0.056177970022, 0.0764172375202, 0.0209735110402, 0.0502205900848, 0.0616611205041, 0.0691446214914, 0.0478936806321, 0.0367595180869, 0.0718903392553, 0.0186493843794],
        "dvar2": [0.101652778685, 0.157707571983, 0.133091151714, 0.178284645081, 0.0580354966223, 0.105196781456, 0.149816468358, 0.164803177118, 0.114301539958, 0.0983875021338, 0.150528118014, 0.0495015345514],
        "max": [1, 1, 1, 1, 1, 1, 1, 1, 1, 1, 1, 1],
        "mean": [0.240149661899, 0.147725597024, 0.167755693197, 0.276134461164, 0.0777200162411, 0.257956832647, 0.278698801994, 0.332429587841, 0.190747871995, 0.118978448212, 0.619148433208, 0.0736773908138],
        "median": [0.134707137942, 0.042274300009, 0.0588091500103, 0.120549097657, 0.0274523105472, 0.0871290713549, 0.14844751358, 0.208022415638, 0.0699487626553, 0.0456683449447, 0.667447209358, 0.0312292613089],
        "min": [0, 0, 0.00092021364253, 0, 0, 0.00234978552908, 0, 0, 0.00046746051521, 0, 0, 0],
        "var": [0.0712585374713, 0.0561437904835, 0.0642114207149, 0.104729019105, 0.0173665229231, 0.113820642233, 0.102241963148, 0.110396407545, 0.0729738324881, 0.035275850445, 0.129397735, 0.0165641400963]
    }
},
"lowlevel": {
    "melbands": {
        "dmean": [4.65148259536e-05, 0.000209624427953, 0.000215495121665, 0.000105435210571, 6.61216472508e-05, 0.00011685773643, 0.000127780294861, 0.000129396285047, 0.000127928302391, 6.78225405863e-05, 4.98284425703e-05, 2.93300690828e-05, 2.36816249526e-05, 1.51673430082e-05, 2.43084996328e-05, 1.42596009027e-05, 1.5696603441e-05, 1.24383877846e-05, 9.7822958196e-06, 8.75392015587e-06, 6.9595162131e-06, 6.98441635905e-06, 8.61388707563e-06, 9.33763203648e-06, 7.0333048825e-06, 5.37945152246e-06, 4.41484007752e-06, 2.49247864303e-06, 1.37380379783e-06, 1.17103274988e-06, 8.76950082329e-07, 5.07312108766e-07, 2.43598947236e-07, 1.85669378538e-07, 1.71325339693e-07, 1.29022623696e-07, 7.91536862721e-08, 3.32023404326e-08, 5.91799365068e-09, 2.94658797362e-10],
        "dmean2": [6.86419225531e-05, 0.000330086040776, 0.000343199179042, 0.000140754680615, 0.000107294727059, 0.000190179140191, 0.000208857687539, 0.000219213674427, 0.00018532879767, 9.88197425613e-05, 7.30139217922e-05, 4.71282255603e-05, 3.6206391087e-05, 2.38778029598e-05, 3.77941105398e-05, 2.08710443985e-05, 2.35400912061e-05, 1.9757737391e-05, 1.55846955749e-05, 1.35516083901e-05, 1.101302405e-05, 1.05982035166e-05, 1.2358242202e-05, 1.34859628815e-05, 1.0912702237e-05, 7.88796569395e-06, 6.7405471782e-06, 3.91946468881e-06, 2.17867341235e-06, 1.85611418146e-06, 1.34926756346e-06, 7.9170644085e-07, 3.84877523629e-07, 2.96742285855e-07, 2.72057377515e-07, 2.06643406386e-07, 1.29992940856e-07, 5.4896219126e-08, 9.81856818072e-09, 4.8113341089e-10],
        "dvar": [3.37902661407e-09, 9.0852516621e-08, 7.33629974548e-08, 2.78445977386e-08, 8.36389890679e-09, 2.06888213228e-08, 3.17386401605e-08, 5.44163327731e-08, 4.72007641861e-08, 2.29718821743e-08, 6.5984688824e-09, 1.02837969251e-08, 5.93418914008e-09, 1.46117717925e-09, 4.40039071847e-09, 1.32954869336e-09, 2.20191331834e-09, 6.93977986188e-10, 4.55129101073e-10, 6.43316289128e-10, 1.97289851123e-10, 1.87530782569e-10, 2.99464869569e-10, 4.03144961858e-10, 2.10761796904e-10, 1.0235139819e-10, 1.22842097605e-10, 4.74175317067e-11, 6.10793924119e-12, 7.57941626128e-12, 4.98350753025e-12, 1.44586816478e-12, 1.80936930477e-13, 6.78965821825e-14, 6.34008497829e-14, 2.66382612312e-14, 1.10499378202e-14, 3.18984285837e-15, 9.16306544229e-17, 2.02679386754e-19],
        "dvar2": [5.64097346611e-09, 1.9668557627e-07, 1.63206038906e-07, 4.78718540364e-08, 2.08561701243e-08, 5.03137655983e-08, 8.18939867031e-08, 1.45277851971e-07, 7.25516215994e-08, 3.61364698165e-08, 1.29288357797e-08, 2.41805686585e-08, 1.19911840457e-08, 2.99442515228e-09, 9.74348957072e-09, 2.59569565841e-09, 5.16497911107e-09, 1.62955116068e-09, 1.13681786207e-09, 1.63594116032e-09, 4.31009172797e-10, 4.24263152388e-10, 4.87461127019e-10, 8.24865842297e-10, 4.74797645644e-10, 2.10551492907e-10, 2.59015447979e-10, 8.32188831734e-11, 1.43143118886e-11, 1.56444926458e-11, 1.07765515261e-11, 3.2157967695e-12, 3.94748849494e-13, 1.47028304245e-13, 1.45174535371e-13, 6.44219378364e-14, 2.83211039391e-14, 8.5354307308e-15, 2.31540188371e-16, 5.09543929417e-19],
        "max": [0.000800592126325, 0.0031550207641, 0.00242418213747, 0.00228891032748, 0.00122086785268, 0.00124485453125, 0.00138989521656, 0.00164138001855, 0.00377290602773, 0.0025691089686, 0.00114185293205, 0.00111824111082, 0.000982080586255, 0.000511165766511, 0.000893401505891, 0.000564341957215, 0.00071698310785, 0.000327760208165, 0.000206760916626, 0.000413589063101, 0.000144525241922, 0.000125552818645, 0.000183560929145, 0.0002784121898, 0.00021146137442, 0.000124454294564, 0.000157594462507, 9.54510469455e-05, 2.71620065178e-05, 5.53484533157e-05, 3.49101210304e-05, 2.07017565117e-05, 6.23876530881e-06, 3.9112956074e-06, 3.71388114218e-06, 1.88458886896e-06, 1.17668071198e-06, 7.91001014022e-07, 9.40209403666e-08, 4.34379865411e-09],
        "mean": [7.81923736213e-05, 0.0002899444371, 0.000322518841131, 0.00016757506819, 9.12210525712e-05, 0.000166430079844, 0.000164460390806, 0.000122548328363, 0.000197323883185, 0.000100422039395, 7.65159493312e-05, 3.41809281963e-05, 2.71355820587e-05, 1.91429462575e-05, 3.06752554025e-05, 1.77088459168e-05, 1.88294670806e-05, 1.54520512297e-05, 1.09934026113e-05, 9.95137361315e-06, 9.0589037427e-06, 9.17913985177e-06, 1.4038205336e-05, 1.54697463586e-05, 9.83395511867e-06, 8.45844715514e-06, 6.99974589224e-06, 3.93759864892e-06, 2.14290366785e-06, 1.73805960912e-06, 1.41029681799e-06, 8.65453671395e-07, 4.26214711524e-07, 3.31512353569e-07, 3.02594486357e-07, 2.09520720773e-07, 1.28620229134e-07, 5.10229654083e-08, 8.91849349927e-09, 4.42162195746e-10],