{
"metadata": {
    "version": {
        "essentia": "2.0.1",
        "extractor": "archive-music 1.0 mod ismir14"
    },
    "audio_properties": {
        "analysis_sample_rate": 44100,
        "bitrate": 32,
        "channels": 2,
        "equal_loudness": 0,
        "length": 30.0408172607,
        "replay_gain": -9.58625411987,
        "downmix": "mix"
    },
    "tags": {
        "track": 0,
        "year": 0,
        "album": "",
        "artist": "",
        "comment": "",
        "genre": "",
        "title": ""
    }
},
"rhythm": {
    "bpm": 172.265594482,
    "bpm_histogram_first_peak": 172,
    "bpm_histogram_first_peak_spread": 0,
    "bpm_histogram_first_peak_weight": 0.529411792755,
    "bpm_histogram_second_peak": 178,
    "bpm_histogram_second_peak_spread": 0,
    "bpm_histogram_second_peak_weight": 0.258823543787
},
"tonal": {
    "tuning_frequency": {
        "dmean": 0.0279282927513,
        "dmean2": 0.0483855269849,
        "dvar": 0.0437163859606,
        "dvar2": 0.0773637294769,
        "max": 436.456176758,
        "mean": 434.235809326,
        "median": 434.193115234,
        "min": 433.691802979,
        "var": 0.139249995351
    },
    "hpcp": {
        "dmean": [0.120634794235, 0.20298948884, 0.187210708857, 0.277981519699, 0.0479006208479, 0.148277282715, 0.158504158258, 0.280518531799, 0.0940156280994, 0.106000885367, 0.261185526848, 0.0855547115207],
        "dmean2": [0.214659869671, 0.377178519964, 0.323045313358, 0.487981468439, 0.0878905057907, 0.262951076031, 0.280491918325, 0.497283220291, 0.168944120407, 0.18476703763, 0.475145578384, 0.15410721302],
        "dvar": [0.046623300761, 0.0732726305723, 0.0560815893114, 0.110036976635, 0.0150417946279, 0.0750661417842, 0.0836951509118, 0.11903449893, 0.0411060079932, 0.04251601547, 0.0955591350794, 0.0226756092161],
        "dvar2": [0.119844779372, 0.156412214041, 0.147523641586, 0.251358360052, 0.0438432618976, 0.169560998678, 0.187181606889, 0.313816696405, 0.116081297398, 0.112504638731, 0.192664429545, 0.066076554358],
        "max": [1, 1, 1, 1, 0.795313537121, 1, 1, 1, 1, 1, 1, 1],
        "mean": [0.100402317941, 0.239288523793, 0.170947298408, 0.396125942469, 0.0363046079874, 0.150233387947, 0.18267929554, 0.234673663974, 0.0678254887462, 0.0824723318219, 0.383455753326, 0.0692711174488],
        "median": [0.0293271653354, 0.105013050139, 0.0730948671699, 0.178081721067, 0.00649566808715, 0.0298310201615, 0.0108893709257, 0.0468859821558, 0.0121601615101, 0.0181023664773, 0.189248025417, 0.0225845780224],
        "min": [0.000858115265146, 0.00327207427472, 0.00100926368032, 0.000128890140331, 8.98635626072e-05, 0.000687307212502, 7.15240093996e-05, 0.000273207988357, 0.00029427325353, 0.000111316941911, 0.000211735765333, 0.000400660181185],
        "var": [0.0391072332859, 0.10255215317, 0.0578947551548, 0.170646831393, 0.0100263543427, 0.085280328989, 0.114805564284, 0.119777739048, 0.0296278242022, 0.0336429104209, 0.153822109103, 0.016744332388]
    }
},
"lowlevel": {
    "melbands": {
        "dmean": [3.16215647445e-07, 1.42201542985e-05, 1.80916413228e-05, 0.00019905679801, 0.00015557424922, 8.01711794338e-05, 3.82303187507e-05, 3.2910356822e-05, 2.09741629078e-05, 1.56166242959e-05, 1.38961722769e-05, 8.9677005235e-06, 1.37904944495e-05, 5.22018171978e-06, 4.42778082288e-06, 3.19150080941e-06, 7.00277405485e-06, 2.82039650301e-06, 3.77729952561e-06, 8.66692118962e-07, 1.11119516077e-06, 9.62293597695e-07, 6.89027956469e-07, 1.08606514004e-06, 2.48874880526e-06, 3.00765873362e-06, 6.44084138912e-07, 3.66738760249e-07, 1.5424463129e-07, 1.09368400558e-07, 4.38607763442e-08, 6.51147624708e-09, 1.24778420929e-09, 2.93582130828e-10, 7.79009634577e-11, 3.37652336646e-11, 1.76346524189e-11, 6.90486903765e-12, 3.74119225183e-12, 2.35500963348e-12],
        "dmean2": [5.02289196902e-07, 2.46188319579e-05, 2.96163361782e-05, 0.000340232189046, 0.000265391980065, 0.000138064540806, 6.58264398226e-05, 5.60111584491e-05, 3.90280329157e-05, 2.94248238788e-05, 2.64379777946e-05, 1.717718078e-05, 2.64900772891e-05, 9.86228224065e-06, 8.32121713756e-06, 5.97614007347e-06, 1.30297321448e-05, 4.97410110256e-06, 6.87592137183e-06, 1.52263680775e-06, 1.92083916772e-06, 1.71821807271e-06, 1.24110067645e-06, 1.91330741472e-06, 4.50747211289e-06, 5.6705462157e-06, 1.15208683837e-06, 6.66264043048e-07, 2.90957615334e-07, 2.08740189578e-07, 8.66911165076e-08, 1.23273551367e-08, 2.43257924915e-09, 5.68550706515e-10, 1.44917799982e-10, 6.18806186847e-11, 3.04515614113e-11, 1.0828489147e-11, 5.70017167148e-12, 3.16447844491e-12],
        "dvar": [1.34276636576e-13, 1.55348434117e-09, 5.53301460204e-10, 2.78144852928e-07, 2.88100867607e-08, 6.35353369915e-09, 1.94767335593e-09, 2.47945908249e-09, 3.0731637235e-09, 1.17408727185e-09, 1.2158666296e-09, 6.50180465023e-10, 1.78247394622e-09, 1.52522383612e-10, 1.77714232219e-10, 4.28037189026e-11, 6.59837073869e-10, 1.96414030873e-11, 5.62662173798e-11, 1.59394329333e-12, 2.36565628198e-12, 1.68921322242e-12, 1.93476549885e-12, 2.64908320974e-12, 3.41184788755e-11, 5.87954129827e-11, 8.3576700248e-13, 4.66326521668e-13, 1.35477417587e-13, 1.27843997324e-13, 3.45513988785e-14, 4.68306517087e-16, 4.27671997414e-17, 1.12196575918e-18, 2.75770642492e-20, 7.69860631174e-21, 2.56116322228e-21, 2.8539202832e-22, 1.63766085042e-22, 1.29887386927e-22],
        "dvar2": [3.21117617089e-13, 3.19722093245e-09, 1.34996769319e-09, 7.37162565656e-07, 7.91441507886e-08, 1.80993051657e-08, 5.26627097486e-09, 5.63349411564e-09, 8.75355432584e-09, 3.56948426372e-09, 3.71955377609e-09, 1.94899363315e-09, 5.27149923712e-09, 4.48852260915e-10, 5.32589528035e-10, 1.2064703403e-10, 1.97325200624e-09, 5.53568579864e-11, 1.62397900683e-10, 4.58385282856e-12, 6.54979109144e-12, 4.83829165968e-12, 5.63147141766e-12, 7.55458109264e-12, 1.00709912632e-10, 1.75437983585e-10, 2.19569783362e-12, 1.32287583665e-12, 3.81938404515e-13, 3.63398140789e-13, 1.03667041043e-13, 1.35806507675e-15, 1.27303996244e-16, 3.5066709067e-18, 8.13775375245e-20, 2.25178321368e-20, 7.17503329574e-21, 3.61212895665e-22, 1.95632948034e-22, 1.21635157174e-22],
        "max": [2.44063789978e-06, 0.000396289135097, 0.000191432700376, 0.00522173615173, 0.00114277319517, 0.000480508198962, 0.00022182345856, 0.000378449301934, 0.000372977548977, 0.000203455463634, 0.000191806262592, 0.000150696592755, 0.000315893965308, 8.24458984425e-05, 9.38560915529e-05, 5.84130320931e-05, 0.00023460695229, 3.21324514516e-05, 7.04954509274e-05, 1.16168248496e-05, 9.99496751319e-06, 6.98915800967e-06, 8.93781907507e-06, 8.87151509232e-06, 3.9212860429e-05, 6.13111333223e-05, 4.44481793238e-06, 3.86059991797e-06, 2.60406568486e-06, 3.00485680782e-06, 1.68318251781e-06, 1.95233539557e-07, 5.9537260455e-08, 7.60110729914e-09, 1.21266963138e-09, 7.72129193916e-10, 4.49564274696e-10, 1.76682085629e-10, 1.31418764759e-10, 1.21012561083e-10],
        "mean": [4.57366610362e-07, 1.91191174963e-05, 2.62107805611e-05, 0.000223719631322, 0.000207026925636, 9.83558202279e-05, 3.79629200324e-05, 3.72014001186e-05, 1.63954555319e-05, 1.11059925985e-05, 1.03673319245e-05, 5.76520096729e-06, 9.82859000942e-06, 3.59253249371e-06, 3.24184384226e-06, 2.45089859163e-06, 5.30780789632e-06, 2.50846369454e-06, 3.52366691914e-06, 9.5758491625e-07, 1.10881239834e-06, 9.55119276114e-07, 6.45278305456e-07, 8.84750647856e-07, 1.93711753127e-06, 2.18109380512e-06, 5.5588276382e-07, 2.82154132947e-07, 1.03309403698e-07, 6.68032669182e-08, 2.70725166729e-08, 4.25982049634e-09, 7.64403984554e-10, 2.07500294724e-10, 7.78401648693e-11, 3.77457232137e-11, 2.0382102256e-11, 1.00588929547e-11, 5.71589260298e-12, 3.7607039878e-12],