{
"metadata": {
    "version": {
        "essentia": "2.0.1",
        "extractor": "archive-music 1.0 mod ismir14"
    },
    "audio_properties": {
        "analysis_sample_rate": 44100,
        "bitrate": 32,
        "channels": 2,
        "equal_loudness": 0,
        "length": 30.0408172607,
        "replay_gain": -8.37414169312,
        "downmix": "mix"
    },
    "tags": {
        "track": 7,
        "year": 0,
        "album": "The Cool Jazz Collection",
        "artist": "Astrud Gilberto",
        "comment": "",
        "genre": "Jazz",
        "title": "Girl From Ipanema"
    }
},
"rhythm": {
    "bpm": 129.900985718,
    "bpm_histogram_first_peak": 129,
    "bpm_histogram_first_peak_spread": 0.537037074566,
    "bpm_histogram_first_peak_weight": 0.396825402975,
    "bpm_histogram_second_peak": 136,
    "bpm_histogram_second_peak_spread": 0.33333337307,
    "bpm_histogram_second_peak_weight": 0.0634920671582
},
"tonal": {
    "tuning_frequency": {
        "dmean": 0.100117146969,
        "dmean2": 0.18280339241,
        "dvar": 1.48796701431,
        "dvar2": 3.1216905117,
        "max": 456.570251465,
        "mean": 436.016235352,
        "median": 434.193115234,
        "min": 431.941772461,
        "var": 24.0202445984
    },
    "hpcp": {
        "dmean": [0.119851633906, 0.117850482464, 0.151854991913, 0.180199325085, 0.162474319339, 0.125046104193, 0.138537809253, 0.153704792261, 0.222949683666, 0.139271333814, 0.129080370069, 0.115453034639],
        "dmean2": [0.23255392909, 0.225740373135, 0.292914897203, 0.342610448599, 0.31520229578, 0.240930721164, 0.265028983355, 0.29629522562, 0.428985804319, 0.270844548941, 0.247764959931, 0.223886832595],
        "dvar": [0.0833393856883, 0.0766472294927, 0.0997758880258, 0.105898991227, 0.10696657747, 0.0806493014097, 0.0849082916975, 0.101232372224, 0.130715921521, 0.0979750305414, 0.0823023542762, 0.0809284821153],
        "dvar2": [0.242310732603, 0.220273807645, 0.279735535383, 0.297786474228, 0.30386441946, 0.235020026565, 0.23961378634, 0.286488860846, 0.364222466946, 0.279276162386, 0.233793377876, 0.237155079842],
        "max": [1, 1, 1, 1, 1, 1, 1, 1, 1, 1, 1, 1],
        "mean": [0.0745860114694, 0.103905454278, 0.110945485532, 0.207753941417, 0.114443555474, 0.0936297178268, 0.13066957891, 0.118096753955, 0.196847081184, 0.0967597812414, 0.0937253907323, 0.0808832347393],
        "median": [0.000361166457878, 0.00161710917018, 0.000730595493224, 0.0034324019216, 0.00111037469469, 0.00107457058039, 0.00156369514298, 0.00109469366726, 0.00379336485639, 0.000308059796225, 0.00183102092706, 0.000546322553419],
        "min": [0, 0, 0, 0, 0, 0, 0, 0, 0, 0, 0, 0],
        "var": [0.0551915131509, 0.0735156536102, 0.0812152996659, 0.135271444917, 0.0821928903461, 0.0671504214406, 0.0911879315972, 0.0855474621058, 0.129594117403, 0.0748084783554, 0.0616614371538, 0.060669220984]
    }
},
"lowlevel": {
    "melbands": {
        "dmean": [0.000822582805995, 0.0034266486764, 0.00360150611959, 0.00186605914496, 0.00100298097823, 0.000379114120733, 0.000131007182063, 0.000122268524137, 5.29307508259e-05, 2.71641583822e-05, 2.86071554001e-05, 2.85180121864e-05, 9.20590900932e-06, 6.94991604178e-06, 7.99890676717e-06, 4.91865466756e-06, 4.02837713409e-06, 1.867008109e-06, 1.6580954707e-06, 1.69903103142e-06, 1.11984877549e-06, 1.48697768054e-06, 1.61671971455e-06, 1.64236416822e-06, 6.75770763792e-07, 4.19031607635e-07, 6.28394502655e-07, 9.1369116717e-07, 7.53389088004e-07, 9.70918790699e-07, 1.56280123065e-06, 2.62417665908e-06, 3.03350770992e-06, 1.76706714683e-06, 8.77512150055e-07, 5.29978592567e-07, 4.7387095492e-07, 3.48034291164e-07, 4.3073237066e-07, 7.12471035058e-07],
        "dmean2": [0.00140341441147, 0.00586458016187, 0.00619964161888, 0.00312199583277, 0.00167604908347, 0.000638866447844, 0.000193629093701, 0.000174831307959, 7.3952935054e-05, 3.62199752999e-05, 3.79764678655e-05, 3.60873091267e-05, 1.31294909806e-05, 1.09041538963e-05, 1.13500354928e-05, 7.22781896911e-06, 5.79365269004e-06, 2.82754967884e-06, 2.39186329054e-06, 2.60323804468e-06, 1.70067301042e-06, 2.23104711949e-06, 2.43537988354e-06, 2.60760884885e-06, 1.09472944132e-06, 6.40962753096e-07, 9.54274696596e-07, 1.49289087403e-06, 1.13521332423e-06, 1.44728983287e-06, 2.37854987972e-06, 3.99726013711e-06, 4.80377320855e-06, 2.71142562269e-06, 1.37986853588e-06, 7.62529964504e-07, 7.107997817e-07, 5.34028458787e-07, 6.58410385768e-07, 1.07883772671e-06],
        "dvar": [2.64441428044e-06, 2.91979467875e-05, 3.60275516869e-05, 9.26186112338e-06, 2.6632301342e-06, 4.33675495515e-07, 1.45561457998e-07, 1.53109283474e-07, 2.03851300284e-08, 9.63938884269e-09, 7.00575908397e-09, 1.83619022209e-08, 1.20333554232e-09, 4.99648933339e-10, 7.12033987327e-10, 4.33003383149e-10, 5.89217841185e-10, 5.30547827893e-11, 8.69814498206e-11, 8.03672337013e-11, 1.64219401966e-11, 2.14538751347e-11, 2.46601246368e-11, 5.28795236765e-11, 6.40115391248e-12, 1.48461440624e-12, 4.81632919311e-12, 1.45030940382e-11, 7.7749542915e-12, 2.17392302077e-11, 6.03462141369e-11, 2.2522414489e-10, 7.6510536795e-10, 1.29461774634e-10, 2.0062821196e-11, 3.30638359573e-12, 3.13827479628e-12, 2.43524579842e-12, 7.60988234233e-12, 1.51093131062e-11],
        "dvar2": [7.08432480678e-06, 8.81564992596e-05, 0.000116419068945, 2.56401144725e-05, 7.15838132237e-06, 1.20516529023e-06, 2.24415501293e-07, 2.40472303403e-07, 3.29387397358e-08, 1.29141426441e-08, 1.20787966296e-08, 1.8881902264e-08, 2.90152057936e-09, 1.19684351318e-09, 1.14931175688e-09, 7.89206311413e-10, 1.04886699326e-09, 1.06484376872e-10, 1.44625048049e-10, 1.70873773464e-10, 3.06442371478e-11, 4.56133499027e-11, 5.2778840326e-11, 1.38329875332e-10, 1.65729860391e-11, 3.41817199545e-12, 1.0142896939e-11, 3.92958096618e-11, 1.72894476513e-11, 4.6240046514e-11, 1.4035836382e-10, 5.38101951886e-10, 1.96796179353e-09, 2.50370252308e-10, 5.54551717047e-11, 7.22779345055e-12, 7.61618892953e-12, 6.44001432043e-12, 2.24137097771e-11, 3.90783794213e-11],
        "max": [0.0332237519324, 0.0732256770134, 0.0703514069319, 0.0826225876808, 0.0258827302605, 0.0124500505626, 0.00935200043023, 0.00950419623405, 0.00384165206924, 0.00391440000385, 0.00213077687658, 0.0100930854678, 0.000928053166717, 0.000608426111285, 0.00152175000403, 0.000829934375361, 0.00116981519386, 0.000296152429655, 0.000376521493308, 0.000331746152369, 0.000151867527165, 0.000100712903077, 9.91664419416e-05, 0.000183170108357, 8.41116270749e-05, 2.82193523162e-05, 6.1159102188e-05, 0.000110694963951, 7.1635004133e-05, 0.000127260704176, 0.00021311888122, 0.000367866654415, 0.00108006154187, 0.000548896146938, 0.000161792268045, 5.2839237469e-05, 3.85742678191e-05, 5.32782214577e-05, 9.98630275717e-05, 0.000128962434246],
        "mean": [0.00153312727343, 0.00622939690948, 0.00753062032163, 0.00367454392835, 0.00228202505969, 0.00082538893912, 0.0003068659571, 0.000303184235236, 0.000143150260556, 8.77220081748e-05, 8.57305785757e-05, 8.67734124768e-05, 2.29088473134e-05, 1.30271082526e-05, 1.99163878278e-05, 1.16569581223e-05, 8.3335180534e-06, 3.53913037543e-06, 3.38000131705e-06, 3.27582438331e-06, 1.8304817786e-06, 2.76968921753e-06, 3.28469923261e-06, 2.61580839833e-06, 1.13007581604e-06, 7.56466306484e-07, 1.07730761556e-06, 1.3662325955e-06, 1.17698743907e-06, 1.54530357577e-06, 2.66706842922e-06, 4.37371227235e-06, 4.60695491711e-06, 3.3023220567e-06, 1.63931099451e-06, 1.02472222352e-06, 8.90875696768e-07, 6.3084547719e-07, 7.63130628911e-07, 1.24815403524e-06],