{
"metadata": {
    "version": {
        "essentia": "2.0.1",
        "extractor": "archive-music 1.0 mod ismir14"
    },
    "audio_properties": {
        "analysis_sample_rate": 44100,
        "bitrate": 32,
        "channels": 2,
        "equal_loudness": 0,
        "length": 30.0408172607,
        "replay_gain": -11.8030014038,
        "downmix": "mix"
    },
    "tags": {
        "track": 6,
        "year": 0,
        "album": "Swing Classics (Jazz & Tzaz 70)",
        "artist": "Benny Carter",
        "comment": "",
        "genre": "Jazz",
        "title": "Babalu"
    }
},
"rhythm": {
    "bpm": 92.8061752319,
    "bpm_histogram_first_peak": 92,
    "bpm_histogram_first_peak_spread": 0.5,
    "bpm_histogram_first_peak_weight": 0.444444447756,
    "bpm_histogram_second_peak": 86,
    "bpm_histogram_second_peak_spread": 0,
    "bpm_histogram_second_peak_weight": 0.0666666701436
},
"tonal": {
    "tuning_frequency": {
        "dmean": 0.0442163385451,
        "dmean2": 0.0852365493774,
        "dvar": 0.455222040415,
        "dvar2": 1.09897816181,
        "max": 454.727905273,
        "mean": 436.571105957,
        "median": 436.204162598,
        "min": 435.197479248,
        "var": 1.73873817921
    },
    "hpcp": {
        "dmean": [0.148491948843, 0.146301209927, 0.150928765535, 0.195823147893, 0.144015073776, 0.120243526995, 0.153421893716, 0.129034504294, 0.197224244475, 0.144220709801, 0.188759729266, 0.198879897594],
        "dmean2": [0.275688260794, 0.263585984707, 0.284041315317, 0.352611005306, 0.264515519142, 0.219996884465, 0.268089771271, 0.240395277739, 0.353343904018, 0.270833075047, 0.344705551863, 0.354342639446],
        "dvar": [0.0676579847932, 0.0618148520589, 0.0813847705722, 0.0803797841072, 0.0639872699976, 0.0548335127532, 0.0576128549874, 0.0608911588788, 0.0774458870292, 0.0703227445483, 0.0746265351772, 0.0768333598971],
        "dvar2": [0.193935483694, 0.172286137938, 0.235642552376, 0.215481474996, 0.177977502346, 0.157336711884, 0.154785722494, 0.17218002677, 0.20452581346, 0.204326197505, 0.201423585415, 0.207977965474],
        "max": [1, 1, 1, 1, 1, 1, 1, 1, 1, 1, 1, 1],
        "mean": [0.112782865763, 0.150813117623, 0.110089637339, 0.39356431365, 0.167475253344, 0.0994390100241, 0.235991686583, 0.100290261209, 0.290697276592, 0.10272987932, 0.193625032902, 0.235619425774],
        "median": [0.0120684029534, 0.0210761483759, 0.00390227464959, 0.192974075675, 0.0137011781335, 0.013358254917, 0.0623197779059, 0.00844889506698, 0.10338050127, 0.00921648647636, 0.0640214979649, 0.0626673027873],
        "min": [0, 0, 0, 0, 0, 0, 0, 0, 0, 0, 0, 0],
        "var": [0.0566444136202, 0.0687497034669, 0.067035600543, 0.171771600842, 0.0939032360911, 0.0470141582191, 0.113178767264, 0.0511282235384, 0.131532803178, 0.0506983920932, 0.0801297053695, 0.106416076422]
    }
},
"lowlevel": {
    "melbands": {
        "dmean": [2.84222060145e-05, 0.000123169855215, 0.000138608069392, 0.000255804363405, 0.000309462251607, 0.00034451301326, 0.000266621325864, 0.000365987740224, 0.000262382935034, 0.000164245124324, 0.000119558717415, 0.000103622769529, 9.49184541241e-05, 7.84988078522e-05, 0.00014716606529, 0.000132772591314, 7.56627414376e-05, 4.03859703511e-05, 4.23197452619e-05, 4.56160632893e-05, 1.58341536007e-05, 2.23501301662e-05, 1.1046927284e-05, 7.52579171603e-06, 9.765062714e-06, 3.49897527485e-06, 2.06158597393e-06, 2.46528929893e-06, 1.90481785012e-06, 1.86305760508e-06, 9.49612569912e-07, 4.84145630253e-07, 3.44842504774e-07, 1.31776673129e-07, 6.06068226716e-08, 5.62947306548e-08, 1.68112119781e-08, 2.04427008654e-09, 4.53838994163e-10, 1.37158923108e-10],
        "dmean2": [4.42277923867e-05, 0.000200664042495, 0.000241964677116, 0.000463268137537, 0.0005626307684, 0.000591920921579, 0.000416401278926, 0.000524585950188, 0.000372553738998, 0.000232408041484, 0.00018502122839, 0.000159536517458, 0.000149114857777, 0.000123513105791, 0.000222605682211, 0.000210366953979, 0.000117019582831, 5.9143458202e-05, 6.23267114861e-05, 6.92231260473e-05, 2.51482579188e-05, 3.5674591345e-05, 1.82031617442e-05, 1.17827785289e-05, 1.44596469909e-05, 5.14269231644e-06, 3.30313810082e-06, 3.78546474167e-06, 2.90517323265e-06, 2.73727414424e-06, 1.42463943575e-06, 7.42197471482e-07, 5.38990889254e-07, 2.00312243237e-07, 8.78582682162e-08, 8.63619220581e-08, 2.67082462813e-08, 3.15122972161e-09, 7.11447289969e-10, 2.23194907001e-10],
        "dvar": [1.4292294015e-09, 2.44837519148e-08, 4.65594354182e-08, 1.47723213217e-07, 2.08130629176e-07, 2.83134966139e-07, 1.44354061149e-07, 5.57791167921e-07, 2.35621286038e-07, 9.30727139803e-08, 7.25748350305e-08, 6.16778379481e-08, 4.98711010266e-08, 2.84538419493e-08, 8.47467660492e-08, 1.18683914252e-07, 4.27290309801e-08, 1.07606021871e-08, 1.34681190644e-08, 1.22082601806e-08, 8.93227380949e-10, 3.60375396191e-09, 6.47188469483e-10, 2.49014864284e-10, 5.57517421118e-10, 8.26773302598e-11, 2.41431961229e-11, 6.25310636604e-11, 2.08932489365e-11, 1.80841955993e-11, 5.52145005064e-12, 1.99679205462e-12, 1.42109566302e-12, 1.93195218395e-13, 2.85270193427e-14, 2.67981827457e-14, 1.86090491534e-15, 6.94991922886e-17, 6.54038516815e-18, 6.70951113658e-19],
        "dvar2": [3.13404280305e-09, 6.08957932968e-08, 1.32235868477e-07, 4.41630049863e-07, 6.50539334401e-07, 8.26503594453e-07, 3.5638817053e-07, 1.20044160212e-06, 5.27760448676e-07, 1.98190136302e-07, 1.7675763786e-07, 1.59386246423e-07, 1.25738907286e-07, 7.40035162039e-08, 1.88922015809e-07, 3.093102805e-07, 1.12779140693e-07, 2.31221459757e-08, 3.07962402246e-08, 2.72321312167e-08, 2.1341401979e-09, 9.63508028917e-09, 1.88230897535e-09, 6.16756146155e-10, 1.24507615329e-09, 1.79732687067e-10, 5.94328267156e-11, 1.52866649894e-10, 4.94275939622e-11, 3.9557305348e-11, 1.23251712655e-11, 4.44027063382e-12, 3.89543822546e-12, 4.58051782268e-13, 6.35235069299e-14, 6.82365879838e-14, 4.63357388279e-15, 1.55719317882e-16, 1.4489616911e-17, 1.65426289401e-18],
        "max": [0.000532370002475, 0.00200051930733, 0.00413456885144, 0.00862287171185, 0.00593170197681, 0.00778882252052, 0.0061840028502, 0.0173520352691, 0.009930559434, 0.00531134009361, 0.0055208648555, 0.00478597683832, 0.00430712662637, 0.00384434685111, 0.00570051139221, 0.00548187969252, 0.00482711801305, 0.00273251673207, 0.00213939836249, 0.00278536230326, 0.000649615773, 0.00131777126808, 0.000423319172114, 0.000275420403341, 0.000432409433415, 0.000225215480896, 8.19698761916e-05, 0.000192571271327, 6.77273856127e-05, 7.2757655289e-05, 5.2002051234e-05, 2.85831119982e-05, 2.40386179939e-05, 9.19642752706e-06, 2.88157048089e-06, 3.47290097125e-06, 5.02248610701e-07, 1.78554415697e-07, 6.10162018688e-08, 1.81607848759e-08],
        "mean": [3.92981019104e-05, 0.000175476525328, 0.000175475361175, 0.000323626183672, 0.000410895911045, 0.00056119565852, 0.000608095142525, 0.00122789165471, 0.000762369076256, 0.000427416089224, 0.00029615679523, 0.000242646070546, 0.00018824970175, 0.000145590893226, 0.000295010424452, 0.000239447967033, 0.000178534173756, 9.38100492931e-05, 7.51882398617e-05, 9.88722968032e-05, 3.17835510941e-05, 4.02271471103e-05, 2.19206121983e-05, 1.71520587173e-05, 2.40292538365e-05, 8.15935527498e-06, 4.21743925472e-06, 4.55665622212e-06, 4.69594806418e-06, 5.09229221279e-06, 2.39413088821e-06, 1.17037575365e-06, 7.51290087919e-07, 2.96420466839e-07, 1.29436230623e-07, 1.17661549837e-07, 2.93368405124e-08, 2.6540052378e-09, 4.92540508379e-10, 1.58621657476e-10],