{
"metadata": {
    "version": {
        "essentia": "2.0.1",
        "extractor": "archive-music 1.0 mod ismir14"
    },
    "audio_properties": {
        "analysis_sample_rate": 44100,
        "bitrate": 32,
        "channels": 2,
        "equal_loudness": 0,
        "length": 30.0408172607,
        "replay_gain": -13.2441959381,
        "downmix": "mix"
    },
    "tags": {
        "track": 0,
        "year": 0,
        "album": "",
        "artist": "",
        "comment": "",
        "genre": "",
        "title": ""
    }
},
"rhythm": {
    "bpm": 90.2969741821,
    "bpm_histogram_first_peak": 91,
    "bpm_histogram_first_peak_spread": 0.365853667259,
    "bpm_histogram_first_peak_weight": 0.604651153088,
    "bpm_histogram_second_peak": 85,
    "bpm_histogram_second_peak_spread": 0,
    "bpm_histogram_second_peak_weight": 0.0465116277337
},
"tonal": {
    "tuning_frequency": {
        "dmean": 0.172242820263,
        "dmean2": 0.326064884663,
        "dvar": 2.47297620773,
        "dvar2": 6.35292243958,
        "max": 456.306610107,
        "mean": 446.999847412,
        "median": 444.085327148,
        "min": 432.940917969,
        "var": 19.416179657
    },
    "hpcp": {
        "dmean": [0.229290187359, 0.145679503679, 0.112760566175, 0.126585960388, 0.228362962604, 0.311995506287, 0.186954841018, 0.20126272738, 0.147199943662, 0.0855372324586, 0.0900767147541, 0.101935476065],
        "dmean2": [0.390393435955, 0.27490234375, 0.194768384099, 0.230954289436, 0.403591662645, 0.573462605476, 0.356353193521, 0.345695883036, 0.26906093955, 0.155330881476, 0.156160250306, 0.176885157824],
        "dvar": [0.0817679092288, 0.0658618062735, 0.0303424801677, 0.049875870347, 0.0803353637457, 0.114177674055, 0.0942877158523, 0.0693583115935, 0.0612487085164, 0.0289584156126, 0.0262286998332, 0.0298290811479],
        "dvar2": [0.180962219834, 0.184512346983, 0.0760506913066, 0.12218143791, 0.207486584783, 0.27124145627, 0.259320229292, 0.160363644361, 0.175114303827, 0.0795393586159, 0.0624412745237, 0.0766684412956],
        "max": [1, 1, 1, 1, 1, 1, 1, 1, 1, 1, 1, 1],
        "mean": [0.435295373201, 0.0992466285825, 0.133716359735, 0.126033738256, 0.219109281898, 0.455749988556, 0.135826870799, 0.262974888086, 0.130685210228, 0.077278777957, 0.09611851722, 0.0995895713568],
        "median": [0.237003564835, 0.0175194460899, 0.0471449196339, 0.0253943391144, 0.0681915134192, 0.30933791399, 0.0227664671838, 0.107310414314, 0.0321059077978, 0.0240652170032, 0.0298277810216, 0.0335419178009],
        "min": [0.00192639126908, 0.000437484792201, 0.000957687967457, 0.000302071799524, 0.00135441950988, 0.00119792274199, 0.000402695208322, 0.00174791470636, 0.000476483546663, 0.000430782791227, 0.000587556278333, 0.000754823500756],
        "var": [0.167680710554, 0.0443988330662, 0.0447620823979, 0.0610688626766, 0.0905289053917, 0.167448043823, 0.0748951137066, 0.107147581875, 0.0592737793922, 0.0240477882326, 0.0317635647953, 0.0296284649521]
    }
},
"lowlevel": {
    "melbands": {
        "dmean": [0.000236270789173, 0.000487767509185, 0.000175858789589, 0.00012000996503, 8.81663581822e-05, 6.24745662208e-05, 8.15021921881e-05, 0.000120801938465, 0.000194801803445, 0.000149468280142, 5.62923960388e-05, 6.94861810189e-05, 6.67075946694e-05, 3.45170155924e-05, 5.57914863748e-05, 6.57121490804e-05, 1.40494312291e-05, 1.03241918623e-05, 5.3597123042e-06, 6.24181939202e-06, 9.78120260697e-06, 7.37745040169e-06, 1.42591989061e-05, 1.2134233657e-05, 6.65534616928e-06, 6.75089086144e-06, 6.3323464019e-06, 3.93327536585e-06, 1.65614449088e-06, 1.49199411226e-06, 7.28070688183e-07, 3.04974662413e-07, 1.64917594248e-07, 1.49208958078e-07, 1.42520406143e-07, 1.38771056868e-07, 1.13832719251e-07, 1.50968602952e-07, 1.45221250136e-07, 1.15768301612e-07],
        "dmean2": [0.000385409308365, 0.000715228670742, 0.00027408124879, 0.000192675855942, 0.00014222493337, 9.59690150921e-05, 0.000126256578369, 0.000189421669347, 0.000318489561323, 0.000247487449087, 9.06356290216e-05, 0.000108413834823, 0.000100317964097, 5.83794608247e-05, 9.44014609559e-05, 0.000108335640107, 2.14097890421e-05, 1.67478192452e-05, 8.5496903921e-06, 9.78078151093e-06, 1.53966702783e-05, 1.16508863357e-05, 2.34543404076e-05, 1.94670028577e-05, 1.06378565761e-05, 1.03362226582e-05, 1.016331953e-05, 6.33377476333e-06, 2.62683329311e-06, 2.41223119701e-06, 1.16777425774e-06, 4.79702123357e-07, 2.54590815985e-07, 2.34900866758e-07, 2.25573501211e-07, 2.22641986625e-07, 1.75869516283e-07, 2.37466622366e-07, 2.22422087859e-07, 1.8015808223e-07],
        "dvar": [6.02631331503e-08, 2.13599719245e-07, 3.37222481051e-08, 2.94859727745e-08, 2.25153122813e-08, 7.63406760029e-09, 1.82555037753e-08, 4.59683064946e-08, 1.47845810261e-07, 1.79680128554e-07, 7.82157769663e-08, 3.40562351653e-08, 3.13320676071e-08, 7.73224595463e-09, 1.78110468596e-08, 3.57122758032e-08, 2.46890796696e-09, 7.34981076e-10, 7.24172874444e-11, 5.80962951358e-11, 2.11250808513e-10, 1.22909335487e-10, 5.57715762461e-10, 3.8706404748e-10, 1.00883794374e-10, 1.0205580131e-10, 1.26753774143e-10, 4.75158141999e-11, 7.0299803305e-12, 7.1432235127e-12, 1.27686663326e-12, 1.83648845371e-13, 4.02487085002e-14, 3.69302265363e-14, 3.61734534199e-14, 2.68693758649e-14, 1.81182871576e-14, 3.85056536081e-14, 4.70821908479e-14, 2.30566332357e-14],
        "dvar2": [1.63662164709e-07, 4.66855027526e-07, 6.95963962016e-08, 7.46223847159e-08, 5.6366335599e-08, 1.6556212401e-08, 3.77694107101e-08, 1.06999948457e-07, 3.622384952e-07, 4.18662835955e-07, 1.6001882841e-07, 8.08581006595e-08, 6.76305305092e-08, 2.09126529427e-08, 4.64527225574e-08, 8.63408118335e-08, 4.0499261722e-09, 1.69109737325e-09, 1.70828323709e-10, 1.45595063783e-10, 5.05260389083e-10, 3.15057979705e-10, 1.41216760507e-09, 9.52987466718e-10, 2.42492498304e-10, 2.44907510938e-10, 3.31064925474e-10, 1.24614790709e-10, 1.62224435274e-11, 1.75749883397e-11, 3.24484774987e-12, 4.66595078547e-13, 9.39889306792e-14, 8.68813281409e-14, 8.69690604255e-14, 6.07573344934e-14, 3.87384656959e-14, 8.39447936618e-14, 1.1442737491e-13, 4.8958548397e-14],
        "max": [0.00218441872858, 0.0046063689515, 0.00247768266127, 0.00203448021784, 0.00149717507884, 0.00127908599097, 0.00224207388237, 0.00166586693376, 0.00450173253193, 0.00471163913608, 0.00590835884213, 0.00201810966246, 0.00265691196546, 0.000705228885636, 0.00133274262771, 0.00233116815798, 0.00109723152127, 0.000372452806914, 9.78736570687e-05, 4.82227515022e-05, 0.000145391371916, 9.18731457205e-05, 0.000209075951716, 0.000139050447615, 7.90737758507e-05, 9.97811293928e-05, 0.000104349463072, 7.62200943427e-05, 2.17092438106e-05, 2.77013896266e-05, 8.58375824464e-06, 4.67598511023e-06, 1.60080855949e-06, 1.59629314567e-06, 1.71318276898e-06, 1.56561418407e-06, 1.29868362819e-06, 1.95261327463e-06, 2.88420073957e-06, 1.6611055571e-06],
        "mean": [0.000418489973526, 0.00108186970465, 0.000353725452442, 0.000166363621247, 0.000112103123683, 9.18265868677e-05, 0.000120337848784, 0.000146853009937, 0.000241994901444, 0.000152305830852, 5.74421937927e-05, 7.19234958524e-05, 8.43598827487e-05, 3.54206276825e-05, 5.95112542214e-05, 6.49263965897e-05, 1.53321525431e-05, 1.12244015327e-05, 6.60836622046e-06, 7.82328243076e-06, 1.1816312508e-05, 8.66540995048e-06, 1.49558472913e-05, 1.17196859719e-05, 7.32798662284e-06, 8.10763776826e-06, 6.56357769913e-06, 4.01423994845e-06, 1.92633592633e-06, 1.51880783505e-06, 8.11305142179e-07, 4.19949600428e-07, 2.58359875716e-07, 2.32815963841e-07, 2.21805862566e-07, 2.28010975434e-07, 1.82848964414e-07, 2.55209954503e-07, 2.34184824421e-07, 1.92867872784e-07],