{
"metadata": {
    "version": {
        "essentia": "2.0.1",
        "extractor": "archive-music 1.0 mod ismir14"
    },
    "audio_properties": {
        "analysis_sample_rate": 44100,
        "bitrate": 160,
        "channels": 2,
        "equal_loudness": 0,
        "length": 30.0669155121,
        "replay_gain": -8.42432594299,
        "downmix": "mix"
    },
    "tags": {
        "track": 7,
        "year": 0,
        "album": "The Cool Jazz Collection",
        "artist": "Astrud Gilberto",
        "comment": "",
        "genre": "Jazz",
        "title": "Girl From Ipanema"
    }
},
"rhythm": {
    "bpm": 130.002792358,
    "bpm_histogram_first_peak": 129,
    "bpm_histogram_first_peak_spread": 0.490909099579,
    "bpm_histogram_first_peak_weight": 0.444444447756,
    "bpm_histogram_second_peak": 136,
    "bpm_histogram_second_peak_spread": 0.199999988079,
    "bpm_histogram_second_peak_weight": 0.0634920671582
},
"tonal": {
    "tuning_frequency": {
        "dmean": 0.128436714411,
        "dmean2": 0.248645573854,
        "dvar": 1.14220571518,
        "dvar2": 2.94911789894,
        "max": 454.990661621,
        "mean": 440.664672852,
        "median": 442.804626465,
        "min": 434.695007324,
        "var": 6.48233318329
    },
    "hpcp": {
        "dmean": [0.0903645977378, 0.14006280899, 0.11500620842, 0.163679927588, 0.10393307358, 0.0895051285625, 0.12094655633, 0.0416335053742, 0.120060428977, 0.0998774394393, 0.122085310519, 0.0948368906975],
        "dmean2": [0.168071597815, 0.238696679473, 0.215155273676, 0.297468781471, 0.183583676815, 0.159845069051, 0.214896172285, 0.0761510357261, 0.209520056844, 0.182826772332, 0.225670933723, 0.169519916177],
        "dvar": [0.04982136935, 0.063326112926, 0.0675447583199, 0.0869915857911, 0.0478377714753, 0.0472576655447, 0.0604631155729, 0.0239441804588, 0.0552680566907, 0.0604278594255, 0.0666429027915, 0.0470099933445],
        "dvar2": [0.129556074739, 0.131709709764, 0.186258092523, 0.192060679197, 0.113176219165, 0.122985288501, 0.129765793681, 0.058364957571, 0.121065109968, 0.145804911852, 0.165893644094, 0.107688866556],
        "max": [1, 1, 1, 1, 1, 1, 1, 1, 1, 1, 1, 1],
        "mean": [0.068500675261, 0.243451118469, 0.0709515437484, 0.263389706612, 0.12199793011, 0.0918236076832, 0.216791003942, 0.0616908036172, 0.161805063486, 0.0863237529993, 0.112228631973, 0.138354405761],
        "median": [0.00205295928754, 0.0343160219491, 0.00108191580512, 0.0206429194659, 0.00653276406229, 0.00390243227594, 0.0246891006827, 0.0010461397469, 0.0132388090715, 0.00121976924129, 0.00620255898684, 0.00716325175017],
        "min": [0, 0, 0, 0, 0, 0, 0, 0, 0, 0, 0, 0],
        "var": [0.0411161184311, 0.131741389632, 0.0451869219542, 0.157210871577, 0.0704249441624, 0.0577402636409, 0.127428144217, 0.0464014969766, 0.0938147678971, 0.060202524066, 0.0657008141279, 0.0851915404201]
    }
},
"lowlevel": {
    "melbands": {
        "dmean": [0.000257731822785, 0.000725727819372, 0.000799895555247, 0.000429248961154, 0.00024882183061, 9.50980975176e-05, 5.93269032834e-05, 6.52534945402e-05, 2.50958946708e-05, 1.69031791302e-05, 1.49183288158e-05, 1.44469513543e-05, 3.57136559614e-06, 2.53041844189e-06, 3.78806180379e-06, 2.4350597414e-06, 1.98377711058e-06, 6.7890033506e-07, 6.88754766998e-07, 6.65222557927e-07, 4.15769193296e-07, 5.90650188315e-07, 7.29202611183e-07, 6.46381010938e-07, 2.59605030806e-07, 1.54151834408e-07, 2.00381776949e-07, 3.14359084541e-07, 2.66008498784e-07, 3.57295192543e-07, 6.31155842257e-07, 9.05824663278e-07, 1.17480919926e-06, 6.8049297397e-07, 2.88072214971e-07, 1.47952661678e-07, 8.77996342297e-08, 3.23427151727e-08, 1.07830722129e-08, 1.16988252419e-09],
        "dmean2": [0.000357186887413, 0.00104211142752, 0.00116225541569, 0.00065247999737, 0.000359687226592, 0.000143236829899, 9.12204486667e-05, 9.47454609559e-05, 3.6661636841e-05, 2.28478220379e-05, 2.15163527173e-05, 2.00167523872e-05, 5.21147967447e-06, 3.6501953673e-06, 4.97517430631e-06, 3.37774690706e-06, 2.87637840302e-06, 1.04408854895e-06, 1.05008780338e-06, 1.00931117686e-06, 6.62979516619e-07, 9.41109306041e-07, 1.10839050649e-06, 1.07418497919e-06, 4.19138018515e-07, 2.26222653055e-07, 2.90998684704e-07, 4.60850827722e-07, 4.0191562789e-07, 5.45633326965e-07, 9.17664806366e-07, 1.27545456508e-06, 1.96326641344e-06, 9.10380435926e-07, 3.94861785935e-07, 2.03128678322e-07, 1.15788317601e-07, 4.29170619043e-08, 1.4331849485e-08, 1.63545943455e-09],
        "dvar": [3.8612185449e-07, 1.35342941121e-06, 1.06393781607e-06, 5.17908574693e-07, 1.66221695963e-07, 4.26116528729e-08, 3.6787220381e-08, 3.17078843182e-08, 4.99880759008e-09, 3.62866980907e-09, 1.68018021718e-09, 9.12132769315e-09, 8.1400802765e-11, 3.97133576024e-11, 2.25844357105e-10, 8.51702944282e-11, 9.6125531146e-11, 3.6786650115e-12, 8.57198947241e-12, 1.02013415076e-11, 1.95833648776e-12, 2.44020493916e-12, 3.5083787004e-12, 4.46762982512e-12, 6.8739127888e-13, 1.57270206515e-13, 3.67176937726e-13, 1.55481953267e-12, 5.85633971872e-13, 2.04295217895e-12, 7.11118967531e-12, 1.52428746708e-11, 5.37157263114e-11, 1.28189420884e-11, 1.18979717571e-12, 1.79022636017e-13, 5.25153210577e-14, 8.94309752392e-15, 1.40849043041e-15, 2.95957546935e-17],
        "dvar2": [7.37412506169e-07, 2.64085133495e-06, 1.84424311556e-06, 1.04865273443e-06, 3.33974327305e-07, 9.15199436236e-08, 7.85585712038e-08, 6.38869650516e-08, 9.38977606779e-09, 6.62728005807e-09, 2.85336998473e-09, 1.55218238262e-08, 1.58821317209e-10, 7.9136128206e-11, 4.01735728017e-10, 1.86006779423e-10, 2.21943505241e-10, 7.63108673474e-12, 1.90700389507e-11, 1.81988833725e-11, 5.02316330891e-12, 6.17585583368e-12, 8.13885937812e-12, 1.13856910011e-11, 1.74406962396e-12, 3.20703750015e-13, 6.66219737797e-13, 3.21173036083e-12, 1.25440586737e-12, 4.74514351423e-12, 1.56155175596e-11, 2.77830362883e-11, 1.46511164312e-10, 2.06608705838e-11, 1.89566136226e-12, 3.13471389688e-13, 8.62349877921e-14, 1.40736828116e-14, 2.29131221375e-15, 6.43081574888e-17],
        "max": [0.00998999737203, 0.0113780209795, 0.0116367740557, 0.0140451630577, 0.00507891969755, 0.00208836374804, 0.00235362001695, 0.00206089555286, 0.00102233677171, 0.000991684035398, 0.000413444591686, 0.00214633462019, 0.000114442424092, 0.000123125399114, 0.00034736719681, 0.000163013159181, 0.000196457374841, 2.39049913944e-05, 4.11327564507e-05, 4.04480961151e-05, 1.80667047971e-05, 1.68219921761e-05, 1.7340424165e-05, 2.53870421147e-05, 1.22550172819e-05, 6.52587004879e-06, 1.01791174529e-05, 2.41538491537e-05, 8.37750303617e-06, 2.3352831704e-05, 3.89214110328e-05, 6.0207246861e-05, 0.000117817078717, 8.35013852338e-05, 1.98555408133e-05, 5.08119546794e-06, 2.69847919299e-06, 1.54718259182e-06, 5.54382779683e-07, 9.54083247962e-08],
        "mean": [0.00045418573427, 0.00156585604418, 0.00200083013624, 0.000755788991228, 0.000556852144655, 0.000166896075825, 6.81701567373e-05, 7.84901130828e-05, 3.21406623698e-05, 2.19909288717e-05, 2.06715194508e-05, 2.15185846173e-05, 4.6874392865e-06, 3.16017872137e-06, 5.05150637764e-06, 2.87673583443e-06, 2.04175785257e-06, 8.13512770037e-07, 7.91487593688e-07, 8.02900444796e-07, 4.2406833245e-07, 6.58847170598e-07, 7.75897888161e-07, 6.17041962414e-07, 2.63121307853e-07, 1.81701750535e-07, 2.43972635872e-07, 3.20613992244e-07, 2.73338571333e-07, 3.3962507473e-07, 6.13211796008e-07, 9.8083762623e-07, 1.06898289687e-06, 7.19532692983e-07, 3.23876435004e-07, 1.74700986122e-07, 9.98946703135e-08, 3.71206141381e-08, 1.18952394601e-08, 1.15573628445e-09],