{
"metadata": {
    "version": {
        "essentia": "2.0.1",
        "extractor": "archive-music 1.0 mod ismir14"
    },
    "audio_properties": {
        "analysis_sample_rate": 44100,
        "bitrate": 160,
        "channels": 2,
        "equal_loudness": 0,
        "length": 30.0669155121,
        "replay_gain": -11.7208919525,
        "downmix": "mix"
    },
    "tags": {
        "track": 6,
        "year": 0,
        "album": "Swing Classics (Jazz & Tzaz 70)",
        "artist": "Benny Carter",
        "comment": "",
        "genre": "Jazz",
        "title": "Babalu"
    }
},
"rhythm": {
    "bpm": 92.6367721558,
    "bpm_histogram_first_peak": 94,
    "bpm_histogram_first_peak_spread": 0.555555582047,
    "bpm_histogram_first_peak_weight": 0.355555564165,
    "bpm_histogram_second_peak": 89,
    "bpm_histogram_second_peak_spread": 0,
    "bpm_histogram_second_peak_weight": 0.177777782083
},
"tonal": {
    "tuning_frequency": {
        "dmean": 0.0925877392292,
        "dmean2": 0.175569981337,
        "dvar": 1.20886957645,
        "dvar2": 3.44146990776,
        "max": 452.37008667,
        "mean": 439.04385376,
        "median": 440.254241943,
        "min": 431.941772461,
        "var": 4.26302957535
    },
    "hpcp": {
        "dmean": [0.109216734767, 0.127892747521, 0.0688289031386, 0.165343314409, 0.12150991708, 0.101513110101, 0.14900226891, 0.0814893841743, 0.185003757477, 0.0900809019804, 0.18228495121, 0.195862129331],
        "dmean2": [0.199958577752, 0.212883338332, 0.124551020563, 0.277279376984, 0.20834197104, 0.179699078202, 0.25553548336, 0.145453989506, 0.314315736294, 0.16168358922, 0.316665142775, 0.335181623697],
        "dvar": [0.052351962775, 0.0362715125084, 0.0298317652196, 0.0547254644334, 0.0478606931865, 0.0289137307554, 0.0450900495052, 0.0280371680856, 0.0462267100811, 0.0308028850704, 0.0616847835481, 0.0591178759933],
        "dvar2": [0.148836284876, 0.0912487432361, 0.0741150081158, 0.118883870542, 0.11093275249, 0.0741595551372, 0.0957321897149, 0.0746999457479, 0.107824407518, 0.0793600603938, 0.165033593774, 0.12644995749],
        "max": [1, 1, 1, 1, 1, 1, 1, 1, 1, 1, 1, 1],
        "mean": [0.0972045511007, 0.209500044584, 0.0646688789129, 0.431322902441, 0.225093737245, 0.104838274419, 0.309908330441, 0.067651540041, 0.368499159813, 0.0786259174347, 0.232413977385, 0.338765233755],
        "median": [0.0149821052328, 0.0656264722347, 0.00926129054278, 0.281253129244, 0.0425102598965, 0.0397768616676, 0.146101400256, 0.0160243567079, 0.238730356097, 0.0140325808898, 0.117445968091, 0.200760900974],
        "min": [0, 0, 0, 0, 0, 0, 0, 0, 0, 0, 0, 0],
        "var": [0.0442858971655, 0.0748935937881, 0.0315109081566, 0.158941537142, 0.117485046387, 0.0304407496005, 0.128408834338, 0.0237473379821, 0.117772191763, 0.0271270703524, 0.0792492926121, 0.123159483075]
    }
},
"lowlevel": {
    "melbands": {
        "dmean": [8.68215192895e-06, 4.06638464483e-05, 2.58716754615e-05, 5.11065227329e-05, 5.27182346559e-05, 8.33158337628e-05, 6.36046097497e-05, 0.000142213975778, 9.51788242674e-05, 7.14725974831e-05, 4.13630950789e-05, 3.48108296748e-05, 3.30436632794e-05, 2.47500447585e-05, 4.9598475016e-05, 4.23722813139e-05, 2.46417293965e-05, 1.64165048773e-05, 1.31930837597e-05, 1.65340061358e-05, 4.8759470701e-06, 6.5108056333e-06, 3.02272883346e-06, 2.79285063698e-06, 3.99521422878e-06, 1.22950962123e-06, 6.46609521482e-07, 7.59647321047e-07, 7.83140421845e-07, 7.73406270582e-07, 3.83968085771e-07, 1.88683301872e-07, 1.31352976496e-07, 4.98277969996e-08, 2.00971559394e-08, 1.55418700132e-08, 2.97708457886e-09, 3.04465147538e-10, 3.5309477564e-11, 2.69985639748e-12],
        "dmean2": [1.46128095366e-05, 6.93909460097e-05, 4.02319601562e-05, 7.60843395256e-05, 8.00147099653e-05, 0.000128357845824, 9.89003165159e-05, 0.000212526647374, 0.000144588600961, 0.000109688691737, 6.57069249428e-05, 5.40728142369e-05, 5.14445200679e-05, 3.81015597668e-05, 7.89755576989e-05, 6.89703374519e-05, 3.73353868781e-05, 2.4375927751e-05, 2.04594052775e-05, 2.49148142757e-05, 7.60332250138e-06, 9.84542475635e-06, 4.52463427791e-06, 4.22452922066e-06, 6.013642178e-06, 1.83482063676e-06, 9.47012438246e-07, 1.17637273434e-06, 1.13924784273e-06, 1.18856496556e-06, 5.37210610219e-07, 2.6740821113e-07, 1.80949569994e-07, 6.93250967743e-08, 2.83854877381e-08, 2.3344526312e-08, 4.49385906265e-09, 4.57355348038e-10, 5.42633472878e-11, 4.43340112885e-12],
        "dvar": [1.13975537341e-10, 2.42197217837e-09, 2.00969618724e-09, 5.82212722477e-09, 5.04787545097e-09, 1.7015425513e-08, 8.02920840925e-09, 8.20598273776e-08, 2.66509712077e-08, 1.39815004019e-08, 5.72855007874e-09, 5.03793362583e-09, 5.78857894951e-09, 2.30196994799e-09, 1.00032400141e-08, 1.00432764327e-08, 2.90049451124e-09, 1.3673147059e-09, 8.36201496934e-10, 1.35895417142e-09, 7.33178864842e-11, 1.81937506727e-10, 2.77135276533e-11, 2.6368341538e-11, 6.54683599e-11, 7.80139494672e-12, 1.7807070922e-12, 4.09041463895e-12, 2.2359221679e-12, 2.22642650843e-12, 6.43664592112e-13, 2.12922480211e-13, 1.28859122266e-13, 1.9296760709e-14, 2.20756776032e-15, 1.29284756322e-15, 3.6103214351e-17, 5.27087189438e-19, 7.61746748691e-21, 3.1263810385e-23],
        "dvar2": [2.62002364249e-10, 5.75054093233e-09, 5.24356158493e-09, 1.39487976725e-08, 1.00541956982e-08, 3.51211042471e-08, 1.71184453279e-08, 1.49787965142e-07, 5.34139452668e-08, 3.15367216785e-08, 1.21231149564e-08, 1.16267564465e-08, 1.4704136575e-08, 4.70405403519e-09, 2.21275513468e-08, 2.48454590235e-08, 6.44797015781e-09, 2.75714540088e-09, 1.87780746508e-09, 2.92715784944e-09, 1.55908827515e-10, 3.84474646564e-10, 5.70680759593e-11, 5.30066095183e-11, 1.36422262376e-10, 1.66123902828e-11, 3.51764472585e-12, 8.79956784522e-12, 4.53102659559e-12, 4.27240447881e-12, 1.14213228718e-12, 3.97013558097e-13, 2.37510776021e-13, 3.2633075929e-14, 3.81532184454e-15, 2.65181303599e-15, 6.97380357273e-17, 1.14239743051e-18, 1.68218922881e-20, 7.85930381621e-23],
        "max": [8.30839999253e-05, 0.000561729364563, 0.000720911368262, 0.00114507856779, 0.000853289384395, 0.00123256456573, 0.00139891298022, 0.00401640264317, 0.00187990383711, 0.00107615708839, 0.000734893372282, 0.000880304258317, 0.0010413719574, 0.000710182939656, 0.00106682814658, 0.0010874257423, 0.000661478377879, 0.000429147301475, 0.000273547397228, 0.0005846931017, 0.00011112455104, 0.000153637462063, 7.37741720513e-05, 6.03817206866e-05, 6.91354798619e-05, 4.02386576752e-05, 1.29789441417e-05, 2.74595677183e-05, 1.1799143067e-05, 1.31302549562e-05, 7.88123179518e-06, 5.10051722813e-06, 4.07987408835e-06, 1.61602724802e-06, 4.42287472424e-07, 4.11160783642e-07, 5.80995447308e-08, 6.55108634007e-09, 8.99945895583e-10, 5.9043069045e-11],
        "mean": [1.14217909868e-05, 5.51357843506e-05, 3.88774496969e-05, 8.32051009638e-05, 0.000104850434582, 0.000148450111737, 0.000139848139952, 0.000336348079145, 0.000185834913282, 0.000109057858936, 7.24431083654e-05, 5.84656008868e-05, 4.83801086375e-05, 3.66636486433e-05, 7.64819487813e-05, 6.35969918221e-05, 4.36275731772e-05, 2.21603222599e-05, 1.84377695405e-05, 2.52825575444e-05, 7.5669099715e-06, 1.03419170046e-05, 5.27921429239e-06, 4.2760384531e-06, 6.08014715908e-06, 1.96945666175e-06, 1.01828595689e-06, 1.12770476335e-06, 1.15638090392e-06, 1.2284370996e-06, 5.79283891966e-07, 2.71302383226e-07, 1.75648224854e-07, 6.97998672194e-08, 2.88790946712e-08, 2.34813253286e-08, 5.01066166336e-09, 4.17643142292e-10, 4.54900526969e-11, 3.26462489854e-12],