{
"metadata": {
    "version": {
        "essentia": "2.0.1",
        "extractor": "archive-music 1.0 mod ismir14"
    },
    "audio_properties": {
        "analysis_sample_rate": 44100,
        "bitrate": 96,
        "channels": 2,
        "equal_loudness": 0,
        "length": 30.0669155121,
        "replay_gain": -8.41567611694,
        "downmix": "mix"
    },
    "tags": {
        "track": 7,
        "year": 0,
        "album": "The Cool Jazz Collection",
        "artist": "Astrud Gilberto",
        "comment": "",
        "genre": "Jazz",
        "title": "Girl From Ipanema"
    }
},
"rhythm": {
    "bpm": 130.002792358,
    "bpm_histogram_first_peak": 129,
    "bpm_histogram_first_peak_spread": 0.490909099579,
    "bpm_histogram_first_peak_weight": 0.444444447756,
    "bpm_histogram_second_peak": 136,
    "bpm_histogram_second_peak_spread": 0.199999988079,
    "bpm_histogram_second_peak_weight": 0.0634920671582
},
"tonal": {
    "tuning_frequency": {
        "dmean": 0.256859302521,
        "dmean2": 0.419124633074,
        "dvar": 3.70291256905,
        "dvar2": 9.44285488129,
        "max": 454.727905273,
        "mean": 438.424499512,
        "median": 436.456176758,
        "min": 436.456176758,
        "var": 5.20425605774
    },
    "hpcp": {
        "dmean": [0.0586727708578, 0.240317568183, 0.078678265214, 0.256333529949, 0.151178345084, 0.0719834342599, 0.214871883392, 0.0550096109509, 0.196011081338, 0.122132286429, 0.175737068057, 0.18625099957],
        "dmean2": [0.111864425242, 0.420480579138, 0.141287595034, 0.472393453121, 0.267663955688, 0.132255643606, 0.36183026433, 0.102579377592, 0.355999827385, 0.228042811155, 0.318588674068, 0.329347103834],
        "dvar": [0.022494122386, 0.0981709286571, 0.0320743732154, 0.113297402859, 0.0603745132685, 0.025946656242, 0.0830320268869, 0.0216639749706, 0.0743850544095, 0.0547000207007, 0.0789905115962, 0.0778281986713],
        "dvar2": [0.0630228817463, 0.216746479273, 0.0867369249463, 0.243368044496, 0.12565536797, 0.0629947036505, 0.182115718722, 0.0489882901311, 0.191567704082, 0.155816137791, 0.221278175712, 0.180281206965],
        "max": [1, 1, 1, 1, 1, 1, 1, 1, 1, 1, 1, 1],
        "mean": [0.0417325757444, 0.313021749258, 0.0489530190825, 0.324781000614, 0.151980996132, 0.0749840736389, 0.278465986252, 0.0609070844948, 0.20249594748, 0.0859618186951, 0.133291780949, 0.179669380188],
        "median": [0.00524074165151, 0.0985288247466, 0.00658621545881, 0.0615914873779, 0.031490392983, 0.00922907888889, 0.0841420590878, 0.0074108177796, 0.0382543094456, 0.0103313662112, 0.0310573019087, 0.0229166019708],
        "min": [7.93097933638e-05, 5.7348406699e-05, 2.95253012155e-05, 0.000311609794153, 3.82424805139e-05, 0.000179383830982, 3.1816882256e-05, 7.766593626e-05, 1.09273414637e-05, 0.000110395412776, 6.88271829858e-05, 0.000400067714509],
        "var": [0.0162122435868, 0.146725818515, 0.0190119836479, 0.16713437438, 0.0708202719688, 0.0387301109731, 0.133089199662, 0.0355765298009, 0.100566744804, 0.0413621254265, 0.0678646415472, 0.0928295403719]
    }
},
"lowlevel": {
    "melbands": {
        "dmean": [0.000129936292069, 0.000322545209201, 0.000324597407598, 0.000158994211233, 0.000106556595711, 3.42581770383e-05, 1.93156756723e-05, 2.61172626779e-05, 1.02193607745e-05, 8.00816360425e-06, 7.51614106775e-06, 8.29470081953e-06, 1.37510642162e-06, 1.02136493751e-06, 1.67028736087e-06, 1.16934893413e-06, 9.07616140466e-07, 2.80382181472e-07, 3.36184911021e-07, 2.95100988978e-07, 1.14993341072e-07, 1.76417543685e-07, 2.19148077463e-07, 1.94013452415e-07, 6.96813557965e-08, 5.07551547457e-08, 7.70872929934e-08, 1.21698136013e-07, 9.97704603378e-08, 1.38939043381e-07, 2.63887528718e-07, 4.63969371367e-07, 4.40985047589e-07, 2.3672382099e-07, 1.22312115991e-07, 6.56768648355e-08, 3.74663109426e-08, 1.3804059229e-08, 4.24205603977e-09, 3.9527237039e-10],
        "dmean2": [0.000212443381315, 0.000515178253409, 0.000518210581504, 0.000250711309491, 0.00016912681167, 5.72830358578e-05, 3.46392589563e-05, 4.88659243274e-05, 1.8590802938e-05, 1.49445559146e-05, 1.37782290039e-05, 1.46934607983e-05, 2.5034717055e-06, 1.90565810954e-06, 3.09606980409e-06, 2.2080346298e-06, 1.74374167727e-06, 5.17805744948e-07, 6.32243484233e-07, 5.41289466582e-07, 2.0037214199e-07, 3.29733069293e-07, 3.95828777755e-07, 3.62151638456e-07, 1.19344093719e-07, 8.94040752542e-08, 1.43116182016e-07, 2.30974478654e-07, 1.81579764558e-07, 2.65071605554e-07, 5.11334349085e-07, 8.93179844752e-07, 8.36477454413e-07, 4.54522847804e-07, 2.28751062537e-07, 1.24914095068e-07, 7.09319394332e-08, 2.60599630764e-08, 8.06892330729e-09, 7.45585038153e-10],
        "dvar": [6.85876955231e-08, 1.1091601948e-07, 1.26527339717e-07, 7.24129094465e-08, 1.74749974491e-08, 2.36671660048e-09, 1.91648408254e-09, 2.53707277409e-09, 4.67767546919e-10, 4.72806516161e-10, 2.07845532452e-10, 1.45697176546e-09, 8.24843058439e-12, 3.4121182442e-12, 2.49239309746e-11, 9.6868580865e-12, 1.00419039403e-11, 2.95361310279e-13, 1.04897145657e-12, 8.24714537113e-13, 4.24006634653e-14, 1.01449705299e-13, 1.38448890481e-13, 1.61610498204e-13, 1.69434219666e-14, 8.95883116092e-15, 3.47196873844e-14, 1.51623586733e-13, 4.36575892083e-14, 1.31252213958e-13, 5.42779146281e-13, 1.75069529186e-12, 1.43441335199e-12, 4.28902275024e-13, 7.9583590423e-14, 1.64908844501e-14, 4.88824365575e-15, 7.98929416784e-16, 1.11331456253e-16, 1.13633543739e-18],
        "dvar2": [1.54610361847e-07, 2.5898975764e-07, 2.68030305506e-07, 1.66464673157e-07, 3.48850939247e-08, 4.85142548357e-09, 5.5588209591e-09, 7.85080445098e-09, 1.43605138891e-09, 1.52246748542e-09, 6.15482553812e-10, 4.03460287401e-09, 2.29234721483e-11, 9.77018813075e-12, 7.0112027295e-11, 2.84561575692e-11, 2.94162472159e-11, 8.25598053464e-13, 3.01248457603e-12, 2.25087808635e-12, 1.17313670171e-13, 2.80807630837e-13, 3.88133833884e-13, 4.48336761596e-13, 4.47920949734e-14, 2.35241158015e-14, 9.88994923825e-14, 4.43590910532e-13, 1.23888380566e-13, 3.89001710618e-13, 1.57161219802e-12, 5.02433424726e-12, 4.03255684053e-12, 1.00877975678e-12, 2.16964345253e-13, 4.55745907864e-14, 1.36200424582e-14, 2.241147958e-15, 3.07438231502e-16, 3.1498057517e-18],
        "max": [0.00181825121399, 0.00220682192594, 0.00279305665754, 0.00326969055459, 0.000938362674788, 0.000304302811855, 0.000295249337796, 0.000333134172251, 0.000139128605952, 0.000184350457857, 6.53442257317e-05, 0.000372747948859, 1.86496617971e-05, 1.14968834168e-05, 4.44324359705e-05, 2.14739775402e-05, 2.65435865003e-05, 3.69132089872e-06, 7.99100325821e-06, 5.7533452491e-06, 1.0464884781e-06, 2.29634497373e-06, 2.5839490263e-06, 2.56731232184e-06, 9.65340291259e-07, 8.24991275294e-07, 1.28063629745e-06, 3.17002854899e-06, 1.16560192964e-06, 2.3128554858e-06, 4.76962213725e-06, 7.2543080023e-06, 6.33739136902e-06, 4.62179377791e-06, 1.57228487296e-06, 5.97838777594e-07, 3.13014680842e-07, 1.73609151943e-07, 6.83996574935e-08, 6.76230760277e-09],
        "mean": [0.000112677989819, 0.000389619643101, 0.000497209141031, 0.000187243043911, 0.000139223455335, 4.04318961955e-05, 1.64475986821e-05, 2.02211922442e-05, 7.9067540355e-06, 5.44179692952e-06, 5.12649603479e-06, 5.62736113352e-06, 1.09899451672e-06, 7.96028928107e-07, 1.20946390325e-06, 7.55165103783e-07, 5.57733926598e-07, 2.10147803159e-07, 2.14843808521e-07, 2.11730124988e-07, 1.02979733185e-07, 1.60391991244e-07, 1.88975704418e-07, 1.56775186611e-07, 6.45647517672e-08, 4.51899104803e-08, 6.14346902239e-08, 8.46509990993e-08, 7.20350072925e-08, 8.89862974418e-08, 1.5897352057e-07, 2.69346543291e-07, 2.68901402478e-07, 1.65733865742e-07, 8.07810636161e-08, 4.48816166454e-08, 2.60757229142e-08, 9.88891279974e-09, 3.13308712308e-09, 2.88126855708e-10],