{
"metadata": {
    "version": {
        "essentia": "2.0.1",
        "extractor": "archive-music 1.0 mod ismir14"
    },
    "audio_properties": {
        "analysis_sample_rate": 44100,
        "bitrate": 96,
        "channels": 2,
        "equal_loudness": 0,
        "length": 30.0669155121,
        "replay_gain": -11.7147388458,
        "downmix": "mix"
    },
    "tags": {
        "track": 6,
        "year": 0,
        "album": "Swing Classics (Jazz & Tzaz 70)",
        "artist": "Benny Carter",
        "comment": "",
        "genre": "Jazz",
        "title": "Babalu"
    }
},
"rhythm": {
    "bpm": 92.6367721558,
    "bpm_histogram_first_peak": 94,
    "bpm_histogram_first_peak_spread": 0.555555582047,
    "bpm_histogram_first_peak_weight": 0.355555564165,
    "bpm_histogram_second_peak": 89,
    "bpm_histogram_second_peak_spread": 0,
    "bpm_histogram_second_peak_weight": 0.177777782083
},
"tonal": {
    "tuning_frequency": {
        "dmean": 0.365346848965,
        "dmean2": 0.678574442863,
        "dvar": 2.72514557838,
        "dvar2": 6.75933122635,
        "max": 455.779724121,
        "mean": 436.459259033,
        "median": 437.465789795,
        "min": 432.940917969,
        "var": 5.55892896652
    },
    "hpcp": {
        "dmean": [0.106044702232, 0.169497042894, 0.0830800160766, 0.223697096109, 0.151224896312, 0.107708968222, 0.207338899374, 0.0820160284638, 0.188645705581, 0.0997706726193, 0.139236077666, 0.219194442034],
        "dmean2": [0.188887655735, 0.290411949158, 0.150983646512, 0.393644154072, 0.267967998981, 0.199987560511, 0.35987791419, 0.152915373445, 0.319716721773, 0.179255828261, 0.231461331248, 0.370515197515],
        "dvar": [0.0433504059911, 0.0500265583396, 0.0304085947573, 0.0745498239994, 0.0563095659018, 0.02403912507, 0.0751010626554, 0.0212537236512, 0.0453045517206, 0.0242336988449, 0.0322761163116, 0.0494679100811],
        "dvar2": [0.126211583614, 0.123888976872, 0.086570776999, 0.159828618169, 0.113803900778, 0.0706095248461, 0.12602108717, 0.0601663514972, 0.0983541682363, 0.0697853639722, 0.0738875195384, 0.114499241114],
        "max": [1, 1, 1, 1, 1, 1, 1, 0.746616482735, 1, 1, 1, 1],
        "mean": [0.0878974571824, 0.238811001182, 0.0678053274751, 0.459513247013, 0.267604678869, 0.113916620612, 0.3591979146, 0.0712969005108, 0.425125181675, 0.0852360799909, 0.210538834333, 0.398325115442],
        "median": [0.027683025226, 0.120806977153, 0.0264891050756, 0.328419297934, 0.0941055566072, 0.0677867084742, 0.190925851464, 0.0335722491145, 0.290511906147, 0.0408989228308, 0.139522001147, 0.295016497374],
        "min": [0.00163176259957, 0.00214306358248, 0.00124314066488, 0.00123064045329, 0.00137103209272, 0.00382996047847, 0.00164795410819, 0.00231802370399, 0.0135374674574, 0.0023063221015, 0.00260510621592, 0.00382542354055],
        "var": [0.0284139532596, 0.0700880438089, 0.0199414994568, 0.138298436999, 0.120334893465, 0.0174252260476, 0.14128819108, 0.0135003859177, 0.1167980358, 0.0169301480055, 0.0463272482157, 0.11101577431]
    }
},
"lowlevel": {
    "melbands": {
        "dmean": [1.81005509603e-06, 1.01809700936e-05, 7.25725658413e-06, 1.61338666658e-05, 1.60379950103e-05, 2.63671499852e-05, 2.10225152841e-05, 6.05965542491e-05, 3.32685340254e-05, 2.25664953177e-05, 1.50609030243e-05, 1.21937300719e-05, 9.30973692448e-06, 8.68950064614e-06, 1.79036542249e-05, 1.47088858284e-05, 7.890103916e-06, 5.12389624419e-06, 4.71980274597e-06, 6.16514580543e-06, 1.68905876308e-06, 2.16904390982e-06, 1.05550543594e-06, 9.40342260947e-07, 1.3622136521e-06, 4.26233413009e-07, 2.7116561796e-07, 2.87066512783e-07, 2.83585166017e-07, 3.18464600468e-07, 1.49371302882e-07, 7.68011716445e-08, 5.21471932302e-08, 2.1487387869e-08, 8.97017926604e-09, 6.81427447802e-09, 1.23364685134e-09, 1.17699100466e-10, 1.13826248774e-11, 4.93693681856e-13],
        "dmean2": [3.205904477e-06, 1.78157897608e-05, 1.30756388899e-05, 2.9166782042e-05, 2.79813757516e-05, 4.45071455033e-05, 3.2672262023e-05, 9.657155897e-05, 5.29601493326e-05, 3.81698991987e-05, 2.34771869145e-05, 1.83601387107e-05, 1.46130296343e-05, 1.52763495862e-05, 3.0258886909e-05, 2.29392571782e-05, 1.22278952404e-05, 8.69697305461e-06, 7.6619835454e-06, 1.03519341792e-05, 2.84178304355e-06, 3.68678547602e-06, 1.77175934368e-06, 1.63990955571e-06, 2.34467302107e-06, 7.13576639555e-07, 4.6760678174e-07, 4.98242968661e-07, 4.75227892593e-07, 5.57944417778e-07, 2.56356941009e-07, 1.36273840212e-07, 9.10896815753e-08, 3.88752106062e-08, 1.59263358057e-08, 1.18633964874e-08, 2.1483907986e-09, 2.14131504195e-10, 2.04820639615e-11, 8.43287028748e-13],
        "dvar": [3.51232346159e-12, 1.46717180072e-10, 4.51512473243e-11, 2.68931793501e-10, 2.69861799573e-10, 9.48094602826e-10, 7.08153757856e-10, 1.09027071815e-08, 2.9335593954e-09, 9.45167943911e-10, 4.67974992091e-10, 3.40653227848e-10, 1.55455370798e-10, 2.19001747293e-10, 6.95488722169e-10, 6.80782152873e-10, 1.91032634156e-10, 7.6745158839e-11, 5.21293251621e-11, 1.3064739568e-10, 4.08232562338e-12, 9.56700170474e-12, 1.84292685279e-12, 1.47846036629e-12, 4.02940571534e-12, 6.94256555456e-13, 1.85008990549e-13, 2.5920473992e-13, 1.44991061258e-13, 1.86586152345e-13, 5.15678096741e-14, 1.83544043679e-14, 9.60696044336e-15, 1.98842339621e-15, 2.32857933409e-16, 1.34630751829e-16, 3.38245981156e-18, 4.78524242856e-20, 4.08094987615e-22, 5.68620258903e-25],
        "dvar2": [9.44318841872e-12, 4.15785517127e-10, 1.25303364906e-10, 8.14389555792e-10, 8.43640435289e-10, 2.94402724421e-09, 1.63335434067e-09, 2.57601691089e-08, 7.42878114579e-09, 2.67832245271e-09, 1.12071563141e-09, 8.35976898816e-10, 3.62990720815e-10, 6.36838803914e-10, 1.67617386637e-09, 1.34554589692e-09, 3.97827659704e-10, 2.34510688646e-10, 1.19014173516e-10, 3.38971267722e-10, 1.04828619743e-11, 2.33717559195e-11, 4.03844188993e-12, 4.10354823038e-12, 1.12433144392e-11, 1.83021349812e-12, 5.70069761795e-13, 6.64835699514e-13, 4.12701502746e-13, 5.35826916691e-13, 1.52341165941e-13, 5.35345862963e-14, 2.64227320037e-14, 5.75431536256e-15, 6.50379901929e-16, 3.43971000746e-16, 9.30488522744e-18, 1.2241646218e-19, 1.13121310852e-21, 1.46946021614e-24],
        "max": [1.05235449155e-05, 8.76842896105e-05, 4.5437940571e-05, 0.000118045958516, 9.66606821748e-05, 0.000174398082891, 0.000266866700258, 0.000736027199309, 0.000349424197339, 0.000190420076251, 0.000123367717606, 0.000133793990244, 8.15237872303e-05, 0.000107236199256, 0.000156290378072, 0.000177994501428, 0.000114040492917, 6.90562446835e-05, 5.79243824177e-05, 0.000100046680018, 1.35558675538e-05, 2.53712587437e-05, 1.05691769932e-05, 7.03910063748e-06, 1.25305168694e-05, 6.7434984885e-06, 2.36951882471e-06, 3.77778019356e-06, 1.97482677322e-06, 2.52444988291e-06, 1.33700336846e-06, 9.25438996546e-07, 5.53463280539e-07, 3.14489341235e-07, 8.13864318161e-08, 9.1421888726e-08, 1.21136407571e-08, 1.26393784328e-09, 1.24475776908e-10, 4.64671573788e-12],
        "mean": [2.48446804108e-06, 1.43578745337e-05, 9.36719425226e-06, 2.08801466215e-05, 2.61324621533e-05, 3.67057764379e-05, 3.43687897839e-05, 8.47123374115e-05, 4.64351469418e-05, 2.72190427495e-05, 1.8218295736e-05, 1.48786020873e-05, 1.21052453324e-05, 9.24616415432e-06, 1.93051837414e-05, 1.56345540745e-05, 1.11299814307e-05, 5.40075370736e-06, 4.61972967969e-06, 6.48096147415e-06, 1.86696911442e-06, 2.61691047854e-06, 1.29470936372e-06, 1.06165953184e-06, 1.44845262184e-06, 4.86156352508e-07, 2.57698673067e-07, 2.74254063015e-07, 2.87225930151e-07, 3.07565272806e-07, 1.43756821558e-07, 6.72192328466e-08, 4.26927329045e-08, 1.74048793156e-08, 7.43906891643e-09, 6.02026117846e-09, 1.26185784044e-09, 1.0333016387e-10, 1.04063693426e-11, 4.74046474817e-13],