{
"metadata": {
    "version": {
        "essentia": "2.0.1",
        "extractor": "archive-music 1.0 mod ismir14"
    },
    "audio_properties": {
        "analysis_sample_rate": 44100,
        "bitrate": 32,
        "channels": 2,
        "equal_loudness": 0,
        "length": 30.0408172607,
        "replay_gain": -8.82925224304,
        "downmix": "mix"
    },
    "tags": {
        "track": 7,
        "year": 0,
        "album": "The Cool Jazz Collection",
        "artist": "Astrud Gilberto",
        "comment": "",
        "genre": "Jazz",
        "title": "Girl From Ipanema"
    }
},
"rhythm": {
    "bpm": 130.229049683,
    "bpm_histogram_first_peak": 129,
    "bpm_histogram_first_peak_spread": 0.542372882366,
    "bpm_histogram_first_peak_weight": 0.428571432829,
    "bpm_histogram_second_peak": 123,
    "bpm_histogram_second_peak_spread": 0,
    "bpm_histogram_second_peak_weight": 0.0317460335791
},
"tonal": {
    "tuning_frequency": {
        "dmean": 0.116951994598,
        "dmean2": 0.182515054941,
        "dvar": 1.08135414124,
        "dvar2": 1.99532485008,
        "max": 456.570251465,
        "mean": 446.98727417,
        "median": 442.03793335,
        "min": 433.441375732,
        "var": 78.7309875488
    },
    "hpcp": {
        "dmean": [0.136020794511, 0.0956512838602, 0.136432528496, 0.116949819028, 0.0732438117266, 0.146348237991, 0.0723443776369, 0.12874776125, 0.0930609330535, 0.121699124575, 0.137427464128, 0.102023035288],
        "dmean2": [0.243489101529, 0.182546928525, 0.241640090942, 0.202537938952, 0.136996626854, 0.253949344158, 0.134381234646, 0.226852327585, 0.170555859804, 0.223869070411, 0.247466236353, 0.191168174148],
        "dvar": [0.0627086013556, 0.0581942461431, 0.0716433376074, 0.0503928400576, 0.0422994494438, 0.070854537189, 0.0410843379796, 0.0637444779277, 0.0496392585337, 0.0646836161613, 0.0701933056116, 0.0504592247307],
        "dvar2": [0.134663879871, 0.149985983968, 0.153216034174, 0.119249299169, 0.117659799755, 0.153913974762, 0.105537474155, 0.151301652193, 0.126727968454, 0.16620182991, 0.170685201883, 0.143685922027],
        "max": [1, 1, 1, 1, 1, 1, 1, 1, 1, 1, 1, 1],
        "mean": [0.235281273723, 0.0739482790232, 0.268245309591, 0.14001211524, 0.0637467652559, 0.256923168898, 0.087287299335, 0.156089439988, 0.0725209265947, 0.103586494923, 0.152199700475, 0.0686254352331],
        "median": [0.0307220928371, 0.00165443564765, 0.0148012433201, 0.00907378643751, 0.00290754111484, 0.038314845413, 0.00210717506707, 0.0115686636418, 0.00201427517459, 0.00691945943981, 0.00763768423349, 0.00239674258046],
        "min": [9.0667144832e-06, 2.35305060414e-06, 8.14065333543e-06, 5.256149052e-06, 4.05433638662e-06, 3.30302736984e-06, 1.3241520719e-05, 3.0803437312e-06, 3.03705382976e-06, 9.912517271e-06, 6.44916235615e-06, 3.96704808736e-06],
        "var": [0.132894024253, 0.0503379628062, 0.163838267326, 0.0793453678489, 0.0398033820093, 0.145121484995, 0.062280330807, 0.0910631716251, 0.0455048307776, 0.0603553764522, 0.0915937051177, 0.0371253453195]
    }
},
"lowlevel": {
    "melbands": {
        "dmean": [0.000257860519923, 0.000731081760023, 0.000853148347232, 0.000454570312286, 0.00025673082564, 9.52605478233e-05, 5.7495686633e-05, 6.98393632774e-05, 2.51714664046e-05, 1.66477493622e-05, 1.64016728377e-05, 1.6014690118e-05, 3.49144011125e-06, 2.46368881562e-06, 3.64898801308e-06, 2.34972822e-06, 1.9528579287e-06, 7.81835410635e-07, 8.75970158631e-07, 8.05266552106e-07, 4.44417196377e-07, 5.91886646362e-07, 7.04739591129e-07, 6.14163070622e-07, 2.50032172744e-07, 1.5537838749e-07, 2.31043344456e-07, 3.07369276698e-07, 2.91645903872e-07, 3.27793287624e-07, 5.78172603127e-07, 1.02801107005e-06, 1.01661908047e-06, 7.73305032453e-07, 3.19503413948e-07, 2.00672374717e-07, 1.62407701509e-07, 1.32203368253e-07, 1.7442428657e-07, 2.45674385724e-07],
        "dmean2": [0.000361835234798, 0.00105380953755, 0.0012968047522, 0.000656404066831, 0.00037873655674, 0.000143532874063, 8.7432024884e-05, 0.000110132139525, 3.54942239937e-05, 2.42262667598e-05, 2.29862362175e-05, 1.90824994206e-05, 5.09491428602e-06, 3.59438695341e-06, 4.66292294732e-06, 3.32898230226e-06, 2.83489134745e-06, 1.15715045013e-06, 1.40307349739e-06, 1.19515027563e-06, 7.23053688034e-07, 9.09210768896e-07, 1.08708889002e-06, 9.6974099506e-07, 3.82814448585e-07, 2.2331062155e-07, 3.37722525501e-07, 4.73924700373e-07, 4.62008898694e-07, 5.21991523783e-07, 8.61992816681e-07, 1.56905582571e-06, 1.57682359259e-06, 1.31803540171e-06, 4.53895097507e-07, 2.92771574095e-07, 2.47202024184e-07, 1.90844602344e-07, 2.54261067312e-07, 3.4679538885e-07],
        "dvar": [3.85470883657e-07, 1.23025142784e-06, 1.30457203795e-06, 5.97687176196e-07, 2.1635911196e-07, 3.67311514538e-08, 3.49355495644e-08, 4.56176003638e-08, 4.32934799122e-09, 4.01513844395e-09, 2.08694861392e-09, 8.22911072618e-09, 7.5419594181e-11, 3.24693848197e-11, 1.68136546352e-10, 7.10522404801e-11, 8.64668128764e-11, 5.63298973438e-12, 2.14049264424e-11, 1.36211745008e-11, 2.76079224586e-12, 1.74874210165e-12, 3.56609425149e-12, 3.4268690316e-12, 5.45889939155e-13, 1.61168252138e-13, 5.23945036662e-13, 1.3187280044e-12, 8.27469820094e-13, 1.72186397085e-12, 6.79779019533e-12, 2.46092850958e-11, 2.11337752853e-11, 3.22836375688e-11, 1.31236850814e-12, 3.24616012239e-13, 2.06442041196e-13, 1.86705170638e-13, 4.38518199617e-13, 8.99051124346e-13],
        "dvar2": [7.38999062833e-07, 2.3011139092e-06, 2.51931442108e-06, 1.17907552522e-06, 4.72928007866e-07, 7.83347360311e-08, 7.15257684192e-08, 1.02753652698e-07, 7.19459114507e-09, 7.40542915878e-09, 4.25688462258e-09, 1.16162786057e-08, 1.42261258329e-10, 6.85769288578e-11, 2.19081780495e-10, 1.31972988093e-10, 1.90317664406e-10, 1.38604657265e-11, 5.93172316821e-11, 3.07449378456e-11, 7.4651708426e-12, 3.96755458348e-12, 7.71733111443e-12, 7.94026389778e-12, 1.28606598027e-12, 3.34663557717e-13, 1.00869323744e-12, 2.64627143982e-12, 2.02633222701e-12, 3.41383193415e-12, 1.52296838335e-11, 5.3339825612e-11, 4.7959136662e-11, 9.18405421158e-11, 2.2965969404e-12, 5.85834928745e-13, 3.6910267052e-13, 3.02391548216e-13, 8.28588120425e-13, 1.48293584443e-12],
        "max": [0.00940524414182, 0.0120588112622, 0.0122232967988, 0.0202393960208, 0.00537441577762, 0.00240438594483, 0.00232050893828, 0.00197206344455, 0.000987326144241, 0.000945975538343, 0.000487136363517, 0.00252767978236, 0.000120753080409, 8.43883753987e-05, 0.000326483597746, 0.000134541667649, 0.000168541067978, 3.8002133806e-05, 7.94610386947e-05, 5.79560510232e-05, 2.81630218524e-05, 1.33429612106e-05, 1.95615939447e-05, 2.27854288823e-05, 1.22231895148e-05, 6.84361430103e-06, 1.01308869489e-05, 1.90275823115e-05, 1.00091510831e-05, 1.73074586201e-05, 3.82632097171e-05, 6.63321843604e-05, 5.73944671487e-05, 0.000113826747111, 1.99039895961e-05, 6.08803748037e-06, 4.26517908636e-06, 7.17991315469e-06, 8.26149971545e-06, 1.29655309138e-05],
        "mean": [0.00046403176384, 0.00156955269631, 0.00200976524502, 0.000765832315665, 0.000571147887968, 0.000167694073753, 6.8913672294e-05, 8.16697138362e-05, 3.30934053636e-05, 2.22572562052e-05, 2.08668698178e-05, 2.20031724893e-05, 4.69541964776e-06, 3.15521447192e-06, 5.05974549014e-06, 2.95911445392e-06, 2.10611460716e-06, 8.20463810669e-07, 8.35890944018e-07, 8.17636816919e-07, 4.30468190871e-07, 6.58364172068e-07, 7.79706681442e-07, 6.1494597503e-07, 2.60875566482e-07, 1.8135966684e-07, 2.51755579939e-07, 3.18069965033e-07, 2.83421002223e-07, 3.40941681998e-07, 5.98097528837e-07, 1.01682257991e-06, 9.97244455903e-07, 7.41490737255e-07, 3.54636085831e-07, 2.31331497957e-07, 1.92445568814e-07, 1.54954761911e-07, 1.92536433019e-07, 2.72201901907e-07],