{
"metadata": {
    "version": {
        "essentia": "2.0.1",
        "extractor": "archive-music 1.0 mod ismir14"
    },
    "audio_properties": {
        "analysis_sample_rate": 44100,
        "bitrate": 32,
        "channels": 2,
        "equal_loudness": 0,
        "length": 30.0408172607,
        "replay_gain": -12.2329673767,
        "downmix": "mix"
    },
    "tags": {
        "track": 6,
        "year": 0,
        "album": "Swing Classics (Jazz & Tzaz 70)",
        "artist": "Benny Carter",
        "comment": "",
        "genre": "Jazz",
        "title": "Babalu"
    }
},
"rhythm": {
    "bpm": 92.5154342651,
    "bpm_histogram_first_peak": 94,
    "bpm_histogram_first_peak_spread": 0.514285683632,
    "bpm_histogram_first_peak_weight": 0.377777785063,
    "bpm_histogram_second_peak": 89,
    "bpm_histogram_second_peak_spread": 0,
    "bpm_histogram_second_peak_weight": 0.20000000298
},
"tonal": {
    "tuning_frequency": {
        "dmean": 0.0695301294327,
        "dmean2": 0.108039073646,
        "dvar": 1.14573085308,
        "dvar2": 1.88299393654,
        "max": 456.04309082,
        "mean": 440.222137451,
        "median": 441.017791748,
        "min": 432.191345215,
        "var": 3.05721998215
    },
    "hpcp": {
        "dmean": [0.0885460600257, 0.13251504302, 0.0705356523395, 0.192295759916, 0.132165446877, 0.111844621599, 0.146385684609, 0.0635233670473, 0.19863717258, 0.104253709316, 0.189703032374, 0.199952796102],
        "dmean2": [0.159184157848, 0.22607037425, 0.128215268254, 0.33482632041, 0.224197357893, 0.191744536161, 0.240812703967, 0.109912872314, 0.336973428726, 0.18453335762, 0.330012410879, 0.337431192398],
        "dvar": [0.0309071689844, 0.0429585427046, 0.0301205851138, 0.0663965642452, 0.0489700362086, 0.0300828758627, 0.0446501784027, 0.0192672703415, 0.0590368509293, 0.0406103990972, 0.0565745681524, 0.0627281293273],
        "dvar2": [0.0786948129535, 0.109414741397, 0.0764411985874, 0.145998001099, 0.109786041081, 0.073889374733, 0.0932366251945, 0.050833567977, 0.143811270595, 0.107868172228, 0.142765700817, 0.140273526311],
        "max": [1, 1, 1, 1, 1, 1, 1, 1, 1, 1, 1, 1],
        "mean": [0.0843431800604, 0.226415544748, 0.0645678341389, 0.432704359293, 0.221720382571, 0.123313330114, 0.308629482985, 0.0581631138921, 0.374456375837, 0.0832567587495, 0.251072496176, 0.343375653028],
        "median": [0.0160547159612, 0.0679318159819, 0.00863971747458, 0.279747784138, 0.0387570783496, 0.0459261462092, 0.132125362754, 0.0153046669438, 0.248419255018, 0.0193639025092, 0.132780343294, 0.220002681017],
        "min": [0.000223365423153, 0.000102141406387, 6.42069935566e-05, 0.000220375630306, 5.84708213864e-05, 0.000337562727509, 0.000605819164775, 6.81902820361e-05, 0.000386994535802, 8.41624641907e-05, 4.9441572628e-05, 0.000191195242223],
        "var": [0.0313285216689, 0.0863421559334, 0.0311562623829, 0.157175377011, 0.113395504653, 0.0395206436515, 0.130285650492, 0.0171275567263, 0.122291706502, 0.0308072865009, 0.0865710377693, 0.125318005681]
    }
},
"lowlevel": {
    "melbands": {
        "dmean": [8.70545136422e-06, 3.97983531002e-05, 2.3645336114e-05, 5.19184322911e-05, 5.18023152836e-05, 8.13373408164e-05, 6.24250242254e-05, 0.000139002673677, 8.98467988009e-05, 6.66931373416e-05, 4.14422174799e-05, 3.46980523318e-05, 3.05266403302e-05, 2.44704697252e-05, 4.98480912938e-05, 3.95114038838e-05, 2.46547915594e-05, 1.63455988513e-05, 1.41804530358e-05, 1.54270383064e-05, 5.06847027282e-06, 7.0265323302e-06, 3.00032752421e-06, 2.74365606856e-06, 3.70418774764e-06, 1.16869466638e-06, 6.55972314689e-07, 8.09141909031e-07, 7.69034841142e-07, 7.74238628765e-07, 3.65667915503e-07, 1.96812109721e-07, 1.27405826333e-07, 5.32260528985e-08, 2.29200782798e-08, 1.84118302826e-08, 5.08365083363e-09, 9.78014336184e-10, 3.89649701393e-10, 2.00016544993e-10],
        "dmean2": [1.40396905408e-05, 6.68514403515e-05, 3.58355064236e-05, 7.83569339546e-05, 7.59812974138e-05, 0.000125010978081, 9.8557320598e-05, 0.000216253843973, 0.000134875503136, 0.000101840611023, 6.37773555354e-05, 5.29277531314e-05, 4.61665185867e-05, 3.68980472558e-05, 7.76752349338e-05, 6.35884061921e-05, 3.76254938601e-05, 2.38359589275e-05, 2.07125904126e-05, 2.45638693741e-05, 7.84256462794e-06, 1.08654176074e-05, 4.54021937912e-06, 4.00340150009e-06, 5.72836916035e-06, 1.75235527422e-06, 9.4806961215e-07, 1.24772134313e-06, 1.1411474361e-06, 1.15646867016e-06, 5.33265563263e-07, 2.69264319286e-07, 1.79705210712e-07, 7.60797789212e-08, 3.283855321e-08, 2.64430433106e-08, 7.66836549815e-09, 1.57560775538e-09, 6.16295181555e-10, 3.10358377886e-10],
        "dvar": [1.03334528434e-10, 2.25498109074e-09, 1.43253864326e-09, 6.66247101933e-09, 4.74911932002e-09, 1.92976905566e-08, 8.1255713269e-09, 9.10523070274e-08, 2.45553533063e-08, 1.21241363615e-08, 6.24140339411e-09, 5.00295183059e-09, 3.60316776415e-09, 1.86023052517e-09, 8.95411123025e-09, 9.96739579762e-09, 3.37513905713e-09, 1.3320349268e-09, 1.13783804601e-09, 1.17054721471e-09, 6.80962508603e-11, 3.17561560381e-10, 2.55712655911e-11, 2.43384600668e-11, 5.95911237022e-11, 6.68054934289e-12, 1.8670453638e-12, 4.52042700147e-12, 2.31682012984e-12, 2.01749467826e-12, 5.99338449963e-13, 2.06879869138e-13, 1.19048488515e-13, 2.18435126486e-14, 3.00413151996e-15, 1.75699758375e-15, 1.00680685304e-16, 6.95738221778e-18, 9.70974588312e-19, 1.86845534242e-19],
        "dvar2": [2.31663355166e-10, 5.32830268796e-09, 3.44316664069e-09, 1.56968429366e-08, 9.6451460152e-09, 4.26892228234e-08, 1.73830123629e-08, 1.83218205052e-07, 4.86093441054e-08, 2.42544242468e-08, 1.40032083706e-08, 1.16449134779e-08, 7.61047047604e-09, 3.60713126035e-09, 1.99014991153e-08, 2.55618584077e-08, 7.95911514473e-09, 2.68177902107e-09, 2.6616893134e-09, 2.47006681775e-09, 1.51531981407e-10, 7.49419915014e-10, 5.5138379973e-11, 5.00771646372e-11, 1.21972390521e-10, 1.23708985764e-11, 3.86670079636e-12, 1.03095015164e-11, 4.51328124179e-12, 3.68939124043e-12, 1.00343919372e-12, 3.41876565035e-13, 2.06175842458e-13, 3.99766618463e-14, 5.5830935815e-15, 3.12179074908e-15, 2.01843742636e-16, 1.73043570255e-17, 2.46165021188e-18, 4.38507674664e-19],
        "max": [9.22438630369e-05, 0.000633429794107, 0.000614322605543, 0.00118079956155, 0.000778666930273, 0.00133801135235, 0.00119346694555, 0.00404552696273, 0.00178698229138, 0.00101563264616, 0.000808273151051, 0.000823079957627, 0.000835675571579, 0.00052019074792, 0.000852081400808, 0.00139345251955, 0.000715604284778, 0.000425497215474, 0.000358112389222, 0.000529064389411, 0.000112313573482, 0.000239799715928, 5.38133281225e-05, 6.01211177127e-05, 6.84958286001e-05, 3.43037318089e-05, 1.43021707117e-05, 2.36206378759e-05, 1.32349050546e-05, 1.37470360642e-05, 9.19188551052e-06, 5.76097454541e-06, 3.60384933629e-06, 1.73416856342e-06, 5.14055159329e-07, 5.28464397576e-07, 8.76651071735e-08, 2.82607039992e-08, 1.1919063958e-08, 4.31476987472e-09],
        "mean": [1.12013776743e-05, 5.35873587069e-05, 3.85713356081e-05, 8.34874153952e-05, 0.000103131234937, 0.000146397054777, 0.000139668671181, 0.000330351671437, 0.000180905481102, 0.000107808569737, 7.11234388291e-05, 5.74194054934e-05, 4.76510031149e-05, 3.57752578566e-05, 7.52956111683e-05, 6.12853473285e-05, 4.45160403615e-05, 2.22184062295e-05, 1.89268648683e-05, 2.46471736318e-05, 7.46438718124e-06, 1.04889431896e-05, 5.25501354787e-06, 4.19539355789e-06, 5.93269032834e-06, 1.93808409676e-06, 1.0028509223e-06, 1.09141103621e-06, 1.15303873827e-06, 1.22332448882e-06, 5.70985321247e-07, 2.74320001381e-07, 1.77371290988e-07, 7.24130728713e-08, 3.20050475011e-08, 3.0032911269e-08, 8.32217583735e-09, 1.25862198441e-09, 4.83408313379e-10, 2.94312491045e-10],