{
"metadata": {
    "version": {
        "essentia": "2.0.1",
        "extractor": "archive-music 1.0 mod ismir14"
    },
    "audio_properties": {
        "analysis_sample_rate": 44100,
        "bitrate": 128,
        "channels": 2,
        "equal_loudness": 0,
        "length": 30.0669155121,
        "replay_gain": -8.88451004028,
        "downmix": "mix"
    },
    "tags": {
        "track": 7,
        "year": 0,
        "album": "The Cool Jazz Collection",
        "artist": "Astrud Gilberto",
        "comment": "",
        "genre": "Jazz",
        "title": "Girl From Ipanema"
    }
},
"rhythm": {
    "bpm": 130.002792358,
    "bpm_histogram_first_peak": 129,
    "bpm_histogram_first_peak_spread": 0.490909099579,
    "bpm_histogram_first_peak_weight": 0.444444447756,
    "bpm_histogram_second_peak": 136,
    "bpm_histogram_second_peak_spread": 0.199999988079,
    "bpm_histogram_second_peak_weight": 0.0634920671582
},
"tonal": {
    "tuning_frequency": {
        "dmean": 0.131249934435,
        "dmean2": 0.24222381413,
        "dvar": 1.18371272087,
        "dvar2": 2.9361550808,
        "max": 454.727905273,
        "mean": 436.544769287,
        "median": 434.695007324,
        "min": 431.443084717,
        "var": 4.80811071396
    },
    "hpcp": {
        "dmean": [0.0906124189496, 0.143381714821, 0.115342237055, 0.164549544454, 0.10394372046, 0.0933408290148, 0.122791409492, 0.0411610715091, 0.123311057687, 0.100685097277, 0.123664550483, 0.0945213958621],
        "dmean2": [0.166998133063, 0.244244351983, 0.215208634734, 0.301533043385, 0.18231973052, 0.166357412934, 0.217641368508, 0.0760914087296, 0.215604171157, 0.182520747185, 0.227437630296, 0.167204588652],
        "dvar": [0.0493167750537, 0.0643960013986, 0.0673829466105, 0.0857878476381, 0.0456968396902, 0.0501233153045, 0.0604811049998, 0.0234060361981, 0.0572561509907, 0.0601012445986, 0.0669892728329, 0.0455551482737],
        "dvar2": [0.126401856542, 0.132755741477, 0.184888482094, 0.190404772758, 0.107317008078, 0.132686316967, 0.135096609592, 0.0560202226043, 0.123887851834, 0.14490661025, 0.168145596981, 0.102999314666],
        "max": [1, 1, 1, 1, 1, 1, 1, 1, 1, 1, 1, 1],
        "mean": [0.0700563043356, 0.245680585504, 0.0715518221259, 0.262165695429, 0.121294692159, 0.092917971313, 0.214701667428, 0.0640029236674, 0.164102748036, 0.0869599804282, 0.112974084914, 0.138011649251],
        "median": [0.00209465343505, 0.0368491671979, 0.00110601936467, 0.0205042678863, 0.00769544253126, 0.00378180411644, 0.0255028549582, 0.00116320559755, 0.012707320042, 0.00131942750886, 0.00742803141475, 0.00774443568662],
        "min": [0, 2.52610630014e-06, 0, 8.977743164e-06, 2.63942365564e-06, 0, 0, 9.93096546154e-06, 3.07356003759e-06, 0, 0, 0],
        "var": [0.0416125878692, 0.132293388247, 0.0453720651567, 0.155606031418, 0.0680008158088, 0.0588803291321, 0.125945493579, 0.0479556433856, 0.0948863625526, 0.0601669289172, 0.0655570030212, 0.0835417881608]
    }
},
"lowlevel": {
    "melbands": {
        "dmean": [0.00025807711063, 0.000727322534658, 0.000801121175755, 0.000426833779784, 0.000249203090789, 9.57868469413e-05, 5.9676978708e-05, 6.48760033073e-05, 2.48329342867e-05, 1.66290283232e-05, 1.49102743308e-05, 1.43785409819e-05, 3.65677942682e-06, 2.56997486758e-06, 3.88779153582e-06, 2.42547912421e-06, 1.98317616196e-06, 6.70482052101e-07, 7.02791908225e-07, 6.46509079161e-07, 4.16118439261e-07, 6.10576194049e-07, 7.3782950949e-07, 6.51898972137e-07, 2.64986596221e-07, 1.62515064517e-07, 2.09264598539e-07, 3.319854045e-07, 2.93521821959e-07, 3.52733962927e-07, 6.52998664918e-07, 9.55008999881e-07, 1.14755050618e-06, 6.81583117057e-07, 3.0449061228e-07, 1.65221806014e-07, 9.98128086849e-08, 3.69176476056e-08, 1.20128387238e-08, 1.18166709751e-09],
        "dmean2": [0.000356167351129, 0.00104612926953, 0.00116249441635, 0.000650075729936, 0.000359645375283, 0.000144865582115, 9.14852207643e-05, 9.44630955928e-05, 3.62963837688e-05, 2.23534407269e-05, 2.14597930608e-05, 2.00216236408e-05, 5.35336448593e-06, 3.72933595827e-06, 5.09453730047e-06, 3.36313178195e-06, 2.89598847303e-06, 1.03618890535e-06, 1.08441895463e-06, 9.86547206594e-07, 6.60233240524e-07, 9.75876787379e-07, 1.13200405849e-06, 1.07401115201e-06, 4.20993330863e-07, 2.40437742605e-07, 3.06431786612e-07, 4.89702983941e-07, 4.43229822622e-07, 5.24851259343e-07, 9.44634962252e-07, 1.33897640353e-06, 1.89381819382e-06, 9.00417262528e-07, 4.21526834771e-07, 2.27513368145e-07, 1.33910774025e-07, 4.81343747083e-08, 1.65991309586e-08, 1.74150693866e-09],
        "dvar": [3.83104804769e-07, 1.3495954363e-06, 1.06138736555e-06, 5.12389078722e-07, 1.66444351635e-07, 4.3341188416e-08, 3.67911958676e-08, 3.10286623062e-08, 4.80455941698e-09, 3.46016038044e-09, 1.71392244841e-09, 8.56371329405e-09, 8.29182625339e-11, 4.18946786984e-11, 2.62408622609e-10, 8.17211784354e-11, 9.19469569927e-11, 3.61692663667e-12, 9.07759804825e-12, 9.4712258869e-12, 1.81979865205e-12, 2.51578315472e-12, 3.606569687e-12, 4.60034571201e-12, 7.0701951238e-13, 1.72927942582e-13, 3.90858379733e-13, 1.51588323057e-12, 7.36059271259e-13, 1.67583384236e-12, 7.3239565454e-12, 1.66279680996e-11, 4.50323493772e-11, 1.20114196367e-11, 1.27079466741e-12, 2.39606213559e-13, 7.08493593654e-14, 1.28768430448e-14, 2.02168278016e-15, 3.80408650836e-17],
        "dvar2": [7.32008345494e-07, 2.64514073933e-06, 1.84732459729e-06, 1.03671288798e-06, 3.37541194995e-07, 9.39104722875e-08, 7.86501459515e-08, 6.22257445571e-08, 8.93763907328e-09, 6.28481000575e-09, 2.88176393859e-09, 1.41525982045e-08, 1.63887819982e-10, 8.4867370076e-11, 5.03590169565e-10, 1.74956937826e-10, 2.05370706552e-10, 7.27928307909e-12, 2.06971592642e-11, 1.65931417911e-11, 4.52151857622e-12, 6.35004722416e-12, 8.22357546643e-12, 1.1801076609e-11, 1.75273619403e-12, 3.45493246642e-13, 7.22191729162e-13, 3.10735920502e-12, 1.6142824924e-12, 3.70067171351e-12, 1.60543349448e-11, 3.13095660509e-11, 1.20359569533e-10, 1.88509052118e-11, 2.0534945272e-12, 4.19784378699e-13, 1.19851814562e-13, 2.02410381208e-14, 3.276542398e-15, 8.50975290054e-17],
        "max": [0.00996336340904, 0.0113673424348, 0.0117451054975, 0.0139457471669, 0.00509394472465, 0.0020960746333, 0.00232965080068, 0.00200175493956, 0.000983776873909, 0.000968607899267, 0.000433295732364, 0.00205206987448, 0.000115757749882, 0.000125671576825, 0.000377176504117, 0.000155458270456, 0.000190234306501, 2.26961947192e-05, 3.86504507333e-05, 4.06699509767e-05, 1.68266233231e-05, 1.6813421098e-05, 1.8654836822e-05, 2.69960655714e-05, 1.30503522087e-05, 6.7406404014e-06, 1.10469673018e-05, 2.18628865696e-05, 9.51773836277e-06, 1.94192089111e-05, 3.87921900256e-05, 6.38026904198e-05, 0.000105123333924, 8.05045856396e-05, 1.98790221475e-05, 6.28395537206e-06, 2.68357644018e-06, 1.85018473076e-06, 7.2872455803e-07, 1.12090908999e-07],
        "mean": [0.000453068816569, 0.00155999825802, 0.00199451809749, 0.000752022664528, 0.000554218539037, 0.000166593526956, 6.81951278239e-05, 7.82310089562e-05, 3.19199716614e-05, 2.17163196794e-05, 2.07576340472e-05, 2.13975617953e-05, 4.71804878543e-06, 3.18145953315e-06, 5.10427025802e-06, 2.87118291453e-06, 2.055309551e-06, 8.1280603581e-07, 7.94966751982e-07, 7.88858187661e-07, 4.26253990327e-07, 6.65525988097e-07, 7.82031065683e-07, 6.24965423413e-07, 2.71634860383e-07, 1.92557422452e-07, 2.5285660854e-07, 3.34706953709e-07, 2.93921004868e-07, 3.40648313113e-07, 6.30213833119e-07, 1.01919977169e-06, 1.07574533104e-06, 7.35032188004e-07, 3.49171159542e-07, 1.94720541913e-07, 1.12314801015e-07, 4.17141698961e-08, 1.30738264659e-08, 1.03254493844e-09],