{
"metadata": {
    "version": {
        "essentia": "2.0.1",
        "extractor": "archive-music 1.0 mod ismir14"
    },
    "audio_properties": {
        "analysis_sample_rate": 44100,
        "bitrate": 128,
        "channels": 2,
        "equal_loudness": 0,
        "length": 30.0669155121,
        "replay_gain": -12.179813385,
        "downmix": "mix"
    },
    "tags": {
        "track": 6,
        "year": 0,
        "album": "Swing Classics (Jazz & Tzaz 70)",
        "artist": "Benny Carter",
        "comment": "",
        "genre": "Jazz",
        "title": "Babalu"
    }
},
"rhythm": {
    "bpm": 92.6367721558,
    "bpm_histogram_first_peak": 94,
    "bpm_histogram_first_peak_spread": 0.555555582047,
    "bpm_histogram_first_peak_weight": 0.355555564165,
    "bpm_histogram_second_peak": 89,
    "bpm_histogram_second_peak_spread": 0,
    "bpm_histogram_second_peak_weight": 0.177777782083
},
"tonal": {
    "tuning_frequency": {
        "dmean": 0.108570054173,
        "dmean2": 0.206001251936,
        "dvar": 1.2959215641,
        "dvar2": 3.6882712841,
        "max": 452.37008667,
        "mean": 437.411224365,
        "median": 437.971466064,
        "min": 431.941772461,
        "var": 6.33679819107
    },
    "hpcp": {
        "dmean": [0.11032345891, 0.126156330109, 0.0663831830025, 0.161786481738, 0.121055535972, 0.0992759391665, 0.147125095129, 0.0815683454275, 0.186088785529, 0.0873923376203, 0.180790215731, 0.199649363756],
        "dmean2": [0.202382668853, 0.210940629244, 0.120156340301, 0.268913537264, 0.210680037737, 0.176453769207, 0.250020354986, 0.145155102015, 0.316081702709, 0.156993925571, 0.314954519272, 0.341053962708],
        "dvar": [0.0513901598752, 0.0364823006094, 0.0296038873494, 0.0524764694273, 0.0467311069369, 0.0291910879314, 0.0432470664382, 0.0269880443811, 0.0476789735258, 0.0298125129193, 0.0614726319909, 0.0596856288612],
        "dvar2": [0.145961254835, 0.0895156562328, 0.0739324912429, 0.115000508726, 0.106865718961, 0.0748878419399, 0.0919651463628, 0.070910282433, 0.112249456346, 0.0767879784107, 0.16632913053, 0.127829521894],
        "max": [1, 1, 1, 1, 1, 1, 1, 1, 1, 1, 1, 1],
        "mean": [0.0979961901903, 0.207368984818, 0.063783839345, 0.430834323168, 0.228217452765, 0.103330418468, 0.309649646282, 0.0689230486751, 0.369002431631, 0.0772665068507, 0.229321166873, 0.33768132329],
        "median": [0.0163968745619, 0.0667044222355, 0.00946395006031, 0.27525857091, 0.0450383760035, 0.0391678959131, 0.142119735479, 0.0163355953991, 0.244339361787, 0.014874056913, 0.11183437705, 0.203611806035],
        "min": [0, 0, 0, 0.000716481008567, 3.52659626515e-05, 0.000443470868049, 0, 0, 0.000556916173082, 0, 0, 0],
        "var": [0.04350175336, 0.0740272179246, 0.0310953631997, 0.158706739545, 0.11841981858, 0.0303871016949, 0.127939119935, 0.0241576880217, 0.118148721755, 0.0262267980725, 0.0779401808977, 0.122049748898]
    }
},
"lowlevel": {
    "melbands": {
        "dmean": [8.83103712113e-06, 4.1082919779e-05, 2.56269704551e-05, 5.05145289935e-05, 5.30977704329e-05, 8.34487873362e-05, 6.36281620245e-05, 0.000141974771395, 9.51640613494e-05, 7.11607572157e-05, 4.14522182837e-05, 3.50631853507e-05, 3.3181393519e-05, 2.47049702011e-05, 4.96351349284e-05, 4.24255158578e-05, 2.48664855462e-05, 1.63893582794e-05, 1.32595196192e-05, 1.661533679e-05, 4.86825547341e-06, 6.53624874758e-06, 3.04202217194e-06, 2.7773594411e-06, 4.00350427299e-06, 1.24762107134e-06, 6.88439456553e-07, 7.69795519773e-07, 8.05276556548e-07, 7.9525551655e-07, 3.90253035221e-07, 1.89231315062e-07, 1.35954110192e-07, 5.23822478726e-08, 2.20435705245e-08, 1.71781699976e-08, 3.14284553937e-09, 3.05849706672e-10, 2.93197480183e-11, 2.12792327162e-12],
        "dmean2": [1.48148374137e-05, 6.97069044691e-05, 3.95715469494e-05, 7.55333603593e-05, 8.14581508166e-05, 0.00012783978309, 9.8240096122e-05, 0.000209264268051, 0.000144334859215, 0.000109423075628, 6.57202617731e-05, 5.45884286112e-05, 5.18532142451e-05, 3.8116624637e-05, 7.86663367762e-05, 6.91101595294e-05, 3.76454881916e-05, 2.44938037213e-05, 2.05674041354e-05, 2.50355205935e-05, 7.65696313465e-06, 9.88770898402e-06, 4.56588395537e-06, 4.19104344473e-06, 6.05522700425e-06, 1.86929253232e-06, 1.01308319245e-06, 1.19756032291e-06, 1.16567537134e-06, 1.24478356156e-06, 5.42452653463e-07, 2.68276352244e-07, 1.88666632539e-07, 7.42411288002e-08, 3.16486676866e-08, 2.60192596357e-08, 4.87042539632e-09, 4.83830420173e-10, 4.66962302159e-11, 3.80195831415e-12],
        "dvar": [1.16450335486e-10, 2.44586328968e-09, 1.92903915064e-09, 5.54463630564e-09, 4.99716268365e-09, 1.69211453738e-08, 8.25542301186e-09, 8.07651758805e-08, 2.6942416298e-08, 1.40195046683e-08, 5.66536328961e-09, 5.15651654709e-09, 5.86733550634e-09, 2.25256457931e-09, 9.75438751993e-09, 1.00569366168e-08, 2.9184425987e-09, 1.37430267166e-09, 8.52816817165e-10, 1.37039712911e-09, 7.05925179423e-11, 1.81122075671e-10, 2.80937443448e-11, 2.67157875683e-11, 6.42729688916e-11, 7.58468548384e-12, 2.09022469472e-12, 4.21170954015e-12, 2.24941918391e-12, 2.38450535359e-12, 6.66705623001e-13, 2.13134333316e-13, 1.40660310548e-13, 2.0298350064e-14, 2.65856134748e-15, 1.65675674016e-15, 4.04770641888e-17, 5.80555161957e-19, 7.28647326506e-21, 2.69141197061e-23],
        "dvar2": [2.69495065153e-10, 5.85390091956e-09, 4.99013896871e-09, 1.31004407322e-08, 9.90182247307e-09, 3.50926221415e-08, 1.78865846578e-08, 1.47243511606e-07, 5.40396740689e-08, 3.16736539219e-08, 1.20622445365e-08, 1.20007701554e-08, 1.48946277534e-08, 4.58301707695e-09, 2.1502048142e-08, 2.47620679517e-08, 6.43358433194e-09, 2.75440870112e-09, 1.92959803691e-09, 2.96708480008e-09, 1.48435819192e-10, 3.83288373262e-10, 5.79899774034e-11, 5.36712410626e-11, 1.3279004285e-10, 1.58278598561e-11, 4.26583031052e-12, 9.05405264651e-12, 4.56601770282e-12, 4.76143256767e-12, 1.19281852191e-12, 3.89618404813e-13, 2.66852702045e-13, 3.45978264484e-14, 5.13071361316e-15, 3.71121514257e-15, 8.25687849332e-17, 1.33768639793e-18, 1.55453700416e-20, 7.41366430017e-23],
        "max": [8.40143184178e-05, 0.000574551697355, 0.000696460600011, 0.00110600795597, 0.000848542840686, 0.00122883275617, 0.00142927281559, 0.00405086623505, 0.00191292632371, 0.00106447236612, 0.000719950301573, 0.000925818050746, 0.0010482959915, 0.000696457456797, 0.00104939728044, 0.00112975027878, 0.000650945235975, 0.000439880182967, 0.000275973667158, 0.000590125157032, 0.00011072216148, 0.000149106621393, 7.33944398235e-05, 6.12973963143e-05, 6.62377715344e-05, 3.69692716049e-05, 1.54763220053e-05, 2.85873138637e-05, 1.32380500872e-05, 1.41580021591e-05, 7.98716610007e-06, 4.98216240885e-06, 4.17199134972e-06, 1.38646919368e-06, 4.83058272494e-07, 4.20495524622e-07, 6.88253223302e-08, 8.98022367579e-09, 8.07776401324e-10, 5.58972798603e-11],
        "mean": [1.15140246635e-05, 5.51710836589e-05, 3.86833817174e-05, 8.28094416647e-05, 0.000104365681182, 0.000148235048982, 0.000139897834742, 0.000334511772962, 0.000185609329492, 0.000109306056402, 7.22604527255e-05, 5.8381974668e-05, 4.85498931084e-05, 3.66013555322e-05, 7.63279313105e-05, 6.37811463093e-05, 4.37248127128e-05, 2.22526450671e-05, 1.84115633601e-05, 2.53829657595e-05, 7.593045666e-06, 1.03658458102e-05, 5.32098556505e-06, 4.27608028986e-06, 6.05569675827e-06, 1.97893700715e-06, 1.03175943877e-06, 1.12748284664e-06, 1.17000047339e-06, 1.23919937778e-06, 5.80059065669e-07, 2.73813697049e-07, 1.75577781647e-07, 7.08051786091e-08, 2.9337535068e-08, 2.39528752388e-08, 4.87972684482e-09, 3.36695948899e-10, 3.23209965736e-11, 1.57834151564e-12],