{
"metadata": {
    "version": {
        "essentia": "2.0.1",
        "extractor": "archive-music 1.0 mod ismir14"
    },
    "audio_properties": {
        "analysis_sample_rate": 44100,
        "bitrate": 96,
        "channels": 2,
        "equal_loudness": 0,
        "length": 30.0669155121,
        "replay_gain": -13.4506072998,
        "downmix": "mix"
    },
    "tags": {
        "track": 0,
        "year": 0,
        "album": "",
        "artist": "",
        "comment": "",
        "genre": "",
        "title": ""
    }
},
"rhythm": {
    "bpm": 88.3257827759,
    "bpm_histogram_first_peak": 89,
    "bpm_histogram_first_peak_spread": 0.309523761272,
    "bpm_histogram_first_peak_weight": 0.674418628216,
    "bpm_histogram_second_peak": 94,
    "bpm_histogram_second_peak_spread": 0,
    "bpm_histogram_second_peak_weight": 0.0232558138669
},
"tonal": {
    "tuning_frequency": {
        "dmean": 0.114532008767,
        "dmean2": 0.212734088302,
        "dvar": 1.56347680092,
        "dvar2": 3.30754518509,
        "max": 455.253540039,
        "mean": 441.95413208,
        "median": 441.782684326,
        "min": 431.692352295,
        "var": 25.9988174438
    },
    "hpcp": {
        "dmean": [0.150370806456, 0.155307233334, 0.169049471617, 0.169757783413, 0.120927400887, 0.16133736074, 0.240096181631, 0.239093795419, 0.236393868923, 0.210494279861, 0.245178759098, 0.21145914495],
        "dmean2": [0.273359328508, 0.284091234207, 0.315747439861, 0.313281238079, 0.22792597115, 0.295835494995, 0.441698759794, 0.435664325953, 0.435746699572, 0.394931614399, 0.436651349068, 0.398139476776],
        "dvar": [0.0600163824856, 0.0725499540567, 0.0853757187724, 0.080473035574, 0.0593205504119, 0.0658623501658, 0.094427652657, 0.0963559895754, 0.0976814702153, 0.0941712930799, 0.0812453627586, 0.0957154035568],
        "dvar2": [0.166013821959, 0.200483307242, 0.238649860024, 0.218919426203, 0.167954027653, 0.176606997848, 0.252842456102, 0.245731636882, 0.261211484671, 0.261759638786, 0.207108721137, 0.272471576929],
        "max": [1, 1, 1, 1, 1, 1, 1, 1, 1, 1, 1, 1],
        "mean": [0.145517796278, 0.125906452537, 0.132219240069, 0.179299175739, 0.0848234519362, 0.181620255113, 0.257432878017, 0.249566480517, 0.210090219975, 0.16015419364, 0.37123927474, 0.151721701026],
        "median": [0.0349851697683, 0.0140144526958, 0.0202666912228, 0.0256427824497, 0.0131120728329, 0.03565428406, 0.0732437744737, 0.0686748996377, 0.0487485639751, 0.0257339160889, 0.213491544127, 0.0238612405956],
        "min": [0, 0, 0, 0, 0, 0, 0, 0, 0, 0, 0, 0],
        "var": [0.0648754090071, 0.0632879287004, 0.0691827461123, 0.0976966172457, 0.0404838956892, 0.0903817266226, 0.121037565172, 0.116650447249, 0.101635321975, 0.0803962722421, 0.139916166663, 0.0768689736724]
    }
},
"lowlevel": {
    "melbands": {
        "dmean": [0.000215308842598, 0.000786900811363, 0.000969084328972, 0.000491920742206, 0.000280097010545, 0.000440256349975, 0.000541112851351, 0.000384271959774, 0.000424933678005, 0.000257973297266, 0.000131142311147, 7.95242958702e-05, 6.37614793959e-05, 4.42038617621e-05, 6.12688309047e-05, 4.13474044763e-05, 4.27853519795e-05, 3.67437205568e-05, 2.82684486592e-05, 2.38200664171e-05, 2.11781898543e-05, 1.98820143851e-05, 2.50219254667e-05, 2.67121286015e-05, 1.99821861315e-05, 1.66096870089e-05, 1.22529772852e-05, 7.71594022808e-06, 4.55068857264e-06, 3.57671410711e-06, 2.75727120425e-06, 1.6414038555e-06, 8.41668281737e-07, 6.51611344438e-07, 5.5333077853e-07, 4.10130468254e-07, 2.6041681167e-07, 1.09700856399e-07, 1.99345091545e-08, 9.33272348291e-10],
        "dmean2": [0.000370590452803, 0.00135296443477, 0.00168088707142, 0.000837264000438, 0.000471740902867, 0.000742594420444, 0.000959048280492, 0.000625378219411, 0.000719183648471, 0.000438227987615, 0.000204140334972, 0.00011790413555, 0.000100757002656, 6.810069317e-05, 9.03319814824e-05, 6.56125557725e-05, 6.93788388162e-05, 5.9118403442e-05, 4.60579067294e-05, 3.86438659916e-05, 3.5126820876e-05, 3.18628444802e-05, 3.93931513827e-05, 4.30680847785e-05, 3.13684540743e-05, 2.68716230494e-05, 1.92109473574e-05, 1.22072251543e-05, 7.49838864067e-06, 5.76820548304e-06, 4.43477665613e-06, 2.67697032541e-06, 1.37174765769e-06, 1.07833966467e-06, 8.94479910585e-07, 6.74451143823e-07, 4.25420807915e-07, 1.77273975055e-07, 3.2527356808e-08, 1.44451417494e-09],
        "dvar": [9.18460187904e-08, 1.17805984701e-06, 1.56578300903e-06, 5.98163296672e-07, 1.64472965025e-07, 3.21974511053e-07, 8.58089492795e-07, 8.84364396825e-07, 5.55468659513e-07, 2.55406547467e-07, 8.63446913968e-08, 4.68713317048e-08, 4.21453592026e-08, 1.51775640944e-08, 4.35947811184e-08, 1.17415508427e-08, 1.78829377973e-08, 9.40699251828e-09, 6.81623779641e-09, 6.20839468723e-09, 3.32246274937e-09, 2.81246093081e-09, 3.37941763462e-09, 4.40641256816e-09, 2.50576759342e-09, 1.25499088899e-09, 1.09706688178e-09, 5.05870789702e-10, 8.93911680788e-11, 7.08605604749e-11, 4.88784429598e-11, 1.30877444299e-11, 2.89510147626e-12, 1.28966661569e-12, 1.01608109947e-12, 4.95625567497e-13, 2.15440255154e-13, 5.53137857783e-14, 3.23971361721e-15, 3.22859615261e-18],
        "dvar2": [2.66850975095e-07, 3.06049105347e-06, 4.41058773504e-06, 1.71707574737e-06, 4.35081915384e-07, 8.54529560002e-07, 2.43486579166e-06, 2.16944408749e-06, 1.59986507242e-06, 7.03688783688e-07, 2.1792698135e-07, 8.34837265984e-08, 9.1965688398e-08, 3.38316361592e-08, 9.71146718598e-08, 2.8575668054e-08, 4.19450998379e-08, 2.31507701898e-08, 1.77973831228e-08, 1.6436002781e-08, 8.9290734806e-09, 7.57962759224e-09, 8.84994744155e-09, 1.09105675605e-08, 5.91140514317e-09, 3.18913251363e-09, 2.32895591701e-09, 1.0105080106e-09, 2.23403850974e-10, 1.58850210763e-10, 1.19225698758e-10, 3.10743757115e-11, 7.38974333114e-12, 3.5515360184e-12, 2.86365093964e-12, 1.33226426852e-12, 5.64625765847e-13, 1.47485661379e-13, 9.1366504816e-15, 8.20930849435e-18],
        "max": [0.00400557694957, 0.0137095740065, 0.0141225187108, 0.0123123442754, 0.00552902417257, 0.00601325323805, 0.0100059090182, 0.0108395274729, 0.0164417698979, 0.013167463243, 0.00628382014111, 0.00557946832851, 0.00587942264974, 0.00337420171127, 0.00787066482008, 0.00290397321805, 0.00364594208077, 0.00210643722676, 0.00116265239194, 0.00174655625597, 0.000842965848278, 0.00133666349575, 0.00113565754145, 0.00165198533796, 0.000913116324227, 0.000734309665859, 0.000754653825425, 0.000670840905514, 0.000163999124197, 0.00026859776699, 0.000202389332117, 0.000106024133856, 3.49255278707e-05, 2.60632368736e-05, 1.68166479853e-05, 1.14656877486e-05, 7.93312301539e-06, 4.89567082695e-06, 1.38671271088e-06, 2.47418618926e-08],
        "mean": [0.000258080661297, 0.00106713513378, 0.00126416073181, 0.000720832438674, 0.000375995674403, 0.000648434215691, 0.000649306341074, 0.000500989204738, 0.000765045115259, 0.000440407107817, 0.000282184511889, 0.000156086593051, 0.000110144377686, 7.82902789069e-05, 0.000118813943118, 7.4055402365e-05, 7.51050756662e-05, 6.30708454992e-05, 4.40082403657e-05, 3.85547973565e-05, 3.61203419743e-05, 3.68383407476e-05, 5.61516062589e-05, 6.23294326942e-05, 4.03437079513e-05, 3.3762993553e-05, 2.78672596323e-05, 1.62389205798e-05, 8.7303278633e-06, 7.15723081157e-06, 5.87249269302e-06, 3.60814601663e-06, 1.82451321962e-06, 1.41254633945e-06, 1.26497525343e-06, 8.80947766291e-07, 5.38712527032e-07, 2.16232407979e-07, 3.7554155341e-08, 1.4314660568e-09],