{
"metadata": {
    "version": {
        "essentia": "2.0.1",
        "extractor": "archive-music 1.0 mod ismir14"
    },
    "audio_properties": {
        "analysis_sample_rate": 44100,
        "bitrate": 128,
        "channels": 2,
        "equal_loudness": 0,
        "length": 30.0669155121,
        "replay_gain": -13.8585624695,
        "downmix": "mix"
    },
    "tags": {
        "track": 0,
        "year": 0,
        "album": "",
        "artist": "",
        "comment": "",
        "genre": "",
        "title": ""
    }
},
"rhythm": {
    "bpm": 90.2956161499,
    "bpm_histogram_first_peak": 91,
    "bpm_histogram_first_peak_spread": 0.341463446617,
    "bpm_histogram_first_peak_weight": 0.62790697813,
    "bpm_histogram_second_peak": 83,
    "bpm_histogram_second_peak_spread": 0.5,
    "bpm_histogram_second_peak_weight": 0.0232558138669
},
"tonal": {
    "tuning_frequency": {
        "dmean": 0.0786653757095,
        "dmean2": 0.129322692752,
        "dvar": 0.945537805557,
        "dvar2": 1.75434362888,
        "max": 456.570251465,
        "mean": 444.119110107,
        "median": 445.369720459,
        "min": 431.193908691,
        "var": 28.9811515808
    },
    "hpcp": {
        "dmean": [0.188711613417, 0.17071980238, 0.178342342377, 0.127563282847, 0.165752023458, 0.197084128857, 0.196850687265, 0.227724730968, 0.219707399607, 0.172925010324, 0.178648844361, 0.181820735335],
        "dmean2": [0.349367111921, 0.328698635101, 0.330801874399, 0.237765952945, 0.304092258215, 0.367854177952, 0.371467977762, 0.418156683445, 0.406682878733, 0.325769275427, 0.332602083683, 0.335793107748],
        "dvar": [0.0902662798762, 0.0993763431907, 0.0857131108642, 0.0657938867807, 0.0741025209427, 0.0979888886213, 0.108213245869, 0.0976667478681, 0.107266634703, 0.0916834399104, 0.0918674916029, 0.0846209898591],
        "dvar2": [0.239440917969, 0.283470332623, 0.248934164643, 0.187074095011, 0.19968432188, 0.275507003069, 0.289297729731, 0.252743422985, 0.292877435684, 0.261191010475, 0.263849824667, 0.240837350488],
        "max": [1, 1, 1, 1, 1, 1, 1, 1, 1, 1, 1, 1],
        "mean": [0.184401422739, 0.117360815406, 0.162046357989, 0.116835154593, 0.165180161595, 0.205962583423, 0.144081830978, 0.265440225601, 0.170609071851, 0.125580251217, 0.131936445832, 0.145742893219],
        "median": [0.0336620733142, 0.00855467095971, 0.0278735663742, 0.0103894881904, 0.0211275219917, 0.0284611228853, 0.0080647226423, 0.0720424130559, 0.0205041766167, 0.0144312726334, 0.0130749056116, 0.0259058643132],
        "min": [0, 0, 0, 0, 0, 0, 0, 0, 0, 0, 0, 0],
        "var": [0.0979875922203, 0.0736448317766, 0.0827390030026, 0.0680487751961, 0.0867814943194, 0.114636048675, 0.0898767858744, 0.130684405565, 0.0932733565569, 0.0691983252764, 0.0738378241658, 0.0721276625991]
    }
},
"lowlevel": {
    "melbands": {
        "dmean": [0.000758600479458, 0.00248932512477, 0.00122022489086, 0.000473844673252, 0.000333757692715, 0.00025347279734, 0.000282589549897, 0.000316777412081, 0.000455515692011, 0.000310146337142, 0.000143106502946, 0.000157742440933, 0.000142153949128, 9.64565042523e-05, 0.000137195675052, 0.000135938360472, 3.27334855683e-05, 2.51259207289e-05, 1.48686967805e-05, 1.81266186701e-05, 2.76077553281e-05, 2.05326105061e-05, 3.54046169377e-05, 2.50211469393e-05, 1.49555125972e-05, 1.74777014763e-05, 1.35307864184e-05, 8.20113200461e-06, 4.0341087697e-06, 3.29311228597e-06, 1.78664163286e-06, 8.61295916366e-07, 5.13601321472e-07, 4.06680442211e-07, 3.7754278992e-07, 3.19975100638e-07, 1.66417692071e-07, 1.13746217778e-07, 3.22322968316e-08, 2.9944018376e-09],
        "dmean2": [0.00124693918042, 0.00451025599614, 0.00213741813786, 0.000804340408649, 0.000568895135075, 0.000433158624219, 0.000470861763461, 0.000497304368764, 0.000671411806252, 0.000424910103902, 0.000212751750951, 0.000221972048166, 0.000187630328583, 0.000152392793098, 0.000202705501579, 0.000195058993995, 4.78672882309e-05, 3.78430340788e-05, 2.35753796005e-05, 2.88707688014e-05, 4.48363825853e-05, 3.34002579621e-05, 5.6197764934e-05, 3.72173417418e-05, 2.2240474209e-05, 2.73049972748e-05, 2.00361209863e-05, 1.21039174701e-05, 6.13615293332e-06, 4.97342898598e-06, 2.78124957731e-06, 1.38471614264e-06, 8.25754000289e-07, 6.46627881906e-07, 6.07939966812e-07, 5.2091689895e-07, 2.63261000555e-07, 1.83628216632e-07, 5.09487279032e-08, 4.9263872981e-09],
        "dvar": [6.56609131511e-07, 8.24758899398e-06, 1.85678663911e-06, 4.61738238755e-07, 5.30791112396e-07, 1.89411636597e-07, 2.38411814735e-07, 3.86314439993e-07, 8.35548348732e-07, 1.01013120002e-06, 3.13270675179e-07, 2.16020225707e-07, 1.3874614524e-07, 8.94971776688e-08, 1.34072394076e-07, 1.71245744696e-07, 9.12938169506e-09, 4.19932399964e-09, 6.38053831992e-10, 9.24353982246e-10, 3.25089932751e-09, 2.10315209692e-09, 6.11348305313e-09, 2.84937407002e-09, 8.77944605904e-10, 1.13869058627e-09, 9.0270485531e-10, 2.92571411542e-10, 6.61446314387e-11, 5.5059994758e-11, 1.45006272614e-11, 2.8115665178e-12, 6.27440807643e-13, 3.5079244739e-13, 4.21255017631e-13, 2.10433965175e-13, 6.32541572289e-14, 3.1777874196e-14, 3.3194774393e-15, 2.95091224136e-17],
        "dvar2": [1.8491945184e-06, 2.74322428595e-05, 5.39509301234e-06, 1.19574269775e-06, 1.48298033764e-06, 5.21346521509e-07, 6.33042304798e-07, 9.06901902908e-07, 1.63876552506e-06, 1.74867795977e-06, 5.47861816358e-07, 3.36037516036e-07, 2.23599656124e-07, 2.08398645896e-07, 2.36806997123e-07, 2.9501921972e-07, 1.23878365343e-08, 8.67347083044e-09, 1.45595580037e-09, 2.25303486978e-09, 8.05342104115e-09, 5.49373568859e-09, 1.62099471623e-08, 5.83719872438e-09, 1.90839122283e-09, 2.85673840139e-09, 1.86859305806e-09, 5.44759348742e-10, 1.27016439033e-10, 1.05360976888e-10, 3.34257899137e-11, 7.02492794838e-12, 1.57244529897e-12, 8.38794365996e-13, 9.97455590346e-13, 5.07778769119e-13, 1.4456784294e-13, 7.99519548874e-14, 7.43518998946e-15, 7.8329530616e-17],
        "max": [0.00839522108436, 0.02409562096, 0.0127328131348, 0.0086517855525, 0.0112918717787, 0.00593769876286, 0.00962764210999, 0.0110209546983, 0.0175433661789, 0.0202733948827, 0.0258526150137, 0.0158991571516, 0.0147197898477, 0.00737731484696, 0.00862524006516, 0.0116903446615, 0.00438414188102, 0.00167695549317, 0.000449096318334, 0.000368610431906, 0.000874359044246, 0.000709411629941, 0.00110797653906, 0.000721470278222, 0.000579140789341, 0.000517389446031, 0.000598689366598, 0.000360519276001, 0.000169640217791, 0.000148155333591, 7.50439648982e-05, 4.1916842747e-05, 1.17504578157e-05, 9.69702978182e-06, 1.47683704199e-05, 6.91681270837e-06, 5.54991675017e-06, 3.45518947142e-06, 1.0955950529e-06, 9.69794342609e-08],
        "mean": [0.00128743809182, 0.00345666147768, 0.00181371811777, 0.000679050921462, 0.000441256881459, 0.000382102589356, 0.000444082019385, 0.000595937133767, 0.00089820305584, 0.000605209963396, 0.000235020474065, 0.000269534939434, 0.000312848744215, 0.000144615754834, 0.000231192068895, 0.000248319644015, 6.14921373199e-05, 4.23297460657e-05, 2.59921434917e-05, 3.0574232369e-05, 4.48879072792e-05, 3.47102395608e-05, 5.72023491259e-05, 4.51290106867e-05, 2.83973768092e-05, 3.13934615406e-05, 2.5532737709e-05, 1.53780674736e-05, 7.65434197092e-06, 5.99211807639e-06, 3.23071117236e-06, 1.67283758401e-06, 1.03368154214e-06, 8.92184630175e-07, 7.9702988387e-07, 6.74482407703e-07, 3.70923117998e-07, 2.46081015121e-07, 7.29390308152e-08, 5.25241627969e-09],