{
"metadata": {
    "version": {
        "essentia": "2.0.1",
        "extractor": "archive-music 1.0 mod ismir14"
    },
    "audio_properties": {
        "analysis_sample_rate": 44100,
        "bitrate": 96,
        "channels": 2,
        "equal_loudness": 0,
        "length": 30.0669155121,
        "replay_gain": -12.9685745239,
        "downmix": "mix"
    },
    "tags": {
        "track": 0,
        "year": 0,
        "album": "",
        "artist": "",
        "comment": "",
        "genre": "",
        "title": ""
    }
},
"rhythm": {
    "bpm": 88.2881317139,
    "bpm_histogram_first_peak": 89,
    "bpm_histogram_first_peak_spread": 0.309523820877,
    "bpm_histogram_first_peak_weight": 0.674418628216,
    "bpm_histogram_second_peak": 94,
    "bpm_histogram_second_peak_spread": 0,
    "bpm_histogram_second_peak_weight": 0.0232558138669
},
"tonal": {
    "tuning_frequency": {
        "dmean": 0.274850159883,
        "dmean2": 0.42847058177,
        "dvar": 3.09754943848,
        "dvar2": 4.02922296524,
        "max": 455.516601562,
        "mean": 436.96572876,
        "median": 434.444000244,
        "min": 432.441040039,
        "var": 15.4334621429
    },
    "hpcp": {
        "dmean": [0.218105763197, 0.152583435178, 0.225478157401, 0.256445258856, 0.121516428888, 0.22748529911, 0.253310769796, 0.274127304554, 0.188544183969, 0.106032252312, 0.240513861179, 0.081762753427],
        "dmean2": [0.373569577932, 0.274654328823, 0.408314108849, 0.449038207531, 0.213601887226, 0.378680258989, 0.434806019068, 0.477825909853, 0.331800043583, 0.184418007731, 0.420735269785, 0.151375502348],
        "dvar": [0.042008113116, 0.0323498919606, 0.058722037822, 0.059646371752, 0.0303974188864, 0.0640175193548, 0.062950707972, 0.0474610365927, 0.048710629344, 0.0197925139219, 0.0596343502402, 0.0146359512582],
        "dvar2": [0.0996583476663, 0.0878074318171, 0.162542954087, 0.17855347693, 0.0830389335752, 0.148359388113, 0.147109985352, 0.135073840618, 0.130864754319, 0.0480006784201, 0.152995422482, 0.0427604056895],
        "max": [1, 1, 1, 1, 1, 1, 1, 1, 1, 1, 1, 1],
        "mean": [0.304844647646, 0.171965748072, 0.236052617431, 0.305826753378, 0.132922112942, 0.320712327957, 0.350033968687, 0.392750829458, 0.245177209377, 0.131548255682, 0.77751326561, 0.0975888818502],
        "median": [0.230747669935, 0.107988364995, 0.137052699924, 0.205138638616, 0.0794165208936, 0.146923452616, 0.265118092299, 0.328790336847, 0.130127221346, 0.0823711082339, 0.945463299751, 0.0677808299661],
        "min": [0.0186013113707, 0.00577899813652, 0.00595626141876, 0.00615993700922, 0.0028415103443, 0.0259795729071, 0.0153143573552, 0.00847536604851, 0.00663848454133, 0.00426401942968, 0.0900070667267, 0.00449574738741],
        "var": [0.0667896047235, 0.0347790531814, 0.0650398656726, 0.0741328522563, 0.0287755951285, 0.1085299775, 0.0946053266525, 0.0845164656639, 0.0698126927018, 0.0244039501995, 0.0765518695116, 0.0104911867529]
    }
},
"lowlevel": {
    "melbands": {
        "dmean": [1.44485156852e-05, 6.60220757709e-05, 5.74604528083e-05, 3.80671444873e-05, 1.64272223628e-05, 2.84821580863e-05, 3.0700051866e-05, 3.81895551982e-05, 4.32593042206e-05, 2.45576575253e-05, 1.70116309164e-05, 1.08653002826e-05, 9.602499631e-06, 5.28562031832e-06, 8.8432643679e-06, 5.25048017153e-06, 6.35001606497e-06, 3.91667754229e-06, 2.90665593639e-06, 3.02067041957e-06, 2.29067791224e-06, 2.45159640144e-06, 3.96615632781e-06, 4.12034842157e-06, 2.5515478228e-06, 1.68031772318e-06, 1.6113339143e-06, 9.84684220384e-07, 4.42041226734e-07, 4.15435124523e-07, 3.42018182664e-07, 1.72061078274e-07, 7.75745334636e-08, 5.03482162628e-08, 4.38854996787e-08, 3.01922717938e-08, 1.74907839323e-08, 7.85844722628e-09, 1.51637025159e-09, 7.06343109003e-11],
        "dmean2": [2.5889454264e-05, 0.000126108221593, 0.00010470385314, 6.77789139445e-05, 2.99296043522e-05, 5.09673627676e-05, 5.6427274103e-05, 6.86589119141e-05, 7.14708003215e-05, 4.39943432866e-05, 2.94924429909e-05, 1.99012283701e-05, 1.71454757947e-05, 9.4751449069e-06, 1.6135720216e-05, 9.54156166699e-06, 1.1584229469e-05, 7.00574264556e-06, 5.23981634615e-06, 5.2307345868e-06, 4.02546766054e-06, 4.25497955803e-06, 7.20213711247e-06, 6.83859980199e-06, 4.58886552224e-06, 2.91967035082e-06, 2.69414090326e-06, 1.65819267295e-06, 7.51108132135e-07, 7.17735929356e-07, 5.92786761899e-07, 2.925335707e-07, 1.31473939291e-07, 8.64492619712e-08, 7.28354407897e-08, 5.1117506672e-08, 3.1795934774e-08, 1.37809479384e-08, 2.69211497539e-09, 1.26403262857e-10],
        "dvar": [4.29135588176e-10, 5.06747799278e-09, 3.35864180911e-09, 2.54927789989e-09, 2.66955069161e-10, 5.99158056502e-10, 8.09463718277e-10, 1.56379986738e-09, 6.99967817042e-09, 4.59386173546e-09, 5.83475323612e-10, 6.53958220909e-10, 5.65114788298e-10, 1.03862474177e-10, 3.36865119133e-10, 8.87647177983e-11, 2.19340129393e-10, 6.1135020657e-11, 1.7340909958e-11, 4.73137154455e-11, 1.05735220926e-11, 1.21012063217e-11, 4.54297918728e-11, 4.42627184905e-11, 1.86774224559e-11, 7.98748914232e-12, 9.19484714063e-12, 4.2694827708e-12, 4.06662523751e-13, 6.51527117847e-13, 4.26917290582e-13, 9.03658590556e-14, 1.49667553877e-14, 6.76823455273e-15, 4.27615308411e-15, 1.2738374969e-15, 3.9426101442e-16, 4.84069072316e-17, 1.92374169057e-18, 6.01968614272e-21],
        "dvar2": [1.09268527559e-09, 1.62104925039e-08, 9.38771105297e-09, 6.89878154603e-09, 7.37307437326e-10, 1.96935290298e-09, 2.12861683835e-09, 4.2666008504e-09, 1.53053765217e-08, 1.30178152702e-08, 1.44600442731e-09, 1.84853421459e-09, 1.56926993622e-09, 2.94675922552e-10, 1.02656505518e-09, 2.54741644445e-10, 6.19800877288e-10, 1.59110724596e-10, 4.67171093477e-11, 1.24819557468e-10, 2.35354929989e-11, 3.46099954251e-11, 1.33344654762e-10, 1.20571913564e-10, 4.49327762497e-11, 2.21122321842e-11, 2.23947822092e-11, 1.11357052052e-11, 1.01464561579e-12, 1.60677721128e-12, 1.11261900301e-12, 2.45455457175e-13, 3.55939439706e-14, 1.61326504998e-14, 8.24191263876e-15, 2.72652663589e-15, 9.16962399193e-16, 1.36028700299e-16, 4.51526546247e-18, 1.61889197893e-20],
        "max": [0.000139112395118, 0.0004395111755, 0.000282109482214, 0.000293862947728, 0.000113956950372, 0.000139874828164, 0.000138838469866, 0.000169359802385, 0.000864975503646, 0.000559438660275, 0.000160125549883, 0.000159319766681, 0.000140206990181, 6.25131142442e-05, 0.000114026704978, 5.255411088e-05, 9.64589999057e-05, 7.30039537302e-05, 2.1140464014e-05, 6.02220206929e-05, 2.18010063691e-05, 2.33032787946e-05, 3.52495990228e-05, 4.91620412504e-05, 2.86321883323e-05, 1.75070708792e-05, 2.44571237999e-05, 1.31462984427e-05, 5.47193940292e-06, 7.31182853997e-06, 4.0327613533e-06, 1.71812325789e-06, 8.58866485487e-07, 6.60524392515e-07, 6.11442317222e-07, 2.9707589988e-07, 1.46612990193e-07, 4.83255249151e-08, 1.13460494333e-08, 5.95065385856e-10],
        "mean": [1.89683578355e-05, 7.50320687075e-05, 8.02926297183e-05, 4.16608854721e-05, 2.2676653316e-05, 4.13551206293e-05, 4.13845518779e-05, 3.15822871926e-05, 4.88973018946e-05, 2.52385252679e-05, 1.96499913727e-05, 8.92146181286e-06, 7.3080632319e-06, 4.81579672851e-06, 7.73925876274e-06, 4.38498000221e-06, 4.91799437441e-06, 3.94758626499e-06, 2.73067303169e-06, 2.45626733886e-06, 2.19827165893e-06, 2.27729537983e-06, 3.59998875865e-06, 3.80684173251e-06, 2.48041510531e-06, 2.07023163057e-06, 1.66426059423e-06, 9.53827793637e-07, 5.2760555036e-07, 4.390568904e-07, 3.54154053639e-07, 2.14122152897e-07, 1.05605423073e-07, 8.20595786877e-08, 7.39472056921e-08, 5.17126679256e-08, 3.20315365343e-08, 1.26585968374e-08, 2.17391127322e-09, 1.05914665927e-10],