{
"metadata": {
    "version": {
        "essentia": "2.0.1",
        "extractor": "archive-music 1.0 mod ismir14"
    },
    "audio_properties": {
        "analysis_sample_rate": 44100,
        "bitrate": 96,
        "channels": 2,
        "equal_loudness": 0,
        "length": 30.0669155121,
        "replay_gain": -13.4233722687,
        "downmix": "mix"
    },
    "tags": {
        "track": 0,
        "year": 0,
        "album": "",
        "artist": "",
        "comment": "",
        "genre": "",
        "title": ""
    }
},
"rhythm": {
    "bpm": 90.2956161499,
    "bpm_histogram_first_peak": 91,
    "bpm_histogram_first_peak_spread": 0.341463446617,
    "bpm_histogram_first_peak_weight": 0.62790697813,
    "bpm_histogram_second_peak": 83,
    "bpm_histogram_second_peak_spread": 0.5,
    "bpm_histogram_second_peak_weight": 0.0232558138669
},
"tonal": {
    "tuning_frequency": {
        "dmean": 0.133047223091,
        "dmean2": 0.2451171875,
        "dvar": 0.618995308876,
        "dvar2": 1.13877725601,
        "max": 452.37008667,
        "mean": 450.112915039,
        "median": 450.544708252,
        "min": 445.627075195,
        "var": 3.26242113113
    },
    "hpcp": {
        "dmean": [0.282162666321, 0.0787008628249, 0.159205466509, 0.165635570884, 0.380835741758, 0.293102473021, 0.118832796812, 0.317295134068, 0.129706636071, 0.0892100557685, 0.122700512409, 0.143133491278],
        "dmean2": [0.501150786877, 0.1278668046, 0.266377836466, 0.300854831934, 0.676987290382, 0.524466216564, 0.201305299997, 0.531355559826, 0.222128465772, 0.153708904982, 0.213186532259, 0.251483201981],
        "dvar": [0.0979053378105, 0.00967037677765, 0.0380014739931, 0.0561823323369, 0.0943166911602, 0.0782260447741, 0.0152192898095, 0.0904105082154, 0.0272193159908, 0.016012551263, 0.0259267836809, 0.0367028936744],
        "dvar2": [0.173378825188, 0.0239031650126, 0.0900915563107, 0.163594856858, 0.244345381856, 0.18434214592, 0.0360471084714, 0.185093104839, 0.0836478248239, 0.0458460450172, 0.069158539176, 0.102127835155],
        "max": [1, 0.738411486149, 1, 1, 1, 1, 0.675542712212, 1, 1, 1, 1, 1],
        "mean": [0.565795242786, 0.0821602866054, 0.186186611652, 0.150098502636, 0.407656252384, 0.383439153433, 0.130625203252, 0.430644541979, 0.117814689875, 0.0944152995944, 0.121584877372, 0.145731806755],
        "median": [0.562534272671, 0.0530162677169, 0.105782181025, 0.0714953914285, 0.273692041636, 0.258944809437, 0.0739727094769, 0.259588301182, 0.0691405311227, 0.0637622326612, 0.071398973465, 0.0836598202586],
        "min": [0.00527751585469, 0.00273556192406, 0.010113844648, 0.0065272860229, 0.0129120862111, 0.0117396824062, 0.00504373712465, 0.00580604048446, 0.00137986207847, 0.00433721393347, 0.00273953564465, 0.00528451707214],
        "var": [0.15770997107, 0.0111004710197, 0.0467362217605, 0.0499378405511, 0.119907416403, 0.125764265656, 0.0192752294242, 0.149578079581, 0.0238598864526, 0.0134517718107, 0.0237882304937, 0.0317499376833]
    }
},
"lowlevel": {
    "melbands": {
        "dmean": [6.58934150124e-05, 0.000168413898791, 4.83381154481e-05, 3.00218471239e-05, 2.79077739833e-05, 1.98954421649e-05, 2.8475678846e-05, 3.84395680157e-05, 6.82155441609e-05, 4.8405949201e-05, 1.93293071789e-05, 2.17206397792e-05, 2.81103421003e-05, 9.45960255194e-06, 1.71813371708e-05, 1.93271935132e-05, 5.01314934809e-06, 3.09450183522e-06, 1.40897134315e-06, 1.64690675319e-06, 3.19578748531e-06, 2.27812233788e-06, 4.12513963965e-06, 3.20113349517e-06, 1.79379969723e-06, 2.16109924622e-06, 1.92153879652e-06, 1.12767395422e-06, 4.84037968818e-07, 4.33715939607e-07, 1.96515173911e-07, 7.91370169395e-08, 4.29902904386e-08, 3.67181733907e-08, 3.17402317762e-08, 2.53606646794e-08, 1.69583440623e-08, 1.08070352667e-08, 3.43897355037e-09, 2.52387666322e-10],
        "dmean2": [0.000105241131678, 0.000278340070508, 8.54368918226e-05, 5.27070733369e-05, 4.94991872984e-05, 3.50989794242e-05, 4.99495727126e-05, 7.09226587787e-05, 0.000124236481497, 8.87484202394e-05, 3.71593669115e-05, 4.02520345233e-05, 5.14187013323e-05, 1.75581972144e-05, 3.07214904751e-05, 3.5275661503e-05, 9.45620922721e-06, 5.72525550524e-06, 2.57064789366e-06, 2.94012261293e-06, 5.8348505263e-06, 4.30120871897e-06, 7.81442304287e-06, 5.88529928791e-06, 3.33614684678e-06, 4.02602245231e-06, 3.57190697287e-06, 2.07661764762e-06, 8.94581887678e-07, 8.18602700292e-07, 3.69153468682e-07, 1.47072398704e-07, 7.97806762876e-08, 6.76119569221e-08, 5.78194203626e-08, 4.5281151273e-08, 3.13593702117e-08, 1.95036573558e-08, 6.20541262819e-09, 4.61789939621e-10],
        "dvar": [2.30475749596e-09, 1.76905317062e-08, 2.83330869877e-09, 6.1535615492e-10, 1.33411959258e-09, 4.35398161969e-10, 2.3411923511e-09, 2.51619169944e-09, 6.60112808859e-09, 9.66131352698e-09, 5.85753667792e-09, 1.17636278496e-09, 2.95292679198e-09, 2.11336989575e-10, 5.59857993299e-10, 9.89562320974e-10, 2.87466939142e-10, 3.94809636373e-11, 2.38353694421e-12, 1.71636142798e-12, 9.03095393606e-12, 5.45199909524e-12, 1.99026767289e-11, 8.02770523667e-12, 2.45370542461e-12, 4.81298551361e-12, 3.86863327831e-12, 1.36260349792e-12, 2.3313100582e-13, 2.15544446983e-13, 3.54532890675e-14, 5.11821310093e-15, 1.46471700684e-15, 9.29028701164e-16, 8.54642532434e-16, 5.18809850715e-16, 2.58978576618e-16, 1.32699265246e-16, 1.31067057572e-17, 6.6300471263e-20],
        "dvar2": [5.64655522339e-09, 4.72836028109e-08, 7.95353383154e-09, 1.72522640618e-09, 3.56931484369e-09, 1.1158709512e-09, 6.07841244005e-09, 7.46093498094e-09, 1.96267588848e-08, 2.61021018133e-08, 1.74683076892e-08, 3.47831297098e-09, 8.11672062895e-09, 6.20638096471e-10, 1.48585055371e-09, 2.62654498151e-09, 8.56174964259e-10, 1.14516784944e-10, 6.6378586655e-12, 4.7658725924e-12, 2.28079517078e-11, 1.47846943022e-11, 5.47597175937e-11, 2.19642758842e-11, 6.81183798604e-12, 1.33123919874e-11, 1.06130139399e-11, 3.77821168449e-12, 6.50682307514e-13, 5.9868326659e-13, 1.00889687772e-13, 1.52996816876e-14, 4.58415755713e-15, 2.62859501587e-15, 2.52577665102e-15, 1.54026016964e-15, 8.25758073658e-16, 4.12902277295e-16, 4.05886177662e-17, 2.15417515822e-19],
        "max": [0.000297229416901, 0.000793539918959, 0.00040299014654, 0.000147333092173, 0.000314927950967, 0.000183507945621, 0.000459746283013, 0.000272382807452, 0.000435521826148, 0.000781774404459, 0.000705697457306, 0.000192035193322, 0.000339261488989, 8.6562235083e-05, 0.000118540461699, 0.000184634889592, 0.000154260880663, 4.38504466729e-05, 1.06529496406e-05, 6.14354439676e-06, 1.69695304066e-05, 1.17709587357e-05, 2.59323005594e-05, 1.46629263327e-05, 8.43128691486e-06, 1.17669442261e-05, 9.94835136225e-06, 7.24854999135e-06, 2.75703314401e-06, 3.09874917548e-06, 1.14113981908e-06, 5.39418806511e-07, 2.29662120432e-07, 1.97941773195e-07, 1.6420669624e-07, 1.31583718144e-07, 8.23311339104e-08, 6.27992804425e-08, 2.12063984151e-08, 1.9945378682e-09],
        "mean": [9.86839877442e-05, 0.000261803652393, 8.44125024742e-05, 3.99384989578e-05, 2.70778036793e-05, 2.15397067223e-05, 2.87526654574e-05, 3.44410582329e-05, 5.85859670537e-05, 3.55226584361e-05, 1.40025194924e-05, 1.72207364812e-05, 2.02738337975e-05, 8.25182178232e-06, 1.42039834827e-05, 1.50562837007e-05, 3.74413889404e-06, 2.69055567514e-06, 1.5383036498e-06, 1.85462886293e-06, 2.81713300865e-06, 2.09785662264e-06, 3.62473542737e-06, 2.76751256933e-06, 1.71964904894e-06, 1.95189045371e-06, 1.5786796439e-06, 9.413350881e-07, 4.54106611869e-07, 3.62579584134e-07, 1.92841554281e-07, 9.87608501646e-08, 6.07559655919e-08, 5.2253099625e-08, 4.73149661673e-08, 4.05764417621e-08, 2.20954294861e-08, 1.49325689591e-08, 4.36375291457e-09, 3.10310832585e-10],