{
"metadata": {
    "version": {
        "essentia": "2.0.1",
        "extractor": "archive-music 1.0 mod ismir14"
    },
    "audio_properties": {
        "analysis_sample_rate": 44100,
        "bitrate": 128,
        "channels": 2,
        "equal_loudness": 0,
        "length": 30.0669155121,
        "replay_gain": -8.42338752747,
        "downmix": "mix"
    },
    "tags": {
        "track": 7,
        "year": 0,
        "album": "The Cool Jazz Collection",
        "artist": "Astrud Gilberto",
        "comment": "",
        "genre": "Jazz",
        "title": "Girl From Ipanema"
    }
},
"rhythm": {
    "bpm": 130.002792358,
    "bpm_histogram_first_peak": 129,
    "bpm_histogram_first_peak_spread": 0.490909099579,
    "bpm_histogram_first_peak_weight": 0.444444447756,
    "bpm_histogram_second_peak": 136,
    "bpm_histogram_second_peak_spread": 0.199999988079,
    "bpm_histogram_second_peak_weight": 0.0634920671582
},
"tonal": {
    "tuning_frequency": {
        "dmean": 0.125622093678,
        "dmean2": 0.242844536901,
        "dvar": 1.81000876427,
        "dvar2": 4.17005872726,
        "max": 456.306610107,
        "mean": 437.942749023,
        "median": 434.193115234,
        "min": 431.692352295,
        "var": 32.6502456665
    },
    "hpcp": {
        "dmean": [0.105190061033, 0.128482878208, 0.164008557796, 0.175994589925, 0.154284015298, 0.123440988362, 0.147301197052, 0.153475269675, 0.235476031899, 0.139710396528, 0.120052844286, 0.110532641411],
        "dmean2": [0.201940909028, 0.248321726918, 0.317685365677, 0.336343675852, 0.297873258591, 0.238833680749, 0.282122313976, 0.296860724688, 0.451402664185, 0.27317494154, 0.230836734176, 0.212460294366],
        "dvar": [0.0698240920901, 0.0850241556764, 0.108442187309, 0.10392832756, 0.0997103154659, 0.0802622362971, 0.0910182073712, 0.100452423096, 0.136775702238, 0.0999336242676, 0.0777706801891, 0.0755229219794],
        "dvar2": [0.197126269341, 0.240575924516, 0.305342167616, 0.286362975836, 0.284906178713, 0.231396466494, 0.259249657393, 0.283506542444, 0.385582119226, 0.283898830414, 0.214440926909, 0.214206904173],
        "max": [1, 1, 1, 1, 1, 1, 1, 1, 1, 1, 1, 1],
        "mean": [0.065875209868, 0.114702701569, 0.115646094084, 0.201537996531, 0.11274446547, 0.094662591815, 0.136920750141, 0.116348780692, 0.205889478326, 0.0910523459315, 0.0943140909076, 0.0867613852024],
        "median": [0.000359131227015, 0.00177101080772, 0.000721685762983, 0.00310273538344, 0.00106782407966, 0.00111529882997, 0.00155151810031, 0.00108314445242, 0.00524931540713, 0.000317235215334, 0.00175325653981, 0.000612299365457],
        "min": [0, 0, 0, 0, 0, 0, 0, 0, 0, 0, 0, 0],
        "var": [0.0463880486786, 0.0816883519292, 0.0851031318307, 0.131817921996, 0.0795097649097, 0.0677470415831, 0.0949991196394, 0.0835492387414, 0.134719729424, 0.0710343718529, 0.0625472143292, 0.0643251612782]
    }
},
"lowlevel": {
    "melbands": {
        "dmean": [0.000785231066402, 0.00344628584571, 0.00357325864024, 0.00183897092938, 0.000990458764136, 0.000365376035916, 0.000128848550958, 0.000118784082588, 4.97730652569e-05, 2.68320836767e-05, 2.70085783995e-05, 2.7022235372e-05, 8.3107906903e-06, 6.11675386608e-06, 7.87649696576e-06, 4.57947953691e-06, 3.67055190509e-06, 1.65456049217e-06, 1.63358959071e-06, 1.58273667239e-06, 1.0214445183e-06, 1.24041389427e-06, 1.4298386759e-06, 1.53272515035e-06, 5.80459243338e-07, 3.71706761371e-07, 5.40575001651e-07, 8.30050339573e-07, 6.72199007568e-07, 8.79527760844e-07, 1.42765281907e-06, 2.1911564545e-06, 2.85011060441e-06, 1.69564566477e-06, 6.7093145617e-07, 3.10749953769e-07, 1.99205985041e-07, 7.4590147392e-08, 2.1872189393e-08, 2.94420154923e-09],
        "dmean2": [0.00132335128728, 0.00594593118876, 0.00619918527082, 0.00310901296325, 0.00163485098165, 0.000616153294686, 0.000190907274373, 0.000168461643625, 6.84588521835e-05, 3.55952433893e-05, 3.57265271305e-05, 3.5255230614e-05, 1.16422397696e-05, 9.04363150767e-06, 1.08780868686e-05, 6.8105500759e-06, 5.03531418872e-06, 2.50137827607e-06, 2.27792997975e-06, 2.28096973842e-06, 1.52549682753e-06, 1.84588157026e-06, 2.05842479772e-06, 2.30627051678e-06, 8.57896282014e-07, 5.70510735542e-07, 7.82768438512e-07, 1.32430307076e-06, 1.0177261629e-06, 1.29950751671e-06, 2.30729870054e-06, 3.47879154106e-06, 4.61185709355e-06, 2.60467504631e-06, 1.05708136289e-06, 4.62753376951e-07, 2.90959064841e-07, 1.17299826741e-07, 3.37873196088e-08, 4.65928584603e-09],
        "dvar": [2.28100930144e-06, 3.04282893921e-05, 3.74708724848e-05, 9.29465932131e-06, 2.57011993199e-06, 3.88656786754e-07, 1.43016279708e-07, 1.31815781401e-07, 1.77127308376e-08, 9.56235979288e-09, 6.46471010057e-09, 1.74627281524e-08, 6.90444146301e-10, 2.87949525335e-10, 6.94031832005e-10, 4.83204753987e-10, 4.96823304719e-10, 4.57206009163e-11, 7.98178190209e-11, 7.60666876709e-11, 1.82020700595e-11, 1.5858932223e-11, 2.0620670102e-11, 5.0204940899e-11, 6.7552773271e-12, 1.38048914747e-12, 3.78873451709e-12, 1.36150977645e-11, 7.0662599036e-12, 2.555631054e-11, 6.25302518098e-11, 1.58156987506e-10, 6.53955112284e-10, 1.62697230688e-10, 1.08044528185e-11, 1.10934991662e-12, 4.51458179651e-13, 8.72694183086e-14, 9.51852003928e-15, 3.53972845196e-16],
        "dvar2": [5.92421156398e-06, 9.1868074378e-05, 0.000121022785606, 2.5720020858e-05, 6.96715414961e-06, 1.06587629034e-06, 2.28244246614e-07, 1.95831859173e-07, 2.74233773467e-08, 1.19655725328e-08, 1.0733581135e-08, 1.96268334918e-08, 1.38739908451e-09, 5.89636062198e-10, 1.14621123704e-09, 9.5367902464e-10, 7.57908735771e-10, 9.10067438076e-11, 1.26542484824e-10, 1.56573115584e-10, 3.87310288008e-11, 3.1852690624e-11, 3.92284746353e-11, 1.34262129192e-10, 1.65350615144e-11, 3.27419862056e-12, 7.8542276849e-12, 3.46682543784e-11, 1.61673226889e-11, 5.60904968305e-11, 1.46661363609e-10, 3.67729624529e-10, 1.7603734026e-09, 3.55731000212e-10, 2.97785442138e-11, 2.4258340562e-12, 1.03418369788e-12, 2.23693039461e-13, 2.20047826396e-14, 9.97272769296e-16],
        "max": [0.0354811660945, 0.0800998210907, 0.0598679892719, 0.0814826339483, 0.0258001405746, 0.0113086700439, 0.00936408527195, 0.00828233454376, 0.00364507338963, 0.0041806162335, 0.00225571845658, 0.00970192346722, 0.000925875501707, 0.000588221068028, 0.00158083019778, 0.000800034205895, 0.00113015249372, 0.000258379295701, 0.000392901536543, 0.000315444252919, 0.000136263857712, 8.88391950866e-05, 8.94792392501e-05, 0.000178893256816, 9.88888787106e-05, 2.88476549031e-05, 6.33674135315e-05, 0.000130460844957, 7.27810474928e-05, 0.000164578304975, 0.000197944333195, 0.000273569283308, 0.000963564205449, 0.000625641550869, 8.41351647978e-05, 2.49958029599e-05, 1.31992483148e-05, 1.02609101305e-05, 3.34356809617e-06, 7.32278579108e-07],
        "mean": [0.00150927971117, 0.00614881888032, 0.00744126411155, 0.00365314236842, 0.0022640901152, 0.000810429279227, 0.000303303648252, 0.000298898929032, 0.000140551201184, 8.69565483299e-05, 8.5036852397e-05, 8.58051207615e-05, 2.2391353923e-05, 1.25628539536e-05, 1.9645140128e-05, 1.18030575322e-05, 8.21307639853e-06, 3.39458983944e-06, 3.2915149859e-06, 3.19328091791e-06, 1.74731246716e-06, 2.61524041889e-06, 3.08216408484e-06, 2.47140383181e-06, 1.0630660654e-06, 7.227249057e-07, 9.85216274785e-07, 1.28086549012e-06, 1.09683423943e-06, 1.37743359119e-06, 2.36327423409e-06, 3.88400030715e-06, 4.1445973693e-06, 2.8604426916e-06, 1.26352483676e-06, 6.84997246481e-07, 4.07953535841e-07, 1.50454738446e-07, 4.7584251206e-08, 4.89449014651e-09],