{
"metadata": {
    "version": {
        "essentia": "2.0.1",
        "extractor": "archive-music 1.0 mod ismir14"
    },
    "audio_properties": {
        "analysis_sample_rate": 44100,
        "bitrate": 128,
        "channels": 2,
        "equal_loudness": 0,
        "length": 30.0669155121,
        "replay_gain": -11.7153892517,
        "downmix": "mix"
    },
    "tags": {
        "track": 6,
        "year": 0,
        "album": "Swing Classics (Jazz & Tzaz 70)",
        "artist": "Benny Carter",
        "comment": "",
        "genre": "Jazz",
        "title": "Babalu"
    }
},
"rhythm": {
    "bpm": 92.6367721558,
    "bpm_histogram_first_peak": 94,
    "bpm_histogram_first_peak_spread": 0.555555582047,
    "bpm_histogram_first_peak_weight": 0.355555564165,
    "bpm_histogram_second_peak": 89,
    "bpm_histogram_second_peak_spread": 0,
    "bpm_histogram_second_peak_weight": 0.177777782083
},
"tonal": {
    "tuning_frequency": {
        "dmean": 0.0391910858452,
        "dmean2": 0.0705572292209,
        "dvar": 0.407908797264,
        "dvar2": 0.890690982342,
        "max": 456.570251465,
        "mean": 437.85836792,
        "median": 437.213165283,
        "min": 434.193115234,
        "var": 1.59385931492
    },
    "hpcp": {
        "dmean": [0.148914724588, 0.145067363977, 0.152361571789, 0.204293832183, 0.145953923464, 0.126411929727, 0.146700784564, 0.12437491864, 0.194148331881, 0.135281503201, 0.180273294449, 0.18333928287],
        "dmean2": [0.276213616133, 0.264261633158, 0.287954032421, 0.369240045547, 0.270351439714, 0.236769065261, 0.254056572914, 0.231587022543, 0.350963681936, 0.25256717205, 0.325230300426, 0.32973369956],
        "dvar": [0.0679917931557, 0.0612303987145, 0.0808258503675, 0.0869546830654, 0.0692639946938, 0.0597171671689, 0.0525506287813, 0.0559478886425, 0.0734759643674, 0.0613372847438, 0.070367179811, 0.0689809173346],
        "dvar2": [0.191690921783, 0.167876332998, 0.233108446002, 0.236170709133, 0.186692506075, 0.170854002237, 0.139512449503, 0.150542393327, 0.196658179164, 0.174345999956, 0.187210470438, 0.180616036057],
        "max": [1, 1, 1, 1, 1, 1, 1, 1, 1, 1, 1, 1],
        "mean": [0.113289296627, 0.152345329523, 0.108038634062, 0.402270972729, 0.16763484478, 0.103145830333, 0.235693976283, 0.101041942835, 0.287353873253, 0.0995102524757, 0.19512565434, 0.227466389537],
        "median": [0.0125175258145, 0.0204788409173, 0.00385027239099, 0.200212702155, 0.0122684678063, 0.0118556506932, 0.0624986253679, 0.00813126098365, 0.10216716677, 0.0081687355414, 0.0637710914016, 0.0601266287267],
        "min": [0, 0, 0, 0, 0, 0, 0, 0, 0, 0, 0, 0],
        "var": [0.0559601560235, 0.0695163160563, 0.0642401427031, 0.176208376884, 0.0981646105647, 0.0505079515278, 0.112229950726, 0.0504178591073, 0.129167735577, 0.0468430370092, 0.080438233912, 0.103382885456]
    }
},
"lowlevel": {
    "melbands": {
        "dmean": [2.84426951112e-05, 0.000126802609884, 0.000141323471325, 0.000269586395007, 0.000319974613376, 0.000350640795659, 0.000270403310424, 0.000360140780685, 0.000258308573393, 0.000159954914125, 0.000120175318443, 0.000102570156741, 9.52938280534e-05, 8.05647941888e-05, 0.000146601261804, 0.000132536253659, 7.3645322118e-05, 3.78771437681e-05, 3.93795053242e-05, 4.43929275207e-05, 1.48690060087e-05, 2.25094408961e-05, 1.04843265945e-05, 6.9223870014e-06, 8.99417773326e-06, 3.04472246171e-06, 1.83961162747e-06, 2.23139272748e-06, 1.80405436367e-06, 1.68801477685e-06, 8.07447349871e-07, 3.88055241274e-07, 2.60349708014e-07, 9.91925546145e-08, 4.19607282254e-08, 3.42956276711e-08, 7.39425942697e-09, 7.95696286637e-10, 1.01372576999e-10, 2.34600065069e-11],
        "dmean2": [4.37523740402e-05, 0.00020571865025, 0.000247895542998, 0.000490727019496, 0.000584588793572, 0.000596491212491, 0.000419759307988, 0.000501623144373, 0.000353079667548, 0.000215159088839, 0.00018755759811, 0.000159699149663, 0.000146016958752, 0.000127451261505, 0.000225244089961, 0.000213665247429, 0.000111850706162, 5.39733337064e-05, 5.88008915656e-05, 6.66812848067e-05, 2.28965382121e-05, 3.58006109309e-05, 1.69094801095e-05, 1.04895552795e-05, 1.33435269163e-05, 4.64187269245e-06, 2.88167029794e-06, 3.43257624991e-06, 2.75360957858e-06, 2.41391876443e-06, 1.16317903576e-06, 5.69260919292e-07, 3.76826875481e-07, 1.43278938936e-07, 6.09948926922e-08, 5.02069248398e-08, 1.07452917675e-08, 1.24129073686e-09, 1.60557747653e-10, 4.23272944472e-11],
        "dvar": [1.38594169474e-09, 2.69050897117e-08, 5.85663499919e-08, 1.82536865623e-07, 2.28251636258e-07, 2.78499641126e-07, 1.48110800069e-07, 5.3646925835e-07, 2.16585917201e-07, 8.0456182161e-08, 8.65425704433e-08, 7.25597857354e-08, 5.54348247306e-08, 3.3708190017e-08, 9.10785971087e-08, 1.27987675569e-07, 3.95598540592e-08, 8.11445044491e-09, 1.23191812307e-08, 1.25428014641e-08, 7.21406212545e-10, 4.40545555591e-09, 5.64470137299e-10, 1.97670074753e-10, 4.82656803413e-10, 6.37870312126e-11, 2.00949725609e-11, 5.31461506748e-11, 2.0396436276e-11, 1.62852908242e-11, 4.33847055503e-12, 1.24384985818e-12, 7.19462412823e-13, 1.03509235417e-13, 1.40040211279e-14, 9.37884515331e-15, 2.90993801516e-16, 5.63431344544e-18, 8.44067763252e-20, 2.36464643448e-21],
        "dvar2": [2.86870771582e-09, 7.01059761354e-08, 1.72680771016e-07, 5.5065441984e-07, 7.21623564459e-07, 7.96891242771e-07, 3.65423801441e-07, 1.15140335311e-06, 4.56071347799e-07, 1.55844347205e-07, 2.31467026879e-07, 1.98417623665e-07, 1.44045429806e-07, 9.36020398967e-08, 2.14488437678e-07, 3.28899176338e-07, 1.01851860279e-07, 1.59328639171e-08, 2.78655942765e-08, 2.78000396037e-08, 1.65097513438e-09, 1.1825193269e-08, 1.56494550652e-09, 4.53223264474e-10, 1.04003805568e-09, 1.42954634241e-10, 4.72906401539e-11, 1.23452484346e-10, 4.70918790074e-11, 3.50264331428e-11, 9.21254392217e-12, 2.62365628355e-12, 1.5811229279e-12, 2.02760104171e-13, 2.86410333655e-14, 2.04731776644e-14, 6.31761111896e-16, 1.34301201418e-17, 1.9296005333e-19, 6.97274078394e-21],
        "max": [0.000502022914588, 0.002408569213, 0.00593631062657, 0.00962589494884, 0.00641494430602, 0.00830034352839, 0.00634810561314, 0.0180893670768, 0.00846011936665, 0.00562370568514, 0.00661464780569, 0.00564521830529, 0.00504847988486, 0.00363028747961, 0.00538485124707, 0.00582042755559, 0.00456806225702, 0.00237533124164, 0.00195520627312, 0.00249069835991, 0.000552175566554, 0.00152643921319, 0.000483022333356, 0.000297404156299, 0.000408679421525, 0.000194400621695, 9.08976362552e-05, 0.000148315608385, 7.80481277616e-05, 7.22649856471e-05, 4.87178876938e-05, 2.93836128549e-05, 2.20550300583e-05, 7.28719669496e-06, 2.29114084505e-06, 2.20936658479e-06, 2.94200589224e-07, 3.84818399368e-08, 6.29672980423e-09, 8.23795809346e-10],
        "mean": [4.03083031415e-05, 0.000179930313607, 0.000179382928764, 0.00033140621963, 0.000423627614509, 0.000574891048018, 0.000620085222181, 0.001255047624, 0.00079150631791, 0.000442742108135, 0.000302667496726, 0.000249708944466, 0.000194506312255, 0.000148761682794, 0.000300345942378, 0.000243722985033, 0.000179882306838, 9.3764741905e-05, 7.38097951398e-05, 9.92115965346e-05, 3.13560667564e-05, 4.07472689403e-05, 2.2122538212e-05, 1.70471721503e-05, 2.42137884925e-05, 7.99230019766e-06, 4.07651077694e-06, 4.4745456762e-06, 4.65519087811e-06, 4.98237614011e-06, 2.30791010836e-06, 1.0992106354e-06, 7.06704383902e-07, 2.80445959788e-07, 1.17987063675e-07, 9.64448787499e-08, 2.05737844539e-08, 1.75878867026e-09, 1.93310339958e-10, 2.49752458298e-11],