{
"metadata": {
    "version": {
        "essentia": "2.0.1",
        "extractor": "archive-music 1.0 mod ismir14"
    },
    "audio_properties": {
        "analysis_sample_rate": 44100,
        "bitrate": 32,
        "channels": 2,
        "equal_loudness": 0,
        "length": 30.0408172607,
        "replay_gain": -13.4732723236,
        "downmix": "mix"
    },
    "tags": {
        "track": 0,
        "year": 0,
        "album": "",
        "artist": "",
        "comment": "",
        "genre": "",
        "title": ""
    }
},
"rhythm": {
    "bpm": 178.205886841,
    "bpm_histogram_first_peak": 178,
    "bpm_histogram_first_peak_spread": 0,
    "bpm_histogram_first_peak_weight": 0.453488379717,
    "bpm_histogram_second_peak": 172,
    "bpm_histogram_second_peak_spread": 0,
    "bpm_histogram_second_peak_weight": 0.430232554674
},
"tonal": {
    "tuning_frequency": {
        "dmean": 0.204715117812,
        "dmean2": 0.289034247398,
        "dvar": 2.81114673615,
        "dvar2": 3.2246670723,
        "max": 454.990661621,
        "mean": 435.957397461,
        "median": 433.191070557,
        "min": 433.191070557,
        "var": 16.5974292755
    },
    "hpcp": {
        "dmean": [0.228269338608, 0.153971984982, 0.231279820204, 0.251454442739, 0.116982080042, 0.212640851736, 0.263436198235, 0.276818603277, 0.177373543382, 0.113359607756, 0.244638353586, 0.0824563652277],
        "dmean2": [0.391918003559, 0.274616956711, 0.427295058966, 0.444754749537, 0.206901982427, 0.344166725874, 0.458959698677, 0.488073915243, 0.301878213882, 0.195894762874, 0.451340049505, 0.14733915031],
        "dvar": [0.0445785410702, 0.0327074937522, 0.0594212375581, 0.0606126859784, 0.0283416695893, 0.0595078878105, 0.0663259923458, 0.0483870767057, 0.0396536886692, 0.0188316553831, 0.0680551528931, 0.0146682308987],
        "dvar2": [0.122105009854, 0.0849572867155, 0.171747565269, 0.179275542498, 0.0792342722416, 0.140778541565, 0.147972732782, 0.122930541635, 0.0980892851949, 0.0472040697932, 0.172004967928, 0.0431323163211],
        "max": [1, 1, 1, 1, 1, 1, 1, 1, 1, 0.994432985783, 1, 1],
        "mean": [0.307039499283, 0.178802058101, 0.234858065844, 0.306250184774, 0.132493242621, 0.325449883938, 0.35183468461, 0.402447134256, 0.24782332778, 0.13772341609, 0.783919990063, 0.100538946688],
        "median": [0.25090560317, 0.122684977949, 0.130021423101, 0.216272473335, 0.0749257728457, 0.146301388741, 0.246955126524, 0.354059875011, 0.143604516983, 0.0836253538728, 0.996866583824, 0.0742900595069],
        "min": [0.0177764017135, 0.00611835112795, 0.00670268200338, 0.008156131953, 0.00769970938563, 0.019621072337, 0.00823266152292, 0.0137248048559, 0.00653032399714, 0.00425858702511, 0.147074237466, 0.00515926815569],
        "var": [0.0647202506661, 0.0378808788955, 0.0612165257335, 0.0720533952117, 0.0258048735559, 0.110937461257, 0.0962467193604, 0.0872055441141, 0.0662721693516, 0.0243721511215, 0.0775696486235, 0.0109150456265]
    }
},
"lowlevel": {
    "melbands": {
        "dmean": [1.49191064338e-05, 6.37285702396e-05, 5.87725662626e-05, 3.88380831282e-05, 1.59418541443e-05, 2.88634746539e-05, 2.95304762403e-05, 3.62024147762e-05, 4.2476120143e-05, 2.34258332057e-05, 1.63120894285e-05, 1.06354009404e-05, 9.35047410167e-06, 5.17809439771e-06, 8.43194538902e-06, 4.98281178807e-06, 6.49313233225e-06, 3.91193634641e-06, 2.58282307186e-06, 2.39327277995e-06, 2.36075584326e-06, 2.33157788898e-06, 3.70880775336e-06, 3.90579725718e-06, 2.50022048931e-06, 1.56273381435e-06, 1.65231233495e-06, 1.04241951249e-06, 4.67859877062e-07, 4.13058899085e-07, 3.68518328742e-07, 1.85020198273e-07, 7.06987250965e-08, 4.87073670286e-08, 4.55665087884e-08, 3.67241739241e-08, 3.05050988914e-08, 2.63597197403e-08, 1.60029749452e-08, 7.65677654613e-09],
        "dmean2": [2.63362580881e-05, 0.000119720854855, 0.000105524377432, 7.05103157088e-05, 2.88491428364e-05, 5.22426162206e-05, 5.25092618773e-05, 6.61176818539e-05, 7.05828715581e-05, 4.15444410464e-05, 2.79116920865e-05, 1.92167026398e-05, 1.69393279066e-05, 9.01272778719e-06, 1.55100788106e-05, 8.86237376108e-06, 1.19390069813e-05, 6.86696466801e-06, 4.67087829747e-06, 3.91680760004e-06, 4.1760717977e-06, 4.13045700043e-06, 6.72555052006e-06, 6.6588536356e-06, 4.26607675763e-06, 2.65938388111e-06, 2.80436256617e-06, 1.78528034667e-06, 8.10105007076e-07, 7.47550757296e-07, 6.26792200364e-07, 3.21389279634e-07, 1.24982733496e-07, 8.4755242824e-08, 7.85906948408e-08, 6.1928545847e-08, 5.58062858147e-08, 4.60124169877e-08, 2.83379986143e-08, 1.39448186331e-08],
        "dvar": [4.69513039558e-10, 4.9183861428e-09, 2.90083468357e-09, 3.17049497767e-09, 2.11951955986e-10, 6.03546879141e-10, 7.20387416386e-10, 1.50279388933e-09, 6.78205491766e-09, 3.79797260308e-09, 5.30902932727e-10, 6.32201124784e-10, 5.26040322413e-10, 1.13181138073e-10, 3.28119420523e-10, 7.55508156036e-11, 2.24262330928e-10, 5.32245358897e-11, 1.5193646688e-11, 2.6415761939e-11, 1.24203694205e-11, 1.02794127377e-11, 3.93333698945e-11, 4.46604211946e-11, 1.78256819028e-11, 7.85145472942e-12, 1.113015409e-11, 5.30904833984e-12, 4.79813779854e-13, 6.43132953577e-13, 5.37630758055e-13, 1.27497391442e-13, 1.25016819881e-14, 5.3456062954e-15, 5.77776674025e-15, 1.79685270738e-15, 1.36439685979e-15, 6.1417924901e-16, 2.781881986e-16, 1.01058726696e-16],
        "dvar2": [1.22336663022e-09, 1.61519047026e-08, 8.40912051103e-09, 8.78675088245e-09, 5.75850089835e-10, 1.94587901348e-09, 1.9727102174e-09, 3.98171362548e-09, 1.43523584129e-08, 1.05088044933e-08, 1.32605737502e-09, 1.74059100466e-09, 1.45267164964e-09, 3.25116766842e-10, 9.64931357039e-10, 2.15787637758e-10, 6.36735886239e-10, 1.33704658456e-10, 4.03403734028e-11, 6.28262789015e-11, 3.12026827987e-11, 2.90106081519e-11, 1.13114385913e-10, 1.18374449132e-10, 4.20539748858e-11, 2.10882301205e-11, 2.8057219742e-11, 1.38683916781e-11, 1.18830379564e-12, 1.59233964989e-12, 1.53165457747e-12, 3.56155995538e-13, 2.76550107819e-14, 1.17598200397e-14, 1.13368041625e-14, 3.52583414701e-15, 3.32488172126e-15, 1.57160981193e-15, 7.38575937012e-16, 2.596184306e-16],
        "max": [0.000169054488651, 0.000422828656156, 0.000273236888461, 0.000336354074534, 8.76302583492e-05, 0.000148445746163, 0.000153422253788, 0.000151792657562, 0.000879492727108, 0.000514605257194, 0.000155177724082, 0.000139714757097, 0.000143844037666, 7.55914006731e-05, 0.000123058402096, 4.78888032376e-05, 9.20842721825e-05, 7.09662563168e-05, 2.54220358329e-05, 5.03573246533e-05, 2.2831318347e-05, 2.16000880755e-05, 3.15590586979e-05, 4.86840035592e-05, 3.35211043421e-05, 1.95559532585e-05, 2.5288458346e-05, 1.42783510455e-05, 5.07742970512e-06, 5.67971801502e-06, 4.85070495415e-06, 2.47660750574e-06, 7.30482724975e-07, 5.31953048721e-07, 6.60695036458e-07, 3.51338229621e-07, 3.06705999265e-07, 2.0134994827e-07, 1.48337960582e-07, 1.0028067976e-07],
        "mean": [1.89389011211e-05, 7.38084199838e-05, 7.94870138634e-05, 4.15991926275e-05, 2.24370014621e-05, 4.11064211221e-05, 4.05615610362e-05, 3.07415393763e-05, 4.87251563754e-05, 2.47127754847e-05, 1.90820046555e-05, 8.94073491509e-06, 7.08113111614e-06, 4.80595781482e-06, 7.69629696151e-06, 4.26029419032e-06, 4.90981028634e-06, 3.93161417378e-06, 2.65680546363e-06, 2.28126441471e-06, 2.19073876906e-06, 2.23927099796e-06, 3.49593415194e-06, 3.78447748517e-06, 2.46449440056e-06, 2.05558558264e-06, 1.70729549609e-06, 9.95093046186e-07, 5.32795695563e-07, 4.37756170868e-07, 3.5689492961e-07, 2.18985050537e-07, 1.04061491868e-07, 8.36749762811e-08, 8.12613905055e-08, 6.68540849347e-08, 6.12572890191e-08, 4.38188649809e-08, 2.37611832432e-08, 1.26692025759e-08],