{
"metadata": {
    "version": {
        "essentia": "2.0.1",
        "extractor": "archive-music 1.0 mod ismir14"
    },
    "audio_properties": {
        "analysis_sample_rate": 44100,
        "bitrate": 32,
        "channels": 2,
        "equal_loudness": 0,
        "length": 30.0408172607,
        "replay_gain": -13.7347183228,
        "downmix": "mix"
    },
    "tags": {
        "track": 0,
        "year": 0,
        "album": "",
        "artist": "",
        "comment": "",
        "genre": "",
        "title": ""
    }
},
"rhythm": {
    "bpm": 90.2956161499,
    "bpm_histogram_first_peak": 91,
    "bpm_histogram_first_peak_spread": 0.341463446617,
    "bpm_histogram_first_peak_weight": 0.62790697813,
    "bpm_histogram_second_peak": 85,
    "bpm_histogram_second_peak_spread": 0,
    "bpm_histogram_second_peak_weight": 0.0465116277337
},
"tonal": {
    "tuning_frequency": {
        "dmean": 0.0918422713876,
        "dmean2": 0.170256435871,
        "dvar": 0.194790050387,
        "dvar2": 0.345815896988,
        "max": 454.465301514,
        "mean": 451.622253418,
        "median": 451.586883545,
        "min": 450.024475098,
        "var": 1.55006825924
    },
    "hpcp": {
        "dmean": [0.283069312572, 0.0928727686405, 0.147734507918, 0.172160550952, 0.428840786219, 0.299527615309, 0.138847112656, 0.316857218742, 0.127353951335, 0.100712105632, 0.114797323942, 0.1636095047],
        "dmean2": [0.490175485611, 0.155983552337, 0.239606916904, 0.319253653288, 0.765744805336, 0.532803058624, 0.235422223806, 0.514369308949, 0.220700278878, 0.180886656046, 0.202403739095, 0.29141125083],
        "dvar": [0.0928098484874, 0.0171978957951, 0.02452907525, 0.0597947686911, 0.0900195837021, 0.0865946486592, 0.0209061652422, 0.0841802880168, 0.0247704572976, 0.0179711226374, 0.0256538912654, 0.0349910184741],
        "dvar2": [0.156555846334, 0.0401761904359, 0.0596007071435, 0.169297561049, 0.242837607861, 0.227159127593, 0.0523190535605, 0.191791281104, 0.0748889148235, 0.0513598322868, 0.0707798674703, 0.0993768647313],
        "max": [1, 0.953969955444, 1, 1, 1, 1, 0.872760653496, 1, 1, 1, 1, 1],
        "mean": [0.538095831871, 0.0982671901584, 0.181184634566, 0.154225125909, 0.465579271317, 0.345949500799, 0.148610919714, 0.433028370142, 0.115636944771, 0.101290032268, 0.113607630134, 0.159432530403],
        "median": [0.466460227966, 0.0527176372707, 0.113876588643, 0.0691712349653, 0.3196644485, 0.190810486674, 0.0856063440442, 0.316678345203, 0.0678163170815, 0.0672174543142, 0.0667472109199, 0.097040399909],
        "min": [0.00870088115335, 0.00267022987828, 0.00844062585384, 0.00542303360999, 0.0118447877467, 0.00572269875556, 0.00560074113309, 0.00593693973497, 0.00127646629699, 0.00416845502332, 0.00334959360771, 0.00498654926196],
        "var": [0.157198190689, 0.0188689325005, 0.0378610156476, 0.0505772568285, 0.129062518477, 0.126921668649, 0.0275175850838, 0.145024359226, 0.0209965202957, 0.0146072404459, 0.0204504206777, 0.0325619615614]
    }
},
"lowlevel": {
    "melbands": {
        "dmean": [6.84905171511e-05, 0.000174615721335, 4.99823399878e-05, 3.12381962431e-05, 2.82566652459e-05, 2.0913365006e-05, 2.75526872429e-05, 4.26179794886e-05, 7.31176696718e-05, 5.47951058252e-05, 2.242877963e-05, 2.57482024608e-05, 3.09639217448e-05, 1.03098018371e-05, 1.76638986886e-05, 2.16853241e-05, 5.5475334193e-06, 3.63635399481e-06, 1.53613052589e-06, 1.79029086667e-06, 3.31616979565e-06, 2.439699756e-06, 4.50389779871e-06, 3.54454232365e-06, 1.88694150438e-06, 2.27215241466e-06, 1.99836767933e-06, 1.21403331832e-06, 5.14715850386e-07, 4.60521306422e-07, 2.10566483361e-07, 8.32641902093e-08, 4.58440503337e-08, 4.03598328091e-08, 3.794145087e-08, 3.437051177e-08, 3.19946273919e-08, 4.53772344144e-08, 4.35195737225e-08, 3.28695470841e-08],
        "dmean2": [0.0001075457767, 0.000280025386019, 8.91341551323e-05, 5.48126954527e-05, 5.11471262143e-05, 3.80963319913e-05, 4.70747872896e-05, 8.05416930234e-05, 0.000135208159918, 0.000101943274785, 4.3611653382e-05, 4.85791097162e-05, 5.64021611353e-05, 1.93952491827e-05, 3.20085891872e-05, 3.94250710087e-05, 1.0446552551e-05, 6.73880140312e-06, 2.77103208646e-06, 3.14903923027e-06, 6.0178149397e-06, 4.49535582447e-06, 8.51741242514e-06, 6.54771611153e-06, 3.45999887941e-06, 4.21716276833e-06, 3.69237523046e-06, 2.21417053581e-06, 9.54444317358e-07, 8.72922782946e-07, 3.89157065683e-07, 1.5085251448e-07, 8.61728182144e-08, 7.43138102166e-08, 6.87581831471e-08, 6.16607067627e-08, 5.88175304017e-08, 8.22111658749e-08, 8.02020565516e-08, 6.01118230747e-08],
        "dvar": [2.19282636493e-09, 1.67172640175e-08, 2.70374944655e-09, 6.11023398545e-10, 1.37593847427e-09, 4.35068508997e-10, 1.91301530172e-09, 3.52385121083e-09, 7.48802442274e-09, 1.56155799402e-08, 9.89507853433e-09, 1.99215777208e-09, 3.38034200631e-09, 2.29449070854e-10, 5.92766113972e-10, 1.28870936145e-09, 3.89937249157e-10, 5.95992213914e-11, 2.95258977857e-12, 1.86184206073e-12, 9.76442798145e-12, 5.75533978114e-12, 2.34014023437e-11, 9.50862912713e-12, 2.76170492725e-12, 4.85302553352e-12, 4.07477784153e-12, 1.47517393266e-12, 2.67180537677e-13, 2.44960193622e-13, 3.66807414521e-14, 6.57213922566e-15, 1.89292403129e-15, 1.22242047942e-15, 1.00851268475e-15, 1.08562423492e-15, 1.05455781928e-15, 2.52362772843e-15, 2.09990944921e-15, 1.45099295551e-15],
        "dvar2": [5.57474200136e-09, 4.84304578663e-08, 7.43296491024e-09, 1.65650304584e-09, 3.56743923291e-09, 9.6618268941e-10, 4.85176254728e-09, 1.03467501233e-08, 2.17741220609e-08, 4.42820820012e-08, 2.97701348018e-08, 5.90606674677e-09, 9.46875644559e-09, 6.67417510147e-10, 1.55156887338e-09, 3.58337248763e-09, 1.1677027123e-09, 1.73598954656e-10, 8.62290100434e-12, 5.37012751975e-12, 2.53872860234e-11, 1.66002610963e-11, 6.54002615952e-11, 2.53940531797e-11, 7.98053463591e-12, 1.32321592919e-11, 1.13106581393e-11, 4.18458150075e-12, 7.52530958555e-13, 6.84444634216e-13, 1.11013222269e-13, 2.12167336786e-14, 5.64221944583e-15, 3.4999272208e-15, 2.94482502585e-15, 3.21784576761e-15, 3.35160455196e-15, 7.92738474148e-15, 6.4945743011e-15, 4.41778165157e-15],
        "max": [0.000272802746622, 0.000830681645311, 0.000427632010542, 0.000188395177247, 0.000314609002089, 0.000164294266142, 0.000433941691881, 0.000300315528875, 0.00050120963715, 0.000965469283983, 0.000904826330952, 0.000271228054771, 0.000337405188475, 8.14933300717e-05, 0.000130909334985, 0.000170786675881, 0.000178888090886, 5.10801728524e-05, 1.39915882755e-05, 6.63205673845e-06, 1.68458118424e-05, 1.12013303806e-05, 2.3777000024e-05, 1.65081946761e-05, 9.04449461814e-06, 1.29863256007e-05, 1.15456205094e-05, 7.75635362515e-06, 2.96350026474e-06, 3.25448741023e-06, 1.16676551443e-06, 6.85454665472e-07, 2.63909441856e-07, 2.54470563732e-07, 1.94573331669e-07, 1.95561753458e-07, 1.68378903709e-07, 2.90373037615e-07, 2.95796013461e-07, 2.9309387628e-07],
        "mean": [0.000101580058981, 0.000269324926194, 8.67310518515e-05, 4.11412438552e-05, 2.76598511846e-05, 2.24372670345e-05, 2.90611387754e-05, 3.63453364116e-05, 6.08728951192e-05, 3.84009217669e-05, 1.54753852257e-05, 1.88956946658e-05, 2.15139916691e-05, 8.6174786702e-06, 1.47926793943e-05, 1.59154151333e-05, 4.03421881856e-06, 2.90554635285e-06, 1.6095096953e-06, 1.95043821805e-06, 2.91548417408e-06, 2.17676824832e-06, 3.79267657991e-06, 2.94966207548e-06, 1.80456515864e-06, 2.02137357519e-06, 1.63616323334e-06, 9.89704744825e-07, 4.76607141309e-07, 3.78201235662e-07, 2.01388488108e-07, 1.02538812996e-07, 6.30971399573e-08, 5.53716503759e-08, 5.30297334933e-08, 5.41737215087e-08, 4.37108091944e-08, 6.04621206435e-08, 5.50849073022e-08, 4.59042794887e-08],