{
"metadata": {
    "version": {
        "essentia": "2.0.1",
        "extractor": "archive-music 1.0 mod ismir14"
    },
    "audio_properties": {
        "analysis_sample_rate": 44100,
        "bitrate": 32,
        "channels": 2,
        "equal_loudness": 0,
        "length": 30.0408172607,
        "replay_gain": -9.58625411987,
        "downmix": "mix"
    },
    "tags": {
        "track": 0,
        "year": 0,
        "album": "",
        "artist": "",
        "comment": "",
        "genre": "",
        "title": ""
    }
},
"rhythm": {
    "bpm": 172.265594482,
    "bpm_histogram_first_peak": 172,
    "bpm_histogram_first_peak_spread": 0,
    "bpm_histogram_first_peak_weight": 0.529411792755,
    "bpm_histogram_second_peak": 178,
    "bpm_histogram_second_peak_spread": 0,
    "bpm_histogram_second_peak_weight": 0.258823543787
},
"tonal": {
    "tuning_frequency": {
        "dmean": 0.0607152171433,
        "dmean2": 0.117256931961,
        "dvar": 1.10534512997,
        "dvar2": 2.25253868103,
        "max": 455.779724121,
        "mean": 445.563720703,
        "median": 454.990661621,
        "min": 431.443084717,
        "var": 125.489425659
    },
    "hpcp": {
        "dmean": [0.120334863663, 0.121568493545, 0.164782986045, 0.131076619029, 0.0830479487777, 0.074392452836, 0.0950808376074, 0.0941155552864, 0.106629796326, 0.0952643826604, 0.112222671509, 0.0846107900143],
        "dmean2": [0.225536927581, 0.225889086723, 0.305587232113, 0.240969792008, 0.156576275826, 0.139531135559, 0.177973389626, 0.177412599325, 0.202763527632, 0.173706099391, 0.202261447906, 0.156728878617],
        "dvar": [0.0714367106557, 0.0691101998091, 0.088092468679, 0.0728657245636, 0.0488898120821, 0.0430449098349, 0.0624196454883, 0.0596396625042, 0.0680438876152, 0.0511737987399, 0.0564014799893, 0.0446191467345],
        "dvar2": [0.197127223015, 0.185338586569, 0.238681763411, 0.197174802423, 0.139035105705, 0.117517068982, 0.171416014433, 0.160102292895, 0.195854395628, 0.143234074116, 0.147921934724, 0.124032579362],
        "max": [1, 1, 1, 1, 1, 1, 1, 1, 1, 1, 1, 1],
        "mean": [0.116994708776, 0.137651145458, 0.150521755219, 0.296511888504, 0.0596990585327, 0.0867721661925, 0.127385124564, 0.120364591479, 0.0810137167573, 0.0920063406229, 0.241741374135, 0.0704125016928],
        "median": [0.00811712816358, 0.00741791864857, 0.0188577566296, 0.0191736221313, 0.000835079583339, 0.00567517755553, 0.000399447599193, 0.00237294775434, 0.00138858705759, 0.00206780713052, 0.0268484521657, 0.00255854497664],
        "min": [0, 0, 0, 0, 0, 0, 0, 0, 0, 0, 0, 0],
        "var": [0.0706324130297, 0.0847785770893, 0.082213357091, 0.175283163786, 0.037584733218, 0.0552337914705, 0.0951364859939, 0.0862599685788, 0.0565879046917, 0.0549380928278, 0.140031769872, 0.0386053733528]
    }
},
"lowlevel": {
    "melbands": {
        "dmean": [8.71144493431e-06, 0.000147662722156, 0.000382993021049, 0.00135136058088, 0.0015385306906, 0.000823279900942, 0.000273514626315, 0.000213840408833, 0.000115392853331, 7.82056158641e-05, 5.02643124491e-05, 3.80967358069e-05, 5.2744835557e-05, 2.6805075322e-05, 2.54714886978e-05, 1.99451224034e-05, 3.63493199984e-05, 2.13494895434e-05, 2.33721748373e-05, 7.02387887941e-06, 1.01345558505e-05, 9.14355678105e-06, 5.61530669074e-06, 6.71445923217e-06, 1.43510878843e-05, 1.36963608384e-05, 5.08128414367e-06, 2.84976135845e-06, 7.94246147962e-07, 5.36749325875e-07, 2.24499316914e-07, 3.71213886297e-08, 5.9832760968e-09, 1.57388413413e-09, 7.42083117178e-10, 4.1051848032e-10, 2.58650462159e-10, 1.71442748886e-10, 1.20034940321e-10, 1.02458277973e-10],
        "dmean2": [1.37792067108e-05, 0.000237063344684, 0.000665259780362, 0.00210531125776, 0.00238657952286, 0.00127221387811, 0.000393895199522, 0.000320785096847, 0.000154972614837, 9.52109548962e-05, 5.89975861658e-05, 4.73902618978e-05, 6.00263774686e-05, 3.15425968438e-05, 3.23537351505e-05, 2.78735697066e-05, 4.77257453895e-05, 3.01634172502e-05, 3.40097503795e-05, 1.01291407191e-05, 1.57297272381e-05, 1.3175526874e-05, 7.62372746976e-06, 9.29061570787e-06, 1.93063278857e-05, 1.77651945705e-05, 7.26539519746e-06, 4.28182693213e-06, 1.14608553758e-06, 7.93110245922e-07, 3.37880265988e-07, 5.53855805663e-08, 8.6979117242e-09, 2.33052710463e-09, 1.17272225264e-09, 6.81799783298e-10, 4.48452081026e-10, 3.18206294647e-10, 2.27558832888e-10, 1.97321728401e-10],
        "dvar": [2.41238057308e-10, 5.426676708e-08, 7.20289392575e-07, 8.0320833149e-06, 9.33834598982e-06, 2.33194327848e-06, 3.11366363803e-07, 2.89916243901e-07, 1.94690812805e-07, 1.45119642525e-07, 4.42271321788e-08, 3.02159257615e-08, 5.3165507552e-08, 1.14323004397e-08, 2.21590603644e-08, 3.26630655856e-09, 1.34066420188e-08, 2.89109025609e-09, 3.31133143128e-09, 2.71332567525e-10, 9.34201160874e-10, 6.94308333049e-10, 3.38021527435e-10, 3.32396443703e-10, 2.23100315999e-09, 2.14762208017e-09, 3.05001968126e-10, 1.29084215539e-10, 9.56172207384e-12, 1.39469902641e-11, 2.42464685482e-12, 5.01196035629e-14, 2.66716339058e-15, 7.00380177396e-17, 1.78510770883e-17, 1.21069380458e-17, 9.41212919386e-18, 7.86461240693e-18, 5.0476695104e-18, 4.26157413169e-18],
        "dvar2": [6.17834616801e-10, 1.36372818815e-07, 2.28844487538e-06, 2.09725749301e-05, 2.45140108746e-05, 5.92363130636e-06, 5.43936266695e-07, 5.48041782622e-07, 3.36375137522e-07, 2.68956341642e-07, 6.83341667695e-08, 5.09306161689e-08, 6.56315393144e-08, 1.74717733614e-08, 4.2282525925e-08, 6.09050809786e-09, 2.32594512539e-08, 5.98619376291e-09, 6.9105947631e-09, 5.89930382322e-10, 2.29786745187e-09, 1.59533697364e-09, 5.64305491224e-10, 6.39115316226e-10, 4.0442671434e-09, 4.3758601187e-09, 7.2407008167e-10, 3.17928128268e-10, 1.91696068741e-11, 2.94460116013e-11, 6.07052255686e-12, 1.13148734631e-13, 6.21527408058e-15, 1.44316983862e-16, 4.88083776876e-17, 3.54207638759e-17, 2.80243563751e-17, 2.35328715281e-17, 1.51109370845e-17, 1.2752306014e-17],
        "max": [0.000294417870464, 0.00799579266459, 0.0166634991765, 0.10600797832, 0.0811289101839, 0.0186735484749, 0.0101242978126, 0.0122384587303, 0.0130203496665, 0.0107336007059, 0.00812783371657, 0.00494015403092, 0.00711989961565, 0.00363992806524, 0.0054567726329, 0.00186270906124, 0.00535227358341, 0.000977463554591, 0.00203420664184, 0.000413904694142, 0.000516130006872, 0.000559772481211, 0.000423875666456, 0.000473491847515, 0.00186280207708, 0.00147063634358, 0.000477783964016, 0.000222591435886, 0.000102551268355, 0.000158935261425, 6.61822778056e-05, 8.31634315546e-06, 2.63508673015e-06, 2.76917091924e-07, 1.18885679967e-07, 1.11626150101e-07, 9.85636035011e-08, 9.24069354369e-08, 7.68015482322e-08, 7.04298130927e-08],
        "mean": [1.19627693493e-05, 0.000255553255556, 0.000601800100412, 0.00323166628368, 0.00360483117402, 0.00176635361277, 0.00070255540777, 0.000558000523597, 0.000295289966743, 0.000177412177436, 0.000161707866937, 9.32601396926e-05, 0.000151158004883, 6.4598643803e-05, 4.94108171551e-05, 4.2548563215e-05, 8.11205100035e-05, 4.18556519435e-05, 5.4003441619e-05, 1.58513812494e-05, 1.83624506462e-05, 1.61560983543e-05, 1.05159797386e-05, 1.41546661325e-05, 3.0409773899e-05, 3.26134722854e-05, 9.26959091885e-06, 4.51329515272e-06, 1.56798137141e-06, 9.44113082824e-07, 3.70805167904e-07, 6.38877892811e-08, 1.02317168071e-08, 3.01757241417e-09, 1.31482302823e-09, 6.66624810908e-10, 3.70137781536e-10, 1.99022354153e-10, 1.24328533579e-10, 9.00481564314e-11],