{
"metadata": {
    "version": {
        "essentia": "2.0.1",
        "extractor": "archive-music 1.0 mod ismir14"
    },
    "audio_properties": {
        "analysis_sample_rate": 44100,
        "bitrate": 32,
        "channels": 2,
        "equal_loudness": 0,
        "length": 30.0408172607,
        "replay_gain": -14.3899002075,
        "downmix": "mix"
    },
    "tags": {
        "track": 0,
        "year": 0,
        "album": "",
        "artist": "",
        "comment": "",
        "genre": "",
        "title": ""
    }
},
"rhythm": {
    "bpm": 109.314041138,
    "bpm_histogram_first_peak": 110,
    "bpm_histogram_first_peak_spread": 0.396226406097,
    "bpm_histogram_first_peak_weight": 0.603773593903,
    "bpm_histogram_second_peak": 0,
    "bpm_histogram_second_peak_spread": 0,
    "bpm_histogram_second_peak_weight": 0
},
"tonal": {
    "tuning_frequency": {
        "dmean": 0.0364351347089,
        "dmean2": 0.0667788535357,
        "dvar": 0.374698698521,
        "dvar2": 0.943389594555,
        "max": 450.024475098,
        "mean": 434.35043335,
        "median": 434.193115234,
        "min": 431.193908691,
        "var": 1.69076669216
    },
    "hpcp": {
        "dmean": [0.156694456935, 0.203731909394, 0.24786567688, 0.286543995142, 0.214565485716, 0.153969198465, 0.125867173076, 0.134174123406, 0.205220505595, 0.118238799274, 0.122332848608, 0.127287149429],
        "dmean2": [0.296743452549, 0.391714632511, 0.474945753813, 0.547258496284, 0.412144392729, 0.284975618124, 0.235580861568, 0.25003272295, 0.380002140999, 0.223808079958, 0.230458140373, 0.244823455811],
        "dvar": [0.0890346392989, 0.12565305829, 0.144052937627, 0.149642288685, 0.128114685416, 0.0832623690367, 0.0741510912776, 0.0763391405344, 0.0966767072678, 0.0728748962283, 0.0715920552611, 0.0775273665786],
        "dvar2": [0.241849273443, 0.346698373556, 0.377223312855, 0.39108017087, 0.331901848316, 0.225830122828, 0.208568930626, 0.206286042929, 0.25252828002, 0.215028867126, 0.205952808261, 0.218975886703],
        "max": [1, 1, 1, 1, 1, 1, 1, 1, 1, 1, 1, 1],
        "mean": [0.116526603699, 0.134893804789, 0.182388529181, 0.249942198396, 0.144065633416, 0.127468168736, 0.0930035933852, 0.121911726892, 0.225915536284, 0.077139057219, 0.0968885496259, 0.0819266736507],
        "median": [0.00818786304444, 0.00371460663155, 0.005854383111, 0.0212795622647, 0.0029219801072, 0.00955488998443, 0.00222314056009, 0.00484340731055, 0.0245570987463, 0.00199658563361, 0.00466529326513, 0.00315107242204],
        "min": [0, 0, 0, 0, 6.98130577348e-07, 2.8255254847e-07, 0, 0, 0, 0, 0, 0],
        "var": [0.069221816957, 0.0918120071292, 0.121073238552, 0.147880598903, 0.0982320457697, 0.0727896243334, 0.0588806830347, 0.0767223089933, 0.125090003014, 0.0491347126663, 0.0590022839606, 0.0511002093554]
    }
},
"lowlevel": {
    "melbands": {
        "dmean": [0.00176583766006, 0.00528004067019, 0.0051221861504, 0.00215190229937, 0.000919473415706, 0.000591060786974, 0.00034656826756, 0.000330435985234, 0.000411055225413, 0.000319369486533, 7.21687174519e-05, 8.67989729159e-05, 5.43433998246e-05, 4.95821441291e-05, 5.63832145417e-05, 5.70062693441e-05, 6.36327458778e-05, 4.92808394483e-05, 2.57812771451e-05, 5.07508557348e-05, 2.41861616814e-05, 1.68418955582e-05, 1.96462533495e-05, 1.15075345093e-05, 6.54676205158e-06, 4.46451304015e-06, 2.45811770583e-06, 1.75068691988e-06, 1.90485047824e-06, 1.35839479753e-06, 1.13168778171e-06, 9.86302666206e-07, 9.19082026485e-07, 6.46092644274e-07, 5.87183023981e-07, 4.47821719263e-07, 3.41075093502e-07, 2.36753479044e-07, 1.9679214347e-07, 1.66649201105e-07],
        "dmean2": [0.00286669121124, 0.0089592160657, 0.0085843782872, 0.00355217093602, 0.00153362145647, 0.00102387508377, 0.000586826063227, 0.000502506911289, 0.000602588814218, 0.000462898606202, 0.000106517509266, 0.000129204068799, 7.9905083112e-05, 7.28224113118e-05, 8.12075304566e-05, 8.4876002802e-05, 0.000101436831756, 7.5362266216e-05, 3.8041962398e-05, 7.72502608015e-05, 3.79467601306e-05, 2.59948792518e-05, 3.08211419906e-05, 1.82461390068e-05, 1.04973878479e-05, 7.12136852599e-06, 4.00469889428e-06, 2.8955550988e-06, 3.13715804623e-06, 2.19769799514e-06, 1.8557675503e-06, 1.58873285727e-06, 1.49455286191e-06, 1.02520925793e-06, 9.60284637586e-07, 7.19742217825e-07, 5.33683589765e-07, 3.68827016928e-07, 2.96611773365e-07, 2.4860173653e-07],
        "dvar": [1.92814713955e-05, 4.09166532336e-05, 2.77583621937e-05, 8.21894718683e-06, 1.68684721302e-06, 9.22937090309e-07, 2.9012622349e-07, 3.94283972582e-07, 7.08523657522e-07, 6.57710359064e-07, 2.47819400556e-08, 6.33818828533e-08, 2.00078016377e-08, 2.39594690754e-08, 2.64025636909e-08, 2.74576699155e-08, 3.83199640908e-08, 1.59079363016e-08, 4.0976888549e-09, 4.92903566851e-08, 3.2435676367e-09, 1.41481770743e-09, 2.62388089034e-09, 8.26133494947e-10, 1.88100784948e-10, 1.36109720716e-10, 3.85187784446e-11, 2.10074822121e-11, 2.00897579822e-11, 1.31827604388e-11, 9.28235873582e-12, 7.21631565267e-12, 5.97709555461e-12, 3.79009020349e-12, 4.69309703946e-12, 3.56250706018e-12, 3.61107259546e-12, 1.64609905567e-12, 7.80699994669e-13, 6.23431211169e-13],
        "dvar2": [4.09287858929e-05, 0.000121672077512, 8.08350887382e-05, 2.15615873458e-05, 4.52152562502e-06, 2.77151616501e-06, 7.91031709468e-07, 8.39563710997e-07, 1.34270226226e-06, 1.27010946471e-06, 4.75195136573e-08, 1.24844774518e-07, 3.74373598788e-08, 5.02614661002e-08, 4.62519658129e-08, 6.54518785836e-08, 1.04116132604e-07, 3.63217402821e-08, 8.04845878832e-09, 1.21430545619e-07, 7.52074669208e-09, 3.33510374873e-09, 7.12282099968e-09, 2.29308638744e-09, 4.87469342669e-10, 3.47915724008e-10, 9.77738237595e-11, 5.46368818244e-11, 5.20094210754e-11, 3.33033149669e-11, 2.38736651975e-11, 1.77233418913e-11, 1.4110893877e-11, 8.54002545764e-12, 1.0522884647e-11, 7.65091896088e-12, 8.17239505235e-12, 3.82226021667e-12, 1.44405830609e-12, 1.4066826046e-12],
        "max": [0.0711201131344, 0.0603811331093, 0.0512847080827, 0.0367884263396, 0.0128680318594, 0.0129516851157, 0.00832144916058, 0.0119277182966, 0.0199252162129, 0.0192802604288, 0.00651773624122, 0.00919463019818, 0.00476607773453, 0.00431608315557, 0.00386895285919, 0.00346235255711, 0.00363314989954, 0.00264573819004, 0.00122836255468, 0.00609462615103, 0.00123383419123, 0.000972633075435, 0.00121260050219, 0.000515014631674, 0.000222758986638, 0.00025140089565, 0.000146595702972, 8.64062021719e-05, 7.58898022468e-05, 7.89090699982e-05, 6.85819177306e-05, 5.0763865147e-05, 4.63798787678e-05, 5.18518027093e-05, 8.70778676472e-05, 7.29535604478e-05, 9.20587772271e-05, 6.40295038465e-05, 4.81976712763e-05, 3.79529919883e-05],
        "mean": [0.00233046757057, 0.0091374386102, 0.00807341281325, 0.00314153498039, 0.00134511198848, 0.0010204493301, 0.000616338918917, 0.000701835320797, 0.000922017497942, 0.000725677062292, 0.000169658844243, 0.000155724657816, 0.000108292522782, 0.000103995851532, 0.000103107333416, 0.000106853076431, 0.000100665340142, 9.53109702095e-05, 5.40041910426e-05, 0.000104150611151, 4.64954355266e-05, 3.15443467116e-05, 4.1918909119e-05, 2.48261349043e-05, 1.21412349472e-05, 7.75100033934e-06, 4.38162123828e-06, 3.00126021102e-06, 3.32068793796e-06, 2.33749869949e-06, 1.8879829895e-06, 1.86513750577e-06, 1.73021123828e-06, 1.28681983824e-06, 1.09711845653e-06, 8.55756127294e-07, 6.72915405175e-07, 4.71107796329e-07, 3.78718056027e-07, 3.21637173784e-07],