{
"metadata": {
    "version": {
        "essentia": "2.0.1",
        "extractor": "archive-music 1.0 mod ismir14"
    },
    "audio_properties": {
        "analysis_sample_rate": 44100,
        "bitrate": 112,
        "channels": 2,
        "equal_loudness": 0,
        "length": 30.0669155121,
        "replay_gain": -10.2259140015,
        "downmix": "mix"
    },
    "tags": {
        "track": 0,
        "year": 0,
        "album": "",
        "artist": "",
        "comment": "",
        "genre": "",
        "title": ""
    }
},
"rhythm": {
    "bpm": 172.265594482,
    "bpm_histogram_first_peak": 172,
    "bpm_histogram_first_peak_spread": 0,
    "bpm_histogram_first_peak_weight": 0.5,
    "bpm_histogram_second_peak": 178,
    "bpm_histogram_second_peak_spread": 0,
    "bpm_histogram_second_peak_weight": 0.27380952239
},
"tonal": {
    "tuning_frequency": {
        "dmean": 0.0248134285212,
        "dmean2": 0.0421260111034,
        "dvar": 0.0352432839572,
        "dvar2": 0.0605711378157,
        "max": 435.952270508,
        "mean": 434.682952881,
        "median": 434.695007324,
        "min": 433.942382812,
        "var": 0.0331500098109
    },
    "hpcp": {
        "dmean": [0.128007397056, 0.209172308445, 0.179726004601, 0.277078807354, 0.0393378920853, 0.155009612441, 0.172865003347, 0.267577409744, 0.0952942073345, 0.090369142592, 0.248190939426, 0.0865796133876],
        "dmean2": [0.237282171845, 0.387530893087, 0.312622070312, 0.502082228661, 0.0680156722665, 0.270296424627, 0.313733756542, 0.468123674393, 0.169944986701, 0.160051882267, 0.427658587694, 0.157255426049],
        "dvar": [0.0538715720177, 0.0784178823233, 0.0525488778949, 0.113249249756, 0.00672591757029, 0.0770754516125, 0.100838236511, 0.107328310609, 0.0456906184554, 0.02832486853, 0.0784674957395, 0.0256774071604],
        "dvar2": [0.146511867642, 0.184617683291, 0.130464479327, 0.253596007824, 0.0198528785259, 0.180591180921, 0.24288931489, 0.275361061096, 0.127394855022, 0.0705464854836, 0.14702296257, 0.0746009424329],
        "max": [1, 1, 1, 1, 0.539918363094, 1, 1, 1, 1, 1, 1, 1],
        "mean": [0.105275839567, 0.239692389965, 0.175977870822, 0.400231450796, 0.0327288024127, 0.146528050303, 0.185529112816, 0.228915795684, 0.0670185759664, 0.0756713673472, 0.377448350191, 0.0705541968346],
        "median": [0.0232608728111, 0.0996580570936, 0.0735364407301, 0.150232598186, 0.00764598837122, 0.0262471996248, 0.0154057145119, 0.0470733344555, 0.0125179449096, 0.019342340529, 0.200423300266, 0.023112822324],
        "min": [0.000964256585576, 0.00462741265073, 0.000649348774459, 0.000170443861862, 7.21872638678e-05, 0.00112144567538, 0.000138700110256, 0.000362979597412, 0.000411141605582, 0.00012158111349, 0.000895080331247, 0.000659630924929],
        "var": [0.0433082208037, 0.0992420390248, 0.0618903338909, 0.173810198903, 0.0055119660683, 0.0818314254284, 0.120551079512, 0.113579273224, 0.0324693508446, 0.0249875299633, 0.145188242197, 0.018937965855]
    }
},
"lowlevel": {
    "melbands": {
        "dmean": [2.86468889499e-07, 1.420231456e-05, 1.79441140062e-05, 0.000195722983335, 0.000168790313182, 7.87765311543e-05, 3.61840102414e-05, 3.22773885273e-05, 2.08474775718e-05, 1.41565042213e-05, 1.18931811812e-05, 9.07453522814e-06, 1.07880614451e-05, 4.62473326479e-06, 4.3151335376e-06, 3.08546054839e-06, 6.36987624603e-06, 2.6295213047e-06, 3.70494035451e-06, 8.69373366186e-07, 1.11139763703e-06, 1.03525110262e-06, 6.89862815761e-07, 1.02309627437e-06, 2.36964365286e-06, 2.846469215e-06, 6.66804623961e-07, 3.53323457603e-07, 1.4977945284e-07, 9.81522987331e-08, 3.95283876742e-08, 6.61284760284e-09, 1.10506992446e-09, 2.68600336417e-10, 7.43566735961e-11, 2.98928486131e-11, 1.06965694982e-11, 2.76024342272e-12, 1.36112388721e-12, 3.31437758098e-13],
        "dmean2": [4.61248703232e-07, 2.43380909524e-05, 3.11152543873e-05, 0.000334700918756, 0.000303425302263, 0.000138731556945, 6.21271683485e-05, 5.4198619182e-05, 3.88891166949e-05, 2.66991119133e-05, 2.21431528189e-05, 1.76016255864e-05, 1.99518326554e-05, 8.61932767293e-06, 8.26297309686e-06, 5.66446851735e-06, 1.1641817764e-05, 4.63530341221e-06, 6.65232437314e-06, 1.53345933995e-06, 1.93914070223e-06, 1.8678632614e-06, 1.2162247458e-06, 1.81865539162e-06, 4.36119717051e-06, 5.33565753358e-06, 1.19533865472e-06, 6.48784009627e-07, 2.80833006627e-07, 1.84407355164e-07, 7.78017010816e-08, 1.2397014082e-08, 2.14574358282e-09, 5.18955545203e-10, 1.39141115296e-10, 5.32757553351e-11, 1.86672153429e-11, 3.97210086003e-12, 1.58616490168e-12, 4.5468693372e-13],
        "dvar": [9.74269018868e-14, 1.43867251445e-09, 7.71124331056e-10, 2.99182119079e-07, 3.90766388136e-08, 5.95931615166e-09, 1.75281944514e-09, 2.24841900653e-09, 3.22130500052e-09, 9.7829044865e-10, 8.69174121565e-10, 6.98862134829e-10, 9.93862658838e-10, 1.39509501174e-10, 1.71402572691e-10, 4.34206802458e-11, 3.84536374964e-10, 1.64413257314e-11, 5.15320563999e-11, 1.74090050101e-12, 2.25536299706e-12, 2.45161378178e-12, 1.42882797607e-12, 2.80295101365e-12, 3.30460034337e-11, 4.62736238216e-11, 9.52936731261e-13, 4.22911922496e-13, 1.15565963374e-13, 8.66820043478e-14, 2.13983019672e-14, 3.52004764143e-16, 2.68391389063e-17, 8.0056452538e-19, 2.83737781196e-20, 6.00317201493e-21, 9.64045480498e-22, 1.29057858664e-22, 9.55620673222e-23, 2.85052896228e-24],
        "dvar2": [2.17872825358e-13, 2.89022072941e-09, 2.0174826254e-09, 7.94972550011e-07, 1.10248407736e-07, 1.70304748082e-08, 4.80858020069e-09, 5.16248421789e-09, 9.75916147894e-09, 2.97202507049e-09, 2.67490540828e-09, 2.12434558833e-09, 2.85264611932e-09, 4.17241463602e-10, 5.34653377127e-10, 1.22331561547e-10, 1.11437148398e-09, 4.6418559968e-11, 1.47114181948e-10, 4.88619171166e-12, 6.69454465821e-12, 7.21090678488e-12, 4.15267082873e-12, 8.02503983405e-12, 9.75728733921e-11, 1.37164377079e-10, 2.51909712708e-12, 1.16354593061e-12, 3.26707356915e-13, 2.45378343295e-13, 6.37880319312e-14, 1.00511258862e-15, 7.9414692318e-17, 2.53195270573e-18, 8.63379134758e-20, 1.77374309766e-20, 2.6982566958e-21, 1.30194752379e-22, 9.19901366978e-23, 2.80400352381e-24],
        "max": [2.09846984944e-06, 0.000409440835938, 0.000231361482292, 0.00545562244952, 0.00118562672287, 0.000387299718568, 0.000225516181672, 0.000390767760109, 0.000372013746528, 0.000217573979171, 0.000160598923685, 0.00014414342877, 0.000250032520853, 9.24751147977e-05, 8.36972831166e-05, 5.92170472373e-05, 0.000183590324013, 2.61540608335e-05, 7.0762456744e-05, 1.27548428281e-05, 9.73852456809e-06, 9.24041796679e-06, 7.68323025113e-06, 1.1544841982e-05, 3.71755631932e-05, 5.33092861588e-05, 4.80547851112e-06, 4.20400192525e-06, 1.8427890609e-06, 2.19030926019e-06, 1.25979215682e-06, 1.54255246798e-07, 4.7089997679e-08, 6.40781161465e-09, 1.01496822058e-09, 6.40963004894e-10, 2.70724442863e-10, 1.34610794733e-10, 1.11673212344e-10, 1.77396552309e-11],
        "mean": [4.36275968241e-07, 1.8474589524e-05, 2.56346393144e-05, 0.000220896617975, 0.000203992094612, 9.4449329481e-05, 3.64560219168e-05, 3.51527742168e-05, 1.52029442688e-05, 1.01212408481e-05, 9.52200207394e-06, 5.59233330932e-06, 8.81772393768e-06, 3.33325237989e-06, 2.95911786452e-06, 2.36920891439e-06, 4.94892674396e-06, 2.3822537969e-06, 3.41399891113e-06, 9.3741573437e-07, 1.06339416561e-06, 9.49466652855e-07, 6.10047948157e-07, 8.42775421006e-07, 1.84081818588e-06, 2.07827429222e-06, 5.50437107449e-07, 2.73879976476e-07, 9.95256144165e-08, 6.09574328791e-08, 2.4974118773e-08, 4.22493462438e-09, 6.8604172343e-10, 1.91648988346e-10, 7.17780487824e-11, 2.97323832221e-11, 1.12144798656e-11, 3.61579212751e-12, 1.57530943585e-12, 3.07589240536e-13],