{
"metadata": {
    "version": {
        "essentia": "2.0.1",
        "extractor": "archive-music 1.0 mod ismir14"
    },
    "audio_properties": {
        "analysis_sample_rate": 44100,
        "bitrate": 128,
        "channels": 2,
        "equal_loudness": 0,
        "length": 30.0669155121,
        "replay_gain": -14.8216972351,
        "downmix": "mix"
    },
    "tags": {
        "track": 0,
        "year": 0,
        "album": "",
        "artist": "",
        "comment": "",
        "genre": "",
        "title": ""
    }
},
"rhythm": {
    "bpm": 109.27457428,
    "bpm_histogram_first_peak": 110,
    "bpm_histogram_first_peak_spread": 0.490566015244,
    "bpm_histogram_first_peak_weight": 0.509433984756,
    "bpm_histogram_second_peak": 0,
    "bpm_histogram_second_peak_spread": 0,
    "bpm_histogram_second_peak_weight": 0
},
"tonal": {
    "tuning_frequency": {
        "dmean": 0.0757067650557,
        "dmean2": 0.122090786695,
        "dvar": 0.240653499961,
        "dvar2": 0.410865932703,
        "max": 446.399932861,
        "mean": 441.430847168,
        "median": 441.782684326,
        "min": 439.745910645,
        "var": 0.531613409519
    },
    "hpcp": {
        "dmean": [0.133009821177, 0.0996287167072, 0.0637471154332, 0.156504154205, 0.0408815741539, 0.132090911269, 0.0501909852028, 0.098032772541, 0.141841515899, 0.0420178622007, 0.165080726147, 0.056438356638],
        "dmean2": [0.249626204371, 0.181262224913, 0.118215918541, 0.25614708662, 0.070751927793, 0.215227633715, 0.0948882102966, 0.174937024713, 0.254307091236, 0.0812576115131, 0.267685443163, 0.105470299721],
        "dvar": [0.0504851341248, 0.0568150691688, 0.0128160491586, 0.0635670349002, 0.00991066452116, 0.0464858226478, 0.0164356473833, 0.0265193451196, 0.0371797420084, 0.00861520133913, 0.0602697990835, 0.0129581559449],
        "dvar2": [0.129664719105, 0.111600898206, 0.0322965420783, 0.147777408361, 0.0231549553573, 0.0916941165924, 0.0466870553792, 0.0613171309233, 0.0897551104426, 0.0246538817883, 0.124425850809, 0.0349685736001],
        "max": [1, 1, 0.727138161659, 1, 1, 1, 0.919360995293, 1, 1, 0.574951827526, 1, 0.804111301899],
        "mean": [0.172075673938, 0.250806093216, 0.0455051288009, 0.460879832506, 0.0343533568084, 0.249841123819, 0.0347365029156, 0.104044057429, 0.226778820157, 0.0304674375802, 0.22102765739, 0.0406943410635],
        "median": [0.0403932482004, 0.019238607958, 0.0114621054381, 0.299993097782, 0.00986802857369, 0.0756590664387, 0.010724812746, 0.0260814912617, 0.112399801612, 0.0116064390168, 0.0823908522725, 0.0107256593183],
        "min": [3.19209793815e-05, 0.000146298451, 0.000451508443803, 0.000902232539374, 0.000113751535537, 0.000610513729043, 0.000415624905145, 0.00096858543111, 0.000849050993565, 0.000360522361007, 0.000476679881103, 0.000814750907011],
        "var": [0.0829321742058, 0.163970679045, 0.00968749541789, 0.189704284072, 0.00903082359582, 0.122553132474, 0.00935330241919, 0.0360546335578, 0.0898012295365, 0.00478954752907, 0.0948075056076, 0.00882302131504]
    }
},
"lowlevel": {
    "melbands": {
        "dmean": [0.000146893929923, 0.000255794555414, 0.000171061386936, 0.000114968577691, 4.44025645265e-05, 5.61318338441e-05, 2.55490122072e-05, 4.04940619774e-05, 6.01580904913e-05, 4.39595423813e-05, 9.32307830226e-06, 1.09576503746e-05, 7.56449571782e-06, 7.80226582719e-06, 6.14184727965e-06, 6.85206214257e-06, 6.20651326244e-06, 6.68247821523e-06, 3.65023447557e-06, 5.35397566637e-06, 2.2832052764e-06, 1.5791115402e-06, 1.8507837467e-06, 1.20978097584e-06, 6.48113541502e-07, 4.3480335421e-07, 2.86098838842e-07, 2.09254253036e-07, 2.38776806327e-07, 1.82762349255e-07, 1.51834228745e-07, 1.58255531346e-07, 1.48571984937e-07, 1.12163370147e-07, 8.74891270541e-08, 6.40900523763e-08, 3.76453712647e-08, 1.29707533603e-08, 2.83641621301e-09, 2.49554987786e-10],
        "dmean2": [0.000270424759947, 0.000429221050581, 0.000267075782176, 0.000191068378626, 7.0213820436e-05, 9.58341479418e-05, 4.38011702499e-05, 6.71792440698e-05, 0.000100892015325, 7.00765449437e-05, 1.63571021403e-05, 2.01690290851e-05, 1.35626032716e-05, 1.42343433254e-05, 1.08123913378e-05, 1.20644053823e-05, 1.05209655885e-05, 1.14804824989e-05, 6.23888126938e-06, 8.18393255031e-06, 3.84958229915e-06, 2.8164035939e-06, 2.98515942632e-06, 1.95854522644e-06, 1.16472415357e-06, 7.95541552634e-07, 5.29971146079e-07, 3.87863451579e-07, 4.28161399668e-07, 3.36397505407e-07, 2.7890072829e-07, 2.90796180025e-07, 2.75266557992e-07, 2.09917956795e-07, 1.63850955914e-07, 1.22751060871e-07, 7.2356471037e-08, 2.50546356995e-08, 5.42515987689e-09, 4.83463546974e-10],
        "dvar": [4.41826273345e-08, 8.57296384993e-08, 3.39449215403e-08, 1.19228014128e-08, 1.44712530847e-09, 5.52488810257e-09, 1.11525455537e-09, 4.58011228943e-09, 1.15590941263e-08, 7.0473427094e-09, 4.18792778234e-10, 9.83686465617e-10, 3.63478025456e-10, 1.84152082472e-10, 1.80428408325e-10, 1.93409274707e-10, 1.2594811305e-10, 1.60369370561e-10, 3.55631669946e-11, 2.22026397267e-10, 1.32005725795e-11, 4.88198760931e-12, 1.39921459835e-11, 3.82091667334e-12, 7.78516303073e-13, 2.53633241796e-13, 8.89004107417e-14, 5.519891117e-14, 7.57463753179e-14, 5.01683316743e-14, 3.60762987409e-14, 4.56707019208e-14, 5.87109096691e-14, 4.95878091735e-14, 5.79904098916e-14, 4.75950523568e-14, 2.25987966811e-14, 2.35942446238e-15, 8.42029364816e-17, 1.08000784979e-18],
        "dvar2": [1.22138885672e-07, 2.01251950216e-07, 8.16827281369e-08, 3.63614454102e-08, 3.56874418905e-09, 1.39461659998e-08, 2.40360709114e-09, 1.13809122126e-08, 3.44583028777e-08, 1.64735816099e-08, 1.20639964685e-09, 2.86855583731e-09, 1.03168462662e-09, 5.53798229497e-10, 5.21979848234e-10, 5.11364395273e-10, 3.30800553616e-10, 4.06327832492e-10, 9.61029242297e-11, 3.77322728617e-10, 2.84086122682e-11, 1.48098183023e-11, 2.91074872538e-11, 7.34422331977e-12, 1.90831270057e-12, 6.31417173321e-13, 2.37444693898e-13, 1.36087037364e-13, 1.85183154076e-13, 1.1889229564e-13, 9.37429997451e-14, 1.2405143102e-13, 1.65336697783e-13, 1.44913147779e-13, 1.72011100567e-13, 1.42225952695e-13, 6.76004933454e-14, 7.03409617201e-15, 2.48998119749e-16, 3.22292355477e-18],
        "max": [0.000824279850349, 0.00186821073294, 0.00163054058794, 0.000715370755643, 0.000290651310934, 0.000416047172621, 0.000173703083419, 0.000476821034681, 0.000821128196549, 0.000665456871502, 0.000132593995659, 0.000266448536422, 0.000150979249156, 9.0465960966e-05, 0.000115177950647, 9.52745540417e-05, 7.98530163593e-05, 0.000107274063339, 3.49935544364e-05, 0.000182615738595, 3.54216208507e-05, 1.34686542879e-05, 3.15242614306e-05, 1.66768695635e-05, 5.24159850102e-06, 3.28827400153e-06, 1.38330551636e-06, 1.08720689695e-06, 1.6667950149e-06, 1.0729065707e-06, 8.29845703265e-07, 1.18263733384e-06, 1.82773817414e-06, 1.8453750954e-06, 2.1743032903e-06, 1.99929718292e-06, 1.38694178986e-06, 4.45650385927e-07, 8.45778345138e-08, 9.62216262224e-09],
        "mean": [0.00015315139899, 0.000661737343762, 0.000474621396279, 0.000176961053512, 7.44706048863e-05, 6.81149831507e-05, 3.40692531609e-05, 4.37293274445e-05, 6.10154784226e-05, 4.35918118455e-05, 9.0327257567e-06, 9.76103183348e-06, 6.31892453384e-06, 6.37364610157e-06, 5.78988510824e-06, 6.62211550662e-06, 6.15813178229e-06, 6.15059843767e-06, 3.373724212e-06, 6.53111146676e-06, 2.78043012258e-06, 1.96180690182e-06, 2.61296736426e-06, 1.56404200879e-06, 7.7099190321e-07, 4.74519424642e-07, 2.64017074869e-07, 1.79133820666e-07, 2.06039700856e-07, 1.46890428709e-07, 1.16599778721e-07, 1.17851485015e-07, 1.08297129486e-07, 8.06482418625e-08, 6.45159090595e-08, 4.40754952535e-08, 2.48393412505e-08, 8.42333403028e-09, 1.90271998157e-09, 1.61251414998e-10],