{
"metadata": {
    "version": {
        "essentia": "2.0.1",
        "extractor": "archive-music 1.0 mod ismir14"
    },
    "audio_properties": {
        "analysis_sample_rate": 44100,
        "bitrate": 160,
        "channels": 2,
        "equal_loudness": 0,
        "length": 30.0669155121,
        "replay_gain": -12.9660320282,
        "downmix": "mix"
    },
    "tags": {
        "track": 0,
        "year": 0,
        "album": "",
        "artist": "",
        "comment": "",
        "genre": "",
        "title": ""
    }
},
"rhythm": {
    "bpm": 88.2881317139,
    "bpm_histogram_first_peak": 89,
    "bpm_histogram_first_peak_spread": 0.309523820877,
    "bpm_histogram_first_peak_weight": 0.674418628216,
    "bpm_histogram_second_peak": 94,
    "bpm_histogram_second_peak_spread": 0,
    "bpm_histogram_second_peak_weight": 0.0232558138669
},
"tonal": {
    "tuning_frequency": {
        "dmean": 0.303779125214,
        "dmean2": 0.595663905144,
        "dvar": 4.41402578354,
        "dvar2": 12.7495088577,
        "max": 452.108886719,
        "mean": 439.978912354,
        "median": 440,
        "min": 432.441040039,
        "var": 7.60091543198
    },
    "hpcp": {
        "dmean": [0.215039104223, 0.149411961436, 0.225635290146, 0.257104814053, 0.120219632983, 0.22604855895, 0.251759439707, 0.272042810917, 0.188743174076, 0.105935499072, 0.241391405463, 0.0824801623821],
        "dmean2": [0.368053525686, 0.269344627857, 0.408927351236, 0.452056139708, 0.210584208369, 0.375461161137, 0.433790326118, 0.475151717663, 0.33187776804, 0.184211462736, 0.419899046421, 0.152191728354],
        "dvar": [0.041216365993, 0.0300281215459, 0.058739438653, 0.0602816827595, 0.030347764492, 0.0640736371279, 0.0624384246767, 0.0472464114428, 0.0489006862044, 0.0197917819023, 0.0599728673697, 0.0147250285372],
        "dvar2": [0.0954980403185, 0.0812657400966, 0.161756873131, 0.178749904037, 0.0834086611867, 0.14913713932, 0.145725920796, 0.134285315871, 0.131554022431, 0.0482182949781, 0.157218664885, 0.0431521236897],
        "max": [1, 1, 1, 1, 1, 1, 1, 1, 1, 1, 1, 1],
        "mean": [0.302900969982, 0.170404836535, 0.23595944047, 0.305217713118, 0.13265094161, 0.319607913494, 0.348542153835, 0.390913188457, 0.245752200484, 0.131072968245, 0.776598095894, 0.0976102054119],
        "median": [0.228819638491, 0.109210893512, 0.135966435075, 0.202026188374, 0.0800325199962, 0.148453205824, 0.256653487682, 0.328593671322, 0.131262511015, 0.0846282690763, 0.945225358009, 0.068097114563],
        "min": [0.0187434460968, 0.0058876760304, 0.00588279590011, 0.00610272586346, 0.0029357150197, 0.0257084183395, 0.0106413615867, 0.00847072526813, 0.010044359602, 0.0042019141838, 0.0953556522727, 0.00457180663943],
        "var": [0.0657624974847, 0.0333713851869, 0.0654336288571, 0.074489094317, 0.0288567189127, 0.108409494162, 0.0938929095864, 0.0836828425527, 0.070394679904, 0.0244138725102, 0.0771718323231, 0.0106340935454]
    }
},
"lowlevel": {
    "melbands": {
        "dmean": [1.44441537486e-05, 6.59776997054e-05, 5.72952048969e-05, 3.79682132916e-05, 1.64529064932e-05, 2.85225178231e-05, 3.0714465538e-05, 3.8194903027e-05, 4.321065353e-05, 2.44520288106e-05, 1.69797294802e-05, 1.0898097571e-05, 9.59666704148e-06, 5.29442604602e-06, 8.79445633473e-06, 5.22884556631e-06, 6.38813708065e-06, 3.91008143197e-06, 2.90018761007e-06, 3.0238979889e-06, 2.29823695008e-06, 2.44760735768e-06, 3.94589142161e-06, 4.12610961575e-06, 2.56010844168e-06, 1.67039604548e-06, 1.6096496438e-06, 9.83277232081e-07, 4.42061264039e-07, 4.16968646277e-07, 3.40958592915e-07, 1.71062225718e-07, 7.71997932247e-08, 4.96414322981e-08, 4.37231229e-08, 3.01253564317e-08, 1.73142193916e-08, 7.65099628097e-09, 1.49575318797e-09, 6.9312881823e-11],
        "dmean2": [2.58783620666e-05, 0.00012606146629, 0.000104337086668, 6.75599294482e-05, 2.99671228277e-05, 5.10468198627e-05, 5.64811343793e-05, 6.86378334649e-05, 7.13332774467e-05, 4.37734634033e-05, 2.94306009891e-05, 1.99584264919e-05, 1.71332139871e-05, 9.49495188252e-06, 1.60395993589e-05, 9.49551667873e-06, 1.16610644909e-05, 7.004723102e-06, 5.23174321643e-06, 5.24099277754e-06, 4.03569538321e-06, 4.24462996307e-06, 7.15945043339e-06, 6.84879432811e-06, 4.6048448894e-06, 2.9117777558e-06, 2.68350299848e-06, 1.6556321043e-06, 7.50087281176e-07, 7.19428498996e-07, 5.91410071138e-07, 2.91239302896e-07, 1.30564004053e-07, 8.53998614048e-08, 7.24182598333e-08, 5.09516766556e-08, 3.14910231225e-08, 1.35358870779e-08, 2.65992805559e-09, 1.24745713759e-10],
        "dvar": [4.2873363193e-10, 5.09708009133e-09, 3.34778160749e-09, 2.52342147178e-09, 2.66867972165e-10, 5.99932048484e-10, 8.10018718767e-10, 1.5644575635e-09, 7.00267044351e-09, 4.55979121128e-09, 5.80678782836e-10, 6.61449672812e-10, 5.63714186441e-10, 1.04250656718e-10, 3.3178318426e-10, 8.80585743213e-11, 2.227483753e-10, 6.07515357465e-11, 1.73920721575e-11, 4.76490721879e-11, 1.06599633634e-11, 1.20052761135e-11, 4.47667319881e-11, 4.43110513559e-11, 1.87162056686e-11, 7.96037107759e-12, 9.1365361457e-12, 4.23271747513e-12, 4.00596385491e-13, 6.5472779108e-13, 4.29362898317e-13, 8.97368320602e-14, 1.48575931696e-14, 6.69819848052e-15, 4.24299513235e-15, 1.27954914595e-15, 3.87880235819e-16, 4.61006979053e-17, 1.80530369572e-18, 5.65019490285e-21],
        "dvar2": [1.09263231796e-09, 1.6298390193e-08, 9.35133304125e-09, 6.81738798747e-09, 7.37620964308e-10, 1.96925675766e-09, 2.12474704497e-09, 4.26998214564e-09, 1.52909063189e-08, 1.2926980375e-08, 1.43697509447e-09, 1.86861370821e-09, 1.5656776986e-09, 2.95750757218e-10, 1.0112786164e-09, 2.52420778724e-10, 6.29130136875e-10, 1.58063187539e-10, 4.68549192501e-11, 1.25877835933e-10, 2.37784115314e-11, 3.41726057174e-11, 1.31258739988e-10, 1.2070286437e-10, 4.49527498558e-11, 2.19578886324e-11, 2.22105268205e-11, 1.10309790816e-11, 1.00207028005e-12, 1.61799317434e-12, 1.11689249429e-12, 2.43338416908e-13, 3.52676499387e-14, 1.59547566402e-14, 8.19664126882e-15, 2.72057368834e-15, 9.14634752654e-16, 1.26889876543e-16, 4.40058886466e-18, 1.601062844e-20],
        "max": [0.000139823780046, 0.000443459168309, 0.000283899018541, 0.000293038901873, 0.000113767811854, 0.000140604111948, 0.000139080322697, 0.000168881859281, 0.00086655310588, 0.000557881314307, 0.000158530383487, 0.000159878283739, 0.000139532145113, 6.29292990197e-05, 0.000111856083095, 5.21525071235e-05, 9.62865378824e-05, 7.25722056814e-05, 2.10139442061e-05, 6.04471169936e-05, 2.20270576392e-05, 2.33975551964e-05, 3.49870169885e-05, 4.9132409913e-05, 2.86332378892e-05, 1.74563065229e-05, 2.44470647885e-05, 1.30032822199e-05, 5.3727330851e-06, 7.31849922886e-06, 4.0278086999e-06, 1.7007525912e-06, 8.62282490743e-07, 6.56406200505e-07, 6.02855891429e-07, 2.97041566455e-07, 1.46690126712e-07, 4.70076706449e-08, 1.05696713604e-08, 5.15815945512e-10],
        "mean": [1.89645488717e-05, 7.50229737605e-05, 8.02890135674e-05, 4.16481525463e-05, 2.2676997105e-05, 4.14067108068e-05, 4.14103815274e-05, 3.15855977533e-05, 4.88890982524e-05, 2.51859510172e-05, 1.96267901629e-05, 8.94427012099e-06, 7.30559440854e-06, 4.82378936795e-06, 7.71510440245e-06, 4.37695871369e-06, 4.93542256663e-06, 3.93924710806e-06, 2.7236421829e-06, 2.45575006375e-06, 2.19871185436e-06, 2.27566692956e-06, 3.59256728188e-06, 3.80612777917e-06, 2.48506876233e-06, 2.06686286219e-06, 1.66114750755e-06, 9.52422340106e-07, 5.26241137777e-07, 4.38762924659e-07, 3.53316465862e-07, 2.13843492247e-07, 1.04983691074e-07, 8.14648686287e-08, 7.36379277555e-08, 5.14636724347e-08, 3.16066888217e-08, 1.23878187708e-08, 2.10507389298e-09, 1.00654075352e-10],