{
"metadata": {
    "version": {
        "essentia": "2.0.1",
        "extractor": "archive-music 1.0 mod ismir14"
    },
    "audio_properties": {
        "analysis_sample_rate": 44100,
        "bitrate": 721,
        "channels": 2,
        "equal_loudness": 0,
        "length": 29.9995231628,
        "replay_gain": -13.4567604065,
        "downmix": "mix"
    },
    "tags": {
        "track": 0,
        "year": 0,
        "album": "",
        "artist": "",
        "comment": "",
        "genre": "",
        "title": ""
    }
},
"rhythm": {
    "bpm": 87.6592712402,
    "bpm_histogram_first_peak": 89,
    "bpm_histogram_first_peak_spread": 0.444444477558,
    "bpm_histogram_first_peak_weight": 0.476190507412,
    "bpm_histogram_second_peak": 82,
    "bpm_histogram_second_peak_spread": 0,
    "bpm_histogram_second_peak_weight": 0.142857149243
},
"tonal": {
    "tuning_frequency": {
        "dmean": 0.165904134512,
        "dmean2": 0.331097066402,
        "dvar": 2.56479215622,
        "dvar2": 6.0612745285,
        "max": 456.570251465,
        "mean": 444.690673828,
        "median": 440.763122559,
        "min": 434.444000244,
        "var": 23.8592967987
    },
    "hpcp": {
        "dmean": [0.168544471264, 0.151749104261, 0.174539029598, 0.232809811831, 0.0877375677228, 0.147025719285, 0.200866252184, 0.239988863468, 0.158207640052, 0.123030096292, 0.254887342453, 0.0701690688729],
        "dmean2": [0.283570438623, 0.268173009157, 0.305871546268, 0.407849371433, 0.154845789075, 0.248750060797, 0.342518389225, 0.405689656734, 0.27449414134, 0.219667896628, 0.427689105272, 0.12292394042],
        "dvar": [0.0419399552047, 0.0521239154041, 0.0624757893384, 0.0760884284973, 0.0199520997703, 0.050296805799, 0.0581270419061, 0.0659338012338, 0.0492473058403, 0.0356181412935, 0.070356361568, 0.0159419011325],
        "dvar2": [0.102487809956, 0.135241165757, 0.155500143766, 0.182322457433, 0.0546704493463, 0.104671724141, 0.135651305318, 0.149311423302, 0.117138661444, 0.101074621081, 0.151514410973, 0.0429369434714],
        "max": [1, 1, 1, 1, 1, 1, 1, 1, 1, 1, 1, 1],
        "mean": [0.236523851752, 0.135991081595, 0.169315859675, 0.279021799564, 0.0794917270541, 0.250087499619, 0.278916597366, 0.331688821316, 0.194292068481, 0.109958015382, 0.624188244343, 0.0696913078427],
        "median": [0.131287261844, 0.0441372394562, 0.0560334473848, 0.128885731101, 0.0291554145515, 0.0840614661574, 0.142247721553, 0.200531452894, 0.0707128122449, 0.0388853773475, 0.668297767639, 0.0286789946258],
        "min": [0.0014814035967, 0.000207392600714, 0.000885239627678, 0.00096974830376, 0.000506106182002, 0.00179168069735, 0.00062886159867, 0.0018113219412, 0.000419911899371, 0.000440498755779, 0.00740664312616, 0.000663480837829],
        "var": [0.0692471712828, 0.0473111122847, 0.0672909244895, 0.104441165924, 0.0175599344075, 0.110737040639, 0.104060515761, 0.109477862716, 0.0747766941786, 0.032126262784, 0.12912863493, 0.0141623122618]
    }
},
"lowlevel": {
    "melbands": {
        "dmean": [4.69790538773e-05, 0.000211724167457, 0.000217564651393, 0.000104701408418, 6.6854954639e-05, 0.000115832306619, 0.000128186875372, 0.000130208412884, 0.000129485022626, 6.85515187797e-05, 5.00900241605e-05, 2.94924775517e-05, 2.34734452533e-05, 1.50101732288e-05, 2.39942946791e-05, 1.41466889545e-05, 1.62052874657e-05, 1.2233441339e-05, 9.50230696617e-06, 8.57887062011e-06, 7.04187687006e-06, 7.12800283509e-06, 8.57626673678e-06, 9.39472465689e-06, 6.81329493091e-06, 5.41642702956e-06, 4.51936875834e-06, 2.47081470661e-06, 1.36989774546e-06, 1.18541049687e-06, 8.51625770792e-07, 5.16439683906e-07, 2.46095794409e-07, 1.82143381267e-07, 1.71755715428e-07, 1.29240092406e-07, 7.94286165728e-08, 3.27323377292e-08, 5.89733906153e-09, 3.02853547796e-10],
        "dmean2": [7.02669349266e-05, 0.00033031476778, 0.000343498948496, 0.000140317672049, 0.000107589687104, 0.000187631216249, 0.00020845074323, 0.00022149180586, 0.000191145343706, 0.000101554265711, 7.26820580894e-05, 4.71179009764e-05, 3.63851177099e-05, 2.30271034525e-05, 3.63790350093e-05, 2.03576673812e-05, 2.45990941039e-05, 1.88371432159e-05, 1.48188437379e-05, 1.28747342387e-05, 1.12558136607e-05, 1.09661777969e-05, 1.23903628264e-05, 1.3453610336e-05, 1.03832753666e-05, 7.87495628174e-06, 6.83611870045e-06, 3.8262032831e-06, 2.16587955038e-06, 1.89376885373e-06, 1.31405784032e-06, 8.25627466838e-07, 3.9079455405e-07, 2.92037526606e-07, 2.74858109606e-07, 2.05602944447e-07, 1.2981061559e-07, 5.4891330592e-08, 9.79831860093e-09, 4.8573300937e-10],
        "dvar": [3.66156860387e-09, 9.51415799477e-08, 7.56422267045e-08, 2.85110743903e-08, 9.03539376651e-09, 2.02810053196e-08, 3.19104032087e-08, 5.54619568049e-08, 4.99466885628e-08, 2.37663435598e-08, 6.55724852194e-09, 1.04811048729e-08, 6.28296481509e-09, 1.41786482555e-09, 4.31690017066e-09, 1.21114418494e-09, 2.51754284086e-09, 6.73356648218e-10, 4.24202561966e-10, 5.4131449323e-10, 1.96968732991e-10, 2.05404304676e-10, 3.04683389629e-10, 4.05102618117e-10, 1.85169685141e-10, 1.0832892916e-10, 1.2865862542e-10, 4.47268368176e-11, 5.67911256216e-12, 7.77883747e-12, 4.65803524224e-12, 1.60653098897e-12, 2.04238820409e-13, 6.98734012273e-14, 6.49204133377e-14, 2.67848148717e-14, 1.19950300777e-14, 3.34400751345e-15, 9.52621427481e-17, 2.01309860002e-19],
        "dvar2": [6.01140204282e-09, 2.12253652876e-07, 1.71642298596e-07, 4.96754992696e-08, 2.32582024751e-08, 4.92516853967e-08, 8.27260961955e-08, 1.47787972082e-07, 7.83686431305e-08, 3.66294372611e-08, 1.28911876729e-08, 2.47262370578e-08, 1.31232722467e-08, 2.82365220095e-09, 9.66609015052e-09, 2.17927453861e-09, 6.13086781343e-09, 1.55510759825e-09, 1.03466113455e-09, 1.29854360598e-09, 4.32018171237e-10, 4.67827443451e-10, 5.14846332234e-10, 8.6218743256e-10, 4.02468586236e-10, 2.2942162059e-10, 2.85133305855e-10, 7.63287349992e-11, 1.37900602395e-11, 1.67190740419e-11, 1.00664051747e-11, 3.76204015856e-12, 4.66253121181e-13, 1.4996637016e-13, 1.53544332197e-13, 6.45035850362e-14, 3.1305578789e-14, 9.01430080753e-15, 2.45879873833e-16, 5.00916745821e-19],
        "max": [0.000886020017788, 0.00328152207658, 0.00260191061534, 0.00231916387565, 0.001260522753, 0.00120159401558, 0.00136353063863, 0.001496504643, 0.00388198206201, 0.00258317682892, 0.00113643915392, 0.0011211745441, 0.00108434283175, 0.000510907440912, 0.000908247078769, 0.000577172264457, 0.000739703944419, 0.000335842516506, 0.000202686467674, 0.00038608169416, 0.000142832228448, 0.000139328782097, 0.000189213664271, 0.000289119139779, 0.000190887454664, 0.000128091574879, 0.00015920487931, 9.63858692558e-05, 2.57190895354e-05, 5.23229391547e-05, 3.45072039636e-05, 2.19810735871e-05, 6.65816651235e-06, 4.27607074016e-06, 3.7390802845e-06, 1.69801171523e-06, 1.34867286761e-06, 8.00228690423e-07, 1.0513608828e-07, 4.55016868628e-09],
        "mean": [7.9278514022e-05, 0.000292665441521, 0.000323415180901, 0.00016784996842, 9.17998622754e-05, 0.000166529440321, 0.000165067016496, 0.000123462988995, 0.000199385511223, 0.00010143702093, 7.69920225139e-05, 3.47567765857e-05, 2.71136996162e-05, 1.90844712051e-05, 3.05573776131e-05, 1.7756703528e-05, 1.89618640434e-05, 1.54629342433e-05, 1.09277971205e-05, 9.96739527181e-06, 9.11337338039e-06, 9.27638666326e-06, 1.40539514177e-05, 1.54596618813e-05, 9.84286907624e-06, 8.41943256091e-06, 6.95062726663e-06, 3.90436889575e-06, 2.12421059587e-06, 1.75755667442e-06, 1.40219901823e-06, 8.62752358444e-07, 4.23285626994e-07, 3.2753234791e-07, 2.98301955581e-07, 2.0875219775e-07, 1.2795644011e-07, 5.0108649674e-08, 8.71577476858e-09, 4.64889293728e-10],