{
"metadata": {
    "version": {
        "essentia": "2.0.1",
        "extractor": "archive-music 1.0 mod ismir14"
    },
    "audio_properties": {
        "analysis_sample_rate": 44100,
        "bitrate": 721,
        "channels": 2,
        "equal_loudness": 0,
        "length": 29.9995231628,
        "replay_gain": -13.8808917999,
        "downmix": "mix"
    },
    "tags": {
        "track": 0,
        "year": 0,
        "album": "",
        "artist": "",
        "comment": "",
        "genre": "",
        "title": ""
    }
},
"rhythm": {
    "bpm": 90.231262207,
    "bpm_histogram_first_peak": 91,
    "bpm_histogram_first_peak_spread": 0.357142865658,
    "bpm_histogram_first_peak_weight": 0.62790697813,
    "bpm_histogram_second_peak": 85,
    "bpm_histogram_second_peak_spread": 0,
    "bpm_histogram_second_peak_weight": 0.0232558138669
},
"tonal": {
    "tuning_frequency": {
        "dmean": 0.192557647824,
        "dmean2": 0.370179772377,
        "dvar": 2.03275084496,
        "dvar2": 4.25997400284,
        "max": 456.04309082,
        "mean": 449.080963135,
        "median": 451.84777832,
        "min": 435.448913574,
        "var": 23.1976490021
    },
    "hpcp": {
        "dmean": [0.228548809886, 0.144238054752, 0.121497988701, 0.135495945811, 0.232007816434, 0.281573861837, 0.185681134462, 0.216334462166, 0.125088691711, 0.0889632254839, 0.104816496372, 0.114845775068],
        "dmean2": [0.399724155664, 0.272634327412, 0.210973456502, 0.2438441962, 0.417860746384, 0.508601725101, 0.35130739212, 0.383265852928, 0.229219734669, 0.162248238921, 0.180261492729, 0.208180248737],
        "dvar": [0.0864741206169, 0.062611207366, 0.038614012301, 0.0551116876304, 0.0871031060815, 0.104564934969, 0.088925473392, 0.0784297809005, 0.0533568784595, 0.0319695770741, 0.0318812765181, 0.0401689372957],
        "dvar2": [0.185394823551, 0.177515432239, 0.102201059461, 0.140171051025, 0.228846371174, 0.22778005898, 0.255710959435, 0.199855074286, 0.14270631969, 0.0880701765418, 0.0824033245444, 0.110758796334],
        "max": [1, 1, 1, 1, 1, 1, 1, 1, 1, 1, 1, 1],
        "mean": [0.445367366076, 0.0944069772959, 0.136646926403, 0.131263062358, 0.223496854305, 0.448959946632, 0.133621141315, 0.264889627695, 0.124078862369, 0.0764067694545, 0.0977433547378, 0.103073842824],
        "median": [0.248962715268, 0.0179296489805, 0.0426344275475, 0.0270857904106, 0.063650123775, 0.290387332439, 0.0189067143947, 0.108319461346, 0.0299483742565, 0.0257834922522, 0.027996275574, 0.0329781211913],
        "min": [0.00183695333544, 0.000394028669689, 0.0012551859254, 0.000201555885724, 0.00185340654571, 0.000942071666941, 0.000344559899531, 0.00105526007246, 0.000423624966061, 0.000372339680325, 0.000417861010646, 0.000788025965448],
        "var": [0.17337949574, 0.0408203825355, 0.0496241189539, 0.0638191401958, 0.0950923934579, 0.167474150658, 0.0700223147869, 0.107265375555, 0.057384442538, 0.0228989925236, 0.0330303013325, 0.033474188298]
    }
},
"lowlevel": {
    "melbands": {
        "dmean": [0.000233201251831, 0.000509095552843, 0.000176748086233, 0.000116764298582, 8.08379481896e-05, 5.89828669035e-05, 8.14236118458e-05, 0.000106745035737, 0.000183515730896, 0.00013990025036, 5.39172797289e-05, 6.94689297234e-05, 5.89055998717e-05, 2.86907379632e-05, 5.1518320106e-05, 6.24102831353e-05, 1.40917427416e-05, 9.57396605372e-06, 4.74640273751e-06, 6.08230993748e-06, 9.15590680961e-06, 6.9041898314e-06, 1.33229341372e-05, 1.15794146041e-05, 6.36932963971e-06, 6.33147737972e-06, 5.62768491363e-06, 3.65816003978e-06, 1.65580252087e-06, 1.38295422403e-06, 6.51952802855e-07, 2.7500300348e-07, 1.55503911969e-07, 1.26517164745e-07, 1.21319217783e-07, 9.27007661744e-08, 5.64726789776e-08, 3.55197471436e-08, 1.09102655799e-08, 9.33235710932e-10],
        "dmean2": [0.000395781273255, 0.000785880489275, 0.000285368121695, 0.000184559874469, 0.000131728535052, 8.76284684637e-05, 0.000125744089019, 0.000160316601978, 0.000282897235593, 0.000237363477936, 8.57459162944e-05, 0.000111064779048, 8.61803055159e-05, 4.70979248348e-05, 8.47223273013e-05, 9.79334145086e-05, 2.29977486015e-05, 1.52711309056e-05, 7.35721368983e-06, 9.68411859503e-06, 1.45377507579e-05, 1.08117183117e-05, 2.09786248888e-05, 1.85607841559e-05, 1.00627885331e-05, 9.62710873864e-06, 8.89076090971e-06, 5.95021583649e-06, 2.60824617726e-06, 2.19281446334e-06, 1.06309357761e-06, 4.25545778171e-07, 2.4383760433e-07, 1.90011277823e-07, 1.88385243405e-07, 1.45730922441e-07, 8.66432259272e-08, 5.53513572754e-08, 1.662704463e-08, 1.45146183961e-09],
        "dvar": [6.96294648606e-08, 2.10876180518e-07, 3.5923676478e-08, 2.15887485666e-08, 1.5785214913e-08, 7.21413817573e-09, 1.84379054247e-08, 3.33447829348e-08, 1.09697630535e-07, 1.70803943433e-07, 6.19391826717e-08, 4.54452049325e-08, 2.16673292641e-08, 4.18401224778e-09, 1.92851850045e-08, 3.20374127227e-08, 2.87719692516e-09, 6.26860452435e-10, 4.31505525755e-11, 6.35175592678e-11, 1.81207729377e-10, 1.03625275027e-10, 3.97841370958e-10, 3.47543160917e-10, 9.54457068936e-11, 8.74947961305e-11, 8.39024752453e-11, 4.15839619683e-11, 9.09954576966e-12, 7.3632940023e-12, 1.36018811232e-12, 1.2290139067e-13, 3.67506013414e-14, 2.62973524928e-14, 2.96915202386e-14, 1.17992561996e-14, 5.41102561453e-15, 2.22410205521e-15, 2.29330755868e-16, 2.69838434011e-18],
        "dvar2": [1.9765106174e-07, 4.9964722848e-07, 7.94661403347e-08, 5.21589811342e-08, 3.86128640173e-08, 1.44920271339e-08, 3.652259295e-08, 6.91008636977e-08, 2.40173790189e-07, 4.04083948524e-07, 1.08082694794e-07, 1.17040059422e-07, 3.96853820916e-08, 1.03899635562e-08, 5.00404588877e-08, 7.37666638884e-08, 5.55429657823e-09, 1.25578236698e-09, 9.40993880039e-11, 1.66311311944e-10, 4.36300107154e-10, 2.51021370357e-10, 9.25146736996e-10, 8.54109283299e-10, 2.39053027373e-10, 1.92905233454e-10, 1.92643387353e-10, 1.08132718057e-10, 2.3500663221e-11, 1.81598746457e-11, 3.45512117181e-12, 2.82323264159e-13, 8.84051607418e-14, 6.27318157273e-14, 7.51251071443e-14, 2.62357376221e-14, 1.33928021532e-14, 5.36543491318e-15, 5.47350784692e-16, 6.66927727838e-18],
        "max": [0.00222183694132, 0.00397403445095, 0.00214710622095, 0.00191578047816, 0.00153702602256, 0.00125935534015, 0.00249841995537, 0.00160923693329, 0.00371621898375, 0.00447803782299, 0.00554882409051, 0.00297282682732, 0.00178967381362, 0.000669770932291, 0.00155229843222, 0.00264079193585, 0.00101290899329, 0.000370389781892, 8.11151330709e-05, 5.48327079741e-05, 0.00012448412599, 8.84725959622e-05, 0.000158290771651, 0.000130167376483, 7.39168390282e-05, 8.4763916675e-05, 8.15879320726e-05, 6.17198238615e-05, 2.86125450657e-05, 2.89485797111e-05, 1.14527101687e-05, 4.10039365306e-06, 1.82314499853e-06, 1.70197756688e-06, 2.01676880351e-06, 1.13419753234e-06, 7.4771509162e-07, 4.61965470322e-07, 1.44220777543e-07, 1.95590548202e-08],
        "mean": [0.00040287032607, 0.00104795291554, 0.000343325693393, 0.000160698575201, 0.00010591395403, 8.7798864115e-05, 0.000117056639283, 0.00013923503866, 0.000229834520724, 0.000145449055708, 5.46149203728e-05, 6.9774374424e-05, 7.97246757429e-05, 3.24651155097e-05, 5.68879004277e-05, 6.20935679763e-05, 1.47209566421e-05, 1.08073791125e-05, 6.2167946453e-06, 7.53069161874e-06, 1.12116158562e-05, 8.36518665892e-06, 1.43291908898e-05, 1.12397856356e-05, 7.01202316122e-06, 7.80868231232e-06, 6.23975120106e-06, 3.77519700123e-06, 1.84288114724e-06, 1.45070373492e-06, 7.72892121859e-07, 3.96384194801e-07, 2.41402744905e-07, 2.06486589605e-07, 1.86768332355e-07, 1.59663713362e-07, 8.66241904873e-08, 5.77773384691e-08, 1.68567328984e-08, 1.40889722111e-09],