{
"metadata": {
    "version": {
        "essentia": "2.0.1",
        "extractor": "archive-music 1.0 mod ismir14"
    },
    "audio_properties": {
        "analysis_sample_rate": 44100,
        "bitrate": 112,
        "channels": 2,
        "equal_loudness": 0,
        "length": 30.0669155121,
        "replay_gain": -10.173538208,
        "downmix": "mix"
    },
    "tags": {
        "track": 0,
        "year": 0,
        "album": "",
        "artist": "",
        "comment": "",
        "genre": "",
        "title": ""
    }
},
"rhythm": {
    "bpm": 172.265594482,
    "bpm_histogram_first_peak": 172,
    "bpm_histogram_first_peak_spread": 0,
    "bpm_histogram_first_peak_weight": 0.5,
    "bpm_histogram_second_peak": 178,
    "bpm_histogram_second_peak_spread": 0,
    "bpm_histogram_second_peak_weight": 0.27380952239
},
"tonal": {
    "tuning_frequency": {
        "dmean": 0.0434988513589,
        "dmean2": 0.0703282356262,
        "dvar": 0.123295746744,
        "dvar2": 0.199300155044,
        "max": 437.465789795,
        "mean": 434.701538086,
        "median": 434.695007324,
        "min": 433.942382812,
        "var": 0.10806466639
    },
    "hpcp": {
        "dmean": [0.12835393846, 0.21028201282, 0.180180072784, 0.278289854527, 0.0395109541714, 0.155148401856, 0.172904759645, 0.267842054367, 0.0964241698384, 0.0896926820278, 0.246156036854, 0.0874268859625],
        "dmean2": [0.238156601787, 0.389305889606, 0.314023077488, 0.504454135895, 0.0681243538857, 0.270250558853, 0.313272893429, 0.468641400337, 0.171998530626, 0.15853920579, 0.425058454275, 0.158875524998],
        "dvar": [0.0543319918215, 0.0789972916245, 0.0527301616967, 0.11373437196, 0.00683548860252, 0.0770666822791, 0.100609429181, 0.107901774347, 0.0459676831961, 0.0280826706439, 0.0787479877472, 0.0260741040111],
        "dvar2": [0.148016288877, 0.186319991946, 0.130724549294, 0.255139529705, 0.0203087870032, 0.180755198002, 0.24250651896, 0.277012914419, 0.128108024597, 0.0703087598085, 0.147252351046, 0.0758556947112],
        "max": [1, 1, 1, 1, 0.557762742043, 1, 1, 1, 1, 1, 1, 1],
        "mean": [0.105640806258, 0.240473926067, 0.176426306367, 0.400036215782, 0.0329031199217, 0.146665647626, 0.185630977154, 0.229108572006, 0.067651078105, 0.0749050229788, 0.377220839262, 0.0712860003114],
        "median": [0.0244371127337, 0.101353138685, 0.0740113407373, 0.148751810193, 0.00762603711337, 0.0264789890498, 0.0161692388356, 0.0467881634831, 0.0126946615055, 0.019135646522, 0.198196157813, 0.0247472673655],
        "min": [0.000872882257681, 0.00459275860339, 0.000554539903533, 0.000173039763467, 7.45182187529e-05, 0.0011343001388, 0.000138896954013, 0.000374252616894, 0.000402093981393, 0.000116254195746, 0.000874132441822, 0.000599394435994],
        "var": [0.0438098311424, 0.0997674539685, 0.0621182620525, 0.173941865563, 0.00558336218819, 0.0818708315492, 0.120424948633, 0.113930754364, 0.0326785482466, 0.0246915239841, 0.145522177219, 0.019258344546]
    }
},
"lowlevel": {
    "melbands": {
        "dmean": [2.91690014365e-07, 1.44175201058e-05, 1.81666800927e-05, 0.000198165347683, 0.000170615254319, 7.96604072093e-05, 3.66263811884e-05, 3.26091249008e-05, 2.10356884054e-05, 1.43370270962e-05, 1.20632175822e-05, 9.1849024102e-06, 1.09265529318e-05, 4.70001805297e-06, 4.33879495176e-06, 3.1112472243e-06, 6.43323301119e-06, 2.65608719019e-06, 3.76597540708e-06, 8.81401888364e-07, 1.1179009789e-06, 1.04595153516e-06, 6.97635925917e-07, 1.04081209429e-06, 2.39908058575e-06, 2.88967771667e-06, 6.76228182783e-07, 3.60536176913e-07, 1.51854692376e-07, 1.02634594157e-07, 3.98157062875e-08, 6.71900224347e-09, 1.18927878656e-09, 2.35216068845e-10, 7.68675401108e-11, 2.84039840259e-11, 1.21043132115e-11, 2.22732075839e-12, 1.24579990421e-12, 3.22441455047e-13],
        "dmean2": [4.71318855944e-07, 2.47263888014e-05, 3.14402204822e-05, 0.000339005375281, 0.000306776928483, 0.000140177668072, 6.2901279307e-05, 5.48136558791e-05, 3.92354777432e-05, 2.70444452326e-05, 2.24603390961e-05, 1.78108857654e-05, 2.0212306481e-05, 8.76436115504e-06, 8.3083714344e-06, 5.71204236621e-06, 1.17566123663e-05, 4.67607742394e-06, 6.74814646118e-06, 1.55705890847e-06, 1.94983476831e-06, 1.88754916053e-06, 1.23004247143e-06, 1.85044302725e-06, 4.41469319412e-06, 5.42214274901e-06, 1.21135985864e-06, 6.61709464111e-07, 2.85004091438e-07, 1.9323641709e-07, 7.84150415711e-08, 1.25812169571e-08, 2.32524954846e-09, 4.51088805198e-10, 1.41353359573e-10, 5.01725987145e-11, 2.16635979988e-11, 3.00828719574e-12, 1.37505209042e-12, 4.46238152766e-13],
        "dvar": [1.02163699863e-13, 1.48833367852e-09, 7.87819587345e-10, 3.06586315446e-07, 4.00400743672e-08, 6.1044791444e-09, 1.80050752085e-09, 2.29563368315e-09, 3.28937077576e-09, 1.01424901811e-09, 8.93391083334e-10, 7.14786396738e-10, 1.01862784874e-09, 1.46033990456e-10, 1.72430028589e-10, 4.36562626327e-11, 3.90348198209e-10, 1.66208279778e-11, 5.33514343815e-11, 1.82016034189e-12, 2.23498303198e-12, 2.53170531414e-12, 1.45872051417e-12, 2.91382239517e-12, 3.39411450334e-11, 4.81388366669e-11, 9.6383610728e-13, 4.36590054474e-13, 1.18544022797e-13, 9.7979465524e-14, 1.97999965355e-14, 3.24795154202e-16, 3.30777880257e-17, 5.07885949277e-19, 2.70253008533e-20, 4.25982586608e-21, 1.38981418356e-21, 1.40667644513e-22, 1.04390014075e-22, 2.8869587561e-24],
        "dvar2": [2.25012689687e-13, 2.99150082483e-09, 2.06471040265e-09, 8.14763893686e-07, 1.12818263176e-07, 1.74763119531e-08, 4.93666219015e-09, 5.25998933298e-09, 9.96774573991e-09, 3.08205438948e-09, 2.74825895374e-09, 2.17423590243e-09, 2.92337598573e-09, 4.37021641098e-10, 5.37573541237e-10, 1.2297794727e-10, 1.13222298204e-09, 4.68902035256e-11, 1.5231650663e-10, 5.12839380337e-12, 6.62103098042e-12, 7.43246002938e-12, 4.24164479582e-12, 8.35097789531e-12, 1.00299366035e-10, 1.42848038953e-10, 2.55081611215e-12, 1.20298421832e-12, 3.35332347827e-13, 2.77340921496e-13, 5.88851206294e-14, 9.33936833577e-16, 9.80006929108e-17, 1.60144958325e-18, 8.31672784891e-20, 1.23355619137e-20, 3.94091179312e-21, 1.31083224329e-22, 1.005711195e-22, 2.83446952919e-24],
        "max": [2.19162120629e-06, 0.000416355469497, 0.000234144739807, 0.00552194425836, 0.00119688711129, 0.000391636160202, 0.000228329430684, 0.000393319671275, 0.00037584968959, 0.000223013295908, 0.000163080563652, 0.000146550723002, 0.000252842437476, 9.5116054581e-05, 8.41282162583e-05, 5.93284385104e-05, 0.000184946897207, 2.62436824414e-05, 7.21359319868e-05, 1.29669588205e-05, 9.52428945311e-06, 9.59508270171e-06, 7.72163184593e-06, 1.18171865324e-05, 3.79014054488e-05, 5.44371323485e-05, 4.78924812342e-06, 4.25327880293e-06, 1.88015542335e-06, 2.38287498178e-06, 1.19445371638e-06, 1.40078526556e-07, 5.18527301097e-08, 5.356777244e-09, 1.09193087905e-09, 5.24349452746e-10, 3.23900295474e-10, 1.46074860541e-10, 1.21954363275e-10, 1.97664992013e-11],
        "mean": [4.4620176709e-07, 1.87566347449e-05, 2.59629796346e-05, 0.000223622075282, 0.000206338372664, 9.55623327172e-05, 3.6906596506e-05, 3.55511438102e-05, 1.53546261572e-05, 1.02531594166e-05, 9.66095831245e-06, 5.66397420698e-06, 8.93808373803e-06, 3.3823796457e-06, 2.98345207739e-06, 2.39209566644e-06, 4.9956042858e-06, 2.41185489358e-06, 3.46809565599e-06, 9.51568665641e-07, 1.07186974674e-06, 9.61805085353e-07, 6.17604598574e-07, 8.55568316638e-07, 1.86722763829e-06, 2.11055203181e-06, 5.59059230909e-07, 2.78866536974e-07, 1.01189044699e-07, 6.35635117874e-08, 2.5410512805e-08, 4.32671853901e-09, 7.31768257101e-10, 1.77600198437e-10, 7.57421694808e-11, 2.593180011e-11, 8.13906667757e-12, 1.9897028903e-12, 1.23540923585e-12, 2.89804286254e-13],