{
"metadata": {
    "version": {
        "essentia": "2.0.1",
        "extractor": "archive-music 1.0 mod ismir14"
    },
    "audio_properties": {
        "analysis_sample_rate": 44100,
        "bitrate": 128,
        "channels": 2,
        "equal_loudness": 0,
        "length": 30.0669155121,
        "replay_gain": -14.8304538727,
        "downmix": "mix"
    },
    "tags": {
        "track": 0,
        "year": 0,
        "album": "",
        "artist": "",
        "comment": "",
        "genre": "",
        "title": ""
    }
},
"rhythm": {
    "bpm": 109.229476929,
    "bpm_histogram_first_peak": 110,
    "bpm_histogram_first_peak_spread": 0.471698105335,
    "bpm_histogram_first_peak_weight": 0.528301894665,
    "bpm_histogram_second_peak": 0,
    "bpm_histogram_second_peak_spread": 0,
    "bpm_histogram_second_peak_weight": 0
},
"tonal": {
    "tuning_frequency": {
        "dmean": 0.100941225886,
        "dmean2": 0.172873169184,
        "dvar": 0.263677090406,
        "dvar2": 0.373795121908,
        "max": 446.399932861,
        "mean": 441.507873535,
        "median": 441.782684326,
        "min": 440,
        "var": 0.93496543169
    },
    "hpcp": {
        "dmean": [0.130710288882, 0.0987608358264, 0.0606659017503, 0.157978832722, 0.0422570072114, 0.135819524527, 0.049762327224, 0.0957942679524, 0.144338339567, 0.0388736240566, 0.164870515466, 0.060854151845],
        "dmean2": [0.245910093188, 0.180999264121, 0.111736521125, 0.260223329067, 0.0759596824646, 0.222633972764, 0.0938571617007, 0.171271279454, 0.256897777319, 0.0753715187311, 0.26572394371, 0.114016279578],
        "dvar": [0.0504935234785, 0.0572416335344, 0.0112141687423, 0.0648934468627, 0.0113972425461, 0.0478537790477, 0.0166750978678, 0.0276182573289, 0.0379999652505, 0.00668583111838, 0.0609940588474, 0.0174206495285],
        "dvar2": [0.129604250193, 0.11261601001, 0.0275254454464, 0.150194838643, 0.0246135722846, 0.0978849679232, 0.0470499619842, 0.0647498294711, 0.092738583684, 0.0189610421658, 0.124965362251, 0.0467882491648],
        "max": [1, 1, 0.681498765945, 1, 1, 1, 0.979791462421, 1, 1, 0.541294157505, 1, 0.828611314297],
        "mean": [0.169756278396, 0.250020444393, 0.0449156314135, 0.459855765104, 0.0368632785976, 0.251163691282, 0.0346531271935, 0.101537011564, 0.228187114, 0.027709884569, 0.221564292908, 0.0435366593301],
        "median": [0.0417252071202, 0.0190264843404, 0.0108321895823, 0.282525628805, 0.0104181366041, 0.0825772956014, 0.0103146005422, 0.0278826281428, 0.104755282402, 0.00994915142655, 0.0864240974188, 0.0105983605608],
        "min": [7.94889419922e-05, 0.000188167003216, 0.000409437314374, 0.000915689743124, 0.000200489594135, 0.000369919987861, 0.000436720089056, 0.000962787249591, 0.000787105876952, 0.000279862142634, 0.000459273345768, 0.000647585024126],
        "var": [0.082432076335, 0.164412051439, 0.00901571195573, 0.18978382647, 0.0110426917672, 0.123160764575, 0.00955385435373, 0.0354214608669, 0.090853087604, 0.0037879080046, 0.0956612601876, 0.0118142850697]
    }
},
"lowlevel": {
    "melbands": {
        "dmean": [0.000146439691889, 0.000257933686953, 0.000170158309629, 0.000115620467113, 4.4042506488e-05, 5.62446875847e-05, 2.53960224654e-05, 4.05636310461e-05, 6.00985949859e-05, 4.37464404968e-05, 9.31463455345e-06, 1.10482524178e-05, 7.58110809329e-06, 7.82402548793e-06, 6.16400302533e-06, 6.87678038958e-06, 6.14074861005e-06, 6.67272706778e-06, 3.68458086086e-06, 5.40823111805e-06, 2.35207608057e-06, 1.57612157636e-06, 1.84917973911e-06, 1.21784307794e-06, 6.78850767599e-07, 4.60403100533e-07, 3.03990447037e-07, 2.33090887036e-07, 2.62721613353e-07, 2.03614661132e-07, 1.78350191504e-07, 1.84823534255e-07, 1.75334463393e-07, 1.26697074165e-07, 1.07136351346e-07, 7.64113678997e-08, 4.53433202097e-08, 1.33315722906e-08, 2.57563281814e-09, 1.13090682652e-10],
        "dmean2": [0.000269427750027, 0.000432136439485, 0.000265631766524, 0.00019281655841, 7.00102755218e-05, 9.623682854e-05, 4.39957657363e-05, 6.74705588608e-05, 0.000100670069514, 6.99274387443e-05, 1.64391076396e-05, 2.03822146432e-05, 1.35731152113e-05, 1.42254039019e-05, 1.08549729703e-05, 1.21494485938e-05, 1.04246064438e-05, 1.15259163067e-05, 6.31270313534e-06, 8.31790202938e-06, 3.98479323849e-06, 2.8265230867e-06, 2.97626024803e-06, 1.99721284844e-06, 1.23570805499e-06, 8.36124854686e-07, 5.61027377444e-07, 4.30083531455e-07, 4.73380708854e-07, 3.752985549e-07, 3.27269162881e-07, 3.41303433515e-07, 3.26233788428e-07, 2.36225375261e-07, 2.01650067311e-07, 1.4659981673e-07, 8.74732606349e-08, 2.56781600427e-08, 4.90794516139e-09, 2.15989837127e-10],
        "dvar": [4.36219913524e-08, 8.61341362679e-08, 3.39939951743e-08, 1.22350698462e-08, 1.48908463338e-09, 5.73095570999e-09, 1.13626885678e-09, 4.57175541868e-09, 1.15137197554e-08, 6.99552105132e-09, 4.0680800395e-10, 9.9328656411e-10, 3.67566727055e-10, 1.8681618752e-10, 1.82386022951e-10, 1.96867577795e-10, 1.22481136344e-10, 1.61105503937e-10, 3.55473359082e-11, 2.30175475902e-10, 1.39708288341e-11, 4.73571442478e-12, 1.34259452514e-11, 3.88944649057e-12, 8.37968474991e-13, 2.63923946716e-13, 9.94217796741e-14, 6.9217357269e-14, 8.86836448461e-14, 6.21404850861e-14, 4.85286046374e-14, 7.11408742245e-14, 8.50700667679e-14, 5.48105092942e-14, 1.03598512689e-13, 7.88849576481e-14, 3.77623449275e-14, 2.24392495552e-15, 6.53163252193e-17, 1.97279151049e-19],
        "dvar2": [1.20739102272e-07, 2.01836414249e-07, 8.15285119415e-08, 3.72287445316e-08, 3.54325502272e-09, 1.44941312286e-08, 2.42209297063e-09, 1.13128209023e-08, 3.42903696549e-08, 1.63423159449e-08, 1.17368637031e-09, 2.89408963461e-09, 1.04050756899e-09, 5.65667124253e-10, 5.24911503152e-10, 5.21376386509e-10, 3.23877979991e-10, 4.0720196659e-10, 9.57726536965e-11, 3.84689391453e-10, 2.99847820184e-11, 1.43217304335e-11, 2.74803478584e-11, 7.24464498808e-12, 2.01399010316e-12, 6.59381295225e-13, 2.65143809686e-13, 1.71865017877e-13, 2.1622813132e-13, 1.49104456538e-13, 1.26540989601e-13, 1.95140859851e-13, 2.38980601801e-13, 1.60174174271e-13, 3.09139243067e-13, 2.36343713697e-13, 1.13152529338e-13, 6.67732377705e-15, 1.9311378433e-16, 5.84118966228e-19],
        "max": [0.000815546547528, 0.00186828954611, 0.001646253746, 0.000710727530532, 0.00030152281397, 0.000415071612224, 0.000173893320607, 0.000474168045912, 0.00081845826935, 0.000661896017846, 0.000128387662699, 0.000265548733296, 0.00015293310571, 9.09349982976e-05, 0.00011537651153, 9.62173944572e-05, 8.00944544608e-05, 0.000107961488538, 3.52755196218e-05, 0.000184515913134, 3.68110777345e-05, 1.32153254526e-05, 3.14309654641e-05, 1.65101901075e-05, 5.32688500243e-06, 3.54014355253e-06, 1.27959310703e-06, 1.05994240585e-06, 1.64283108006e-06, 1.04905348053e-06, 8.73803742252e-07, 1.5696734863e-06, 2.17535148295e-06, 1.87938576346e-06, 2.91733363156e-06, 2.57445321949e-06, 1.7910247152e-06, 4.33493340779e-07, 7.40049017622e-08, 4.11065936845e-09],
        "mean": [0.000152925480506, 0.000660786521621, 0.000474192289403, 0.000177097899723, 7.46020377846e-05, 6.80372759234e-05, 3.39725229423e-05, 4.36754271504e-05, 6.10678907833e-05, 4.33707355114e-05, 8.95654102351e-06, 9.81169432634e-06, 6.36351569483e-06, 6.39011705061e-06, 5.80950290896e-06, 6.63124319544e-06, 6.1346381699e-06, 6.16568195255e-06, 3.40105498253e-06, 6.62374395688e-06, 2.82793212136e-06, 1.96601740754e-06, 2.61243098976e-06, 1.58563773311e-06, 7.91985144133e-07, 4.93540881052e-07, 2.78251690133e-07, 1.97240183297e-07, 2.21899881581e-07, 1.6229830635e-07, 1.33386947709e-07, 1.3517728803e-07, 1.26016573176e-07, 9.12008175646e-08, 7.63663337011e-08, 5.12727957869e-08, 2.92384250145e-08, 8.6202360805e-09, 1.73867642506e-09, 7.35562444287e-11],