{
"metadata": {
    "version": {
        "essentia": "2.0.1",
        "extractor": "archive-music 1.0 mod ismir14"
    },
    "audio_properties": {
        "analysis_sample_rate": 44100,
        "bitrate": 32,
        "channels": 2,
        "equal_loudness": 0,
        "length": 30.0408172607,
        "replay_gain": -13.0453701019,
        "downmix": "mix"
    },
    "tags": {
        "track": 0,
        "year": 0,
        "album": "",
        "artist": "",
        "comment": "",
        "genre": "",
        "title": ""
    }
},
"rhythm": {
    "bpm": 172.265609741,
    "bpm_histogram_first_peak": 172,
    "bpm_histogram_first_peak_spread": 0,
    "bpm_histogram_first_peak_weight": 0.441860467196,
    "bpm_histogram_second_peak": 178,
    "bpm_histogram_second_peak_spread": 0,
    "bpm_histogram_second_peak_weight": 0.430232554674
},
"tonal": {
    "tuning_frequency": {
        "dmean": 0.20947586,
        "dmean2": 0.298614889383,
        "dvar": 2.75699329376,
        "dvar2": 3.11400818825,
        "max": 454.990661621,
        "mean": 438.707519531,
        "median": 440.763122559,
        "min": 434.193115234,
        "var": 9.74814796448
    },
    "hpcp": {
        "dmean": [0.227581784129, 0.15275041759, 0.229891031981, 0.251784771681, 0.117838352919, 0.213433116674, 0.261588454247, 0.276504993439, 0.177528008819, 0.113475561142, 0.244551464915, 0.0821241363883],
        "dmean2": [0.390144139528, 0.272001683712, 0.425230950117, 0.445209562778, 0.20790566504, 0.344832509756, 0.454087525606, 0.487706452608, 0.300768643618, 0.196073308587, 0.450505167246, 0.147365897894],
        "dvar": [0.0440746843815, 0.0316972397268, 0.0589987561107, 0.060577493161, 0.0282144639641, 0.0599940903485, 0.0667464435101, 0.0482248216867, 0.0392885878682, 0.0195036325604, 0.0682305917144, 0.0146912615746],
        "dvar2": [0.120410092175, 0.0826094970107, 0.16852094233, 0.180947527289, 0.079673230648, 0.142296165228, 0.149432450533, 0.120712436736, 0.0976195260882, 0.0490820333362, 0.172898575664, 0.0432343892753],
        "max": [1, 1, 1, 1, 1, 1, 1, 1, 1, 0.972854375839, 1, 1],
        "mean": [0.305392891169, 0.178074464202, 0.233780071139, 0.30631685257, 0.13203458488, 0.324529230595, 0.350950539112, 0.401047587395, 0.248687833548, 0.136611789465, 0.785371363163, 0.099375359714],
        "median": [0.245482653379, 0.113956175745, 0.132668480277, 0.21433326602, 0.0760892033577, 0.140139684081, 0.246424227953, 0.35503038764, 0.141734629869, 0.0821372866631, 1, 0.0740356147289],
        "min": [0.0172503255308, 0.00615621544421, 0.00880083441734, 0.00841569621116, 0.00659523764625, 0.0200015455484, 0.00780186243355, 0.0137480953708, 0.00638244580477, 0.00425692554563, 0.150473549962, 0.00499878590927],
        "var": [0.0643710047007, 0.0372248031199, 0.0608658529818, 0.0721789896488, 0.0256680622697, 0.111062884331, 0.0969053208828, 0.0866528004408, 0.0669582262635, 0.0247260667384, 0.0777563527226, 0.0107286097482]
    }
},
"lowlevel": {
    "melbands": {
        "dmean": [1.48716635522e-05, 6.33179370197e-05, 5.84043991694e-05, 3.8660960854e-05, 1.59236806212e-05, 2.8781400033e-05, 2.94653164019e-05, 3.60797384928e-05, 4.2211417167e-05, 2.33463379118e-05, 1.62450069183e-05, 1.06129600681e-05, 9.31647355173e-06, 5.17122725796e-06, 8.41634937387e-06, 4.96560824104e-06, 6.45345608064e-06, 3.8882658373e-06, 2.57889973909e-06, 2.38234679273e-06, 2.3369000246e-06, 2.31859075939e-06, 3.68636096937e-06, 3.90422928831e-06, 2.49570780397e-06, 1.55349277975e-06, 1.64152856996e-06, 1.0374347994e-06, 4.61813925767e-07, 4.10063279332e-07, 3.63542625337e-07, 1.8188772799e-07, 7.00743783e-08, 4.77210804206e-08, 4.57415723076e-08, 3.65669130531e-08, 3.03493479237e-08, 2.62196451217e-08, 1.57481103713e-08, 7.6338286803e-09],
        "dmean2": [2.62686553469e-05, 0.000118944597489, 0.000104837221443, 7.02119723428e-05, 2.88410356006e-05, 5.2113970014e-05, 5.24024544575e-05, 6.59339202684e-05, 7.01301032677e-05, 4.14118076151e-05, 2.78002335108e-05, 1.91959170479e-05, 1.69031391124e-05, 8.99099723028e-06, 1.54732642841e-05, 8.83257052919e-06, 1.18748948807e-05, 6.83442885929e-06, 4.66564188173e-06, 3.90254172089e-06, 4.140830697e-06, 4.10834036302e-06, 6.69218843541e-06, 6.66151117912e-06, 4.24308564106e-06, 2.64350569523e-06, 2.78930247077e-06, 1.77708943738e-06, 7.9855851709e-07, 7.41969984119e-07, 6.17964929006e-07, 3.16670451639e-07, 1.24485367792e-07, 8.40373957089e-08, 7.92649927917e-08, 6.13969248775e-08, 5.55369332744e-08, 4.5873900234e-08, 2.78305432033e-08, 1.3945245847e-08],
        "dvar": [4.6809356391e-10, 4.84179807358e-09, 2.88045853836e-09, 3.16709525272e-09, 2.10276740464e-10, 6.01958649593e-10, 7.14187542439e-10, 1.48839951475e-09, 6.67256205844e-09, 3.77810671637e-09, 5.23603715941e-10, 6.28493534993e-10, 5.25392507278e-10, 1.13062142981e-10, 3.27040505788e-10, 7.41941508231e-11, 2.23004850697e-10, 5.23202106639e-11, 1.53697905098e-11, 2.67022046835e-11, 1.21698345845e-11, 1.01982979353e-11, 3.89119049482e-11, 4.4723277165e-11, 1.77450502209e-11, 7.74504592405e-12, 1.10140030776e-11, 5.20880127225e-12, 4.59146284361e-13, 6.40026551722e-13, 5.18728018439e-13, 1.22122621802e-13, 1.23201009941e-14, 5.28330490454e-15, 5.55066873676e-15, 1.74104710632e-15, 1.31967563776e-15, 6.14439976339e-16, 2.68687850594e-16, 9.97680470076e-17],
        "dvar2": [1.2204514066e-09, 1.59040620673e-08, 8.36385272152e-09, 8.77796857424e-09, 5.69751412716e-10, 1.94171212442e-09, 1.95344251885e-09, 3.93914190155e-09, 1.41194798076e-08, 1.04488586672e-08, 1.30853528013e-09, 1.72981096114e-09, 1.45181366928e-09, 3.24886895164e-10, 9.61425050683e-10, 2.11952802531e-10, 6.33466779032e-10, 1.31216648658e-10, 4.10015077446e-11, 6.37297992157e-11, 3.03769266685e-11, 2.86774683861e-11, 1.11809027314e-10, 1.18896753554e-10, 4.20234957943e-11, 2.08285159953e-11, 2.78650453406e-11, 1.36063634318e-11, 1.13422671862e-12, 1.58805401555e-12, 1.47786438035e-12, 3.40087712766e-13, 2.70342050883e-14, 1.15363651249e-14, 1.09287062296e-14, 3.34365112434e-15, 3.18600855198e-15, 1.54993805046e-15, 7.00402279662e-16, 2.56998610634e-16],
        "max": [0.000169165432453, 0.000417916773586, 0.000271072087344, 0.000338877318427, 8.76156263985e-05, 0.000148344188347, 0.000152479071403, 0.000150509498781, 0.000870392541401, 0.000513222476002, 0.00015454676759, 0.000140057585668, 0.000144146208186, 7.58596579544e-05, 0.000122576951981, 4.67596546514e-05, 9.23111583688e-05, 7.06596183591e-05, 2.5530165658e-05, 5.07189324708e-05, 2.27881846513e-05, 2.16767130041e-05, 3.17006961268e-05, 4.84607917315e-05, 3.36718039762e-05, 1.97229564947e-05, 2.52296285908e-05, 1.39209387271e-05, 5.0276098591e-06, 5.61223941986e-06, 4.80111111756e-06, 2.4034566195e-06, 6.98204019045e-07, 5.17298701652e-07, 6.36445747659e-07, 3.64357646276e-07, 3.11142713372e-07, 1.9838329024e-07, 1.47873478795e-07, 9.8941320914e-08],
        "mean": [1.88755748241e-05, 7.34030691092e-05, 7.9094155808e-05, 4.14422138419e-05, 2.23452279897e-05, 4.08973755839e-05, 4.04130078095e-05, 3.06316760543e-05, 4.84720731038e-05, 2.46239833359e-05, 1.89934526134e-05, 8.91319632501e-06, 7.04892272552e-06, 4.79423215438e-06, 7.68883546698e-06, 4.24089193984e-06, 4.87843908559e-06, 3.91125468013e-06, 2.65141784439e-06, 2.2727515443e-06, 2.17426259042e-06, 2.22512858272e-06, 3.47972104464e-06, 3.77580590794e-06, 2.45313981395e-06, 2.04389834835e-06, 1.69476982137e-06, 9.8829673334e-07, 5.27553709162e-07, 4.34376289604e-07, 3.5215973071e-07, 2.16735102754e-07, 1.03457168166e-07, 8.31050215311e-08, 8.02817297085e-08, 6.60000196717e-08, 6.09482739833e-08, 4.35374651886e-08, 2.35325394726e-08, 1.25659900263e-08],