{
"metadata": {
    "version": {
        "essentia": "2.0.1",
        "extractor": "archive-music 1.0 mod ismir14"
    },
    "audio_properties": {
        "analysis_sample_rate": 44100,
        "bitrate": 32,
        "channels": 2,
        "equal_loudness": 0,
        "length": 30.0408172607,
        "replay_gain": -13.2592163086,
        "downmix": "mix"
    },
    "tags": {
        "track": 0,
        "year": 0,
        "album": "",
        "artist": "",
        "comment": "",
        "genre": "",
        "title": ""
    }
},
"rhythm": {
    "bpm": 90.2956161499,
    "bpm_histogram_first_peak": 91,
    "bpm_histogram_first_peak_spread": 0.341463446617,
    "bpm_histogram_first_peak_weight": 0.62790697813,
    "bpm_histogram_second_peak": 85,
    "bpm_histogram_second_peak_spread": 0,
    "bpm_histogram_second_peak_weight": 0.0465116277337
},
"tonal": {
    "tuning_frequency": {
        "dmean": 0.295460820198,
        "dmean2": 0.486305564642,
        "dvar": 1.91588115692,
        "dvar2": 3.1662106514,
        "max": 454.465301514,
        "mean": 450.394256592,
        "median": 451.586883545,
        "min": 442.03793335,
        "var": 15.0965213776
    },
    "hpcp": {
        "dmean": [0.282230526209, 0.0917196422815, 0.149177744985, 0.17149490118, 0.429687231779, 0.298295408487, 0.140077233315, 0.316970765591, 0.129237219691, 0.0990676209331, 0.114929869771, 0.162289366126],
        "dmean2": [0.488152205944, 0.154497146606, 0.240464016795, 0.318894356489, 0.76784068346, 0.529511272907, 0.237374648452, 0.517852067947, 0.223249301314, 0.17732334137, 0.202573761344, 0.288664519787],
        "dvar": [0.0930433422327, 0.0162561442703, 0.0244757365435, 0.0601789988577, 0.0914405807853, 0.0865109264851, 0.0218465700746, 0.085086286068, 0.0248210486025, 0.0172461718321, 0.0257452856749, 0.0348863378167],
        "dvar2": [0.15717189014, 0.0371989160776, 0.0598940886557, 0.170235320926, 0.245653241873, 0.227295204997, 0.0553105585277, 0.190782919526, 0.075296394527, 0.049328379333, 0.0710120424628, 0.0992471426725],
        "max": [1, 0.914421796799, 1, 1, 1, 1, 0.806324243546, 1, 1, 1, 1, 1],
        "mean": [0.538218021393, 0.0979404821992, 0.18176305294, 0.153479218483, 0.467436850071, 0.345173954964, 0.150029227138, 0.433949291706, 0.116169609129, 0.100743509829, 0.113635733724, 0.15873542428],
        "median": [0.466136306524, 0.0526991076767, 0.115203812718, 0.0680675953627, 0.330212891102, 0.193080559373, 0.084371805191, 0.312512248755, 0.0679221004248, 0.0666273087263, 0.0679278075695, 0.0966882482171],
        "min": [0.00861233472824, 0.00263274204917, 0.0089382044971, 0.00535336369649, 0.0119350524619, 0.00552307209, 0.00572604546323, 0.00601997133344, 0.00147768529132, 0.00406596343964, 0.00418585771695, 0.0048080580309],
        "var": [0.157598167658, 0.0182718988508, 0.0381383560598, 0.0505919381976, 0.129762262106, 0.126395896077, 0.0281604863703, 0.145341739058, 0.0212555378675, 0.014119181782, 0.0204748865217, 0.0324070602655]
    }
},
"lowlevel": {
    "melbands": {
        "dmean": [6.89958615112e-05, 0.000175950379344, 5.0231556088e-05, 3.15190045512e-05, 2.85208661808e-05, 2.1082096282e-05, 2.76632345049e-05, 4.27762024628e-05, 7.36917645554e-05, 5.5185322708e-05, 2.24423292821e-05, 2.584327558e-05, 3.11493386107e-05, 1.03580259747e-05, 1.77051842911e-05, 2.17895667447e-05, 5.62856666875e-06, 3.72074009647e-06, 1.55039481342e-06, 1.80272490979e-06, 3.3511635138e-06, 2.41485395236e-06, 4.49844537798e-06, 3.57096337211e-06, 1.90390085208e-06, 2.28642056754e-06, 2.01067587113e-06, 1.22213043596e-06, 5.20256548953e-07, 4.59104626316e-07, 2.10349099916e-07, 8.32435418374e-08, 4.50549038078e-08, 4.11297698122e-08, 3.8572515848e-08, 3.49307960334e-08, 3.29250404718e-08, 4.5243343294e-08, 4.41426522002e-08, 3.26826992136e-08],
        "dmean2": [0.000108518099296, 0.000281634827843, 8.96764249774e-05, 5.53696481802e-05, 5.16325708304e-05, 3.84018640034e-05, 4.72846950288e-05, 8.08498298284e-05, 0.000136338829179, 0.00010271416977, 4.36184236605e-05, 4.87698052893e-05, 5.66761664231e-05, 1.95103420992e-05, 3.21178922604e-05, 3.96090836148e-05, 1.05956578409e-05, 6.90557317284e-06, 2.80508857031e-06, 3.17452577292e-06, 6.08838172411e-06, 4.44565876023e-06, 8.50228298077e-06, 6.60938394503e-06, 3.49536207978e-06, 4.24857853432e-06, 3.71309556613e-06, 2.22895778279e-06, 9.67528535512e-07, 8.68628774242e-07, 3.87803652302e-07, 1.51186355879e-07, 8.47942018822e-08, 7.56970806037e-08, 6.97629118918e-08, 6.25352711836e-08, 6.09603887369e-08, 8.24621224638e-08, 8.11884035556e-08, 5.9774144745e-08],
        "dvar": [2.23450413728e-09, 1.68636979936e-08, 2.7371134248e-09, 6.20142548424e-10, 1.38970368546e-09, 4.40901842813e-10, 1.93056148845e-09, 3.55214702097e-09, 7.61048646325e-09, 1.57551252045e-08, 9.9463735026e-09, 2.00928762517e-09, 3.4038571961e-09, 2.31346664048e-10, 5.96974691902e-10, 1.29866672971e-09, 4.12731238075e-10, 6.36779656782e-11, 2.96767992125e-12, 1.86415531449e-12, 9.9218836272e-12, 5.64699025388e-12, 2.29102656985e-11, 9.71646721415e-12, 2.82849351579e-12, 4.92668319335e-12, 4.11360528974e-12, 1.51398099786e-12, 2.74710132029e-13, 2.39360289402e-13, 3.55827258663e-14, 6.6235422671e-15, 1.80620077475e-15, 1.24585226948e-15, 1.02476110602e-15, 1.13443599082e-15, 1.12806439723e-15, 2.48029564044e-15, 2.1650642823e-15, 1.35001784023e-15],
        "dvar2": [5.62870905441e-09, 4.91398175484e-08, 7.4928827587e-09, 1.6758578969e-09, 3.60596819071e-09, 9.82039227715e-10, 4.89106533053e-09, 1.04255981626e-08, 2.20990425959e-08, 4.46678285471e-08, 2.99286497807e-08, 5.95348526033e-09, 9.54569756573e-09, 6.71931510432e-10, 1.56215462788e-09, 3.61177510122e-09, 1.23631260784e-09, 1.85681858778e-10, 8.63103685744e-12, 5.39164589711e-12, 2.56994009407e-11, 1.62988181979e-11, 6.38651909135e-11, 2.5865811229e-11, 8.17184687973e-12, 1.34300600155e-11, 1.14105105573e-11, 4.29734026142e-12, 7.72140543778e-13, 6.70518274151e-13, 1.08318749478e-13, 2.11798013481e-14, 5.37251526158e-15, 3.5001366497e-15, 2.97669718159e-15, 3.37604505238e-15, 3.53815212365e-15, 7.71790671737e-15, 6.71175778394e-15, 4.11692528958e-15],
        "max": [0.000271128519671, 0.000839641783386, 0.000429733860074, 0.00018844367878, 0.000313892960548, 0.00016411395336, 0.000435831199866, 0.000301697291434, 0.000499866961036, 0.000968257081695, 0.000907490146346, 0.000273088808171, 0.000342085695593, 8.20774512249e-05, 0.000132923480123, 0.000168281374499, 0.000184237680514, 5.28404525539e-05, 1.40181191455e-05, 6.5985150286e-06, 1.73523385456e-05, 1.14779559226e-05, 2.390195732e-05, 1.70252296812e-05, 9.24294636206e-06, 1.32201630549e-05, 1.17396311907e-05, 8.16381452751e-06, 3.00020815303e-06, 3.27220413965e-06, 1.16176340725e-06, 6.78718322433e-07, 2.64286398988e-07, 2.50890337838e-07, 1.90848766124e-07, 1.9979054855e-07, 1.7489165316e-07, 2.91012867137e-07, 2.92997214046e-07, 2.80846819578e-07],
        "mean": [0.000102376921859, 0.000271090073511, 8.72690870892e-05, 4.13993111579e-05, 2.78574589174e-05, 2.25797448365e-05, 2.92011791316e-05, 3.65192718164e-05, 6.12999210716e-05, 3.86586980312e-05, 1.55102552526e-05, 1.89756901818e-05, 2.16542139242e-05, 8.65718266141e-06, 1.48363988046e-05, 1.59914707183e-05, 4.08263713325e-06, 2.95143286166e-06, 1.62824596828e-06, 1.96701603272e-06, 2.94079609375e-06, 2.16825833377e-06, 3.79641642212e-06, 2.972295988e-06, 1.8213495423e-06, 2.03291574508e-06, 1.64561481597e-06, 9.98128484753e-07, 4.82029349769e-07, 3.80527552579e-07, 2.02623567702e-07, 1.03471428758e-07, 6.33449417364e-08, 5.63879360982e-08, 5.39582956094e-08, 5.47974465803e-08, 4.43422827345e-08, 6.11860571098e-08, 5.59425572533e-08, 4.61668783203e-08],