{
"metadata": {
    "version": {
        "essentia": "2.0.1",
        "extractor": "archive-music 1.0 mod ismir14"
    },
    "audio_properties": {
        "analysis_sample_rate": 44100,
        "bitrate": 32,
        "channels": 2,
        "equal_loudness": 0,
        "length": 30.0408172607,
        "replay_gain": -14.828502655,
        "downmix": "mix"
    },
    "tags": {
        "track": 0,
        "year": 0,
        "album": "",
        "artist": "",
        "comment": "",
        "genre": "",
        "title": ""
    }
},
"rhythm": {
    "bpm": 109.314041138,
    "bpm_histogram_first_peak": 110,
    "bpm_histogram_first_peak_spread": 0.396226406097,
    "bpm_histogram_first_peak_weight": 0.603773593903,
    "bpm_histogram_second_peak": 0,
    "bpm_histogram_second_peak_spread": 0,
    "bpm_histogram_second_peak_weight": 0
},
"tonal": {
    "tuning_frequency": {
        "dmean": 0.0427296087146,
        "dmean2": 0.0823946297169,
        "dvar": 0.13400053978,
        "dvar2": 0.303007751703,
        "max": 447.949737549,
        "mean": 442.583679199,
        "median": 442.804626465,
        "min": 440,
        "var": 0.679417133331
    },
    "hpcp": {
        "dmean": [0.100395366549, 0.0748630389571, 0.061576358974, 0.128196150064, 0.0613161064684, 0.111798115075, 0.0512982569635, 0.0786496624351, 0.106459885836, 0.0504865348339, 0.112982645631, 0.0851505249739],
        "dmean2": [0.175586178899, 0.139991670847, 0.113466210663, 0.224267229438, 0.112294428051, 0.195596531034, 0.0982014536858, 0.140338495374, 0.180303350091, 0.093977458775, 0.194980680943, 0.158817246556],
        "dvar": [0.0460663475096, 0.042431242764, 0.0306566916406, 0.0553769879043, 0.027971483767, 0.0482583381236, 0.0248025786132, 0.0284849070013, 0.0390615612268, 0.0211946647614, 0.0476261973381, 0.0514287091792],
        "dvar2": [0.107994303107, 0.110215805471, 0.0848260000348, 0.126227706671, 0.0740907713771, 0.123753480613, 0.0720650181174, 0.0739270821214, 0.0955787077546, 0.0593112744391, 0.12102843821, 0.14663028717],
        "max": [1, 1, 1, 1, 1, 1, 1, 1, 1, 1, 1, 1],
        "mean": [0.160035222769, 0.214086532593, 0.0422489382327, 0.417097270489, 0.0443152748048, 0.216232836246, 0.0321187861264, 0.0935598984361, 0.207101121545, 0.0312660001218, 0.206704169512, 0.0543536506593],
        "median": [0.0215709991753, 0.00492445984855, 0.00351378531195, 0.183263599873, 0.00256875297055, 0.0339138284326, 0.00247224001214, 0.0105080194771, 0.0710999667645, 0.00232404842973, 0.0582030490041, 0.00234712520614],
        "min": [6.35016476735e-07, 3.88468833989e-06, 3.23010158354e-06, 9.36251490202e-06, 2.91142987408e-06, 1.66088852893e-06, 5.04135755364e-07, 4.28597886639e-05, 1.2459682921e-06, 1.65581991496e-06, 5.17059970662e-06, 1.08604126581e-06],
        "var": [0.0890656262636, 0.149460181594, 0.0199902709574, 0.18947429955, 0.0217994656414, 0.119255840778, 0.0142516456544, 0.0447714030743, 0.0979208499193, 0.0126179996878, 0.100619383156, 0.0326547473669]
    }
},
"lowlevel": {
    "melbands": {
        "dmean": [0.000518056971487, 0.000878005463164, 0.000616076169536, 0.000376697658794, 0.000165020421264, 0.000149062310811, 8.43901798362e-05, 0.000119865020679, 0.000177750785952, 0.000110116532596, 2.67603954853e-05, 3.25211003656e-05, 1.890974454e-05, 2.0001842131e-05, 2.20332294703e-05, 1.92099232663e-05, 2.00328177016e-05, 1.79207600013e-05, 1.02058384073e-05, 1.66471090779e-05, 7.11914799467e-06, 5.01606245962e-06, 5.46111277799e-06, 3.25164546666e-06, 1.91917001757e-06, 1.42602380038e-06, 8.78426817508e-07, 6.37045559415e-07, 6.7557056127e-07, 4.82063342133e-07, 3.97657743179e-07, 3.8980843442e-07, 3.61056777365e-07, 2.69437720135e-07, 2.38110246187e-07, 2.09515462757e-07, 1.64304140071e-07, 1.04483504515e-07, 8.44639558295e-08, 7.0741315028e-08],
        "dmean2": [0.00088022305863, 0.00144286151044, 0.000966751656961, 0.00061829079641, 0.000270087941317, 0.000221276655793, 0.00013323064195, 0.000182338277227, 0.000283314206172, 0.000170959479874, 3.98115662392e-05, 4.92445506097e-05, 2.82346354652e-05, 3.14362441713e-05, 3.58647266694e-05, 2.97368769679e-05, 3.2656458643e-05, 2.76317241514e-05, 1.64375487657e-05, 2.63394977082e-05, 1.11984536488e-05, 8.22618949314e-06, 8.95873290574e-06, 5.39351685802e-06, 3.00541046272e-06, 2.21177515414e-06, 1.37067763717e-06, 9.90510784504e-07, 1.00805800685e-06, 7.08726588527e-07, 5.74375064843e-07, 5.64812921766e-07, 5.25408722751e-07, 3.85335539477e-07, 3.58047429927e-07, 3.13859345624e-07, 2.46468260912e-07, 1.61691531275e-07, 1.26887599095e-07, 1.0937674233e-07],
        "dvar": [1.94493441086e-06, 1.38859172694e-06, 6.34615616946e-07, 5.15367617027e-07, 4.40229683818e-08, 6.29806820029e-08, 1.82356032497e-08, 5.89796940176e-08, 1.39258844456e-07, 7.98068029439e-08, 5.22962428917e-09, 8.68093597006e-09, 2.53840970466e-09, 2.48675524617e-09, 4.55396831356e-09, 1.91830307195e-09, 1.86529147683e-09, 1.79062431549e-09, 6.17449757989e-10, 3.65148133952e-09, 2.78146922161e-10, 8.0028997318e-11, 1.71420794226e-10, 4.45880311839e-11, 1.03244478938e-11, 5.70929891905e-12, 2.62077816046e-12, 1.5295836429e-12, 1.43244563346e-12, 8.94083689463e-13, 6.97421666859e-13, 7.07735302655e-13, 6.25500573646e-13, 4.38284770889e-13, 5.6806095201e-13, 7.64379282526e-13, 7.70101159491e-13, 2.54392644103e-13, 9.39131856049e-14, 8.84377071358e-14],
        "dvar2": [5.31972909812e-06, 3.46267461282e-06, 1.52124766828e-06, 1.43031161315e-06, 1.17659261889e-07, 1.2522221482e-07, 4.06545019871e-08, 1.25120266148e-07, 3.24054781231e-07, 1.84354831845e-07, 9.33589117125e-09, 1.70471743388e-08, 5.61537971677e-09, 5.86795767532e-09, 1.16867395761e-08, 4.08125400142e-09, 4.91604312813e-09, 4.04513578189e-09, 1.52840529122e-09, 9.74181624258e-09, 7.05765001996e-10, 2.00316499499e-10, 4.63615923429e-10, 1.15890068375e-10, 2.45121214992e-11, 1.36922599994e-11, 6.30389187031e-12, 3.53885106982e-12, 3.01098577495e-12, 2.00979185551e-12, 1.53081551341e-12, 1.4772709965e-12, 1.27764693356e-12, 8.50243595148e-13, 1.18928825121e-12, 1.65183654515e-12, 1.64289892454e-12, 4.62779229e-13, 1.77622551541e-13, 1.6709572094e-13],
        "max": [0.0122444499284, 0.00994381681085, 0.00847037509084, 0.005545232445, 0.00170663383324, 0.00240070046857, 0.00123750127386, 0.00287047517486, 0.0050973072648, 0.00382475461811, 0.0015605064109, 0.00191498606, 0.00103451160248, 0.000501824019011, 0.000820653396659, 0.000490492850076, 0.000497802335303, 0.000640071753878, 0.000227631506277, 0.0012401904678, 0.00027217582101, 8.73937678989e-05, 0.000228983102716, 9.24004416447e-05, 3.54969597538e-05, 2.54514689004e-05, 1.27978264572e-05, 1.05169210656e-05, 1.30560401885e-05, 7.04294916432e-06, 8.40501343191e-06, 8.78160244611e-06, 1.07974456114e-05, 1.06693505586e-05, 1.4669657503e-05, 1.78927184606e-05, 1.83091469808e-05, 9.95220852928e-06, 6.22921288596e-06, 5.52520850761e-06],
        "mean": [0.000637473596726, 0.00264948490076, 0.00191881903447, 0.000706724473275, 0.000303890759824, 0.000268934032647, 0.000139349358506, 0.000174245753442, 0.000237974905758, 0.000174930784851, 3.76749812858e-05, 3.90486929973e-05, 2.55847353401e-05, 2.52838763117e-05, 2.48041123996e-05, 2.7585285352e-05, 2.52310655924e-05, 2.40886365646e-05, 1.32486284201e-05, 2.64013797278e-05, 1.14251934065e-05, 7.8559778558e-06, 1.04356831798e-05, 6.16028501099e-06, 3.0382695968e-06, 1.92847778635e-06, 1.08880215066e-06, 7.53828260258e-07, 8.33868512018e-07, 5.76782667849e-07, 4.69551679316e-07, 4.60435586547e-07, 4.23405225547e-07, 3.15287309149e-07, 2.68292865258e-07, 2.18282480091e-07, 1.71401254079e-07, 1.15309511273e-07, 8.90204603365e-08, 7.67618004716e-08],