{
"metadata": {
    "version": {
        "essentia": "2.0.1",
        "extractor": "archive-music 1.0 mod ismir14"
    },
    "audio_properties": {
        "analysis_sample_rate": 44100,
        "bitrate": 160,
        "channels": 2,
        "equal_loudness": 0,
        "length": 30.0669155121,
        "replay_gain": -13.4180603027,
        "downmix": "mix"
    },
    "tags": {
        "track": 0,
        "year": 0,
        "album": "",
        "artist": "",
        "comment": "",
        "genre": "",
        "title": ""
    }
},
"rhythm": {
    "bpm": 90.2942581177,
    "bpm_histogram_first_peak": 91,
    "bpm_histogram_first_peak_spread": 0.31707316637,
    "bpm_histogram_first_peak_weight": 0.651162803173,
    "bpm_histogram_second_peak": 83,
    "bpm_histogram_second_peak_spread": 0.5,
    "bpm_histogram_second_peak_weight": 0.0232558138669
},
"tonal": {
    "tuning_frequency": {
        "dmean": 0.205458700657,
        "dmean2": 0.39526116848,
        "dvar": 1.72656726837,
        "dvar2": 3.948792696,
        "max": 456.570251465,
        "mean": 446.968597412,
        "median": 447.432556152,
        "min": 431.193908691,
        "var": 19.1390609741
    },
    "hpcp": {
        "dmean": [0.230886951089, 0.146025389433, 0.120002403855, 0.150399565697, 0.236847415566, 0.27938824892, 0.200603067875, 0.21177534759, 0.130292072892, 0.0824467837811, 0.105594731867, 0.11644333601],
        "dmean2": [0.39866489172, 0.274112671614, 0.208284422755, 0.271599799395, 0.425505369902, 0.49497666955, 0.380277216434, 0.373768478632, 0.233231961727, 0.14740999043, 0.184896409512, 0.20479772985],
        "dvar": [0.0847779065371, 0.0673683509231, 0.0351357497275, 0.0623140223324, 0.0866671279073, 0.0963616743684, 0.0998426154256, 0.0771144255996, 0.0549141913652, 0.0281035378575, 0.0339276455343, 0.0367781333625],
        "dvar2": [0.185087278485, 0.19315341115, 0.0940447002649, 0.155644223094, 0.220544829965, 0.211529478431, 0.279046297073, 0.193001300097, 0.141815289855, 0.0752387270331, 0.0867546200752, 0.10106831044],
        "max": [1, 1, 1, 1, 1, 1, 1, 1, 1, 1, 1, 1],
        "mean": [0.440695077181, 0.096925213933, 0.134384334087, 0.137565359473, 0.22469766438, 0.441731095314, 0.144737929106, 0.263011842966, 0.1279771626, 0.0754678696394, 0.0979074537754, 0.10394616425],
        "median": [0.243185579777, 0.0179783068597, 0.0467882379889, 0.0261320937425, 0.0680809244514, 0.290277481079, 0.0191177986562, 0.104032926261, 0.0319229997694, 0.0255586951971, 0.0307018347085, 0.032389588654],
        "min": [0.00197657104582, 0.000446989608463, 0.00113644020166, 0.000217216773308, 0.00160677928943, 0.00100050680339, 0.000330352719175, 0.00129505095538, 0.000414088892285, 0.00040819181595, 0.000457578134956, 0.000745499797631],
        "var": [0.169771671295, 0.0451886169612, 0.0458996258676, 0.0684299916029, 0.0943005904555, 0.160863593221, 0.0788482651114, 0.106108665466, 0.0593832060695, 0.0219962969422, 0.0331267118454, 0.0318769626319]
    }
},
"lowlevel": {
    "melbands": {
        "dmean": [0.00023664382752, 0.000516023661476, 0.00017712765839, 0.000113025984319, 7.99159970484e-05, 5.91843891016e-05, 8.05223389762e-05, 0.000105592858745, 0.000182916875929, 0.000134755056933, 5.36369261681e-05, 6.9826899562e-05, 5.81878630328e-05, 2.89006293315e-05, 5.25766372448e-05, 6.39279387542e-05, 1.39686717375e-05, 9.86426766758e-06, 4.77963067169e-06, 6.10548613622e-06, 9.1869269454e-06, 6.85370787323e-06, 1.33795047077e-05, 1.17285535453e-05, 6.41039150651e-06, 6.39348854747e-06, 5.6874027905e-06, 3.68164637621e-06, 1.66976269611e-06, 1.40505585478e-06, 6.66645405545e-07, 2.80816379927e-07, 1.57124588895e-07, 1.29217283984e-07, 1.22110336065e-07, 9.40716304854e-08, 5.66005660119e-08, 3.58101068798e-08, 1.10702620404e-08, 8.06337774328e-10],
        "dmean2": [0.000404048652854, 0.000792915176135, 0.000283718691207, 0.000176008063136, 0.000129917578306, 8.84579567355e-05, 0.000124266618514, 0.000160270792549, 0.000282178109046, 0.000226672083954, 8.33025042084e-05, 0.000111456502054, 8.25456590974e-05, 4.86276585434e-05, 8.62701126607e-05, 0.000101946090581, 2.27938162425e-05, 1.52121165229e-05, 7.30700276108e-06, 9.76960473054e-06, 1.45489411807e-05, 1.07262503661e-05, 2.11538772419e-05, 1.8802105842e-05, 1.01339146568e-05, 9.74327031145e-06, 8.89909915713e-06, 5.92697642787e-06, 2.63103675024e-06, 2.20468359657e-06, 1.0724539834e-06, 4.36936289816e-07, 2.45511756702e-07, 1.94397827613e-07, 1.90505872411e-07, 1.49935843297e-07, 8.76237180591e-08, 5.59403581235e-08, 1.72641652085e-08, 1.28893329343e-09],
        "dvar": [7.1111053046e-08, 2.14454246361e-07, 3.55798412954e-08, 1.90781079823e-08, 1.64502562683e-08, 7.40305461377e-09, 1.83753758876e-08, 3.25200559814e-08, 1.10460419478e-07, 1.53122627466e-07, 5.40720037634e-08, 4.8276501019e-08, 2.01361309848e-08, 4.59474280845e-09, 1.98932035289e-08, 3.45235697807e-08, 2.6225839278e-09, 6.5410632466e-10, 4.31686908442e-11, 6.43827768876e-11, 1.76382644601e-10, 1.00085259525e-10, 4.14131590132e-10, 3.64964697352e-10, 1.00090352673e-10, 8.82815764935e-11, 8.34822766471e-11, 3.95169209855e-11, 8.90724213137e-12, 7.00589976657e-12, 1.33085415518e-12, 1.28820999007e-13, 3.81301977839e-14, 2.910863621e-14, 2.98138995588e-14, 1.24362885035e-14, 5.47794545253e-15, 2.24584496745e-15, 2.58597755898e-16, 1.74501587754e-18],
        "dvar2": [2.01655765864e-07, 5.16844238518e-07, 7.89772727217e-08, 4.43987744347e-08, 4.08133047358e-08, 1.51762566958e-08, 3.57128193684e-08, 6.70884716669e-08, 2.37291516214e-07, 3.48825039964e-07, 8.80769306377e-08, 1.27690341856e-07, 3.5538750609e-08, 1.14364313575e-08, 5.2372651993e-08, 8.22807066925e-08, 4.94506036119e-09, 1.38978140107e-09, 9.22406248605e-11, 1.65631119931e-10, 4.25612378674e-10, 2.3637647395e-10, 9.59651802468e-10, 8.99190777393e-10, 2.48617848531e-10, 1.95220478671e-10, 1.93604576815e-10, 1.01144558007e-10, 2.26575702644e-11, 1.69052254834e-11, 3.35302076902e-12, 2.97070771845e-13, 9.17972430925e-14, 7.0084359865e-14, 7.44663459042e-14, 2.75362974203e-14, 1.32240426969e-14, 5.37812304321e-15, 6.19154085268e-16, 4.61015176413e-18],
        "max": [0.00226408685558, 0.00386451673694, 0.00213215989061, 0.00179423298687, 0.00153574475553, 0.00122169288807, 0.00250003300607, 0.00161776854657, 0.00390098779462, 0.0045041362755, 0.0053194295615, 0.00315550691448, 0.00161285686772, 0.000797008222435, 0.0015941679012, 0.00268982676789, 0.000959230179433, 0.000365787622286, 7.96966633061e-05, 5.33672064194e-05, 0.000121075609059, 8.24288945296e-05, 0.000181339928531, 0.000143261087942, 7.77320819907e-05, 8.64410030772e-05, 8.60162253957e-05, 5.26946678292e-05, 2.703647624e-05, 2.60838496615e-05, 1.09707025331e-05, 4.35872107118e-06, 1.83932741038e-06, 1.79061294148e-06, 2.10669963963e-06, 1.12620330128e-06, 7.47633464471e-07, 4.58263428982e-07, 1.66003985669e-07, 1.54249963913e-08],
        "mean": [0.000403529033065, 0.00105148449074, 0.000343803112628, 0.000159673494636, 0.000105487946712, 8.75143232406e-05, 0.000116948431241, 0.000138427378261, 0.000230477176956, 0.000144610909047, 5.48537282157e-05, 6.97520226822e-05, 7.94989828137e-05, 3.26628760376e-05, 5.68942741666e-05, 6.19156489847e-05, 1.46636048157e-05, 1.08234689833e-05, 6.24724498266e-06, 7.53133099352e-06, 1.11808012662e-05, 8.38456708152e-06, 1.43898523675e-05, 1.13067198981e-05, 7.06852461008e-06, 7.83981977293e-06, 6.25867733106e-06, 3.79622861146e-06, 1.85096291716e-06, 1.45673163843e-06, 7.77555044351e-07, 3.96437854988e-07, 2.42601345235e-07, 2.07229078342e-07, 1.86771302424e-07, 1.60241924618e-07, 8.6997630433e-08, 5.80280890006e-08, 1.69573972642e-08, 1.18980847397e-09],