{
"metadata": {
    "version": {
        "essentia": "2.0.1",
        "extractor": "archive-music 1.0 mod ismir14"
    },
    "audio_properties": {
        "analysis_sample_rate": 44100,
        "bitrate": 96,
        "channels": 2,
        "equal_loudness": 0,
        "length": 30.0669155121,
        "replay_gain": -13.4122962952,
        "downmix": "mix"
    },
    "tags": {
        "track": 0,
        "year": 0,
        "album": "",
        "artist": "",
        "comment": "",
        "genre": "",
        "title": ""
    }
},
"rhythm": {
    "bpm": 88.2892990112,
    "bpm_histogram_first_peak": 89,
    "bpm_histogram_first_peak_spread": 0.333333313465,
    "bpm_histogram_first_peak_weight": 0.651162803173,
    "bpm_histogram_second_peak": 94,
    "bpm_histogram_second_peak_spread": 0,
    "bpm_histogram_second_peak_weight": 0.0232558138669
},
"tonal": {
    "tuning_frequency": {
        "dmean": 0.245001703501,
        "dmean2": 0.47591650486,
        "dvar": 2.15687704086,
        "dvar2": 5.74286079407,
        "max": 451.586883545,
        "mean": 443.252593994,
        "median": 443.828887939,
        "min": 432.690917969,
        "var": 3.72414779663
    },
    "hpcp": {
        "dmean": [0.215728059411, 0.146490618587, 0.227986514568, 0.250859707594, 0.120814748108, 0.232000231743, 0.251511394978, 0.268744170666, 0.194022998214, 0.106123432517, 0.237332850695, 0.083084911108],
        "dmean2": [0.370601832867, 0.264617741108, 0.417329639196, 0.440762192011, 0.212335005403, 0.385871499777, 0.433693647385, 0.465788424015, 0.34149864316, 0.187357440591, 0.414668023586, 0.15331363678],
        "dvar": [0.0418522283435, 0.029448332265, 0.0581734441221, 0.0578530617058, 0.029229387641, 0.0661505907774, 0.0628192424774, 0.0458760261536, 0.0499187558889, 0.0208469387144, 0.0582951977849, 0.0148833515123],
        "dvar2": [0.101212874055, 0.0813642516732, 0.159628599882, 0.171378597617, 0.0809404924512, 0.155558347702, 0.141819655895, 0.130792468786, 0.131532594562, 0.0507791042328, 0.148494914174, 0.0434562005103],
        "max": [1, 1, 1, 1, 1, 1, 1, 1, 1, 1, 1, 1],
        "mean": [0.299351751804, 0.169442266226, 0.234097883105, 0.305579274893, 0.132535457611, 0.320910453796, 0.350073993206, 0.388809800148, 0.251419425011, 0.130123332143, 0.782477259636, 0.0978538990021],
        "median": [0.22751557827, 0.108496412635, 0.142519593239, 0.207648172975, 0.0815259665251, 0.149014487863, 0.251677781343, 0.329639822245, 0.130827024579, 0.0810737237334, 0.975502133369, 0.0698102042079],
        "min": [0.0183637887239, 0.00554104801267, 0.00565770408139, 0.00600879173726, 0.00334181170911, 0.0256046745926, 0.010323044844, 0.00801240932196, 0.00807826779783, 0.00348940468393, 0.0831915363669, 0.00457292096689],
        "var": [0.0642630383372, 0.0325471125543, 0.0634833052754, 0.0725693330169, 0.0274905338883, 0.108747631311, 0.0960486158729, 0.0821058005095, 0.0746060088277, 0.0246230363846, 0.0761264711618, 0.0107815722004]
    }
},
"lowlevel": {
    "melbands": {
        "dmean": [1.43988690979e-05, 6.58844874124e-05, 5.72421886318e-05, 3.78145232389e-05, 1.64214307006e-05, 2.85654405161e-05, 3.07272857754e-05, 3.83077749575e-05, 4.32886263297e-05, 2.45188293775e-05, 1.69276445376e-05, 1.09451539174e-05, 9.58773853199e-06, 5.29982253283e-06, 8.77074398886e-06, 5.2371460697e-06, 6.40406233288e-06, 3.93032951251e-06, 2.90979187412e-06, 3.03913702737e-06, 2.30556361203e-06, 2.44458829002e-06, 3.94620292354e-06, 4.13036286773e-06, 2.5741094305e-06, 1.67160146702e-06, 1.60787431014e-06, 9.81594439509e-07, 4.42236114395e-07, 4.18943159275e-07, 3.39493851698e-07, 1.71540520455e-07, 7.68770220816e-08, 4.95774870046e-08, 4.36935287951e-08, 2.98785458597e-08, 1.72639147422e-08, 7.69366526043e-09, 1.5083153615e-09, 7.00508817619e-11],
        "dmean2": [2.58327818301e-05, 0.000125883874716, 0.000104174505395, 6.73089452903e-05, 2.99902621919e-05, 5.11550679221e-05, 5.64725378354e-05, 6.88274667482e-05, 7.14959314791e-05, 4.39351242676e-05, 2.93444845738e-05, 2.00248396141e-05, 1.71071642399e-05, 9.51238871494e-06, 1.59976389114e-05, 9.50831145019e-06, 1.16851806524e-05, 7.05355932951e-06, 5.24211327502e-06, 5.26442863702e-06, 4.04660249842e-06, 4.24114659836e-06, 7.16069871487e-06, 6.87799229127e-06, 4.64167806058e-06, 2.90732145913e-06, 2.67339623861e-06, 1.6543615402e-06, 7.49574098791e-07, 7.20892728623e-07, 5.91527509641e-07, 2.91768827765e-07, 1.29709420094e-07, 8.5052505483e-08, 7.19834858387e-08, 5.03571797594e-08, 3.1420128721e-08, 1.3555133016e-08, 2.67539124188e-09, 1.2625067658e-10],
        "dvar": [4.27137242243e-10, 5.06523223365e-09, 3.33610983283e-09, 2.48735188002e-09, 2.65700295099e-10, 6.04151284556e-10, 8.12673428552e-10, 1.57976753901e-09, 7.06692260266e-09, 4.62450211458e-09, 5.80344439172e-10, 6.65808741473e-10, 5.60361701485e-10, 1.0428025804e-10, 3.28634591762e-10, 8.87577927822e-11, 2.23306276248e-10, 6.12362036079e-11, 1.7421760215e-11, 4.90941488851e-11, 1.08942967494e-11, 1.2136504475e-11, 4.51813794711e-11, 4.47707947104e-11, 1.89288654195e-11, 7.79091201275e-12, 9.02821133825e-12, 4.18314298131e-12, 3.96336771995e-13, 6.62353960741e-13, 4.2809167127e-13, 9.07049094038e-14, 1.46000070622e-14, 6.26979123865e-15, 4.3482427877e-15, 1.24760107488e-15, 3.88694102133e-16, 4.60466102194e-17, 1.8275292116e-18, 5.23646000152e-21],
        "dvar2": [1.09016684569e-09, 1.61917839137e-08, 9.32006916088e-09, 6.7152639005e-09, 7.32542082549e-10, 1.98292715581e-09, 2.13406003979e-09, 4.30828972497e-09, 1.54391717189e-08, 1.31166748574e-08, 1.43503320338e-09, 1.88169169135e-09, 1.55510704314e-09, 2.96067059757e-10, 1.00205832521e-09, 2.54321758097e-10, 6.30610286212e-10, 1.59090116081e-10, 4.68569627543e-11, 1.29658922488e-10, 2.43895511426e-11, 3.44317491185e-11, 1.32363633942e-10, 1.21467433334e-10, 4.54321753829e-11, 2.13944782029e-11, 2.18872628355e-11, 1.0881072085e-11, 9.88892236327e-13, 1.64090171572e-12, 1.10626362671e-12, 2.45779552309e-13, 3.46260292574e-14, 1.49722051976e-14, 8.53103632387e-15, 2.58838932648e-15, 9.1052420764e-16, 1.2679527355e-16, 4.43978812671e-18, 1.41858324658e-20],
        "max": [0.000139369920362, 0.000442352669779, 0.000282788736513, 0.000292188313324, 0.000114170747111, 0.000140986958286, 0.000138797593536, 0.000169444683706, 0.000873924582265, 0.000563912908547, 0.000158438109793, 0.000159142698976, 0.00014048461162, 6.29302376183e-05, 0.00011101912969, 5.26447765878e-05, 9.65473955148e-05, 7.2879709478e-05, 2.13585772144e-05, 6.16608231212e-05, 2.20492747758e-05, 2.37425028899e-05, 3.4917233279e-05, 4.9765840231e-05, 2.87438961095e-05, 1.71992469404e-05, 2.43238846451e-05, 1.29715053845e-05, 5.36895549885e-06, 7.42588918001e-06, 3.96512086809e-06, 1.72017405475e-06, 8.50022786381e-07, 6.13868166965e-07, 6.14309101366e-07, 2.83616799379e-07, 1.4835904949e-07, 4.79219188776e-08, 1.08979900659e-08, 5.3843440817e-10],
        "mean": [1.89450074686e-05, 7.49241007725e-05, 8.01940987003e-05, 4.15913564211e-05, 2.26844204008e-05, 4.14405658375e-05, 4.14238020312e-05, 3.16324694722e-05, 4.88997247885e-05, 2.51960063906e-05, 1.96306555154e-05, 8.9666882559e-06, 7.30776037017e-06, 4.83446001454e-06, 7.71245322539e-06, 4.3821928557e-06, 4.94684536534e-06, 3.95922370444e-06, 2.73399064099e-06, 2.4707430839e-06, 2.20564675146e-06, 2.27735358749e-06, 3.60812532563e-06, 3.82153530154e-06, 2.49715253631e-06, 2.06753361454e-06, 1.66126483236e-06, 9.51124945914e-07, 5.26498467934e-07, 4.39744809455e-07, 3.53468266212e-07, 2.14179934233e-07, 1.05067073264e-07, 8.1347856451e-08, 7.39097600899e-08, 5.1635211662e-08, 3.1638450082e-08, 1.23972441202e-08, 2.11165573916e-09, 1.02092820309e-10],