{
"metadata": {
    "version": {
        "essentia": "2.0.1",
        "extractor": "archive-music 1.0 mod ismir14"
    },
    "audio_properties": {
        "analysis_sample_rate": 44100,
        "bitrate": 128,
        "channels": 2,
        "equal_loudness": 0,
        "length": 30.0669155121,
        "replay_gain": -8.86243057251,
        "downmix": "mix"
    },
    "tags": {
        "track": 7,
        "year": 0,
        "album": "The Cool Jazz Collection",
        "artist": "Astrud Gilberto",
        "comment": "",
        "genre": "Jazz",
        "title": "Girl From Ipanema"
    }
},
"rhythm": {
    "bpm": 130.002792358,
    "bpm_histogram_first_peak": 129,
    "bpm_histogram_first_peak_spread": 0.490909099579,
    "bpm_histogram_first_peak_weight": 0.444444447756,
    "bpm_histogram_second_peak": 136,
    "bpm_histogram_second_peak_spread": 0.199999988079,
    "bpm_histogram_second_peak_weight": 0.0634920671582
},
"tonal": {
    "tuning_frequency": {
        "dmean": 0.102539367974,
        "dmean2": 0.192612320185,
        "dvar": 1.24045455456,
        "dvar2": 2.54940962791,
        "max": 456.04309082,
        "mean": 437.500244141,
        "median": 434.193115234,
        "min": 433.942382812,
        "var": 26.5881958008
    },
    "hpcp": {
        "dmean": [0.104694925249, 0.127377957106, 0.165420696139, 0.175066813827, 0.154163345695, 0.124349750578, 0.146268084645, 0.15651832521, 0.234597489238, 0.140798658133, 0.120783105493, 0.11169346422],
        "dmean2": [0.201802968979, 0.245324954391, 0.319555729628, 0.333601117134, 0.296795964241, 0.240448698401, 0.279723495245, 0.301877349615, 0.451445072889, 0.273695886135, 0.230866923928, 0.215604230762],
        "dvar": [0.069957152009, 0.0836394354701, 0.109349124134, 0.103618681431, 0.0983838886023, 0.0818544924259, 0.0902451574802, 0.102064482868, 0.137570589781, 0.0992396399379, 0.077565446496, 0.0779985561967],
        "dvar2": [0.197452276945, 0.236165627837, 0.308398663998, 0.286610037088, 0.281501412392, 0.236346542835, 0.256917536259, 0.28881791234, 0.385181576014, 0.281574398279, 0.21794167161, 0.221931889653],
        "max": [1, 1, 1, 1, 1, 1, 1, 1, 1, 1, 1, 1],
        "mean": [0.0660499855876, 0.115201584995, 0.117111176252, 0.200957223773, 0.112858362496, 0.0960303544998, 0.136375039816, 0.11809990555, 0.205678105354, 0.0917496234179, 0.0930035710335, 0.0871841534972],
        "median": [0.000343211606378, 0.00179071165621, 0.000732036598492, 0.00312101654708, 0.00107578036841, 0.00107643485535, 0.00157589872833, 0.00106209691148, 0.00498841656372, 0.000326113688061, 0.00174696627073, 0.000596045516431],
        "min": [0, 0, 0, 0, 0, 0, 0, 0, 0, 0, 0, 0],
        "var": [0.0467082858086, 0.0818740651011, 0.086317665875, 0.131786346436, 0.078886769712, 0.0693508759141, 0.0943843051791, 0.0847096145153, 0.135523989797, 0.0709363296628, 0.0610975772142, 0.0657240450382]
    }
},
"lowlevel": {
    "melbands": {
        "dmean": [0.000788355246186, 0.00345392082818, 0.00357966590673, 0.00184119562618, 0.000993879744783, 0.000366859661881, 0.00012880313443, 0.000119230804557, 4.99370144098e-05, 2.67629984592e-05, 2.71796288871e-05, 2.70650962193e-05, 8.34098864289e-06, 6.14736745774e-06, 7.99044573796e-06, 4.6308337005e-06, 3.71388682652e-06, 1.63437869105e-06, 1.59860314852e-06, 1.58215993906e-06, 1.01950206499e-06, 1.239612061e-06, 1.43953377574e-06, 1.54704650868e-06, 5.76444961098e-07, 3.73406521703e-07, 5.29063299837e-07, 8.31553450098e-07, 6.78235323903e-07, 8.87105954916e-07, 1.41718624036e-06, 2.22435551223e-06, 2.87124612441e-06, 1.66485290265e-06, 6.80529694819e-07, 3.14131966661e-07, 2.01282702506e-07, 7.54613935783e-08, 2.09871089396e-08, 2.95131630246e-09],
        "dmean2": [0.00132782338187, 0.00595756899565, 0.00620743026957, 0.00311439158395, 0.00164249353111, 0.000618355465122, 0.000190913851839, 0.000168805345311, 6.8682442361e-05, 3.51181697624e-05, 3.59410696547e-05, 3.46950218955e-05, 1.17152412713e-05, 9.08603124117e-06, 1.1096635717e-05, 6.8906465458e-06, 5.08067478222e-06, 2.48008132075e-06, 2.22007861339e-06, 2.28668227464e-06, 1.52964628342e-06, 1.8455297095e-06, 2.0687793949e-06, 2.3339089239e-06, 8.39746633119e-07, 5.68874781948e-07, 7.82899462592e-07, 1.32014599785e-06, 1.0303003819e-06, 1.305883643e-06, 2.27506188821e-06, 3.52542906512e-06, 4.64232243758e-06, 2.58689397015e-06, 1.06426261937e-06, 4.5309158736e-07, 2.92545962566e-07, 1.17267020983e-07, 3.08174676888e-08, 4.70013716836e-09],
        "dvar": [2.29388456319e-06, 3.05756620946e-05, 3.76161042368e-05, 9.37119330047e-06, 2.59060811914e-06, 3.9102383198e-07, 1.42654727142e-07, 1.34106088012e-07, 1.81198007709e-08, 9.51118384052e-09, 6.55723830789e-09, 1.70491798457e-08, 6.77094103008e-10, 3.05601682848e-10, 7.43458183905e-10, 5.04320696315e-10, 5.24260967971e-10, 5.00690947036e-11, 7.44913852824e-11, 7.72175309804e-11, 1.7595518792e-11, 1.59892429158e-11, 2.07153547788e-11, 5.19255506648e-11, 5.91072113129e-12, 1.36907954591e-12, 3.55711900907e-12, 1.40516617439e-11, 7.1134725714e-12, 2.41032385023e-11, 6.09094580328e-11, 1.61890084671e-10, 6.4359023666e-10, 1.55126675394e-10, 1.06873182179e-11, 1.08568807156e-12, 4.72503763546e-13, 8.6598737621e-14, 8.49809944772e-15, 3.93545033352e-16],
        "dvar2": [5.96295649302e-06, 9.2341339041e-05, 0.000121391502034, 2.5884808565e-05, 7.03510431777e-06, 1.07324262899e-06, 2.25891497507e-07, 1.9979056276e-07, 2.83159735659e-08, 1.1788654497e-08, 1.12262918961e-08, 1.77543224567e-08, 1.35787348032e-09, 6.15484829769e-10, 1.23589138923e-09, 9.99787030942e-10, 8.15192080506e-10, 1.03010898422e-10, 1.14517423322e-10, 1.59682433942e-10, 3.80719483717e-11, 3.20503970586e-11, 4.01111609205e-11, 1.39163805479e-10, 1.36558056529e-11, 3.2676986117e-12, 7.57831384451e-12, 3.66254873652e-11, 1.64667585123e-11, 5.25383972438e-11, 1.39431757806e-10, 3.73500647077e-10, 1.71896130663e-09, 3.35102001703e-10, 2.92646497313e-11, 2.25257442907e-12, 1.0717413285e-12, 2.18760353257e-13, 1.82337123373e-14, 1.16165370051e-15],
        "max": [0.035600554198, 0.0805858075619, 0.059754319489, 0.0814437642694, 0.0259202122688, 0.0113586392254, 0.00936109572649, 0.00828510522842, 0.00363791757263, 0.00415725354105, 0.0021735006012, 0.00980982370675, 0.000938404118642, 0.000640123267658, 0.00162445241585, 0.000819149310701, 0.00115509680472, 0.000273440062301, 0.000378494296456, 0.000312685122481, 0.000131771856104, 9.10955423024e-05, 9.35038842726e-05, 0.000172069689143, 9.42122860579e-05, 3.04473778669e-05, 6.03433909419e-05, 0.000125062782899, 7.03375771991e-05, 0.000164940604009, 0.000200604830752, 0.000275600788882, 0.000956756004598, 0.000612180621829, 9.03273976292e-05, 2.51347464655e-05, 1.34158590299e-05, 9.7304045994e-06, 3.06441870634e-06, 7.49273851852e-07],
        "mean": [0.00151222210843, 0.00616047903895, 0.00745181599632, 0.00365821225569, 0.00226766755804, 0.000811716425233, 0.000303567387164, 0.000299140403513, 0.00014076588559, 8.6951389676e-05, 8.50323194754e-05, 8.6150081188e-05, 2.24582763622e-05, 1.26511849885e-05, 1.98939105758e-05, 1.19014684969e-05, 8.21938738227e-06, 3.39083726431e-06, 3.28407668349e-06, 3.19922742165e-06, 1.72135946741e-06, 2.61193849838e-06, 3.09717052005e-06, 2.48294918492e-06, 1.063552304e-06, 7.13330166491e-07, 9.79563765213e-07, 1.26949134938e-06, 1.09696793515e-06, 1.38508062264e-06, 2.39023211179e-06, 3.89855131289e-06, 4.16173315898e-06, 2.86941985905e-06, 1.27213991163e-06, 6.9192861929e-07, 4.07095114952e-07, 1.49135146899e-07, 4.71327332718e-08, 4.75672790046e-09],