{
"metadata": {
    "version": {
        "essentia": "2.0.1",
        "extractor": "archive-music 1.0 mod ismir14"
    },
    "audio_properties": {
        "analysis_sample_rate": 44100,
        "bitrate": 128,
        "channels": 2,
        "equal_loudness": 0,
        "length": 30.0669155121,
        "replay_gain": -12.156419754,
        "downmix": "mix"
    },
    "tags": {
        "track": 6,
        "year": 0,
        "album": "Swing Classics (Jazz & Tzaz 70)",
        "artist": "Benny Carter",
        "comment": "",
        "genre": "Jazz",
        "title": "Babalu"
    }
},
"rhythm": {
    "bpm": 92.6367721558,
    "bpm_histogram_first_peak": 94,
    "bpm_histogram_first_peak_spread": 0.555555582047,
    "bpm_histogram_first_peak_weight": 0.355555564165,
    "bpm_histogram_second_peak": 89,
    "bpm_histogram_second_peak_spread": 0,
    "bpm_histogram_second_peak_weight": 0.177777782083
},
"tonal": {
    "tuning_frequency": {
        "dmean": 0.057657379657,
        "dmean2": 0.111965999007,
        "dvar": 0.516022384167,
        "dvar2": 1.11728382111,
        "max": 456.570251465,
        "mean": 436.936401367,
        "median": 437.465789795,
        "min": 434.193115234,
        "var": 4.89342880249
    },
    "hpcp": {
        "dmean": [0.149641364813, 0.143532127142, 0.152790218592, 0.203133508563, 0.146176159382, 0.126111164689, 0.145379051566, 0.124027326703, 0.194133713841, 0.13630245626, 0.181028902531, 0.183706700802],
        "dmean2": [0.277925729752, 0.261763215065, 0.288409352303, 0.366753518581, 0.270926207304, 0.235651478171, 0.251932471991, 0.231377720833, 0.350453317165, 0.255381196737, 0.326699346304, 0.329886734486],
        "dvar": [0.0686503574252, 0.0602744556963, 0.0810454115272, 0.08632081002, 0.0697926729918, 0.0588910020888, 0.0512986332178, 0.0555004030466, 0.0730548575521, 0.0621650591493, 0.0711051672697, 0.068619504571],
        "dvar2": [0.194223314524, 0.165331542492, 0.233930572867, 0.234560772777, 0.18818923831, 0.168687716126, 0.135575860739, 0.150176033378, 0.194398969412, 0.177437797189, 0.189747214317, 0.178701683879],
        "max": [1, 1, 1, 1, 1, 1, 1, 1, 1, 1, 1, 1],
        "mean": [0.113666243851, 0.151236504316, 0.108551293612, 0.401917517185, 0.16776125133, 0.102908723056, 0.235015332699, 0.100580379367, 0.287486642599, 0.0998674407601, 0.19551435113, 0.227154195309],
        "median": [0.0126189393923, 0.0206030178815, 0.00381884188391, 0.193044394255, 0.0123364757746, 0.0116926794872, 0.0613384284079, 0.0081097073853, 0.102195054293, 0.00829828158021, 0.0637255907059, 0.0593408085406],
        "min": [0, 0, 0, 0, 0, 0, 0, 0, 0, 0, 0, 0],
        "var": [0.0561044104397, 0.0687165036798, 0.0644317790866, 0.175964444876, 0.0984888225794, 0.0499945320189, 0.111722759902, 0.050161883235, 0.128648072481, 0.0472697354853, 0.0809083208442, 0.102760396898]
    }
},
"lowlevel": {
    "melbands": {
        "dmean": [2.85175192403e-05, 0.000126887214719, 0.000141257594805, 0.000269791606115, 0.000320286111673, 0.000351005932316, 0.000271012628218, 0.000359800586011, 0.000259158143308, 0.000159938514116, 0.000119961448945, 0.000102601268736, 9.55092255026e-05, 8.07936448837e-05, 0.000146801205119, 0.00013241256238, 7.37448644941e-05, 3.78729746444e-05, 3.93400878238e-05, 4.44758734375e-05, 1.48911312863e-05, 2.25047933782e-05, 1.04574864963e-05, 6.91361719873e-06, 9.00206850929e-06, 3.07955792778e-06, 1.82997121101e-06, 2.22925245907e-06, 1.78514721938e-06, 1.67348991909e-06, 8.03740022093e-07, 3.90253745763e-07, 2.59213663867e-07, 9.86701635952e-08, 4.13490646167e-08, 3.36210632668e-08, 7.29904670038e-09, 7.53969719991e-10, 7.87953244319e-11, 2.28108816558e-11],
        "dmean2": [4.39480500063e-05, 0.000205626958632, 0.000247934076469, 0.00049110094551, 0.000585380301345, 0.000596887432039, 0.000420741649577, 0.000502455746755, 0.000354022020474, 0.00021537412249, 0.000187166166143, 0.000160035546287, 0.000146660036989, 0.000127722480102, 0.000225773066632, 0.000213690713281, 0.000111908455438, 5.37766463822e-05, 5.8839799749e-05, 6.66963169351e-05, 2.29156757996e-05, 3.5832348658e-05, 1.68742444657e-05, 1.05304407043e-05, 1.33253706736e-05, 4.6764189392e-06, 2.88567844109e-06, 3.43044780493e-06, 2.73423529507e-06, 2.38090274252e-06, 1.15383875254e-06, 5.69987150811e-07, 3.70646091596e-07, 1.43554387932e-07, 6.01112262189e-08, 4.91794942548e-08, 1.08663789078e-08, 1.12474818348e-09, 1.21189822067e-10, 4.17976243894e-11],
        "dvar": [1.39930211862e-09, 2.69939466335e-08, 5.85557557997e-08, 1.83712927537e-07, 2.29134272445e-07, 2.78767259942e-07, 1.48343175965e-07, 5.35516278433e-07, 2.17377788658e-07, 8.03501691848e-08, 8.57390958231e-08, 7.21641129076e-08, 5.59767840969e-08, 3.38430083957e-08, 9.13505999733e-08, 1.28073111227e-07, 3.9709487254e-08, 8.13259770638e-09, 1.21932464126e-08, 1.25287034081e-08, 7.21215143162e-10, 4.39588543344e-09, 5.61690971512e-10, 1.98490723857e-10, 4.8356507687e-10, 6.42460043498e-11, 2.01623214652e-11, 5.19597559423e-11, 2.02794985665e-11, 1.60021527279e-11, 4.29570354982e-12, 1.26048629e-12, 6.68798241614e-13, 1.02672034828e-13, 1.37920900964e-14, 9.20324760004e-15, 3.04447093468e-16, 4.61681553115e-18, 5.35036705318e-20, 2.38310189216e-21],
        "dvar2": [2.90294144278e-09, 7.0258948881e-08, 1.72319175817e-07, 5.54412054043e-07, 7.2454383826e-07, 7.9727612956e-07, 3.64703765854e-07, 1.1498702861e-06, 4.58268175407e-07, 1.54768457605e-07, 2.28718519679e-07, 1.97072012043e-07, 1.4628773215e-07, 9.41377820141e-08, 2.14300570178e-07, 3.29192545223e-07, 1.020203797e-07, 1.59593884774e-08, 2.75756235624e-08, 2.78934635389e-08, 1.65151869957e-09, 1.18115490721e-08, 1.55728130391e-09, 4.54425747032e-10, 1.04301822734e-09, 1.44210379749e-10, 4.72778621807e-11, 1.21891829963e-10, 4.64484457841e-11, 3.44956702092e-11, 9.20346091005e-12, 2.6373358792e-12, 1.44636559674e-12, 2.02029094409e-13, 2.83130774549e-14, 1.98886554741e-14, 6.82720043371e-16, 1.00817203192e-17, 1.17862845832e-19, 7.14478708121e-21],
        "max": [0.000488567515276, 0.00243707397021, 0.00596295436844, 0.00969271082431, 0.00643494259566, 0.00831820163876, 0.00636351294816, 0.0179778318852, 0.00843651406467, 0.00558257568628, 0.00657656043768, 0.00558968260884, 0.00500694103539, 0.0037217317149, 0.00529014319181, 0.00568608753383, 0.00454978644848, 0.00239589391276, 0.00189771666192, 0.00247559836134, 0.000556378276087, 0.00152767274994, 0.000481878290884, 0.000296999001876, 0.000414970330894, 0.000189737911569, 9.38652665354e-05, 0.000149931947817, 7.64465294196e-05, 7.57379893912e-05, 4.89988233312e-05, 3.0493891245e-05, 2.04858952202e-05, 7.18595902072e-06, 2.44870011556e-06, 2.24591576625e-06, 2.62712376298e-07, 4.54060185007e-08, 4.09278388958e-09, 7.82838238678e-10],
        "mean": [4.03842132073e-05, 0.00018018760602, 0.00017961897538, 0.000331814400852, 0.000424174475484, 0.000575668003876, 0.000620894890744, 0.00125662598293, 0.000792769482359, 0.000443099444965, 0.000302418484353, 0.000249678560067, 0.000194786523934, 0.000148848179379, 0.000300792889902, 0.000243876624154, 0.000179951646714, 9.37907898333e-05, 7.38544622436e-05, 9.9289121863e-05, 3.13991076837e-05, 4.07378211094e-05, 2.20841375267e-05, 1.70373168658e-05, 2.42657006311e-05, 8.01275018603e-06, 4.08602363677e-06, 4.47086040367e-06, 4.65736729893e-06, 4.98224881085e-06, 2.3082629923e-06, 1.10291944111e-06, 7.03581577e-07, 2.80095804328e-07, 1.16989212984e-07, 9.54385797058e-08, 2.05725090296e-08, 1.6616834575e-09, 1.39272218758e-10, 2.24592029002e-11],