{
"metadata": {
    "version": {
        "essentia": "2.0.1",
        "extractor": "archive-music 1.0 mod ismir14"
    },
    "audio_properties": {
        "analysis_sample_rate": 44100,
        "bitrate": 112,
        "channels": 2,
        "equal_loudness": 0,
        "length": 30.0669155121,
        "replay_gain": -10.2191314697,
        "downmix": "mix"
    },
    "tags": {
        "track": 0,
        "year": 0,
        "album": "",
        "artist": "",
        "comment": "",
        "genre": "",
        "title": ""
    }
},
"rhythm": {
    "bpm": 172.265609741,
    "bpm_histogram_first_peak": 172,
    "bpm_histogram_first_peak_spread": 0,
    "bpm_histogram_first_peak_weight": 0.5,
    "bpm_histogram_second_peak": 178,
    "bpm_histogram_second_peak_spread": 0,
    "bpm_histogram_second_peak_weight": 0.27380952239
},
"tonal": {
    "tuning_frequency": {
        "dmean": 0.119970612228,
        "dmean2": 0.230500742793,
        "dvar": 2.22181963921,
        "dvar2": 5.03196811676,
        "max": 456.570251465,
        "mean": 436.298828125,
        "median": 434.193115234,
        "min": 431.443084717,
        "var": 47.856174469
    },
    "hpcp": {
        "dmean": [0.132916077971, 0.122455894947, 0.160029023886, 0.134700089693, 0.0901441648602, 0.0738828703761, 0.0966546311975, 0.0947599411011, 0.107755459845, 0.0906476601958, 0.110834412277, 0.0854600965977],
        "dmean2": [0.252536803484, 0.228057518601, 0.295315682888, 0.251337885857, 0.171266824007, 0.137715727091, 0.182907387614, 0.176721990108, 0.201790735126, 0.166008621454, 0.200615555048, 0.158721923828],
        "dvar": [0.0783372744918, 0.0706515312195, 0.083397783339, 0.0745643526316, 0.0552461892366, 0.0420997515321, 0.0660633593798, 0.0569785684347, 0.0672409385443, 0.0507884509861, 0.0542716905475, 0.0457589477301],
        "dvar2": [0.22199138999, 0.188783153892, 0.221553117037, 0.200398176908, 0.153489127755, 0.115348994732, 0.179128393531, 0.152961045504, 0.187493816018, 0.144399896264, 0.141395807266, 0.12594601512],
        "max": [1, 1, 1, 1, 1, 1, 1, 1, 1, 1, 1, 1],
        "mean": [0.120082773268, 0.1385538131, 0.148868575692, 0.299636900425, 0.0643913447857, 0.0832731202245, 0.130468845367, 0.116314895451, 0.0832188874483, 0.0875525921583, 0.242947369814, 0.0722109973431],
        "median": [0.00818299036473, 0.00806871801615, 0.0199346747249, 0.0183365847915, 0.000897871039342, 0.00539287505671, 0.000421305769123, 0.00220978609286, 0.00150791881606, 0.00215272745118, 0.0280456282198, 0.00269599538296],
        "min": [0, 0, 0, 0, 0, 0, 0, 0, 0, 0, 0, 0],
        "var": [0.0719647407532, 0.0861774533987, 0.0790889263153, 0.176882907748, 0.042086713016, 0.0516352578998, 0.0985409617424, 0.0825585201383, 0.0566963255405, 0.0536398850381, 0.139757826924, 0.0401179604232]
    }
},
"lowlevel": {
    "melbands": {
        "dmean": [8.64186768013e-06, 0.000140873569762, 0.000364772073226, 0.00130877597257, 0.00149202870671, 0.000778225657996, 0.000266611925326, 0.000204074996873, 0.000111922687211, 7.41428884794e-05, 4.76678360428e-05, 3.61866259482e-05, 5.11502148584e-05, 2.5779929274e-05, 2.40773642872e-05, 1.87373389053e-05, 3.4189557482e-05, 2.05478263524e-05, 2.24759278353e-05, 6.77621392242e-06, 9.52620121097e-06, 8.77457205206e-06, 5.58870851819e-06, 6.69705514156e-06, 1.38678487929e-05, 1.30503676701e-05, 4.96536722494e-06, 2.62923413175e-06, 7.77611091962e-07, 4.94955770591e-07, 2.11453482279e-07, 3.74083199972e-08, 5.7376103868e-09, 1.52537538156e-09, 6.18249840212e-10, 2.80672235453e-10, 1.29339039479e-10, 7.35124391915e-11, 5.59925994459e-11, 2.88516172758e-11],
        "dmean2": [1.37225042636e-05, 0.000226542266319, 0.000634072755929, 0.00202905177139, 0.00231302529573, 0.00120347668417, 0.000383919774322, 0.000301497755572, 0.000150888386997, 9.43527993513e-05, 5.40979308425e-05, 4.49456056231e-05, 5.75514386583e-05, 3.13712153002e-05, 3.12609263347e-05, 2.59736370936e-05, 4.44855177193e-05, 2.9877623092e-05, 3.29491776938e-05, 9.95329537545e-06, 1.44498872032e-05, 1.27833673105e-05, 7.53606582293e-06, 9.5064378911e-06, 1.92362531379e-05, 1.7341630155e-05, 7.23674247638e-06, 3.90079867429e-06, 1.13002636226e-06, 6.96649351539e-07, 3.1628374586e-07, 5.55681651804e-08, 8.10723044253e-09, 2.30848540284e-09, 9.7975005886e-10, 4.42062692008e-10, 2.13426373796e-10, 1.35127284362e-10, 1.05058579891e-10, 5.31003435666e-11],
        "dvar": [2.53201348777e-10, 4.75655852483e-08, 6.01515068865e-07, 6.88857608111e-06, 8.68250208441e-06, 2.16166199607e-06, 2.9928338563e-07, 2.59154631976e-07, 1.85137508879e-07, 1.3081701411e-07, 3.45101547339e-08, 2.48928238022e-08, 5.00518559932e-08, 1.08985007685e-08, 2.10852721949e-08, 2.96749713691e-09, 1.16257794502e-08, 2.71092237547e-09, 2.92297719362e-09, 2.91653146078e-10, 7.07598757366e-10, 6.49935216757e-10, 3.56930401901e-10, 3.42205819237e-10, 2.24671548033e-09, 2.23607621308e-09, 3.04734182333e-10, 1.18987347753e-10, 9.08737234767e-12, 9.42392518188e-12, 2.88990662997e-12, 6.36716563805e-14, 2.25960205306e-15, 6.77703848083e-17, 6.13142500535e-18, 1.67980499056e-18, 8.72276948586e-19, 7.85537135192e-19, 5.29346064595e-19, 1.79456946984e-20],
        "dvar2": [6.59066801134e-10, 1.17290063884e-07, 1.88806427559e-06, 1.75982477231e-05, 2.3237820642e-05, 5.43556598132e-06, 5.52198685e-07, 4.7613613674e-07, 3.2757009194e-07, 2.3796148696e-07, 4.36181153418e-08, 3.93267853838e-08, 6.45049240688e-08, 1.73895067235e-08, 4.10011935514e-08, 5.29280486106e-09, 1.92118303488e-08, 5.77235370613e-09, 5.98624572135e-09, 6.92805146585e-10, 1.69276392903e-09, 1.50719170477e-09, 6.51635856386e-10, 6.90804524694e-10, 4.21008117257e-09, 4.80198947272e-09, 7.4027117769e-10, 2.84915230297e-10, 1.78772014553e-11, 1.99765481934e-11, 7.03109835978e-12, 1.57877739202e-13, 3.92504606901e-15, 1.43544066298e-16, 1.45350324353e-17, 4.45114862524e-18, 2.50288806055e-18, 2.31445962573e-18, 1.55214310469e-18, 5.26860671197e-20],
        "max": [0.000370949768694, 0.00768270157278, 0.0153420306742, 0.0995109006763, 0.0718429386616, 0.018537722528, 0.0106685459614, 0.0115972571075, 0.012456016615, 0.0106628034264, 0.00730971153826, 0.00449333060533, 0.00687121972442, 0.0033303045202, 0.00540906051174, 0.00190907577053, 0.00514187151566, 0.000984749291092, 0.00185148429591, 0.000437122391304, 0.000451807427453, 0.000559776846785, 0.000432556960732, 0.000493166851811, 0.0018420353299, 0.00137539254501, 0.000461065734271, 0.000258201907855, 9.38873708947e-05, 0.000129776031827, 7.79339970904e-05, 9.92144850898e-06, 2.66764232038e-06, 3.16856471727e-07, 6.9446414841e-08, 3.42940680298e-08, 2.89625283756e-08, 2.76773484131e-08, 2.25483063332e-08, 3.40543682142e-09],
        "mean": [1.20437825899e-05, 0.000243896269239, 0.000573504192289, 0.0031018962618, 0.00346035417169, 0.00169245572761, 0.000672808557283, 0.000534667866305, 0.000283248780761, 0.00016977294581, 0.000154213965288, 8.883963892e-05, 0.000144348698086, 6.17912955931e-05, 4.71132880193e-05, 4.05300816055e-05, 7.73760912125e-05, 4.00846911361e-05, 5.16766922374e-05, 1.51560607264e-05, 1.74810611497e-05, 1.54503977683e-05, 1.01026698758e-05, 1.36335775096e-05, 2.91763262794e-05, 3.11780459015e-05, 8.93519973033e-06, 4.33032846558e-06, 1.51565006945e-06, 8.93703656857e-07, 3.54757531795e-07, 6.25696046086e-08, 1.00715462636e-08, 2.90944113246e-09, 1.18365617308e-09, 5.1173654203e-10, 2.03459901704e-10, 7.29802746013e-11, 3.90448923193e-11, 2.23513638153e-11],