{
"metadata": {
    "version": {
        "essentia": "2.0.1",
        "extractor": "archive-music 1.0 mod ismir14"
    },
    "audio_properties": {
        "analysis_sample_rate": 44100,
        "bitrate": 128,
        "channels": 2,
        "equal_loudness": 0,
        "length": 30.0669155121,
        "replay_gain": -14.7827281952,
        "downmix": "mix"
    },
    "tags": {
        "track": 0,
        "year": 0,
        "album": "",
        "artist": "",
        "comment": "",
        "genre": "",
        "title": ""
    }
},
"rhythm": {
    "bpm": 109.23135376,
    "bpm_histogram_first_peak": 110,
    "bpm_histogram_first_peak_spread": 0.509433984756,
    "bpm_histogram_first_peak_weight": 0.490566045046,
    "bpm_histogram_second_peak": 0,
    "bpm_histogram_second_peak_spread": 0,
    "bpm_histogram_second_peak_weight": 0
},
"tonal": {
    "tuning_frequency": {
        "dmean": 0.0450748391449,
        "dmean2": 0.0895965173841,
        "dvar": 0.590192258358,
        "dvar2": 1.38630068302,
        "max": 452.892974854,
        "mean": 434.377349854,
        "median": 434.193115234,
        "min": 432.690917969,
        "var": 2.48016238213
    },
    "hpcp": {
        "dmean": [0.151015236974, 0.188689157367, 0.25823405385, 0.287155687809, 0.224313676357, 0.153380155563, 0.12042067945, 0.138681545854, 0.204499870539, 0.109256960452, 0.134535610676, 0.141989499331],
        "dmean2": [0.285879552364, 0.361707687378, 0.496416807175, 0.545946836472, 0.433878332376, 0.282951235771, 0.224700048566, 0.259043186903, 0.381391584873, 0.20765645802, 0.257337987423, 0.273628890514],
        "dvar": [0.0845792740583, 0.117807820439, 0.152208954096, 0.1477933079, 0.13305285573, 0.0846973285079, 0.0735297650099, 0.0773506164551, 0.0984297320247, 0.0673997998238, 0.0802862420678, 0.0862138941884],
        "dvar2": [0.232629776001, 0.32091704011, 0.417011231184, 0.388885289431, 0.35562095046, 0.228488355875, 0.202075213194, 0.21204033494, 0.266533762217, 0.194460511208, 0.238219723105, 0.241447553039],
        "max": [1, 1, 1, 1, 1, 1, 1, 1, 1, 1, 1, 1],
        "mean": [0.117093235254, 0.127319246531, 0.184305161238, 0.247284933925, 0.146821409464, 0.131467953324, 0.09018856287, 0.119017779827, 0.222185760736, 0.070407576859, 0.100179553032, 0.0906816795468],
        "median": [0.00709040882066, 0.00333782052621, 0.00575803918764, 0.0216840356588, 0.00313803809695, 0.0092983962968, 0.00223063468002, 0.00495426775888, 0.0253905337304, 0.00194546906278, 0.00446603354067, 0.00278665637597],
        "min": [0, 0, 0, 0, 0, 0, 0, 0, 0, 0, 0, 0],
        "var": [0.069585993886, 0.0854116380215, 0.124468773603, 0.144859328866, 0.0996720269322, 0.0782181471586, 0.0585120916367, 0.0729354321957, 0.12418730557, 0.0442782454193, 0.0619535557926, 0.057961024344]
    }
},
"lowlevel": {
    "melbands": {
        "dmean": [0.0017636163393, 0.00559726729989, 0.00516856694594, 0.00216170307249, 0.00092098955065, 0.000604123342782, 0.000359960395144, 0.000337924371706, 0.000431618740549, 0.000323915708577, 7.50702529331e-05, 8.62436936586e-05, 5.64814945392e-05, 5.00148271385e-05, 5.55885744689e-05, 5.64520232729e-05, 6.22959196335e-05, 5.01924914715e-05, 2.62219909928e-05, 5.22242589795e-05, 2.47752977884e-05, 1.66035952134e-05, 1.98982270376e-05, 1.16261262519e-05, 6.51543768981e-06, 4.39328277935e-06, 2.39715109274e-06, 1.76700712018e-06, 1.85490580407e-06, 1.39297958412e-06, 1.12554062071e-06, 1.09543316285e-06, 9.46010402458e-07, 6.69843700507e-07, 5.9209128267e-07, 3.88235918081e-07, 1.99098380449e-07, 6.5706352359e-08, 1.48674477174e-08, 1.4597407727e-09],
        "dmean2": [0.00290580093861, 0.00944717694074, 0.00860029272735, 0.0035708823707, 0.00151961750817, 0.00104988133535, 0.000611671537627, 0.000511863850988, 0.00062737549888, 0.000474482658319, 0.0001103239847, 0.000128752930323, 8.32895166241e-05, 7.12328255759e-05, 8.04081355454e-05, 8.3512000856e-05, 9.9039702036e-05, 7.55498476792e-05, 3.88844382542e-05, 7.8084965935e-05, 3.77837350243e-05, 2.56282728515e-05, 3.11493422487e-05, 1.87865662156e-05, 1.04893506432e-05, 7.0530031735e-06, 3.87115960621e-06, 2.90434172712e-06, 3.0385192531e-06, 2.25082021643e-06, 1.75103389211e-06, 1.81049108505e-06, 1.50973880864e-06, 9.86305735751e-07, 9.53425399075e-07, 6.11414122886e-07, 3.19459417142e-07, 9.42330800058e-08, 2.26634959688e-08, 2.01168504077e-09],
        "dvar": [1.90229438886e-05, 4.44303768745e-05, 2.89867966785e-05, 8.35664741317e-06, 1.64706250416e-06, 9.92442551251e-07, 3.06682892415e-07, 4.18215790887e-07, 7.65972970385e-07, 6.60278033138e-07, 3.15398018813e-08, 6.43940367695e-08, 2.30615384567e-08, 2.20423022057e-08, 2.86028321028e-08, 2.51437430876e-08, 3.11996224411e-08, 1.56880410884e-08, 4.66599248128e-09, 4.99527921249e-08, 3.45303008409e-09, 1.66516223032e-09, 2.68350808241e-09, 8.60237769906e-10, 1.62932042858e-10, 1.2984371911e-10, 3.34671630686e-11, 2.01546730694e-11, 1.99523765565e-11, 1.44663950957e-11, 9.84702510504e-12, 1.03832350704e-11, 6.81536554623e-12, 4.85931173771e-12, 5.17747953885e-12, 2.81278407684e-12, 1.73095793341e-12, 1.35295678198e-13, 3.95069676775e-15, 7.10159635993e-17],
        "dvar2": [3.94185226469e-05, 0.000134056070237, 8.43757006805e-05, 2.11520509765e-05, 4.35911260865e-06, 3.09205347548e-06, 8.6320869741e-07, 8.78520211245e-07, 1.50833773205e-06, 1.24508756016e-06, 6.20271336516e-08, 1.19729477888e-07, 4.67287186723e-08, 4.34555502693e-08, 5.25110372962e-08, 5.64306077422e-08, 8.04671245191e-08, 3.53651330443e-08, 9.78226477599e-09, 1.18949266437e-07, 7.82311104786e-09, 4.02288735657e-09, 7.21609660914e-09, 2.38945929709e-09, 4.02860189652e-10, 3.47187723015e-10, 8.00599586626e-11, 5.28659234444e-11, 5.15587260386e-11, 3.63743063447e-11, 2.40424034847e-11, 2.64410195128e-11, 1.59070586564e-11, 1.08617351224e-11, 1.39839945179e-11, 6.76434689512e-12, 4.50499143198e-12, 2.13987681741e-13, 8.17996742526e-15, 1.08091972129e-16],
        "max": [0.0665231272578, 0.0692135989666, 0.0467708855867, 0.0330283753574, 0.0124606955796, 0.0125331003219, 0.00699880439788, 0.0128331184387, 0.02153147012, 0.0181442052126, 0.00747571000829, 0.00893212202936, 0.00475354818627, 0.00398920569569, 0.00401928927749, 0.00284833880141, 0.00320325302891, 0.00266560958698, 0.0012308928417, 0.0065515358001, 0.00131744332612, 0.0010925619863, 0.00123169901781, 0.000530145131052, 0.000192151681404, 0.000273223471595, 0.000112626963528, 7.05865750206e-05, 5.89587143622e-05, 8.29436030472e-05, 9.19097583392e-05, 7.56710578571e-05, 6.57900163787e-05, 7.39355164114e-05, 8.08381228126e-05, 5.99925697315e-05, 5.5303247791e-05, 1.94302538148e-05, 3.20743743032e-06, 5.1682332014e-07],
        "mean": [0.00234802672639, 0.00926692876965, 0.00817102380097, 0.00318263377994, 0.00137676962186, 0.00104077241849, 0.000628221954685, 0.000709321408067, 0.000933574629016, 0.000735419627745, 0.000173322187038, 0.000157835660502, 0.000109783206426, 0.000105320461444, 0.000103463142295, 0.000107653024315, 0.000101494653791, 9.68030144577e-05, 5.4495754739e-05, 0.000105729472125, 4.77213507111e-05, 3.20344988722e-05, 4.19992647949e-05, 2.50786142715e-05, 1.23658155644e-05, 7.8018865679e-06, 4.41734619017e-06, 3.06565880237e-06, 3.41275153914e-06, 2.45532123699e-06, 2.02616638489e-06, 2.02590899789e-06, 1.85090800642e-06, 1.35310119731e-06, 1.07269659111e-06, 6.85241730025e-07, 3.80277640488e-07, 1.37060197858e-07, 3.11234948924e-08, 2.26704632844e-09],