{
"metadata": {
    "version": {
        "essentia": "2.0.1",
        "extractor": "archive-music 1.0 mod ismir14"
    },
    "audio_properties": {
        "analysis_sample_rate": 44100,
        "bitrate": 1444,
        "channels": 2,
        "equal_loudness": 0,
        "length": 30,
        "replay_gain": -13.4583263397,
        "downmix": "mix"
    },
    "tags": {
        "track": 0,
        "year": 0,
        "album": "",
        "artist": "",
        "comment": "",
        "genre": "",
        "title": ""
    }
},
"rhythm": {
    "bpm": 178.205886841,
    "bpm_histogram_first_peak": 178,
    "bpm_histogram_first_peak_spread": 0,
    "bpm_histogram_first_peak_weight": 0.453488379717,
    "bpm_histogram_second_peak": 172,
    "bpm_histogram_second_peak_spread": 0,
    "bpm_histogram_second_peak_weight": 0.441860467196
},
"tonal": {
    "tuning_frequency": {
        "dmean": 0.163951396942,
        "dmean2": 0.324156880379,
        "dvar": 2.73447561264,
        "dvar2": 5.40176439285,
        "max": 456.570251465,
        "mean": 440.461456299,
        "median": 432.940917969,
        "min": 431.941772461,
        "var": 88.2280426025
    },
    "hpcp": {
        "dmean": [0.159833744168, 0.156250089407, 0.172703504562, 0.169095739722, 0.125243291259, 0.178388744593, 0.278205692768, 0.238918051124, 0.232601225376, 0.223879650235, 0.263260811567, 0.201934739947],
        "dmean2": [0.290648400784, 0.293752133846, 0.319390416145, 0.311448246241, 0.235505864024, 0.325227886438, 0.516339361668, 0.432962119579, 0.430697441101, 0.42101791501, 0.476778894663, 0.376045674086],
        "dvar": [0.0667846873403, 0.0808338597417, 0.084360703826, 0.0779709592462, 0.0602291971445, 0.0701075345278, 0.109267599881, 0.0924802869558, 0.101127587259, 0.101482406259, 0.0919413641095, 0.0907369926572],
        "dvar2": [0.183536097407, 0.215917214751, 0.234918057919, 0.206809163094, 0.173206165433, 0.186900570989, 0.312822401524, 0.246128201485, 0.275312721729, 0.278349012136, 0.24649758637, 0.260844260454],
        "max": [1, 1, 1, 1, 1, 1, 1, 1, 1, 1, 1, 1],
        "mean": [0.146203622222, 0.131527334452, 0.139977380633, 0.166232272983, 0.0899321809411, 0.200432211161, 0.269336730242, 0.244379967451, 0.193153142929, 0.179126098752, 0.330392688513, 0.150223553181],
        "median": [0.0364548936486, 0.0128530226648, 0.0221530385315, 0.0254457388073, 0.0134262144566, 0.04221534729, 0.0773135945201, 0.0644369646907, 0.0359428450465, 0.0345513522625, 0.157395750284, 0.0270567573607],
        "min": [0, 0, 0, 1.0441309314e-05, 0, 0.000175621753442, 0, 0, 0, 0, 0, 0],
        "var": [0.0656368434429, 0.0735777541995, 0.0719642490149, 0.0881995782256, 0.0429845005274, 0.097778879106, 0.125957608223, 0.115364201367, 0.0957311764359, 0.090686686337, 0.132845446467, 0.0745526850224]
    }
},
"lowlevel": {
    "melbands": {
        "dmean": [0.000203880685149, 0.000803224742413, 0.000953101087362, 0.000474639295135, 0.000285610934952, 0.000442213000497, 0.000557734107133, 0.000386505387723, 0.000408677762607, 0.000253411009908, 0.000123500823975, 7.95593950897e-05, 6.2811159296e-05, 4.37260823674e-05, 6.35270916973e-05, 4.09075437346e-05, 4.20414799009e-05, 3.67508437193e-05, 2.9053149774e-05, 2.38816865021e-05, 2.10019752558e-05, 1.99018486455e-05, 2.53605976468e-05, 2.6392064683e-05, 1.88271278603e-05, 1.5783474737e-05, 1.1037067452e-05, 7.46739215174e-06, 4.19383513872e-06, 3.34733272211e-06, 2.47968682743e-06, 1.52160305333e-06, 7.88913723682e-07, 6.31122986761e-07, 5.87279544106e-07, 5.06176775161e-07, 4.97100074881e-07, 3.73748264337e-07, 2.0059677297e-07, 9.97670639435e-08],
        "dmean2": [0.00034735162626, 0.0013660575496, 0.00162980193272, 0.000812214217149, 0.000486414181069, 0.00075511605246, 0.000996097689494, 0.00061035354156, 0.000675499206409, 0.000419941643486, 0.000186502889846, 0.000113855487143, 9.64599385043e-05, 6.8161629315e-05, 9.71101253526e-05, 6.41867009108e-05, 6.68045759085e-05, 6.09723538219e-05, 4.85546806885e-05, 4.00400531362e-05, 3.45322769135e-05, 3.23175954691e-05, 4.14165187976e-05, 4.14983260271e-05, 2.89112267637e-05, 2.53422567766e-05, 1.65124129126e-05, 1.1384152458e-05, 6.80379935147e-06, 5.28007149114e-06, 3.80095139008e-06, 2.40335111812e-06, 1.31174226681e-06, 1.04294088032e-06, 9.52898460582e-07, 8.25574545615e-07, 8.1507869254e-07, 6.17632622379e-07, 3.32125978275e-07, 1.63559633393e-07],
        "dvar": [7.29347320316e-08, 1.25521717109e-06, 1.45917329064e-06, 4.75560057112e-07, 1.95787791313e-07, 3.08129841642e-07, 9.2296488674e-07, 9.14853387712e-07, 4.77966239032e-07, 2.30441543181e-07, 6.16779516349e-08, 4.83518647343e-08, 4.55346977901e-08, 1.35999576045e-08, 8.47903649515e-08, 1.13531095636e-08, 1.66217404285e-08, 1.03563539966e-08, 8.51891890363e-09, 1.14368452486e-08, 3.48723228072e-09, 2.43715692072e-09, 3.85108744894e-09, 4.40242553523e-09, 1.99000971257e-09, 1.13913800615e-09, 9.21399179177e-10, 4.48989456725e-10, 6.81958725601e-11, 5.45106321193e-11, 3.56872968676e-11, 9.92426800461e-12, 2.50508533188e-12, 1.10022678902e-12, 1.3293285743e-12, 9.47734403976e-13, 9.84028613801e-13, 1.05363374275e-12, 2.34088275023e-13, 4.5507302489e-14],
        "dvar2": [2.00571221853e-07, 3.36602192874e-06, 4.00864473704e-06, 1.37413098855e-06, 5.38154324659e-07, 8.22912795684e-07, 2.63840888692e-06, 2.13991597775e-06, 1.30341982185e-06, 6.27776898909e-07, 1.38425136242e-07, 8.7901128154e-08, 1.02803305424e-07, 2.97432105612e-08, 2.3525454651e-07, 2.82038428168e-08, 3.95863573033e-08, 2.76095750706e-08, 2.32790728916e-08, 3.20299413659e-08, 9.22751564048e-09, 6.28270679925e-09, 1.05804307537e-08, 1.15262208666e-08, 4.39289271625e-09, 2.94298607706e-09, 1.77822256919e-09, 9.31076105104e-10, 1.66091071452e-10, 1.18217324818e-10, 7.64463492509e-11, 2.10045505294e-11, 6.43815729895e-12, 2.96760597866e-12, 3.61703982737e-12, 2.53205898089e-12, 2.64546197448e-12, 2.95626218817e-12, 6.63098319743e-13, 1.21210238569e-13],
        "max": [0.0042257164605, 0.015176391229, 0.0128896906972, 0.0115499831736, 0.00676816888154, 0.0060225147754, 0.0107269361615, 0.0119053041562, 0.0164192579687, 0.0121680330485, 0.0049661998637, 0.00599461048841, 0.00647047674283, 0.00324240932241, 0.0106296967715, 0.00296929921024, 0.00378915062174, 0.00179815804586, 0.00207907846197, 0.00311852549203, 0.00121340795886, 0.00103572278749, 0.00110345007852, 0.0014206514461, 0.000888609618414, 0.00071391556412, 0.000751854502596, 0.000668629945721, 0.00013150034647, 0.000256423605606, 0.000205597942113, 0.000104194754385, 3.3398388041e-05, 2.11051574297e-05, 1.97395293071e-05, 2.02299634111e-05, 1.6471989511e-05, 2.33420814766e-05, 9.43725353864e-06, 4.79444452139e-06],
        "mean": [0.000256173458183, 0.00107547617517, 0.0012633522274, 0.000714746071026, 0.000379770615837, 0.000652423885185, 0.000656217103824, 0.000507459859364, 0.000763954652939, 0.00043975195149, 0.000276498845778, 0.000154859997565, 0.000109879569209, 7.87493481766e-05, 0.000119399228424, 7.36282963771e-05, 7.46537189116e-05, 6.1712184106e-05, 4.39946015831e-05, 3.91330686398e-05, 3.66933527403e-05, 3.72276372218e-05, 5.60283151572e-05, 6.19355996605e-05, 3.9381080569e-05, 3.3715958125e-05, 2.76660921372e-05, 1.56999121828e-05, 8.3514223661e-06, 6.92344201525e-06, 5.5835485e-06, 3.4411782508e-06, 1.69614304468e-06, 1.33950322834e-06, 1.30514558805e-06, 1.07943697003e-06, 9.90527269096e-07, 7.07865694949e-07, 3.85105266787e-07, 2.00830996278e-07],