{
"metadata": {
    "version": {
        "essentia": "2.0.1",
        "extractor": "archive-music 1.0 mod ismir14"
    },
    "audio_properties": {
        "analysis_sample_rate": 44100,
        "bitrate": 1444,
        "channels": 2,
        "equal_loudness": 0,
        "length": 30,
        "replay_gain": -13.8820514679,
        "downmix": "mix"
    },
    "tags": {
        "track": 0,
        "year": 0,
        "album": "",
        "artist": "",
        "comment": "",
        "genre": "",
        "title": ""
    }
},
"rhythm": {
    "bpm": 90.2672195435,
    "bpm_histogram_first_peak": 91,
    "bpm_histogram_first_peak_spread": 0.357142865658,
    "bpm_histogram_first_peak_weight": 0.62790697813,
    "bpm_histogram_second_peak": 83,
    "bpm_histogram_second_peak_spread": 0,
    "bpm_histogram_second_peak_weight": 0.0232558138669
},
"tonal": {
    "tuning_frequency": {
        "dmean": 0.0572897382081,
        "dmean2": 0.11393725127,
        "dvar": 0.70612424612,
        "dvar2": 1.5516679287,
        "max": 454.727905273,
        "mean": 440.104003906,
        "median": 441.527557373,
        "min": 431.193908691,
        "var": 50.0586700439
    },
    "hpcp": {
        "dmean": [0.199470430613, 0.157958313823, 0.171821862459, 0.13150767982, 0.166415572166, 0.181159973145, 0.191135466099, 0.229357719421, 0.229129493237, 0.169654935598, 0.166844412684, 0.198096707463],
        "dmean2": [0.369216918945, 0.300941079855, 0.319322675467, 0.247929736972, 0.306488126516, 0.333849936724, 0.362307041883, 0.417302072048, 0.42251303792, 0.319456249475, 0.313401669264, 0.370886176825],
        "dvar": [0.0887872129679, 0.0904229134321, 0.0827255696058, 0.0686991512775, 0.0776396244764, 0.0884234532714, 0.105806820095, 0.101026549935, 0.108653925359, 0.0942926779389, 0.0863404199481, 0.0956733897328],
        "dvar2": [0.240694895387, 0.256393969059, 0.241863131523, 0.193611726165, 0.2149977386, 0.240646451712, 0.278841167688, 0.26708728075, 0.283952921629, 0.272143959999, 0.253205120564, 0.27663487196],
        "max": [1, 1, 1, 1, 1, 1, 1, 1, 1, 1, 1, 1],
        "mean": [0.200473666191, 0.11688812077, 0.161157861352, 0.123062506318, 0.156550973654, 0.195788994431, 0.140222400427, 0.25283357501, 0.2049266994, 0.122464522719, 0.123929381371, 0.143349289894],
        "median": [0.0373390391469, 0.0090330215171, 0.0281495936215, 0.0107420487329, 0.0218127015978, 0.0262611322105, 0.00638742884621, 0.0615844242275, 0.0290632043034, 0.0119328992441, 0.0135812470689, 0.0220534410328],
        "min": [0, 0, 0, 0, 3.01885738736e-05, 2.22723738261e-05, 0, 0, 0, 0, 0, 0],
        "var": [0.102769769728, 0.0727893412113, 0.0817531198263, 0.0725382566452, 0.0799941420555, 0.109922766685, 0.0877987742424, 0.126630783081, 0.111379347742, 0.069941483438, 0.0686022415757, 0.0738982260227]
    }
},
"lowlevel": {
    "melbands": {
        "dmean": [0.000754008011427, 0.00249152537435, 0.00117825681809, 0.000477510853671, 0.000339021265972, 0.000252467958489, 0.000273461744655, 0.000313574506436, 0.000441808952019, 0.000305211986415, 0.000136469840072, 0.000152373570018, 0.000138351460919, 9.92288041743e-05, 0.000134130066726, 0.000135513721034, 3.2776966691e-05, 2.53191719821e-05, 1.44841205838e-05, 1.7758417016e-05, 2.73426758213e-05, 2.09511181311e-05, 3.36279408657e-05, 2.62600096903e-05, 1.5026096662e-05, 1.74664037331e-05, 1.33595685838e-05, 8.27377698442e-06, 3.82771122531e-06, 3.21003108184e-06, 1.69875727352e-06, 8.20074376406e-07, 4.99189866332e-07, 4.07989574569e-07, 4.01412563633e-07, 4.13523679299e-07, 2.9834083648e-07, 4.49566556426e-07, 3.64800854413e-07, 3.12931490498e-07],
        "dmean2": [0.00123891071416, 0.0045214141719, 0.00206477870233, 0.000821558292955, 0.000592793454416, 0.000428682047641, 0.000455179600976, 0.000488700869028, 0.000630401424132, 0.000407626968808, 0.000194744716282, 0.000213887542486, 0.000192211969988, 0.000154592635226, 0.00019952034927, 0.000192213847185, 4.86877179355e-05, 3.79534503736e-05, 2.29419783864e-05, 2.785891229e-05, 4.30620384577e-05, 3.39914186043e-05, 5.37231208e-05, 3.92656256736e-05, 2.24528394028e-05, 2.80053918686e-05, 1.96244800463e-05, 1.21902430692e-05, 5.88585453443e-06, 4.87230681756e-06, 2.5905790153e-06, 1.29582736008e-06, 8.10811059182e-07, 6.52690630432e-07, 6.50506478905e-07, 6.62402499074e-07, 4.65673451799e-07, 7.33169599698e-07, 5.63703451917e-07, 4.95853385019e-07],
        "dvar": [6.16931117747e-07, 8.07409833214e-06, 1.89872935152e-06, 5.22859522789e-07, 5.25049642874e-07, 1.81141544431e-07, 2.19914966237e-07, 3.5394290876e-07, 7.74081513555e-07, 9.74077352112e-07, 2.65110514874e-07, 2.02009033501e-07, 1.3057292847e-07, 9.29665233684e-08, 1.32652843376e-07, 1.64552972137e-07, 1.03760804393e-08, 5.01130070774e-09, 6.24444163044e-10, 8.08923483753e-10, 2.82357937031e-09, 2.20257923012e-09, 4.97960117585e-09, 3.38528294286e-09, 8.31570978743e-10, 1.09255271497e-09, 7.7894324324e-10, 3.42405659381e-10, 6.55138443495e-11, 5.32427921196e-11, 1.15594313635e-11, 1.79322051999e-12, 5.8580755264e-13, 3.64194324655e-13, 4.66242062319e-13, 3.45336904689e-13, 2.25871093205e-13, 4.70620992263e-13, 3.70248943267e-13, 2.70134500706e-13],
        "dvar2": [1.74625051841e-06, 2.69108768407e-05, 5.57459179618e-06, 1.50543587552e-06, 1.50367941387e-06, 4.90151023769e-07, 5.74718967528e-07, 8.22954916657e-07, 1.44552382153e-06, 1.65725475654e-06, 4.19664843321e-07, 2.91582637146e-07, 1.98948313823e-07, 2.13477278521e-07, 2.36475884208e-07, 2.80381243556e-07, 1.52804933151e-08, 1.11882449971e-08, 1.41486855565e-09, 1.91169258201e-09, 6.61784405054e-09, 5.74693714839e-09, 1.22480523501e-08, 7.7634769724e-09, 1.81244708131e-09, 2.63438937331e-09, 1.53433443728e-09, 6.52572551552e-10, 1.31241656431e-10, 1.05300747288e-10, 2.50965290216e-11, 4.49701647448e-12, 1.49195250338e-12, 8.82080920892e-13, 1.10090896902e-12, 8.52218089934e-13, 5.22290110466e-13, 1.19093168487e-12, 7.35876528983e-13, 6.21926284344e-13],
        "max": [0.00866423267871, 0.0214326642454, 0.0142558198422, 0.0112388636917, 0.00767084117979, 0.0060803303495, 0.00940443295985, 0.00982423126698, 0.0178269296885, 0.0195576548576, 0.0252289511263, 0.01631613262, 0.0131370872259, 0.00663064746186, 0.00882055889815, 0.0122447619215, 0.00479795783758, 0.00173283030745, 0.000446762947831, 0.000280820182525, 0.00087739888113, 0.00068158947397, 0.00101001618896, 0.00116685405374, 0.000476922985399, 0.000447198923212, 0.000506800948642, 0.000519754248671, 0.000163537974004, 0.000162598807947, 5.96646787017e-05, 2.20384008571e-05, 1.04448290585e-05, 1.01034147519e-05, 1.23700183394e-05, 7.64363085182e-06, 1.06357756522e-05, 9.68979566096e-06, 1.31134511321e-05, 1.07844234662e-05],
        "mean": [0.00128295156173, 0.00342237530276, 0.00177682680078, 0.000666474108584, 0.000437531154603, 0.000378840195481, 0.000442570308223, 0.000594754819758, 0.000892356212717, 0.000603518332355, 0.000232898179092, 0.000268808274996, 0.000314094882924, 0.000145495185279, 0.000228108474403, 0.000246381823672, 6.13955562585e-05, 4.24909740104e-05, 2.57940919255e-05, 3.04972527374e-05, 4.47227866971e-05, 3.42637322319e-05, 5.66705930396e-05, 4.55477602372e-05, 2.82324526779e-05, 3.1215200579e-05, 2.50784760283e-05, 1.51072899826e-05, 7.39538518246e-06, 5.77714354222e-06, 3.11011012855e-06, 1.58876844125e-06, 9.69746906776e-07, 8.56734629906e-07, 8.19117303763e-07, 8.41796463646e-07, 6.74780665122e-07, 9.47753960645e-07, 8.71210204423e-07, 7.13840165645e-07],