{
"metadata": {
    "version": {
        "essentia": "2.0.1",
        "extractor": "archive-music 1.0 mod ismir14"
    },
    "audio_properties": {
        "analysis_sample_rate": 44100,
        "bitrate": 32,
        "channels": 2,
        "equal_loudness": 0,
        "length": 30.0408172607,
        "replay_gain": -10.0283546448,
        "downmix": "mix"
    },
    "tags": {
        "track": 0,
        "year": 0,
        "album": "",
        "artist": "",
        "comment": "",
        "genre": "",
        "title": ""
    }
},
"rhythm": {
    "bpm": 172.265594482,
    "bpm_histogram_first_peak": 172,
    "bpm_histogram_first_peak_spread": 0,
    "bpm_histogram_first_peak_weight": 0.529411792755,
    "bpm_histogram_second_peak": 178,
    "bpm_histogram_second_peak_spread": 0,
    "bpm_histogram_second_peak_weight": 0.282352954149
},
"tonal": {
    "tuning_frequency": {
        "dmean": 0.0283756405115,
        "dmean2": 0.0513770505786,
        "dvar": 0.0751774683595,
        "dvar2": 0.166737124324,
        "max": 437.971466064,
        "mean": 435.310516357,
        "median": 435.448913574,
        "min": 432.940917969,
        "var": 0.252729266882
    },
    "hpcp": {
        "dmean": [0.0834411606193, 0.152025431395, 0.152578771114, 0.15268675983, 0.0384157523513, 0.0796556919813, 0.10307624191, 0.120317600667, 0.0507106520236, 0.0602447651327, 0.135589763522, 0.0648097172379],
        "dmean2": [0.149934872985, 0.276969313622, 0.282177150249, 0.278199374676, 0.0722876489162, 0.138723641634, 0.191599950194, 0.204798340797, 0.0892464444041, 0.107761852443, 0.22814579308, 0.115635983646],
        "dvar": [0.042768150568, 0.0730091929436, 0.0785038247705, 0.0831167325377, 0.0221030917019, 0.0429774187505, 0.062363371253, 0.0636885538697, 0.0241251308471, 0.025323709473, 0.0555573441088, 0.0327635034919],
        "dvar2": [0.101425878704, 0.183959305286, 0.208241671324, 0.165610775352, 0.0603039935231, 0.100998304784, 0.155107483268, 0.133306801319, 0.0558028556406, 0.0589684396982, 0.107773855329, 0.0849294811487],
        "max": [1, 1, 1, 1, 1, 1, 1, 1, 1, 1, 1, 1],
        "mean": [0.0821931660175, 0.188920214772, 0.136561140418, 0.303482621908, 0.0274314768612, 0.110921189189, 0.128879025578, 0.188175573945, 0.0494849458337, 0.0626891627908, 0.330647885799, 0.0528606325388],
        "median": [0.00954799726605, 0.0346867442131, 0.0272506028414, 0.0474913567305, 0.00111154024489, 0.0108768464997, 0.00129551300779, 0.0098107047379, 0.00228196429089, 0.00390624254942, 0.106188565493, 0.00326877553016],
        "min": [2.32879010582e-05, 2.22915368795e-05, 7.48815546103e-06, 2.59964508587e-06, 2.63245055976e-07, 3.654946795e-06, 3.32118042934e-06, 3.37962137564e-06, 5.15349756824e-06, 2.44081275014e-06, 5.42310203855e-07, 1.48013705257e-05],
        "var": [0.0450725480914, 0.10428237915, 0.066092081368, 0.167387366295, 0.016026077792, 0.0714737921953, 0.0919827967882, 0.116317361593, 0.0308777317405, 0.0334885939956, 0.158978417516, 0.0270981751382]
    }
},
"lowlevel": {
    "melbands": {
        "dmean": [2.14149713429e-06, 4.4619810069e-05, 5.90194213146e-05, 0.000487431447254, 0.000510780839249, 0.00027726078406, 0.000112040288514, 9.4440409157e-05, 5.51950652152e-05, 3.94756825699e-05, 3.44084801327e-05, 1.84886721399e-05, 3.25493383571e-05, 1.2541659089e-05, 1.38281220643e-05, 8.80708012119e-06, 1.79659673449e-05, 8.63417244545e-06, 1.03628181023e-05, 2.91084415949e-06, 4.08561390941e-06, 3.7924805838e-06, 2.82446012534e-06, 3.16988416671e-06, 6.90783781465e-06, 7.02023771737e-06, 2.27781765716e-06, 1.19024207379e-06, 3.86506201266e-07, 2.42513323201e-07, 1.09248681213e-07, 1.83260375763e-08, 2.87827783829e-09, 7.20613624328e-10, 2.47617981675e-10, 1.08116654518e-10, 5.01418490062e-11, 1.94157363798e-11, 1.0255666108e-11, 6.54973991709e-12],
        "dmean2": [3.72742147192e-06, 6.83845792082e-05, 8.63774403115e-05, 0.000744365621358, 0.000765740813222, 0.000421470904257, 0.000172402214957, 0.000143364930409, 8.48590352689e-05, 6.3521139964e-05, 4.81510687678e-05, 2.75025977317e-05, 4.90198908665e-05, 1.80205133802e-05, 2.36389314523e-05, 1.3218357708e-05, 2.57349747699e-05, 1.36440339702e-05, 1.55629040819e-05, 4.41307656729e-06, 6.54974519421e-06, 6.24452013653e-06, 4.77638741359e-06, 5.0369217206e-06, 1.09898874143e-05, 1.05619628812e-05, 3.7430163502e-06, 1.91950630324e-06, 6.27306405931e-07, 4.10026075315e-07, 1.76733607304e-07, 2.92259869639e-08, 4.47625936317e-09, 1.10998110703e-09, 3.94513338664e-10, 1.67245661764e-10, 7.80697798075e-11, 2.81541838454e-11, 1.47198260525e-11, 9.47819253638e-12],
        "dvar": [1.13688893369e-11, 9.45994660384e-09, 1.33459279184e-08, 1.48700803493e-06, 7.71294764945e-07, 1.49393599713e-07, 3.71513557695e-08, 4.60947617853e-08, 3.23407256531e-08, 1.43519187645e-08, 1.2703416985e-08, 4.49009851522e-09, 1.3197899662e-08, 1.75684067294e-09, 4.14020684403e-09, 4.15412232391e-10, 2.80773559957e-09, 2.51365289694e-10, 4.99930374875e-10, 2.88569532853e-11, 6.17945278281e-11, 6.25810930854e-11, 6.1007553176e-11, 5.43583685009e-11, 3.45358880383e-10, 3.01915881185e-10, 2.7486585924e-11, 9.68594041778e-12, 1.53454560257e-12, 1.32087689311e-12, 4.02833392728e-13, 6.03524569797e-15, 4.3161686146e-16, 1.19960809544e-17, 7.18986370708e-19, 1.30895438275e-19, 2.52820241747e-20, 2.74698987195e-21, 1.78935362756e-21, 1.50639333556e-21],
        "dvar2": [3.06943775952e-11, 1.4958329686e-08, 2.60799044582e-08, 2.47603747994e-06, 1.57895362918e-06, 3.38726891869e-07, 8.42772109877e-08, 1.01258287089e-07, 6.44905640002e-08, 3.47720785498e-08, 2.73591993505e-08, 8.05945887805e-09, 2.72078022334e-08, 3.30858695996e-09, 1.13949871761e-08, 8.93325413642e-10, 4.07646449929e-09, 5.56757473458e-10, 9.75076575038e-10, 6.80765027683e-11, 1.50987958247e-10, 1.45031028853e-10, 1.69010722084e-10, 1.24031590554e-10, 6.94006296875e-10, 5.21452325764e-10, 7.08542668981e-11, 2.29237444999e-11, 3.11039020061e-12, 2.66791276571e-12, 8.4593768622e-13, 1.40557892406e-14, 1.0116839761e-15, 2.86775941398e-17, 1.71432499528e-18, 3.02011499859e-19, 5.00983844386e-20, 4.54740562657e-21, 2.71085423648e-21, 2.31670025121e-21],
        "max": [3.61607708328e-05, 0.00257550762035, 0.00148913904559, 0.0297267194837, 0.00966564845294, 0.00316374213435, 0.00188813335262, 0.00257950462401, 0.00255422806367, 0.00124182912987, 0.00147036474664, 0.000808801967651, 0.00169904006179, 0.000609564245678, 0.000819334294647, 0.000373851158656, 0.00137543166056, 0.000186788820429, 0.000402790668886, 8.5248691903e-05, 7.25037607481e-05, 8.12038051663e-05, 8.65655092639e-05, 0.000108692263893, 0.000250229932135, 0.000322226493154, 5.08496486873e-05, 3.39175821864e-05, 1.88039393834e-05, 1.86123070307e-05, 1.2718988728e-05, 1.44172156524e-06, 4.43804310635e-07, 5.25337888746e-08, 1.35190045825e-08, 5.50290213397e-09, 2.56187404624e-09, 1.3079283212e-09, 1.13529519119e-09, 1.03384789618e-09],
        "mean": [2.45018691203e-06, 7.57005400374e-05, 0.000111437977466, 0.000911028648261, 0.000877580314409, 0.000407377636293, 0.000155372297741, 0.000152527703904, 6.86725397827e-05, 4.20917385782e-05, 4.19118914579e-05, 2.23299393838e-05, 3.81904101232e-05, 1.43907991514e-05, 1.2996985788e-05, 9.79219657893e-06, 2.11065707845e-05, 1.00498000393e-05, 1.35550753839e-05, 3.88460739487e-06, 4.62172874904e-06, 4.0608101699e-06, 2.66599431598e-06, 3.6219271351e-06, 7.65302866057e-06, 8.18503667688e-06, 2.26026645578e-06, 1.11488645871e-06, 3.91038469161e-07, 2.31041951793e-07, 9.77704104344e-08, 1.62197153486e-08, 2.56291787792e-09, 7.29589555437e-10, 3.04083147551e-10, 1.47342457679e-10, 7.59898810543e-11, 3.54050538887e-11, 2.08800372825e-11, 1.32838332348e-11],