{
"metadata": {
    "version": {
        "essentia": "2.0.1",
        "extractor": "archive-music 1.0 mod ismir14"
    },
    "audio_properties": {
        "analysis_sample_rate": 44100,
        "bitrate": 32,
        "channels": 2,
        "equal_loudness": 0,
        "length": 30.0408172607,
        "replay_gain": -14.819978714,
        "downmix": "mix"
    },
    "tags": {
        "track": 0,
        "year": 0,
        "album": "",
        "artist": "",
        "comment": "",
        "genre": "",
        "title": ""
    }
},
"rhythm": {
    "bpm": 109.314041138,
    "bpm_histogram_first_peak": 110,
    "bpm_histogram_first_peak_spread": 0.396226406097,
    "bpm_histogram_first_peak_weight": 0.603773593903,
    "bpm_histogram_second_peak": 0,
    "bpm_histogram_second_peak_spread": 0,
    "bpm_histogram_second_peak_weight": 0
},
"tonal": {
    "tuning_frequency": {
        "dmean": 0.0771478712559,
        "dmean2": 0.150937065482,
        "dvar": 0.53397911787,
        "dvar2": 1.11569142342,
        "max": 448.208557129,
        "mean": 441.710693359,
        "median": 442.03793335,
        "min": 431.941772461,
        "var": 3.64603328705
    },
    "hpcp": {
        "dmean": [0.100165598094, 0.0745500698686, 0.0615738704801, 0.127629235387, 0.0612410791218, 0.111611023545, 0.0517853684723, 0.0788154602051, 0.106899693608, 0.0508113913238, 0.113822810352, 0.0851160287857],
        "dmean2": [0.175192445517, 0.139158904552, 0.113439999521, 0.223010629416, 0.111852437258, 0.195057660341, 0.098806001246, 0.141054943204, 0.181196242571, 0.0940861552954, 0.196998745203, 0.158602163196],
        "dvar": [0.045997351408, 0.0421700030565, 0.0303840693086, 0.0552299544215, 0.0277348328382, 0.0479085482657, 0.0249880943447, 0.0285289026797, 0.039148863405, 0.0214513316751, 0.0480252243578, 0.0512212887406],
        "dvar2": [0.107904702425, 0.109508752823, 0.0837793499231, 0.12576803565, 0.0734770596027, 0.122701190412, 0.0726222172379, 0.0741692334414, 0.0959653183818, 0.0600232630968, 0.121992483735, 0.146064162254],
        "max": [1, 1, 1, 1, 1, 1, 1, 1, 1, 1, 1, 1],
        "mean": [0.159799948335, 0.213570207357, 0.0422654300928, 0.417230576277, 0.0440599471331, 0.216396003962, 0.0320803746581, 0.0935277789831, 0.207025647163, 0.0317571498454, 0.206843569875, 0.0543676055968],
        "median": [0.0222080983222, 0.00503838993609, 0.00332701182924, 0.184284374118, 0.00262523558922, 0.0337328948081, 0.00252698920667, 0.010263428092, 0.0715472772717, 0.00233594700694, 0.0583472959697, 0.00248188851401],
        "min": [6.46840305762e-07, 4.04946786148e-06, 3.17968715535e-06, 8.09298671811e-06, 2.93915945804e-06, 1.9576464183e-06, 4.69165911454e-07, 4.18594281655e-05, 1.24364930798e-06, 1.66601364526e-06, 5.56676968699e-06, 1.08188930881e-06],
        "var": [0.0888737365603, 0.149217352271, 0.0199664607644, 0.189618647099, 0.021617975086, 0.119367696345, 0.0143197821453, 0.0445244424045, 0.0979122593999, 0.0128148719668, 0.100691027939, 0.0325639210641]
    }
},
"lowlevel": {
    "melbands": {
        "dmean": [0.000518422515597, 0.000880307808984, 0.00061590783298, 0.000377354270313, 0.000165831108461, 0.00014940481924, 8.44084279379e-05, 0.000120206801512, 0.000177658832399, 0.000110260647489, 2.686584412e-05, 3.25491273543e-05, 1.89863367268e-05, 2.00898030016e-05, 2.21238642553e-05, 1.91629733308e-05, 2.01125567401e-05, 1.79714752448e-05, 1.02742624222e-05, 1.66274166986e-05, 7.07183608029e-06, 5.00614078192e-06, 5.43917531104e-06, 3.23594395013e-06, 1.90884952644e-06, 1.42581563978e-06, 8.79007643562e-07, 6.37374114376e-07, 6.71235000027e-07, 4.80170399442e-07, 4.01740464895e-07, 3.96891266519e-07, 3.67926361378e-07, 2.72135849855e-07, 2.35565664752e-07, 2.06820729431e-07, 1.62326671216e-07, 1.0211689272e-07, 8.33049185189e-08, 6.80863152525e-08],
        "dmean2": [0.000880328298081, 0.00144674920011, 0.000966808467638, 0.000620197562966, 0.000271440279903, 0.000221043737838, 0.000133087814902, 0.000182978488738, 0.000283440516796, 0.000170932311448, 3.99446980737e-05, 4.92552862852e-05, 2.83993012999e-05, 3.15852266795e-05, 3.6006062146e-05, 2.97291171591e-05, 3.28056812577e-05, 2.7795218557e-05, 1.65871497302e-05, 2.65105445578e-05, 1.11275185191e-05, 8.20169771032e-06, 8.88288013812e-06, 5.38096901437e-06, 2.98789336739e-06, 2.21010282075e-06, 1.37795711908e-06, 9.92298623714e-07, 1.00536396985e-06, 7.05688250946e-07, 5.85125292218e-07, 5.72129522425e-07, 5.38707467967e-07, 3.87978644767e-07, 3.57383612481e-07, 3.14066426199e-07, 2.43872932515e-07, 1.57991550509e-07, 1.25290114283e-07, 1.05164751574e-07],
        "dvar": [1.94960352928e-06, 1.40013662531e-06, 6.31125715245e-07, 5.19785885444e-07, 4.46025509859e-08, 6.30119387779e-08, 1.83356227978e-08, 5.96203904024e-08, 1.38748774248e-07, 8.03247957037e-08, 5.25777155147e-09, 8.65124061278e-09, 2.61655674905e-09, 2.53890886093e-09, 4.61261828733e-09, 1.91699367491e-09, 1.8895423004e-09, 1.81423021051e-09, 6.23937346234e-10, 3.63982510798e-09, 2.70679617609e-10, 7.75857503243e-11, 1.78896009118e-10, 4.47858902741e-11, 1.00372670245e-11, 5.71478498204e-12, 2.63314001679e-12, 1.54158033994e-12, 1.41064178567e-12, 8.77781517177e-13, 7.25658736659e-13, 7.33029576708e-13, 6.55338955845e-13, 4.50075876091e-13, 5.73553628636e-13, 7.86094117317e-13, 7.77648507654e-13, 2.29433415625e-13, 9.41037747943e-14, 7.84206006339e-14],
        "dvar2": [5.33323554919e-06, 3.50110030922e-06, 1.51614472088e-06, 1.44033697325e-06, 1.1941062894e-07, 1.25520600136e-07, 4.07807299041e-08, 1.26109995335e-07, 3.22323046476e-07, 1.85362225125e-07, 9.37478095153e-09, 1.69983511711e-08, 5.84742876342e-09, 6.00733285339e-09, 1.18634870816e-08, 4.08568778809e-09, 5.01420105437e-09, 4.10763911773e-09, 1.54778134753e-09, 9.83556969203e-09, 6.8833261313e-10, 1.9376011906e-10, 4.8709325462e-10, 1.16046859622e-10, 2.37019587984e-11, 1.37914610288e-11, 6.33536018785e-12, 3.57815231437e-12, 2.96198525776e-12, 2.00006135785e-12, 1.63499725911e-12, 1.56903819364e-12, 1.36604724928e-12, 8.9161712952e-13, 1.14402324419e-12, 1.63112373001e-12, 1.63540806331e-12, 4.2085044759e-13, 1.81047261601e-13, 1.47294760481e-13],
        "max": [0.0122586945072, 0.0100234942511, 0.00839410815388, 0.00559554388747, 0.00169935228769, 0.00241562561132, 0.00125819991808, 0.00291824969463, 0.00505282683298, 0.00383871723898, 0.00156423414592, 0.00190566084348, 0.00105161569081, 0.000503918505274, 0.000820336688776, 0.00049075926654, 0.00050429435214, 0.000642481783871, 0.00023012427846, 0.00119979551528, 0.000263415713562, 8.61654843902e-05, 0.000239661865635, 9.33859555516e-05, 3.50064401573e-05, 2.54062397289e-05, 1.27909715957e-05, 1.10583705464e-05, 1.26865152197e-05, 6.7526566454e-06, 8.91274703463e-06, 8.83661232365e-06, 1.06069828689e-05, 1.08739668576e-05, 1.45503290696e-05, 1.79788694368e-05, 1.83854081115e-05, 9.26972279558e-06, 6.30514477962e-06, 5.25620225744e-06],
        "mean": [0.000638516503386, 0.00265488657169, 0.00192248797975, 0.000708195380867, 0.000304518645862, 0.000269184762146, 0.000139637151733, 0.000174758664798, 0.000238597596763, 0.00017530391051, 3.78242220904e-05, 3.91433022742e-05, 2.56336843449e-05, 2.53275302384e-05, 2.48181022471e-05, 2.75548245554e-05, 2.52389272646e-05, 2.41565994656e-05, 1.32774448502e-05, 2.61825680354e-05, 1.13836995297e-05, 7.85932934377e-06, 1.04707905848e-05, 6.16446095592e-06, 3.04173545373e-06, 1.92016932488e-06, 1.0858539099e-06, 7.51758420847e-07, 8.29021530535e-07, 5.73625698053e-07, 4.67753210387e-07, 4.61771975324e-07, 4.25706815577e-07, 3.17495789659e-07, 2.68976947382e-07, 2.1718628318e-07, 1.70504307562e-07, 1.12313401246e-07, 8.73668781765e-08, 7.43672856629e-08],