{
"metadata": {
    "version": {
        "essentia": "2.0.1",
        "extractor": "archive-music 1.0 mod ismir14"
    },
    "audio_properties": {
        "analysis_sample_rate": 44100,
        "bitrate": 32,
        "channels": 2,
        "equal_loudness": 0,
        "length": 30.0408172607,
        "replay_gain": -8.35384559631,
        "downmix": "mix"
    },
    "tags": {
        "track": 7,
        "year": 0,
        "album": "The Cool Jazz Collection",
        "artist": "Astrud Gilberto",
        "comment": "",
        "genre": "Jazz",
        "title": "Girl From Ipanema"
    }
},
"rhythm": {
    "bpm": 130.358261108,
    "bpm_histogram_first_peak": 129,
    "bpm_histogram_first_peak_spread": 0.55172419548,
    "bpm_histogram_first_peak_weight": 0.412698417902,
    "bpm_histogram_second_peak": 123,
    "bpm_histogram_second_peak_spread": 0,
    "bpm_histogram_second_peak_weight": 0.047619048506
},
"tonal": {
    "tuning_frequency": {
        "dmean": 0.0686623007059,
        "dmean2": 0.132974997163,
        "dvar": 1.08951842785,
        "dvar2": 2.43776226044,
        "max": 454.990661621,
        "mean": 435.355438232,
        "median": 434.193115234,
        "min": 431.193908691,
        "var": 17.3116664886
    },
    "hpcp": {
        "dmean": [0.115992501378, 0.116415925324, 0.149848803878, 0.179894164205, 0.159632742405, 0.125111624599, 0.142431870103, 0.153619930148, 0.227374345064, 0.135144516826, 0.137109592557, 0.114226348698],
        "dmean2": [0.225685551763, 0.22373020649, 0.289395689964, 0.341084122658, 0.30969029665, 0.239771574736, 0.273027420044, 0.297885924578, 0.43804782629, 0.262228518724, 0.262367963791, 0.223546221852],
        "dvar": [0.0823506936431, 0.077026411891, 0.0992742478848, 0.108008936048, 0.105295903981, 0.0802134647965, 0.0895160362124, 0.101599290967, 0.133214429021, 0.0946981534362, 0.087360791862, 0.0798856988549],
        "dvar2": [0.238827973604, 0.221250325441, 0.275812596083, 0.299996525049, 0.298139125109, 0.231263190508, 0.253458350897, 0.289576768875, 0.371816843748, 0.27388805151, 0.244836166501, 0.233767390251],
        "max": [1, 1, 1, 1, 1, 1, 1, 1, 1, 1, 1, 1],
        "mean": [0.0731997787952, 0.102843463421, 0.109916545451, 0.208500921726, 0.114252381027, 0.0937354415655, 0.13191409409, 0.116813488305, 0.197185531259, 0.0935422554612, 0.0994971245527, 0.080118894577],
        "median": [0.00038246193435, 0.00163864926435, 0.000753359403461, 0.00356427254155, 0.00109870103188, 0.0011270774994, 0.00160435657017, 0.00117843889166, 0.00438853958622, 0.000335653137881, 0.00192204723135, 0.000594594341237],
        "min": [0, 0, 0, 0, 0, 0, 0, 0, 0, 0, 0, 0],
        "var": [0.0547282956541, 0.0733551308513, 0.08100130409, 0.136467635632, 0.0819314196706, 0.0670918226242, 0.0929116532207, 0.0847238898277, 0.130119785666, 0.0718818604946, 0.0656081661582, 0.0598717294633]
    }
},
"lowlevel": {
    "melbands": {
        "dmean": [0.000825490511488, 0.00341573054902, 0.00359995733015, 0.00187195010949, 0.00101051048841, 0.000382844154956, 0.000129712148919, 0.000122028795886, 5.10357276653e-05, 2.68221756414e-05, 2.79554587905e-05, 2.93292796414e-05, 8.78700029716e-06, 6.65237666908e-06, 7.89822661318e-06, 4.83758367409e-06, 3.76879324904e-06, 1.77211609298e-06, 1.64445896189e-06, 1.66174163496e-06, 1.03025342924e-06, 1.32331933855e-06, 1.58401792305e-06, 1.52100665218e-06, 6.34334071492e-07, 3.90859526078e-07, 5.92732135374e-07, 8.24447909054e-07, 7.23514517631e-07, 9.60143324846e-07, 1.50529388065e-06, 2.49433924182e-06, 3.01238242173e-06, 1.78134007456e-06, 8.81933488017e-07, 4.97571477354e-07, 4.15074055127e-07, 3.13989346523e-07, 4.15953337551e-07, 5.89866942846e-07],
        "dmean2": [0.0014032520121, 0.00584817491472, 0.00618626596406, 0.00312986574136, 0.00169057596941, 0.000648255168926, 0.000193655403564, 0.000172547399416, 6.93515612511e-05, 3.43680403603e-05, 3.67644061043e-05, 3.82973121305e-05, 1.25106626001e-05, 1.01476489363e-05, 1.09968650577e-05, 7.24234087102e-06, 5.48692833036e-06, 2.64624782176e-06, 2.35019888351e-06, 2.41055340666e-06, 1.55785789957e-06, 1.97400163415e-06, 2.36208552451e-06, 2.3795191737e-06, 1.01636555883e-06, 5.94388268382e-07, 9.06264858713e-07, 1.33759192522e-06, 1.09630559564e-06, 1.44108423683e-06, 2.31052717936e-06, 3.9507681322e-06, 4.69056658403e-06, 2.73155319519e-06, 1.40806582749e-06, 7.36126366974e-07, 6.35058768239e-07, 4.54915181081e-07, 6.10548568147e-07, 9.07511093828e-07],
        "dvar": [2.58324189417e-06, 2.91570377158e-05, 3.5831668356e-05, 9.39017536439e-06, 2.7424905511e-06, 4.48722687452e-07, 1.44587914974e-07, 1.52202119352e-07, 1.86763067234e-08, 9.92877424721e-09, 7.28234228475e-09, 2.1090743374e-08, 1.12463460766e-09, 4.57685944699e-10, 7.14447889738e-10, 5.07296704644e-10, 5.52658752095e-10, 5.48242631848e-11, 7.47466949447e-11, 8.35564811785e-11, 1.48930052318e-11, 1.62567650314e-11, 2.72357240927e-11, 4.30464761059e-11, 7.25419030401e-12, 1.16850723975e-12, 4.75760967081e-12, 1.25039900309e-11, 8.19024795901e-12, 3.28568526553e-11, 6.96530055855e-11, 2.2092051799e-10, 6.90358381572e-10, 1.57113447252e-10, 2.28169184935e-11, 3.31325591962e-12, 2.04446659255e-12, 1.56509050511e-12, 4.86768091112e-12, 9.49820777585e-12],
        "dvar2": [6.94631989973e-06, 8.81619489519e-05, 0.000115806251415, 2.58383424807e-05, 7.44300632505e-06, 1.25672545437e-06, 2.22176637976e-07, 2.4235436058e-07, 2.91832531474e-08, 1.25393366801e-08, 1.27699717467e-08, 2.42956410546e-08, 2.66551269945e-09, 1.06353659213e-09, 1.12337594782e-09, 1.05403896722e-09, 9.95663329562e-10, 1.13818267311e-10, 1.19719595348e-10, 1.72538733301e-10, 2.92499288679e-11, 3.40624889406e-11, 5.97881674724e-11, 1.08917583286e-10, 1.82762832646e-11, 2.5828304339e-12, 1.09396198697e-11, 3.20274674837e-11, 1.89159347908e-11, 7.76914921286e-11, 1.45582920719e-10, 5.0756221448e-10, 1.74433401057e-09, 3.44549527798e-10, 6.58820706323e-11, 7.71019012524e-12, 5.00535246931e-12, 3.59588053778e-12, 1.26675735873e-11, 2.64187786231e-11],
        "max": [0.033431392163, 0.0699401721358, 0.0709863826632, 0.0825412720442, 0.0245126709342, 0.012083593756, 0.00941025279462, 0.00946943927556, 0.00374812283553, 0.00407160725445, 0.00221226876602, 0.0107482289895, 0.00100957835093, 0.000680660130456, 0.00156832067296, 0.000852096709423, 0.000997471506707, 0.00030819879612, 0.000361154699931, 0.000349907815689, 0.000130817643367, 8.09354169178e-05, 9.95283553493e-05, 0.000147343220306, 9.36740470934e-05, 2.92267741315e-05, 5.99639206484e-05, 0.000132133587613, 8.15872117528e-05, 0.000163398610312, 0.000240256209509, 0.000406684703194, 0.00103539472912, 0.000560056534596, 0.000139294061228, 4.81099887111e-05, 3.38370664394e-05, 4.82765717607e-05, 7.90463891462e-05, 8.33779413369e-05],
        "mean": [0.00153498339932, 0.00626038154587, 0.00756489112973, 0.00369379576296, 0.00229867454618, 0.000828871328849, 0.000307371665258, 0.00030447327299, 0.000143580749864, 8.82539025042e-05, 8.62319939188e-05, 8.67787239258e-05, 2.26282318181e-05, 1.28677311295e-05, 1.99600690394e-05, 1.18604930321e-05, 8.43521320348e-06, 3.53918653673e-06, 3.36370158038e-06, 3.2732039017e-06, 1.8169013174e-06, 2.69777183348e-06, 3.2242942325e-06, 2.53051393884e-06, 1.11437975647e-06, 7.61104047342e-07, 1.05785829874e-06, 1.3674116417e-06, 1.17495915219e-06, 1.52088875893e-06, 2.59933085545e-06, 4.20519063482e-06, 4.39552150056e-06, 3.00169881484e-06, 1.50630330609e-06, 1.01460136648e-06, 8.41009750729e-07, 6.64464323563e-07, 8.34528862015e-07, 1.12060331503e-06],