{
"metadata": {
    "version": {
        "essentia": "2.0.1",
        "extractor": "archive-music 1.0 mod ismir14"
    },
    "audio_properties": {
        "analysis_sample_rate": 44100,
        "bitrate": 32,
        "channels": 2,
        "equal_loudness": 0,
        "length": 30.0408172607,
        "replay_gain": -11.7863292694,
        "downmix": "mix"
    },
    "tags": {
        "track": 6,
        "year": 0,
        "album": "Swing Classics (Jazz & Tzaz 70)",
        "artist": "Benny Carter",
        "comment": "",
        "genre": "Jazz",
        "title": "Babalu"
    }
},
"rhythm": {
    "bpm": 92.4049606323,
    "bpm_histogram_first_peak": 92,
    "bpm_histogram_first_peak_spread": 0.613636374474,
    "bpm_histogram_first_peak_weight": 0.377777785063,
    "bpm_histogram_second_peak": 99,
    "bpm_histogram_second_peak_spread": 0,
    "bpm_histogram_second_peak_weight": 0.0222222227603
},
"tonal": {
    "tuning_frequency": {
        "dmean": 0.0494732744992,
        "dmean2": 0.0937780439854,
        "dvar": 0.473252177238,
        "dvar2": 1.05347025394,
        "max": 454.990661621,
        "mean": 435.35824585,
        "median": 434.444000244,
        "min": 434.444000244,
        "var": 2.18400382996
    },
    "hpcp": {
        "dmean": [0.149417534471, 0.142547309399, 0.149209275842, 0.19460080564, 0.141436770558, 0.116952389479, 0.154516011477, 0.122533321381, 0.194305405021, 0.143403083086, 0.183868080378, 0.194739028811],
        "dmean2": [0.277802884579, 0.258095264435, 0.282737612724, 0.349870443344, 0.260748922825, 0.214324295521, 0.271559000015, 0.228231593966, 0.349341392517, 0.268702983856, 0.333302378654, 0.347144037485],
        "dvar": [0.0670853331685, 0.0601703636348, 0.078414440155, 0.0806950777769, 0.0637078210711, 0.0537093803287, 0.0599134452641, 0.0574629604816, 0.0757108777761, 0.0700474604964, 0.0712664797902, 0.0766086503863],
        "dvar2": [0.191866308451, 0.167216941714, 0.226043105125, 0.213615730405, 0.173600375652, 0.151501685381, 0.160668283701, 0.161377847195, 0.202248826623, 0.201359435916, 0.194224789739, 0.206819474697],
        "max": [1, 1, 1, 1, 1, 1, 1, 1, 1, 1, 1, 1],
        "mean": [0.11404568702, 0.14823615551, 0.107926905155, 0.397696435452, 0.166201502085, 0.100352220237, 0.240574106574, 0.0950853675604, 0.287761062384, 0.104087434709, 0.191130638123, 0.235678687692],
        "median": [0.0114522064105, 0.0206114724278, 0.00373795698397, 0.191404089332, 0.013276415877, 0.0129503095523, 0.0603458508849, 0.00746268918738, 0.100012727082, 0.00817778054625, 0.0632909536362, 0.0634616613388],
        "min": [0, 0, 0, 0, 0, 0, 0, 0, 0, 0, 0, 0],
        "var": [0.0571768321097, 0.0671622008085, 0.0647267624736, 0.173885121942, 0.0942063704133, 0.0484618209302, 0.116584539413, 0.0481273420155, 0.129826933146, 0.0524319149554, 0.0776201784611, 0.107118360698]
    }
},
"lowlevel": {
    "melbands": {
        "dmean": [2.76670634776e-05, 0.000122529731016, 0.000138201401569, 0.000257249514107, 0.000309881841531, 0.00034303747816, 0.000265060574748, 0.00034013032564, 0.00024677728652, 0.000157694084919, 0.000117529038107, 9.73475616775e-05, 9.27581713768e-05, 7.97387619969e-05, 0.00014833942987, 0.000131542954477, 7.1820737503e-05, 3.75797681045e-05, 3.99586788262e-05, 4.34090106864e-05, 1.49902170961e-05, 2.21252976189e-05, 1.02557705759e-05, 6.95092376191e-06, 8.84339169716e-06, 3.04279137708e-06, 1.83747999927e-06, 2.27198620451e-06, 1.82037774721e-06, 1.66875747709e-06, 8.2163847992e-07, 4.08413342257e-07, 2.66425672635e-07, 1.14230466863e-07, 4.86709623715e-08, 4.60879547859e-08, 1.29688126904e-08, 2.53796961225e-09, 9.38278232887e-10, 5.76012904041e-10],
        "dmean2": [4.28154962719e-05, 0.000199362257263, 0.000241542991716, 0.000466441066237, 0.000564261572435, 0.000587639166042, 0.000412992638303, 0.00048128477647, 0.00034231855534, 0.000217414679355, 0.000181326788152, 0.000149111889186, 0.000142920849612, 0.000124224403407, 0.000226135322009, 0.000207580669667, 0.000107012499939, 5.30594479642e-05, 5.81253625569e-05, 6.44496030873e-05, 2.33271275647e-05, 3.50234549842e-05, 1.67281796166e-05, 1.07645500975e-05, 1.28755209516e-05, 4.57271380583e-06, 2.82679570773e-06, 3.47318268723e-06, 2.73894170277e-06, 2.42945225182e-06, 1.21742323245e-06, 5.96958898313e-07, 3.88011187624e-07, 1.7149687892e-07, 6.99449174135e-08, 6.74803999345e-08, 1.90121784982e-08, 3.90728649435e-09, 1.46555001468e-09, 9.02340646647e-10],
        "dvar": [1.30276678334e-09, 2.38877166936e-08, 4.78393467063e-08, 1.53456227281e-07, 2.10729609762e-07, 2.7582450457e-07, 1.39366903795e-07, 5.10607435444e-07, 2.13232198121e-07, 8.71592860108e-08, 7.06948455331e-08, 5.8326921959e-08, 5.00646670787e-08, 3.05412548585e-08, 8.88210394123e-08, 1.1910412212e-07, 3.62917802477e-08, 7.90163134923e-09, 1.19284333522e-08, 1.14124141248e-08, 7.3832118197e-10, 3.92242816005e-09, 5.3638748998e-10, 2.09593134515e-10, 4.62551164038e-10, 6.0396958268e-11, 1.88671925305e-11, 5.14989578759e-11, 2.04028929168e-11, 1.5570886594e-11, 4.66321599391e-12, 1.31513593418e-12, 6.69583420827e-13, 1.51819380093e-13, 1.81734798244e-14, 1.75376172731e-14, 9.62418316428e-16, 6.28417912558e-17, 7.6307667934e-18, 1.90775807959e-18],
        "dvar2": [2.71847588884e-09, 5.99491087883e-08, 1.3738328164e-07, 4.5625492362e-07, 6.59879447085e-07, 7.94209995547e-07, 3.41414619243e-07, 1.09888571842e-06, 4.55902466001e-07, 1.76132942897e-07, 1.75325737928e-07, 1.51938138515e-07, 1.23786378481e-07, 8.32125479633e-08, 2.07306911193e-07, 3.07796938159e-07, 9.1245283329e-08, 1.60283946116e-08, 2.72032831816e-08, 2.45844198332e-08, 1.77590320227e-09, 1.05578941145e-08, 1.52484314064e-09, 5.07462682986e-10, 9.7429697643e-10, 1.31586755381e-10, 4.43164359376e-11, 1.25009516627e-10, 4.78509419588e-11, 3.35890724956e-11, 1.07425804363e-11, 2.95043113205e-12, 1.52390198984e-12, 3.32292570196e-13, 3.6590939019e-14, 4.07764201907e-14, 2.10555555908e-15, 1.55312675893e-16, 1.77421655258e-17, 4.57829786592e-18],
        "max": [0.00051545369206, 0.0021828408353, 0.0045314822346, 0.00919304508716, 0.00644579576328, 0.00770993251354, 0.00601983489469, 0.0175865609199, 0.00830318871886, 0.00529683893546, 0.00488112587482, 0.00473742000759, 0.00513877440244, 0.00364230526611, 0.00556890107691, 0.00554276723415, 0.00423051044345, 0.00230928068049, 0.0019878516905, 0.0025526243262, 0.000522375514265, 0.00150812813081, 0.000421821256168, 0.000283372763079, 0.000371306785382, 0.000200686365133, 8.4293737018e-05, 0.000138316419907, 6.90564484103e-05, 6.99143711245e-05, 4.47471684311e-05, 2.98027061945e-05, 2.25272269745e-05, 8.90071987669e-06, 2.54634528574e-06, 3.02006196762e-06, 4.89022227157e-07, 1.71471256749e-07, 6.52476686014e-08, 2.34230483898e-08],
        "mean": [3.8994163333e-05, 0.000175772540388, 0.000175588924321, 0.000325936562149, 0.000414918875322, 0.000565200753044, 0.000612522126175, 0.001234928146, 0.000767826393712, 0.000430745945778, 0.000297575606965, 0.000243266054895, 0.000191170329344, 0.000146357997437, 0.000295622681733, 0.000240417459281, 0.000177480251295, 9.22986291698e-05, 7.36507208785e-05, 9.77925083134e-05, 3.10218529194e-05, 4.01645556849e-05, 2.16673215618e-05, 1.67835278262e-05, 2.38447537413e-05, 7.84989606473e-06, 4.04649154007e-06, 4.41535121354e-06, 4.5760489229e-06, 4.91286527904e-06, 2.29069132729e-06, 1.08489120976e-06, 6.95712401466e-07, 2.91792673579e-07, 1.28476415284e-07, 1.21292998756e-07, 3.48006885531e-08, 5.13258591184e-09, 1.99059546624e-09, 1.23243570904e-09],