{
"metadata": {
    "version": {
        "essentia": "2.0.1",
        "extractor": "archive-music 1.0 mod ismir14"
    },
    "audio_properties": {
        "analysis_sample_rate": 44100,
        "bitrate": 32,
        "channels": 2,
        "equal_loudness": 0,
        "length": 30.0408172607,
        "replay_gain": -10.0283031464,
        "downmix": "mix"
    },
    "tags": {
        "track": 0,
        "year": 0,
        "album": "",
        "artist": "",
        "comment": "",
        "genre": "",
        "title": ""
    }
},
"rhythm": {
    "bpm": 172.265594482,
    "bpm_histogram_first_peak": 172,
    "bpm_histogram_first_peak_spread": 0,
    "bpm_histogram_first_peak_weight": 0.529411792755,
    "bpm_histogram_second_peak": 178,
    "bpm_histogram_second_peak_spread": 0,
    "bpm_histogram_second_peak_weight": 0.258823543787
},
"tonal": {
    "tuning_frequency": {
        "dmean": 0.0248527992517,
        "dmean2": 0.040629889816,
        "dvar": 0.0525266639888,
        "dvar2": 0.0911185368896,
        "max": 436.708374023,
        "mean": 434.260498047,
        "median": 434.193115234,
        "min": 434.193115234,
        "var": 0.156831666827
    },
    "hpcp": {
        "dmean": [0.121195666492, 0.202586263418, 0.187138259411, 0.278418391943, 0.0480357408524, 0.147983774543, 0.158968642354, 0.280366063118, 0.0941285863519, 0.106042958796, 0.261366277933, 0.0851232409477],
        "dmean2": [0.215747475624, 0.376384824514, 0.322832107544, 0.488757222891, 0.0882666185498, 0.262412667274, 0.281096339226, 0.496112316847, 0.168841853738, 0.184785276651, 0.475627630949, 0.153055101633],
        "dvar": [0.0467806197703, 0.0730459988117, 0.0559486709535, 0.11039147526, 0.0149910748005, 0.0748914778233, 0.0837991535664, 0.118778631091, 0.041146825999, 0.0424677096307, 0.0956776961684, 0.0224885251373],
        "dvar2": [0.1204200387, 0.155853629112, 0.147131457925, 0.252926170826, 0.043656155467, 0.169093161821, 0.187186211348, 0.313989460468, 0.116261914372, 0.112287305295, 0.192773789167, 0.0654434859753],
        "max": [1, 1, 1, 1, 0.791897296906, 1, 1, 1, 1, 1, 1, 1],
        "mean": [0.100662209094, 0.239143177867, 0.171047240496, 0.396238178015, 0.0363468155265, 0.150154471397, 0.183091163635, 0.234794452786, 0.0679781660438, 0.0822951197624, 0.383365988731, 0.0690611004829],
        "median": [0.029366414994, 0.105485707521, 0.0730982720852, 0.176832035184, 0.00635731220245, 0.0304801482707, 0.0109510319307, 0.0477348864079, 0.0120063358918, 0.0172300338745, 0.189512044191, 0.0226921010762],
        "min": [0.000862825894728, 0.00329530891031, 0.00101876037661, 0.000122787401779, 8.46291222842e-05, 0.000684744096361, 6.91341192578e-05, 0.000268712785328, 0.000322248757584, 0.000109202868771, 0.000210117577808, 0.000394168600906],
        "var": [0.0391864962876, 0.102411411703, 0.0578876435757, 0.17075368762, 0.0100062564015, 0.0851632133126, 0.114998534322, 0.119467623532, 0.0296764131635, 0.0336205922067, 0.153947100043, 0.0166373085231]
    }
},
"lowlevel": {
    "melbands": {
        "dmean": [3.16491167496e-07, 1.42456865433e-05, 1.81292580237e-05, 0.000199150570552, 0.000155638277647, 8.02751455922e-05, 3.82812213502e-05, 3.29396352754e-05, 2.09920090128e-05, 1.56300629897e-05, 1.39052108352e-05, 8.98803409655e-06, 1.37929073389e-05, 5.22674099557e-06, 4.43577891929e-06, 3.19451214637e-06, 7.01097769706e-06, 2.82484984382e-06, 3.78559775527e-06, 8.67219057454e-07, 1.11529720925e-06, 9.63124989539e-07, 6.88739191901e-07, 1.08635344986e-06, 2.48938067671e-06, 3.01079467135e-06, 6.45789896225e-07, 3.67437309023e-07, 1.54183794621e-07, 1.09495736922e-07, 4.3916354997e-08, 6.52065379469e-09, 1.25364418846e-09, 2.94784835431e-10, 7.73144742672e-11, 3.32283749127e-11, 1.70172521907e-11, 6.75128139158e-12, 4.02287925194e-12, 2.66280335455e-12],
        "dmean2": [5.01210706716e-07, 2.46669260378e-05, 2.96925136354e-05, 0.000340355909429, 0.000265448528808, 0.000138280316605, 6.59019933664e-05, 5.60524531465e-05, 3.908634244e-05, 2.94525070785e-05, 2.64570608124e-05, 1.72154032043e-05, 2.64997852355e-05, 9.87388011708e-06, 8.33681042423e-06, 5.97856251261e-06, 1.30428788907e-05, 4.98377676195e-06, 6.89289345246e-06, 1.52308700763e-06, 1.92598099602e-06, 1.71897022483e-06, 1.24082782804e-06, 1.91430422092e-06, 4.50804691354e-06, 5.67707320442e-06, 1.15414263746e-06, 6.67338611038e-07, 2.90819940574e-07, 2.08940150515e-07, 8.67753229272e-08, 1.2384987258e-08, 2.44681586103e-09, 5.7159987854e-10, 1.44265377422e-10, 6.21923762489e-11, 2.96658357601e-11, 1.06245290343e-11, 5.83028503948e-12, 3.38117793312e-12],
        "dvar": [1.34952297818e-13, 1.55682311487e-09, 5.53914081269e-10, 2.78508196061e-07, 2.88101738022e-08, 6.37138386494e-09, 1.95289273641e-09, 2.48450637841e-09, 3.07784087106e-09, 1.17847376302e-09, 1.21919208063e-09, 6.53138487738e-10, 1.77842529592e-09, 1.52799828346e-10, 1.7784351769e-10, 4.28065603797e-11, 6.60806298569e-10, 1.97358900056e-11, 5.67265921736e-11, 1.58757826763e-12, 2.38235147755e-12, 1.69304251608e-12, 1.9255257111e-12, 2.64774812318e-12, 3.41762416978e-11, 5.89474302704e-11, 8.35035328644e-13, 4.66970537759e-13, 1.35236778915e-13, 1.28536490804e-13, 3.44886201846e-14, 4.61547141228e-16, 4.29554230354e-17, 1.16404857285e-18, 2.74891763091e-20, 7.93660572258e-21, 2.33007125423e-21, 3.03282636344e-22, 2.71190739734e-22, 2.36465335122e-22],
        "dvar2": [3.24076160872e-13, 3.20388937602e-09, 1.35123190415e-09, 7.38218261631e-07, 7.9114762741e-08, 1.81441208724e-08, 5.27995069888e-09, 5.64625901589e-09, 8.76818617712e-09, 3.58435681136e-09, 3.73125841335e-09, 1.95803906422e-09, 5.25925836214e-09, 4.49736886621e-10, 5.32922095342e-10, 1.20654000679e-10, 1.97613680974e-09, 5.56597476442e-11, 1.63945967913e-10, 4.57111258567e-12, 6.61214616046e-12, 4.8511420575e-12, 5.60541543737e-12, 7.55363133154e-12, 1.0089121899e-10, 1.75899017574e-10, 2.19614127231e-12, 1.32460232019e-12, 3.81241696198e-13, 3.65394184094e-13, 1.03540291033e-13, 1.34220470245e-15, 1.28046950018e-16, 3.63291066229e-18, 8.05702738701e-20, 2.31885237483e-20, 6.5586439911e-21, 4.01127036037e-22, 2.92453204324e-22, 2.26845321533e-22],
        "max": [2.41933253164e-06, 0.000396392337279, 0.000191305109183, 0.00522497389466, 0.0011430317536, 0.00048112065997, 0.000222443632083, 0.00037916333531, 0.000372890848666, 0.000204047188163, 0.00019241978589, 0.000151380154421, 0.000315227342071, 8.25636889203e-05, 9.36113865464e-05, 5.84284716751e-05, 0.000234751030803, 3.21263651131e-05, 7.07215804141e-05, 1.16061428344e-05, 1.0024180483e-05, 7.01119142832e-06, 8.91455874807e-06, 8.88308295544e-06, 3.92439651478e-05, 6.1430320784e-05, 4.42707141701e-06, 3.84214217775e-06, 2.60244178207e-06, 3.00627675642e-06, 1.67969449194e-06, 1.92383097897e-07, 5.95393991887e-08, 7.68230101755e-09, 1.24907284516e-09, 7.93703658353e-10, 4.29858343365e-10, 1.82214313083e-10, 1.7367690619e-10, 1.70201075456e-10],
        "mean": [4.58490774236e-07, 1.91457420442e-05, 2.62370504061e-05, 0.000223875205847, 0.000207167162444, 9.84729631455e-05, 3.80077508453e-05, 3.72250106011e-05, 1.64109715115e-05, 1.11112049126e-05, 1.03705397123e-05, 5.77644414079e-06, 9.83140307653e-06, 3.59695241059e-06, 3.25003520629e-06, 2.45458068093e-06, 5.31254545422e-06, 2.51193273471e-06, 3.52757069777e-06, 9.57268525781e-07, 1.1103346651e-06, 9.55786845225e-07, 6.45941099719e-07, 8.84958183178e-07, 1.93792357095e-06, 2.18396667151e-06, 5.56352290459e-07, 2.82467567558e-07, 1.03252112638e-07, 6.69005757459e-08, 2.71317279754e-08, 4.25994350906e-09, 7.69275254608e-10, 2.0888578367e-10, 7.75210104442e-11, 3.67793608069e-11, 1.96352656356e-11, 9.71334644662e-12, 5.94618278227e-12, 3.99247605462e-12],