{
"metadata": {
    "version": {
        "essentia": "2.0.1",
        "extractor": "archive-music 1.0 mod ismir14"
    },
    "audio_properties": {
        "analysis_sample_rate": 44100,
        "bitrate": 32,
        "channels": 2,
        "equal_loudness": 0,
        "length": 30.0408172607,
        "replay_gain": -14.828502655,
        "downmix": "mix"
    },
    "tags": {
        "track": 0,
        "year": 0,
        "album": "",
        "artist": "",
        "comment": "",
        "genre": "",
        "title": ""
    }
},
"rhythm": {
    "bpm": 109.314041138,
    "bpm_histogram_first_peak": 110,
    "bpm_histogram_first_peak_spread": 0.396226406097,
    "bpm_histogram_first_peak_weight": 0.603773593903,
    "bpm_histogram_second_peak": 0,
    "bpm_histogram_second_peak_spread": 0,
    "bpm_histogram_second_peak_weight": 0
},
"tonal": {
    "tuning_frequency": {
        "dmean": 0.170196339488,
        "dmean2": 0.307557851076,
        "dvar": 0.621129691601,
        "dvar2": 1.38000714779,
        "max": 446.142181396,
        "mean": 440.235321045,
        "median": 439.745910645,
        "min": 438.224517822,
        "var": 1.39727342129
    },
    "hpcp": {
        "dmean": [0.114502839744, 0.0940824896097, 0.0393367856741, 0.154103040695, 0.0389094911516, 0.137456536293, 0.0345703922212, 0.0955788195133, 0.121813453734, 0.0385261625051, 0.172883465886, 0.0539748221636],
        "dmean2": [0.217174902558, 0.169263646007, 0.0718270540237, 0.257294297218, 0.0712742656469, 0.219191491604, 0.062150426209, 0.153645932674, 0.218204930425, 0.0721760541201, 0.286173015833, 0.099664144218],
        "dvar": [0.0438602119684, 0.0556433834136, 0.00315543706529, 0.0640069022775, 0.0110575193539, 0.0443473570049, 0.00460110511631, 0.0220100898296, 0.0331311970949, 0.00786068104208, 0.0622314177454, 0.00812472496182],
        "dvar2": [0.107605025172, 0.108238562942, 0.00847184285522, 0.149084091187, 0.0318861193955, 0.0947545915842, 0.0123318070546, 0.052753098309, 0.0690606608987, 0.0230839867145, 0.136827811599, 0.0224793814123],
        "max": [1, 1, 0.298210084438, 1, 1, 1, 0.49447786808, 1, 1, 0.755467653275, 1, 0.537210345268],
        "mean": [0.166469857097, 0.251363962889, 0.0303237419575, 0.460725456476, 0.0306350644678, 0.249449402094, 0.0289311558008, 0.102939374745, 0.227304324508, 0.0297387130558, 0.214639931917, 0.0386721417308],
        "median": [0.0401227362454, 0.0211425386369, 0.0114877996966, 0.309130311012, 0.0108350915834, 0.0700453221798, 0.0117691513151, 0.0273249577731, 0.109056033194, 0.0134113132954, 0.0824080780149, 0.0109761580825],
        "min": [9.32459370233e-05, 0.000151605607243, 0.000137158160214, 0.000915406504646, 0.000226662887144, 0.000397375872126, 0.00038333129487, 0.000925438769627, 0.000544190756045, 0.000456548470538, 0.000646352476906, 0.000236071209656],
        "var": [0.0792689844966, 0.165631979704, 0.00234894920141, 0.190498635173, 0.00701495632529, 0.122545771301, 0.00324015668593, 0.0324536785483, 0.0919665396214, 0.00445733871311, 0.0936698764563, 0.00568307610229]
    }
},
"lowlevel": {
    "melbands": {
        "dmean": [0.000141530050314, 0.00026901520323, 0.000170354425791, 0.000108050553536, 4.41129304818e-05, 5.81409003644e-05, 2.57006886386e-05, 3.85052917409e-05, 5.82118700549e-05, 4.33352543041e-05, 1.015430189e-05, 1.09387319753e-05, 7.75392982177e-06, 7.54713346396e-06, 6.3465004132e-06, 6.86698967911e-06, 6.32948876955e-06, 6.9075463216e-06, 3.76494040211e-06, 5.42780253454e-06, 2.39638347921e-06, 1.6175691826e-06, 1.79351729912e-06, 1.11644010303e-06, 6.42049315047e-07, 4.48386629159e-07, 2.84317934529e-07, 2.11298299746e-07, 2.40214291125e-07, 1.70061341009e-07, 1.43497743466e-07, 1.45748501268e-07, 1.38404359973e-07, 1.05883877666e-07, 8.93111860023e-08, 7.91157290791e-08, 6.59186909502e-08, 4.32198916656e-08, 3.33309415623e-08, 2.78776610685e-08],
        "dmean2": [0.00026175333187, 0.000453651446151, 0.000280236359686, 0.000184507560334, 7.02747129253e-05, 0.000101881669252, 4.36694135715e-05, 6.44165411359e-05, 9.67299929471e-05, 7.04139310983e-05, 1.8435619495e-05, 2.02339579118e-05, 1.40876782098e-05, 1.37338220156e-05, 1.10314258563e-05, 1.21994135043e-05, 1.12445350169e-05, 1.21861821754e-05, 6.5860435825e-06, 7.94064726506e-06, 4.04643878937e-06, 2.85079295281e-06, 2.7156336273e-06, 1.7232200662e-06, 1.13261592105e-06, 8.10367623671e-07, 5.23489859461e-07, 3.88958454778e-07, 4.34138598848e-07, 3.10528207592e-07, 2.61883485564e-07, 2.69407053111e-07, 2.56870578141e-07, 1.96982838929e-07, 1.66326273643e-07, 1.51885060973e-07, 1.2792999371e-07, 8.32077660107e-08, 6.38898498551e-08, 5.32962651789e-08],
        "dvar": [4.22924983923e-08, 8.51422043979e-08, 3.67202055429e-08, 1.13608233931e-08, 1.50602430526e-09, 7.53930162745e-09, 1.09968245621e-09, 4.23397850113e-09, 1.10448397095e-08, 7.43450634388e-09, 6.31627028458e-10, 1.04807862389e-09, 3.87210319364e-10, 1.70714734016e-10, 1.54889684412e-10, 1.93686816585e-10, 1.40102360269e-10, 2.16868217828e-10, 4.37020211685e-11, 2.29915295136e-10, 1.59944314737e-11, 5.2165936501e-12, 1.04784956753e-11, 3.16426203816e-12, 7.79403451501e-13, 3.18647614805e-13, 9.12798956971e-14, 5.77412534561e-14, 8.94576500008e-14, 4.49045843369e-14, 3.34928719687e-14, 4.45488948736e-14, 5.04893097274e-14, 4.04908752198e-14, 5.64716357715e-14, 7.43932706778e-14, 6.81922102336e-14, 2.41552688496e-14, 1.12906789834e-14, 9.4094950405e-15],
        "dvar2": [1.14576593546e-07, 2.15709235363e-07, 8.71544401093e-08, 3.07282839174e-08, 3.66548436048e-09, 2.01302405856e-08, 2.28304064542e-09, 1.07558530971e-08, 3.3074382344e-08, 1.8061617979e-08, 1.88533810785e-09, 3.06217007306e-09, 1.10365683259e-09, 4.86484130757e-10, 4.37762076588e-10, 5.10473274762e-10, 3.58622465058e-10, 5.90586690663e-10, 1.19070628357e-10, 3.27255361698e-10, 3.51357935802e-11, 1.60853379227e-11, 1.8620598119e-11, 5.5265969752e-12, 1.96881768701e-12, 8.53031566824e-13, 2.51678479489e-13, 1.44693000528e-13, 2.25474614023e-13, 1.08624162453e-13, 8.75160065402e-14, 1.2044218975e-13, 1.39916412332e-13, 1.16465674995e-13, 1.65742826365e-13, 2.20767143715e-13, 2.02618195659e-13, 7.12792455268e-14, 3.31868660699e-14, 2.77009962006e-14],
        "max": [0.000883447704837, 0.00185283005703, 0.00177794531919, 0.000650193251204, 0.000254758691881, 0.000459623959614, 0.000172408370418, 0.000428431783803, 0.00078899692744, 0.000677752424963, 0.000180755945621, 0.000282656401396, 0.00015706535487, 8.39870335767e-05, 9.73084388534e-05, 9.44672647165e-05, 8.18997577881e-05, 0.000125157690491, 4.04070742661e-05, 0.00020572412177, 4.46063349955e-05, 1.28100209622e-05, 2.70142845693e-05, 1.70029125002e-05, 4.98586086906e-06, 3.76205662178e-06, 1.38349162171e-06, 1.1600130847e-06, 1.9944509404e-06, 9.19431329294e-07, 8.9307241069e-07, 1.21813093301e-06, 1.62471758358e-06, 1.59208661898e-06, 2.12390068555e-06, 2.49187564805e-06, 2.39530641011e-06, 1.42715089169e-06, 9.70258724919e-07, 9.00218878996e-07],
        "mean": [0.000151195679791, 0.000661082973238, 0.000474718166515, 0.000176102519617, 7.36420988687e-05, 6.77971256664e-05, 3.43144165527e-05, 4.19490388595e-05, 6.02617765253e-05, 4.31876360381e-05, 9.09157915885e-06, 9.78110074357e-06, 6.34227262708e-06, 6.30478507446e-06, 5.8921582422e-06, 6.54244604448e-06, 6.19796810497e-06, 6.14956434219e-06, 3.40786823472e-06, 6.6021020757e-06, 2.83497456621e-06, 1.9563215119e-06, 2.59100761468e-06, 1.52803966103e-06, 7.60375428399e-07, 4.79676316445e-07, 2.64893543545e-07, 1.80933724891e-07, 2.06282308568e-07, 1.4274647242e-07, 1.13524883716e-07, 1.13037366134e-07, 1.04895335085e-07, 7.89144536384e-08, 6.74141773516e-08, 5.55465113905e-08, 4.43451746435e-08, 2.91589365986e-08, 2.2840600522e-08, 1.957692497e-08],