{
"metadata": {
    "version": {
        "essentia": "2.0.1",
        "extractor": "archive-music 1.0 mod ismir14"
    },
    "audio_properties": {
        "analysis_sample_rate": 44100,
        "bitrate": 128,
        "channels": 2,
        "equal_loudness": 0,
        "length": 30.0669155121,
        "replay_gain": -8.88451004028,
        "downmix": "mix"
    },
    "tags": {
        "track": 7,
        "year": 0,
        "album": "The Cool Jazz Collection",
        "artist": "Astrud Gilberto",
        "comment": "",
        "genre": "Jazz",
        "title": "Girl From Ipanema"
    }
},
"rhythm": {
    "bpm": 130.002792358,
    "bpm_histogram_first_peak": 129,
    "bpm_histogram_first_peak_spread": 0.490909099579,
    "bpm_histogram_first_peak_weight": 0.444444447756,
    "bpm_histogram_second_peak": 136,
    "bpm_histogram_second_peak_spread": 0.199999988079,
    "bpm_histogram_second_peak_weight": 0.0634920671582
},
"tonal": {
    "tuning_frequency": {
        "dmean": 0.120333969593,
        "dmean2": 0.227423176169,
        "dvar": 1.73323273659,
        "dvar2": 3.36562919617,
        "max": 456.306610107,
        "mean": 438.203918457,
        "median": 434.193115234,
        "min": 432.690917969,
        "var": 63.300075531
    },
    "hpcp": {
        "dmean": [0.106124959886, 0.124504864216, 0.167420446873, 0.173626944423, 0.152370631695, 0.125584810972, 0.144854202867, 0.149426922202, 0.244594544172, 0.13611279428, 0.119086578488, 0.114728890359],
        "dmean2": [0.20477719605, 0.240477502346, 0.324082672596, 0.330464541912, 0.294177651405, 0.242791488767, 0.277174472809, 0.289257466793, 0.470446258783, 0.265642315149, 0.228934213519, 0.223298877478],
        "dvar": [0.0730216279626, 0.0811691731215, 0.109991952777, 0.103478707373, 0.0981149300933, 0.0819336548448, 0.0886220261455, 0.0993088334799, 0.143850207329, 0.0958185791969, 0.0777948498726, 0.0811852812767],
        "dvar2": [0.207771480083, 0.232550993562, 0.309794902802, 0.285615593195, 0.277618557215, 0.236688867211, 0.251321494579, 0.279154628515, 0.402546435595, 0.274044424295, 0.211809039116, 0.233502238989],
        "max": [1, 1, 1, 1, 1, 1, 1, 1, 1, 1, 1, 1],
        "mean": [0.0668109357357, 0.112427406013, 0.118924327195, 0.199553623796, 0.111492924392, 0.0959784537554, 0.136182591319, 0.112991727889, 0.206481292844, 0.0877746939659, 0.0954650491476, 0.0856356397271],
        "median": [0.000358563178452, 0.00167939730454, 0.000741968629882, 0.00320853642188, 0.00113887677435, 0.00105148775037, 0.00144583918154, 0.00107170233969, 0.00495457137004, 0.000326659908751, 0.00184050458483, 0.000545799790416],
        "min": [0, 0, 0, 0, 0, 0, 0, 0, 0, 0, 0, 0],
        "var": [0.0482583902776, 0.0797393545508, 0.0871277973056, 0.131016999483, 0.0785451382399, 0.0684737414122, 0.0940882787108, 0.081843264401, 0.136784613132, 0.0674710869789, 0.0636712163687, 0.0646353140473]
    }
},
"lowlevel": {
    "melbands": {
        "dmean": [0.000789440935478, 0.00343966344371, 0.00357389776036, 0.00183976721019, 0.000988985411823, 0.000367073371308, 0.00013027402747, 0.000119800781249, 4.99236120959e-05, 2.68211115326e-05, 2.74091962638e-05, 2.7044037779e-05, 8.60121599544e-06, 6.17999694441e-06, 8.0426070781e-06, 4.69715359941e-06, 3.8691860027e-06, 1.63601873737e-06, 1.69297379671e-06, 1.53634800881e-06, 1.00733643649e-06, 1.31130980208e-06, 1.47376908899e-06, 1.56633120696e-06, 6.36344964278e-07, 4.16397142544e-07, 5.82788459269e-07, 8.90246781182e-07, 7.2984749977e-07, 8.9874333753e-07, 1.33674427616e-06, 2.23770462071e-06, 2.74963849733e-06, 1.70727082605e-06, 6.62558363729e-07, 3.35630119253e-07, 2.14576076019e-07, 8.40945517666e-08, 2.68646900281e-08, 2.54790966103e-09],
        "dmean2": [0.00132524548098, 0.00594205362722, 0.00621252786368, 0.00310642435215, 0.00162744044792, 0.000617854995653, 0.000193048210349, 0.000169263745192, 6.87297069817e-05, 3.52763854607e-05, 3.72072245227e-05, 3.59504410881e-05, 1.23187464851e-05, 9.16044336918e-06, 1.08875001388e-05, 6.93598167345e-06, 5.4463835113e-06, 2.50246057476e-06, 2.36784330809e-06, 2.16056196223e-06, 1.52765915118e-06, 1.9687531676e-06, 2.13472185351e-06, 2.32759498431e-06, 9.34101876737e-07, 6.39716915884e-07, 8.92294337973e-07, 1.48718436321e-06, 1.10364806005e-06, 1.358701752e-06, 2.10381813304e-06, 3.50822551809e-06, 4.45330579169e-06, 2.65150538326e-06, 1.00892850696e-06, 4.78794277115e-07, 3.17688289897e-07, 1.22968387473e-07, 3.94667125647e-08, 3.87195298046e-09],
        "dvar": [2.29613306146e-06, 3.04975947074e-05, 3.78360200557e-05, 9.31863633014e-06, 2.56959128819e-06, 3.92759005763e-07, 1.44276839364e-07, 1.36631669534e-07, 1.81362818097e-08, 9.08192099303e-09, 6.6168373003e-09, 1.62865116948e-08, 7.71250008302e-10, 2.90408502801e-10, 8.2582507499e-10, 5.00895491751e-10, 5.49683298878e-10, 4.77946709987e-11, 8.39323471835e-11, 6.07461650426e-11, 1.61228929513e-11, 1.66391345147e-11, 2.21082596674e-11, 5.24004346858e-11, 7.90634918646e-12, 1.92341910628e-12, 5.51862028297e-12, 1.78317360877e-11, 8.81294429794e-12, 2.54975242309e-11, 5.24618785913e-11, 1.57920496124e-10, 4.74613570667e-10, 1.54940393848e-10, 9.15095169779e-12, 1.30284899622e-12, 5.6775650804e-13, 1.11188890126e-13, 1.54742433195e-14, 2.34663913531e-16],
        "dvar2": [5.97148800807e-06, 9.20453094295e-05, 0.000122089200886, 2.58440231846e-05, 6.96451297699e-06, 1.07433800167e-06, 2.28788664458e-07, 2.09603044254e-07, 2.8792271678e-08, 1.08984519187e-08, 1.14565876785e-08, 1.94724787406e-08, 1.66881930497e-09, 5.55483881115e-10, 1.31640898182e-09, 9.93950810546e-10, 8.83803752405e-10, 9.56577664302e-11, 1.22833770932e-10, 1.21326421132e-10, 3.55526823259e-11, 3.43221735755e-11, 4.28873221658e-11, 1.29990351816e-10, 1.76875805669e-11, 4.82238988325e-12, 1.23777906327e-11, 4.91345644726e-11, 2.01401065963e-11, 6.09654687844e-11, 1.14438437893e-10, 3.62566254797e-10, 1.26487487151e-09, 3.46616374491e-10, 2.35884783928e-11, 2.7132146356e-12, 1.31662812163e-12, 2.63909499722e-13, 3.94133849364e-14, 5.88453640792e-16],
        "max": [0.0354567989707, 0.0789502710104, 0.0612725652754, 0.0803564488888, 0.0255576483905, 0.0116019574925, 0.0094061344862, 0.00875530298799, 0.00348436809145, 0.00401890603825, 0.00223335926421, 0.00922675058246, 0.000934600713663, 0.000606287794653, 0.00182268454228, 0.000789792451542, 0.00114219111856, 0.000263229943812, 0.000411954708397, 0.000313655211357, 0.000130512649775, 9.16486678761e-05, 9.67667729128e-05, 0.000196651206352, 0.000114659509563, 3.44974214386e-05, 7.59107351769e-05, 0.0001176366859, 8.31413053675e-05, 0.000139343581395, 0.000190501436009, 0.00026952510234, 0.00079341448145, 0.000572087243199, 9.9987948488e-05, 2.66329734586e-05, 1.5983796402e-05, 1.11694698717e-05, 3.57711178367e-06, 6.3891843638e-07],
        "mean": [0.00150718691293, 0.00612766807899, 0.00741513259709, 0.00363555015065, 0.00225187838078, 0.000807733449619, 0.000303172681015, 0.000297967751976, 0.000139903000672, 8.57957929838e-05, 8.48126437631e-05, 8.49606585689e-05, 2.2346715923e-05, 1.26444228954e-05, 1.99438982236e-05, 1.18815405585e-05, 8.27623807709e-06, 3.38544464284e-06, 3.30706097884e-06, 3.10425775751e-06, 1.71527904058e-06, 2.62613298219e-06, 3.08572793983e-06, 2.509586011e-06, 1.10465191483e-06, 7.54256177515e-07, 1.02891681308e-06, 1.33789319534e-06, 1.1804542055e-06, 1.39072005823e-06, 2.42420310315e-06, 4.00577209803e-06, 4.1746638999e-06, 2.9192740385e-06, 1.36211122026e-06, 7.61032254104e-07, 4.52283444474e-07, 1.68945334167e-07, 5.14584144184e-08, 4.11893896768e-09],