{
"metadata": {
    "version": {
        "essentia": "2.0.1",
        "extractor": "archive-music 1.0 mod ismir14"
    },
    "audio_properties": {
        "analysis_sample_rate": 44100,
        "bitrate": 1444,
        "channels": 2,
        "equal_loudness": 0,
        "length": 30,
        "replay_gain": -13.4583263397,
        "downmix": "mix"
    },
    "tags": {
        "track": 0,
        "year": 0,
        "album": "",
        "artist": "",
        "comment": "",
        "genre": "",
        "title": ""
    }
},
"rhythm": {
    "bpm": 178.205886841,
    "bpm_histogram_first_peak": 178,
    "bpm_histogram_first_peak_spread": 0,
    "bpm_histogram_first_peak_weight": 0.453488379717,
    "bpm_histogram_second_peak": 172,
    "bpm_histogram_second_peak_spread": 0,
    "bpm_histogram_second_peak_weight": 0.441860467196
},
"tonal": {
    "tuning_frequency": {
        "dmean": 0.130063280463,
        "dmean2": 0.219304054976,
        "dvar": 0.577438235283,
        "dvar2": 0.858042001724,
        "max": 443.572570801,
        "mean": 441.759094238,
        "median": 441.782684326,
        "min": 434.695007324,
        "var": 3.80614829063
    },
    "hpcp": {
        "dmean": [0.219495683908, 0.153031662107, 0.233400985599, 0.229081854224, 0.113299071789, 0.21450355649, 0.267663776875, 0.269520878792, 0.176568508148, 0.114006571472, 0.252771556377, 0.0846130922437],
        "dmean2": [0.373327553272, 0.269452810287, 0.428492575884, 0.406660556793, 0.206161290407, 0.374259531498, 0.461176604033, 0.469701200724, 0.297598928213, 0.198881819844, 0.464458495378, 0.150838941336],
        "dvar": [0.0452070496976, 0.0330556221306, 0.0557171031833, 0.049607116729, 0.0263148881495, 0.0652962327003, 0.0655761733651, 0.0481766872108, 0.041958283633, 0.0200758092105, 0.0670140013099, 0.0169598888606],
        "dvar2": [0.125132665038, 0.0778590291739, 0.165693461895, 0.134647250175, 0.0718665122986, 0.143082588911, 0.146846801043, 0.125671163201, 0.104315526783, 0.0534447133541, 0.165122494102, 0.048580031842],
        "max": [1, 1, 1, 1, 1, 1, 1, 1, 1, 1, 1, 1],
        "mean": [0.306734651327, 0.17996931076, 0.233206421137, 0.300051003695, 0.13596008718, 0.323733150959, 0.355165064335, 0.398310661316, 0.248060524464, 0.137082472444, 0.775563359261, 0.100800015032],
        "median": [0.248307138681, 0.105625145137, 0.128801435232, 0.217920795083, 0.0830185413361, 0.157339692116, 0.234753221273, 0.337022870779, 0.143314152956, 0.0804879739881, 0.95262503624, 0.0767438560724],
        "min": [0.0168028846383, 0.00542970420793, 0.0156720466912, 0.00848459918052, 0.00437325658277, 0.0284793209285, 0.00503409327939, 0.011341759935, 0.00532895000651, 0.00755129894242, 0.132062584162, 0.00602700654417],
        "var": [0.0636007636786, 0.0419562906027, 0.0605708882213, 0.0675443187356, 0.0253667980433, 0.112871676683, 0.0987322553992, 0.0837824866176, 0.0686844065785, 0.0229093059897, 0.0763524621725, 0.0122056649998]
    }
},
"lowlevel": {
    "melbands": {
        "dmean": [1.54443860083e-05, 6.27346962574e-05, 6.09629460087e-05, 4.06873405154e-05, 1.65815545188e-05, 2.98958111671e-05, 3.02700591419e-05, 3.48234170815e-05, 4.37561939179e-05, 2.25855128519e-05, 1.73905755219e-05, 9.90742137219e-06, 8.510482985e-06, 5.23708467881e-06, 8.67149537953e-06, 5.03318369738e-06, 6.21554636382e-06, 3.82551297662e-06, 2.54198903349e-06, 2.07663242691e-06, 2.51631354331e-06, 2.22695598495e-06, 3.42896987604e-06, 3.8167877392e-06, 2.44354396273e-06, 1.55585576067e-06, 1.68619521901e-06, 1.07479274902e-06, 4.58685804006e-07, 4.21625543368e-07, 3.70952818685e-07, 1.90708277614e-07, 7.32795299996e-08, 4.72879975177e-08, 4.71011425418e-08, 3.65887657949e-08, 3.1777297238e-08, 2.59308219341e-08, 1.57271617951e-08, 7.68864794054e-09],
        "dmean2": [2.71840362984e-05, 0.000119395881484, 0.000111990055302, 7.4984098319e-05, 2.97172155115e-05, 5.55632759642e-05, 5.28255695826e-05, 6.42496452201e-05, 7.20423704479e-05, 3.81550526072e-05, 2.94498204312e-05, 1.73671833181e-05, 1.51763351823e-05, 9.18499790714e-06, 1.54521858349e-05, 8.94321692613e-06, 1.13952728498e-05, 6.47607566862e-06, 4.42300324721e-06, 3.46008346241e-06, 4.48458513347e-06, 4.05200717069e-06, 6.06909952694e-06, 6.51041773381e-06, 3.97144413e-06, 2.77509525404e-06, 2.94444203064e-06, 1.89302318176e-06, 8.09138441582e-07, 7.27187853045e-07, 6.34343052752e-07, 3.32846951778e-07, 1.28126387722e-07, 8.40109208866e-08, 8.14336047483e-08, 6.3031642128e-08, 5.76368321958e-08, 4.59458036062e-08, 2.77577161256e-08, 1.3721876968e-08],
        "dvar": [5.52637990925e-10, 4.32845315146e-09, 2.97449997966e-09, 3.86643739247e-09, 2.19765733389e-10, 6.93744783842e-10, 6.309009426e-10, 1.26768529007e-09, 8.21906898096e-09, 3.13440917665e-09, 5.65265723118e-10, 5.67001334772e-10, 4.46499059947e-10, 1.22570023575e-10, 3.20706544654e-10, 8.70475289072e-11, 1.9303317278e-10, 4.0783720151e-11, 1.26672266426e-11, 1.65663715385e-11, 1.53521743929e-11, 1.01950236447e-11, 3.41388861624e-11, 4.7747167331e-11, 1.74032559197e-11, 9.01018756133e-12, 1.3825740032e-11, 6.35588283393e-12, 4.85659364287e-13, 7.22059510707e-13, 5.50198558588e-13, 1.46542053123e-13, 1.37095467357e-14, 5.12548149065e-15, 7.18100980155e-15, 1.67972785017e-15, 1.28762782856e-15, 7.01060477201e-16, 3.3651586673e-16, 1.09643041657e-16],
        "dvar2": [1.49338696964e-09, 1.3782987196e-08, 8.43722602895e-09, 1.08978452928e-08, 6.34722330251e-10, 2.15377005119e-09, 1.82819437367e-09, 3.31021832167e-09, 1.76855703415e-08, 8.39164204791e-09, 1.51295753703e-09, 1.55465795793e-09, 1.24680288316e-09, 3.49056838989e-10, 9.23445153678e-10, 2.45185483028e-10, 5.40586242437e-10, 9.9288570421e-11, 3.32124744373e-11, 3.26881959001e-11, 4.06887266935e-11, 2.7210327741e-11, 9.62131763149e-11, 1.22462762153e-10, 4.0240984156e-11, 2.34808301275e-11, 3.53469371828e-11, 1.61931110881e-11, 1.15184630497e-12, 1.89748520715e-12, 1.58725073016e-12, 4.13256126368e-13, 3.19578958023e-14, 1.13000725788e-14, 1.58818965601e-14, 3.08766908559e-15, 3.29335409618e-15, 1.78482229843e-15, 8.91631984784e-16, 2.85240383161e-16],
        "max": [0.000191751081729, 0.000345833221218, 0.000256936356891, 0.000345895095961, 9.06278582988e-05, 0.000156527137733, 0.000155455694767, 0.000141438635183, 0.000901487655938, 0.000436450412963, 0.000160594412591, 0.000138877672725, 0.000146041158587, 8.12295547803e-05, 0.000113669702841, 5.48400712432e-05, 7.76644883445e-05, 6.42152008368e-05, 2.61022560153e-05, 3.90082823287e-05, 2.35212810367e-05, 2.06307249755e-05, 3.34076394211e-05, 4.96416541864e-05, 3.77758369723e-05, 2.2500018531e-05, 2.58212457993e-05, 1.69657414517e-05, 4.74852367915e-06, 7.17866896593e-06, 4.82320820083e-06, 2.86976933239e-06, 7.37259256312e-07, 5.23341213921e-07, 6.49421451726e-07, 3.66875752889e-07, 3.53599631353e-07, 2.16398433395e-07, 1.65882767078e-07, 1.05890499924e-07],
        "mean": [1.92278621398e-05, 7.33766792109e-05, 8.01220667199e-05, 4.21267614001e-05, 2.27756499953e-05, 4.1502109525e-05, 4.04304628319e-05, 3.01332074741e-05, 4.9541995395e-05, 2.4817261874e-05, 1.90379578271e-05, 8.71247812029e-06, 6.69684914101e-06, 4.81664619656e-06, 7.81852577347e-06, 4.28072735303e-06, 4.79962000099e-06, 3.90279456042e-06, 2.66521442427e-06, 2.23943175115e-06, 2.23509846364e-06, 2.25373787544e-06, 3.44424438481e-06, 3.86820283893e-06, 2.46759145739e-06, 2.08845835914e-06, 1.77600577445e-06, 1.03375032268e-06, 5.34386458639e-07, 4.36140595639e-07, 3.53444676193e-07, 2.21375543674e-07, 1.04671990186e-07, 8.36353493128e-08, 8.13784595266e-08, 6.70187034757e-08, 6.1760552228e-08, 4.38613909637e-08, 2.40049846667e-08, 1.25835395437e-08],