{
"metadata": {
    "version": {
        "essentia": "2.0.1",
        "extractor": "archive-music 1.0 mod ismir14"
    },
    "audio_properties": {
        "analysis_sample_rate": 44100,
        "bitrate": 1444,
        "channels": 2,
        "equal_loudness": 0,
        "length": 30,
        "replay_gain": -13.8820514679,
        "downmix": "mix"
    },
    "tags": {
        "track": 0,
        "year": 0,
        "album": "",
        "artist": "",
        "comment": "",
        "genre": "",
        "title": ""
    }
},
"rhythm": {
    "bpm": 90.2672195435,
    "bpm_histogram_first_peak": 91,
    "bpm_histogram_first_peak_spread": 0.357142865658,
    "bpm_histogram_first_peak_weight": 0.62790697813,
    "bpm_histogram_second_peak": 83,
    "bpm_histogram_second_peak_spread": 0,
    "bpm_histogram_second_peak_weight": 0.0232558138669
},
"tonal": {
    "tuning_frequency": {
        "dmean": 0.324242115021,
        "dmean2": 0.64440882206,
        "dvar": 3.27183318138,
        "dvar2": 6.37008523941,
        "max": 452.37008667,
        "mean": 449.531005859,
        "median": 450.544708252,
        "min": 435.448913574,
        "var": 12.0561475754
    },
    "hpcp": {
        "dmean": [0.278639376163, 0.0861882567406, 0.15934792161, 0.16389387846, 0.402001261711, 0.296123862267, 0.151980817318, 0.311211824417, 0.141407012939, 0.107418686152, 0.123786576092, 0.154742836952],
        "dmean2": [0.48995423317, 0.14742743969, 0.25868833065, 0.296837955713, 0.720812320709, 0.520036101341, 0.27125325799, 0.511975288391, 0.251284569502, 0.195529401302, 0.217575311661, 0.279328942299],
        "dvar": [0.0945774316788, 0.0104475105181, 0.0315039679408, 0.0447596050799, 0.0924639180303, 0.0772411227226, 0.0342999733984, 0.0870046466589, 0.0302519630641, 0.0253095533699, 0.0247721970081, 0.0338514335454],
        "dvar2": [0.162936657667, 0.0231870412827, 0.0842578932643, 0.127670094371, 0.241397187114, 0.193666115403, 0.0897666737437, 0.182951182127, 0.082632355392, 0.0713434293866, 0.0685789212584, 0.100139431655],
        "max": [1, 0.61471170187, 1, 1, 1, 1, 1, 1, 1, 1, 1, 1],
        "mean": [0.546550214291, 0.0910554006696, 0.185844928026, 0.154994934797, 0.432873159647, 0.376352310181, 0.151795580983, 0.432184457779, 0.126034095883, 0.107145376503, 0.121282182634, 0.154562011361],
        "median": [0.438104689121, 0.0530499815941, 0.120233654976, 0.0773024559021, 0.318516790867, 0.218510210514, 0.0697036758065, 0.29126521945, 0.0749356672168, 0.0706940069795, 0.0665785595775, 0.0829335898161],
        "min": [0.0112168388441, 0.00229757232592, 0.00795626733452, 0.00501110032201, 0.0225249249488, 0.00594737473875, 0.00764826033264, 0.00531705422327, 0.00170059525408, 0.00477562425658, 0.00408276962116, 0.00449223304167],
        "var": [0.154401689768, 0.0132460286841, 0.0421369038522, 0.0446335040033, 0.12387714535, 0.129118338227, 0.0349687635899, 0.143781706691, 0.0266938153654, 0.0193432439119, 0.0222323853523, 0.0309389904141]
    }
},
"lowlevel": {
    "melbands": {
        "dmean": [6.55749681755e-05, 0.000161442527315, 4.59710572613e-05, 3.1833860703e-05, 2.66243932856e-05, 2.10327125387e-05, 2.66050337814e-05, 4.25156649726e-05, 6.92672620062e-05, 5.49651231267e-05, 2.18675268115e-05, 2.60626420641e-05, 2.92371769319e-05, 9.83310383162e-06, 1.71451101778e-05, 2.18560289795e-05, 5.25126097273e-06, 3.6380417896e-06, 1.51537074089e-06, 1.76792514139e-06, 3.26314943777e-06, 2.29402053264e-06, 4.35825040768e-06, 3.61988259101e-06, 1.93777077584e-06, 2.21111599785e-06, 1.88458750472e-06, 1.19644118968e-06, 5.13505540312e-07, 4.444239039e-07, 2.08415315228e-07, 8.0258359958e-08, 4.43074448242e-08, 4.08185911738e-08, 3.79991327293e-08, 3.43109931578e-08, 3.01854612417e-08, 4.33027800284e-08, 4.27224549071e-08, 3.11644683393e-08],
        "dmean2": [0.000104210070276, 0.000254361773841, 8.15982639324e-05, 5.5738411902e-05, 4.77109097119e-05, 3.75016279577e-05, 4.45241203124e-05, 8.11233985587e-05, 0.000128430328914, 0.000104766244476, 4.23269812018e-05, 5.03590817971e-05, 5.30173383595e-05, 1.842720485e-05, 3.11301482725e-05, 4.11804867326e-05, 9.83005520538e-06, 6.85714712745e-06, 2.74547960544e-06, 3.18386855724e-06, 5.91127991356e-06, 4.22222456109e-06, 8.21317644295e-06, 6.70845247441e-06, 3.53239056494e-06, 4.06740946346e-06, 3.47556851921e-06, 2.2181498025e-06, 9.58865257417e-07, 8.34859747556e-07, 3.87457248507e-07, 1.45143914665e-07, 8.23981878284e-08, 7.45962793758e-08, 6.93964778975e-08, 6.20057818423e-08, 5.55044437078e-08, 7.98507002742e-08, 7.92822589801e-08, 5.7523234176e-08],
        "dvar": [2.0521306876e-09, 1.42056686414e-08, 2.41436226567e-09, 8.91710261186e-10, 9.77847913752e-10, 5.37289490676e-10, 1.24220989051e-09, 3.43541306513e-09, 7.11035852419e-09, 1.69927876215e-08, 9.90200277329e-09, 2.36991137825e-09, 2.79467693431e-09, 2.07901335036e-10, 6.22796259009e-10, 1.6861962937e-09, 3.36527139488e-10, 6.47647699359e-11, 2.97438983166e-12, 1.85372507275e-12, 9.45970298621e-12, 4.85557340862e-12, 1.97517124184e-11, 9.84733388582e-12, 2.40001248042e-12, 4.19943984101e-12, 3.4565041801e-12, 1.27861913765e-12, 2.39193430687e-13, 2.14810767373e-13, 3.01487791167e-14, 6.76583321432e-15, 1.66280540244e-15, 1.15042956105e-15, 9.32842784646e-16, 9.77042763779e-16, 8.04990255159e-16, 2.00638536513e-15, 1.69399029682e-15, 1.08550310921e-15],
        "dvar2": [4.82267159541e-09, 3.93432948442e-08, 6.70370559064e-09, 2.59048493767e-09, 2.38356645532e-09, 1.30694599587e-09, 2.99550406702e-09, 9.94418858369e-09, 2.0790633215e-08, 4.84575330972e-08, 2.97977464925e-08, 6.98096425111e-09, 7.80339437512e-09, 6.06027394934e-10, 1.66913571853e-09, 4.72571315413e-09, 1.00508257272e-09, 1.88725271522e-10, 8.73698422638e-12, 5.06624950325e-12, 2.5543707774e-11, 1.39721420198e-11, 5.53221773947e-11, 2.65194290139e-11, 7.04333986967e-12, 1.16018913227e-11, 9.59384741789e-12, 3.44394586634e-12, 6.69022183573e-13, 6.21356373472e-13, 9.08003598525e-14, 2.16681615819e-14, 4.91215708991e-15, 3.27433630069e-15, 2.66581787874e-15, 2.97966497328e-15, 2.51514892863e-15, 6.15824885796e-15, 5.12596429943e-15, 3.30003083338e-15],
        "max": [0.00026093274937, 0.000799163535703, 0.000389489083318, 0.000235019644606, 0.000275166006759, 0.000181662995601, 0.000360413570888, 0.000287868228042, 0.000434255081927, 0.000979964272119, 0.000906961678993, 0.000287853967166, 0.000277882238152, 7.03449622961e-05, 0.000131887209136, 0.000251212448347, 0.000166505677043, 5.55121478101e-05, 1.44488703882e-05, 6.55854182696e-06, 1.69269223989e-05, 9.73477744992e-06, 2.11498936551e-05, 1.46061911437e-05, 8.05641593615e-06, 1.21833390949e-05, 1.05626286313e-05, 6.79675122228e-06, 2.38071584135e-06, 2.61452123596e-06, 9.45474596392e-07, 6.72435817251e-07, 2.5492209943e-07, 2.47933087394e-07, 2.02294970109e-07, 1.79413646606e-07, 1.55285405867e-07, 2.58870869629e-07, 2.26091628974e-07, 2.18912816763e-07],
        "mean": [9.79991091299e-05, 0.00025983795058, 8.33033409435e-05, 4.00652570534e-05, 2.60324795818e-05, 2.17942815652e-05, 2.81498250843e-05, 3.52257775376e-05, 5.83847795497e-05, 3.78513213946e-05, 1.49917350427e-05, 1.85834633157e-05, 2.07089524338e-05, 8.33407466416e-06, 1.42142152981e-05, 1.5698324205e-05, 3.89458227801e-06, 2.8593344723e-06, 1.585186169e-06, 1.91305480257e-06, 2.82215728475e-06, 2.07221887649e-06, 3.63137564818e-06, 2.91484093395e-06, 1.78364268777e-06, 1.95091092792e-06, 1.56787211836e-06, 9.69610937318e-07, 4.67674851734e-07, 3.66972557231e-07, 1.96092798888e-07, 1.00530748171e-07, 6.1214308289e-08, 5.40057278897e-08, 5.16300318054e-08, 5.22968477412e-08, 4.20919299415e-08, 5.82389922954e-08, 5.33037223249e-08, 4.37785452334e-08],