{
"metadata": {
    "version": {
        "essentia": "2.0.1",
        "extractor": "archive-music 1.0 mod ismir14"
    },
    "audio_properties": {
        "analysis_sample_rate": 44100,
        "bitrate": 1444,
        "channels": 2,
        "equal_loudness": 0,
        "length": 30,
        "replay_gain": -12.2083683014,
        "downmix": "mix"
    },
    "tags": {
        "track": 0,
        "year": 0,
        "album": "",
        "artist": "",
        "comment": "",
        "genre": "",
        "title": ""
    }
},
"rhythm": {
    "bpm": 92.5965042114,
    "bpm_histogram_first_peak": 94,
    "bpm_histogram_first_peak_spread": 0.540540575981,
    "bpm_histogram_first_peak_weight": 0.377777785063,
    "bpm_histogram_second_peak": 89,
    "bpm_histogram_second_peak_spread": 0,
    "bpm_histogram_second_peak_weight": 0.155555561185
},
"tonal": {
    "tuning_frequency": {
        "dmean": 0.0435777083039,
        "dmean2": 0.0770234242082,
        "dvar": 0.425656586885,
        "dvar2": 0.718499362469,
        "max": 452.892974854,
        "mean": 437.100372314,
        "median": 436.708374023,
        "min": 431.692352295,
        "var": 5.64159870148
    },
    "hpcp": {
        "dmean": [0.16166202724, 0.143587738276, 0.143964156508, 0.193228453398, 0.160225719213, 0.119842834771, 0.147959589958, 0.12948641181, 0.20315502584, 0.131165623665, 0.189407527447, 0.200424164534],
        "dmean2": [0.302141577005, 0.26179510355, 0.27080014348, 0.345781803131, 0.294765532017, 0.224035605788, 0.261619925499, 0.242108598351, 0.361739486456, 0.244326040149, 0.34296604991, 0.357811033726],
        "dvar": [0.0729897990823, 0.0623326450586, 0.0763194262981, 0.0803998559713, 0.0730712413788, 0.0569059960544, 0.053445070982, 0.0616649463773, 0.0743705108762, 0.0593924634159, 0.073692984879, 0.0772307813168],
        "dvar2": [0.211606234312, 0.171369493008, 0.214837610722, 0.212160661817, 0.195774674416, 0.164002239704, 0.142886012793, 0.170431122184, 0.196530461311, 0.165351092815, 0.198581770062, 0.218510165811],
        "max": [1, 1, 1, 1, 1, 1, 1, 1, 1, 1, 1, 1],
        "mean": [0.120523162186, 0.14493368566, 0.104760967195, 0.38890299201, 0.189180165529, 0.0983820855618, 0.228723138571, 0.107982940972, 0.292876392603, 0.0997485369444, 0.194002464414, 0.231839552522],
        "median": [0.0132266273722, 0.0197272021323, 0.0042297965847, 0.173647046089, 0.0178165920079, 0.0116850053892, 0.0589832253754, 0.00740016950294, 0.113225251436, 0.00978020392358, 0.0634994879365, 0.0602892935276],
        "min": [0, 0, 0, 0, 0, 0, 0, 0, 0, 0, 0, 0],
        "var": [0.0595039762557, 0.0661419928074, 0.0615210160613, 0.173280820251, 0.10661046207, 0.0477728620172, 0.108428113163, 0.0575488731265, 0.127520263195, 0.0472268424928, 0.0804471373558, 0.104872390628]
    }
},
"lowlevel": {
    "melbands": {
        "dmean": [2.71533244813e-05, 0.000121681478049, 0.000138144619996, 0.000255395862041, 0.000317305035423, 0.000346750282915, 0.000262144050794, 0.00034007744398, 0.000246631185291, 0.000162731666933, 0.000116327712021, 9.48626548052e-05, 9.3481510703e-05, 7.86212112871e-05, 0.000149670100654, 0.000130784072098, 7.0702371886e-05, 3.81350982934e-05, 3.98960219172e-05, 4.34378453065e-05, 1.48628741954e-05, 2.18521381612e-05, 1.00431288956e-05, 6.9723478191e-06, 8.57706527313e-06, 2.98472286886e-06, 1.84986743079e-06, 2.27951227316e-06, 1.76057596946e-06, 1.61387424669e-06, 8.11145469015e-07, 3.8560594362e-07, 2.64391644578e-07, 1.08933811305e-07, 4.45220855738e-08, 3.93116614816e-08, 1.11906093281e-08, 2.02304728525e-09, 8.74424865849e-10, 4.90431195654e-10],
        "dmean2": [4.18543204432e-05, 0.000198782785446, 0.000238924258156, 0.00046098823077, 0.000575444777496, 0.000599816674367, 0.000400436518248, 0.000486008706503, 0.00034021580359, 0.000222837450565, 0.000179911759915, 0.000140134055982, 0.000143526194734, 0.000123027450172, 0.000222659116844, 0.000206469849218, 0.000107356238004, 5.40588298463e-05, 5.84001354582e-05, 6.44301835564e-05, 2.33132741414e-05, 3.4862467146e-05, 1.64155826496e-05, 1.09455731945e-05, 1.22330020531e-05, 4.46717240266e-06, 2.85389364763e-06, 3.52175857188e-06, 2.62742833002e-06, 2.28333192354e-06, 1.17865783977e-06, 5.50757818019e-07, 3.79752805202e-07, 1.5674824283e-07, 6.12118924437e-08, 5.43850937618e-08, 1.60536366423e-08, 2.98830871159e-09, 1.30217503447e-09, 7.53471229853e-10],
        "dvar": [1.19316101443e-09, 2.34775878738e-08, 4.42788525845e-08, 1.34161354026e-07, 2.20924832206e-07, 2.84400954342e-07, 1.31394429559e-07, 5.37496703146e-07, 2.21406821765e-07, 9.62956647754e-08, 5.98661600293e-08, 4.92577605371e-08, 4.86641731356e-08, 2.97386719694e-08, 8.80040005313e-08, 1.19043498614e-07, 3.15580628296e-08, 7.88871901136e-09, 1.14450102728e-08, 1.05773674264e-08, 7.76849806705e-10, 3.55609586222e-09, 5.07047903664e-10, 2.17919723933e-10, 4.18105605693e-10, 5.71910505065e-11, 2.0147812238e-11, 5.54697295041e-11, 1.94140970661e-11, 1.47084028984e-11, 4.80037667602e-12, 1.20611333421e-12, 6.58165796169e-13, 1.42237323265e-13, 1.52483159156e-14, 1.26772033084e-14, 7.05470554241e-16, 3.1344527005e-17, 5.68234327412e-18, 1.27876859764e-18],
        "dvar2": [2.50637377519e-09, 5.76684797693e-08, 1.2138883676e-07, 4.03249202918e-07, 7.16110889698e-07, 8.27811732051e-07, 3.03319922068e-07, 1.16814328521e-06, 4.90998559144e-07, 2.08722582329e-07, 1.44231023569e-07, 1.23757132542e-07, 1.14948974783e-07, 8.20744858743e-08, 2.07615229897e-07, 3.05079339569e-07, 7.63838272633e-08, 1.58247352999e-08, 2.58169929879e-08, 2.21499707465e-08, 1.90696125557e-09, 9.24709464556e-09, 1.41423428524e-09, 5.3637111419e-10, 8.6156060064e-10, 1.19137116839e-10, 5.04402526691e-11, 1.3806095156e-10, 4.65140322092e-11, 3.12528301849e-11, 1.11743071393e-11, 2.60644717615e-12, 1.45532576875e-12, 3.27866233512e-13, 2.97890408358e-14, 2.74545146952e-14, 1.4018334926e-15, 6.22010571533e-17, 1.14494328564e-17, 2.74749053756e-18],
        "max": [0.000419706077082, 0.00214062817395, 0.00470048282295, 0.00739230867475, 0.005401420407, 0.00722826365381, 0.00779534690082, 0.017623251304, 0.00837580952793, 0.00595903070644, 0.00510162627324, 0.00505781220272, 0.00516157923266, 0.00425788108259, 0.00612912746146, 0.00552938319743, 0.0036812722683, 0.0022037893068, 0.00193980825134, 0.00272500910796, 0.000511452148203, 0.00144729833119, 0.000351823138772, 0.000302942818962, 0.000354534538928, 0.00019985914696, 7.95725572971e-05, 0.000140649441164, 6.3029336161e-05, 6.4967025537e-05, 5.27668416908e-05, 3.14134122164e-05, 2.09563331737e-05, 8.54431345942e-06, 2.4923078854e-06, 2.79955725091e-06, 4.41898293957e-07, 1.20556194361e-07, 6.30393728329e-08, 2.51101592852e-08],
        "mean": [3.85663661291e-05, 0.000175959881744, 0.000174894856173, 0.000324742810335, 0.000414463167544, 0.000569033087231, 0.000619485042989, 0.00124506908469, 0.000768817088101, 0.000427684979513, 0.000298106722767, 0.000240501947701, 0.000192808336578, 0.000146970705828, 0.000297499384033, 0.000242694732151, 0.000178734451765, 9.23036641325e-05, 7.43811469874e-05, 9.85103033599e-05, 3.15024190058e-05, 4.06231556553e-05, 2.16448606807e-05, 1.67692560353e-05, 2.38035827351e-05, 7.85505380918e-06, 4.04499678552e-06, 4.43403632744e-06, 4.5900387704e-06, 4.93388097311e-06, 2.30524733524e-06, 1.08332960735e-06, 7.02098418515e-07, 2.88583009933e-07, 1.27230649127e-07, 1.19589543601e-07, 3.35790240058e-08, 5.02923569456e-09, 1.87183202272e-09, 1.07580444553e-09],