{
"metadata": {
    "version": {
        "essentia": "2.0.1",
        "extractor": "archive-music 1.0 mod ismir14"
    },
    "audio_properties": {
        "analysis_sample_rate": 44100,
        "bitrate": 32,
        "channels": 2,
        "equal_loudness": 0,
        "length": 30.0408172607,
        "replay_gain": -8.35384559631,
        "downmix": "mix"
    },
    "tags": {
        "track": 7,
        "year": 0,
        "album": "The Cool Jazz Collection",
        "artist": "Astrud Gilberto",
        "comment": "",
        "genre": "Jazz",
        "title": "Girl From Ipanema"
    }
},
"rhythm": {
    "bpm": 130.358261108,
    "bpm_histogram_first_peak": 129,
    "bpm_histogram_first_peak_spread": 0.55172419548,
    "bpm_histogram_first_peak_weight": 0.412698417902,
    "bpm_histogram_second_peak": 123,
    "bpm_histogram_second_peak_spread": 0,
    "bpm_histogram_second_peak_weight": 0.047619048506
},
"tonal": {
    "tuning_frequency": {
        "dmean": 0.268388718367,
        "dmean2": 0.494818270206,
        "dvar": 1.71334934235,
        "dvar2": 3.51793026924,
        "max": 443.316436768,
        "mean": 439.395507812,
        "median": 437.718536377,
        "min": 431.692352295,
        "var": 9.48911762238
    },
    "hpcp": {
        "dmean": [0.0786992758512, 0.239025399089, 0.123216167092, 0.258145958185, 0.124282769859, 0.125477835536, 0.210574328899, 0.0488587208092, 0.215144172311, 0.153672978282, 0.20425491035, 0.181200757623],
        "dmean2": [0.140187650919, 0.413181513548, 0.215498462319, 0.459583818913, 0.222608104348, 0.232413008809, 0.384999752045, 0.0916757434607, 0.397278875113, 0.286493450403, 0.390459924936, 0.320225447416],
        "dvar": [0.0347350649536, 0.0925417393446, 0.0516022928059, 0.104622639716, 0.0482948310673, 0.0610236078501, 0.0888655185699, 0.0229128617793, 0.0839562043548, 0.0769877880812, 0.0949390232563, 0.084137968719],
        "dvar2": [0.0885179489851, 0.173489138484, 0.123762615025, 0.243133664131, 0.105203330517, 0.158804774284, 0.181061163545, 0.055779825896, 0.239652052522, 0.227795213461, 0.27597412467, 0.200710698962],
        "max": [1, 1, 1, 1, 1, 1, 1, 1, 1, 1, 1, 1],
        "mean": [0.0620588175952, 0.308402866125, 0.0938215628266, 0.313095778227, 0.123880781233, 0.120992206037, 0.237463951111, 0.0625368505716, 0.212212458253, 0.116234622896, 0.16854763031, 0.171901449561],
        "median": [0.00740406382829, 0.114929400384, 0.0103740617633, 0.0883532464504, 0.0281369201839, 0.0153026385233, 0.0698832944036, 0.0069057168439, 0.0483591891825, 0.0165076591074, 0.0336249731481, 0.0278924126178],
        "min": [5.75990816287e-05, 6.92734611221e-05, 5.01156646351e-05, 0.000219096342335, 2.93979737762e-05, 9.72422058112e-05, 3.75437193725e-05, 6.27929766779e-05, 4.7524990805e-06, 6.78530341247e-05, 5.32212543476e-05, 0.00036290861317],
        "var": [0.0280732493848, 0.139115810394, 0.0419996343553, 0.152320101857, 0.0559587962925, 0.0657079592347, 0.116162970662, 0.0411042608321, 0.104110822082, 0.0639833286405, 0.0915192812681, 0.0903606936336]
    }
},
"lowlevel": {
    "melbands": {
        "dmean": [0.000127519393573, 0.00031095041777, 0.000311052921461, 0.0001610233885, 0.000103713689896, 3.13104355882e-05, 1.60201398103e-05, 2.25689964282e-05, 9.38288849284e-06, 6.92179582984e-06, 7.00356167727e-06, 9.22930576053e-06, 1.31400884129e-06, 1.01635566807e-06, 1.56392150075e-06, 1.07149310224e-06, 8.45857016429e-07, 2.75034068409e-07, 3.11613803206e-07, 3.07351768924e-07, 1.2753561407e-07, 1.75972786565e-07, 2.21669239409e-07, 1.85141033171e-07, 6.67050628067e-08, 5.33465751573e-08, 6.88386663228e-08, 1.12521696849e-07, 9.26630079334e-08, 1.24346954067e-07, 2.29464362178e-07, 4.08418486586e-07, 4.55458064152e-07, 2.57825774952e-07, 1.2265360283e-07, 7.92729935029e-08, 6.3261985872e-08, 4.92817271436e-08, 6.05310646051e-08, 8.46498409146e-08],
        "dmean2": [0.000203217554372, 0.000482328468934, 0.00050784193445, 0.000263379421085, 0.000162444950547, 5.07021904923e-05, 2.84233756247e-05, 4.01280194637e-05, 1.66914451256e-05, 1.23594936667e-05, 1.27691682792e-05, 1.71539795701e-05, 2.31206104218e-06, 1.88394551515e-06, 2.7644846341e-06, 1.99982559934e-06, 1.60224283263e-06, 4.98580050134e-07, 5.89682485952e-07, 5.7927798025e-07, 2.27657977803e-07, 3.08130466919e-07, 3.87055308693e-07, 3.3595611626e-07, 1.15326479033e-07, 9.30372721086e-08, 1.21811126519e-07, 2.10178669136e-07, 1.66330565321e-07, 2.2717128445e-07, 4.20040350946e-07, 7.51043501168e-07, 8.6195439053e-07, 4.56753298295e-07, 2.1761623259e-07, 1.42537274428e-07, 1.14919792793e-07, 8.75240289133e-08, 1.1122443766e-07, 1.5608551962e-07],
        "dvar": [7.57480407287e-08, 9.51615319877e-08, 1.34026549858e-07, 9.20120513115e-08, 1.81770509755e-08, 2.01507210917e-09, 1.24056576123e-09, 1.52968882006e-09, 3.65297347926e-10, 2.51890897029e-10, 1.65411406794e-10, 2.22392282367e-09, 6.26811970383e-12, 4.09940831281e-12, 1.62421031485e-11, 7.90023081676e-12, 9.14452975148e-12, 2.48055699245e-13, 8.45374605821e-13, 9.37332243073e-13, 5.97710967634e-14, 8.31052959197e-14, 1.6531147653e-13, 1.49226700333e-13, 1.13201853761e-14, 1.16248411044e-14, 2.69901373522e-14, 1.76538349369e-13, 3.69542416145e-14, 9.49788275914e-14, 4.16474932883e-13, 1.31283157088e-12, 1.90576851175e-12, 7.26474598794e-13, 7.77209175381e-14, 2.11130297408e-14, 1.2946518281e-14, 9.71370099428e-15, 2.43180465592e-14, 5.21720863668e-14],
        "dvar2": [1.83152025102e-07, 2.17066215669e-07, 2.85450965976e-07, 2.25073677029e-07, 3.70006887351e-08, 3.76499853516e-09, 3.35516947558e-09, 4.29757074372e-09, 1.07250663905e-09, 7.10816516758e-10, 4.79098039019e-10, 6.45336051264e-09, 1.72593415254e-11, 1.1821687726e-11, 4.1204421819e-11, 2.28668681213e-11, 2.67685890815e-11, 6.79789232717e-13, 2.41014283184e-12, 2.66827076927e-12, 1.71780124847e-13, 2.26079829228e-13, 4.65003307127e-13, 4.30485969137e-13, 2.8676473224e-14, 3.11729334295e-14, 7.65326184046e-14, 5.19401687459e-13, 1.04440741266e-13, 2.73520111725e-13, 1.16890644299e-12, 3.6938689954e-12, 5.36733244655e-12, 1.87416965627e-12, 2.04889504343e-13, 5.62694354544e-14, 3.4030090757e-14, 2.54420525039e-14, 6.44521938532e-14, 1.41054607773e-13],
        "max": [0.00190954143181, 0.00184943783097, 0.00274770683609, 0.00360087025911, 0.00105927546974, 0.000332685071044, 0.00027993999538, 0.000263634283328, 0.00010587657016, 0.000153962202603, 6.91915047355e-05, 0.000441232434241, 1.7136670067e-05, 1.50391470015e-05, 3.36909724865e-05, 2.06626518775e-05, 2.60841661657e-05, 3.01605473396e-06, 7.13348254067e-06, 6.98929034115e-06, 1.60872639299e-06, 1.92329798665e-06, 2.44799730353e-06, 3.02463399748e-06, 8.33496642372e-07, 9.85760607364e-07, 1.32924560603e-06, 3.65517507817e-06, 1.16168678232e-06, 2.26237443712e-06, 4.51029563919e-06, 6.25946222499e-06, 9.73706937657e-06, 7.9715055108e-06, 1.69948179973e-06, 6.67536880883e-07, 4.68725971814e-07, 5.42795476122e-07, 8.47132355375e-07, 1.38392567806e-06],
        "mean": [0.000110164823127, 0.000393589405576, 0.000504208321217, 0.00018765583809, 0.000140555493999, 4.01454999519e-05, 1.57496724569e-05, 1.97112076421e-05, 7.86175496614e-06, 5.26948360857e-06, 5.04806030222e-06, 5.84090139455e-06, 1.05713968424e-06, 8.15333123683e-07, 1.22642086353e-06, 7.3841243875e-07, 5.42167015283e-07, 2.13435868091e-07, 2.06464449093e-07, 2.09240383242e-07, 1.07021001838e-07, 1.64904861322e-07, 1.94122478092e-07, 1.4972607687e-07, 6.31038759025e-08, 4.69155523319e-08, 6.03702474677e-08, 8.48224601668e-08, 7.07098166686e-08, 8.86938522626e-08, 1.56836307497e-07, 2.5883912258e-07, 2.80641103245e-07, 1.75317808271e-07, 8.70550778131e-08, 5.8773093059e-08, 4.89436544626e-08, 3.88034422372e-08, 4.7749576737e-08, 6.40952819708e-08],