{
"metadata": {
    "version": {
        "essentia": "2.0.1",
        "extractor": "archive-music 1.0 mod ismir14"
    },
    "audio_properties": {
        "analysis_sample_rate": 44100,
        "bitrate": 32,
        "channels": 2,
        "equal_loudness": 0,
        "length": 30.0408172607,
        "replay_gain": -11.7863292694,
        "downmix": "mix"
    },
    "tags": {
        "track": 6,
        "year": 0,
        "album": "Swing Classics (Jazz & Tzaz 70)",
        "artist": "Benny Carter",
        "comment": "",
        "genre": "Jazz",
        "title": "Babalu"
    }
},
"rhythm": {
    "bpm": 92.4049606323,
    "bpm_histogram_first_peak": 92,
    "bpm_histogram_first_peak_spread": 0.613636374474,
    "bpm_histogram_first_peak_weight": 0.377777785063,
    "bpm_histogram_second_peak": 99,
    "bpm_histogram_second_peak_spread": 0,
    "bpm_histogram_second_peak_weight": 0.0222222227603
},
"tonal": {
    "tuning_frequency": {
        "dmean": 0.400287210941,
        "dmean2": 0.631034135818,
        "dvar": 5.16808414459,
        "dvar2": 7.43737030029,
        "max": 455.779724121,
        "mean": 438.214996338,
        "median": 440.254241943,
        "min": 432.191345215,
        "var": 12.2926998138
    },
    "hpcp": {
        "dmean": [0.0929183214903, 0.180481314659, 0.075924217701, 0.224572271109, 0.143825978041, 0.10199842602, 0.213306352496, 0.0756509527564, 0.182060152292, 0.0890525877476, 0.140963256359, 0.210972800851],
        "dmean2": [0.16488853097, 0.315463274717, 0.138726085424, 0.403589904308, 0.251295804977, 0.184594646096, 0.36970821023, 0.13758996129, 0.296730130911, 0.159399300814, 0.240201920271, 0.365480750799],
        "dvar": [0.037368953228, 0.0535187087953, 0.0289637986571, 0.0745323374867, 0.0560430064797, 0.0170915275812, 0.0754559785128, 0.0161327123642, 0.0392481163144, 0.0228917580098, 0.034201759845, 0.0531714744866],
        "dvar2": [0.108798198402, 0.130585029721, 0.0827419534326, 0.157568588853, 0.115995384753, 0.0490741506219, 0.129318520427, 0.0454016104341, 0.0822633802891, 0.0658821240067, 0.080978743732, 0.119176879525],
        "max": [1, 1, 1, 1, 1, 1, 1, 0.619382679462, 1, 1, 1, 1],
        "mean": [0.0815892666578, 0.2458191365, 0.0654873996973, 0.459870874882, 0.264497637749, 0.114376410842, 0.352235585451, 0.0678374916315, 0.42404076457, 0.0809471830726, 0.214190408587, 0.406396776438],
        "median": [0.0273964647204, 0.11529725045, 0.0271114967763, 0.306433826685, 0.0994739681482, 0.0779952257872, 0.173923999071, 0.035158302635, 0.30675509572, 0.0404625497758, 0.149470940232, 0.326718121767],
        "min": [0.00135113904253, 0.00323794339783, 0.00112526223529, 0.00177510303911, 0.00125371257309, 0.00322063174099, 0.00179439387284, 0.00334766763262, 0.0110199423507, 0.00282636773773, 0.00263148662634, 0.00319097237661],
        "var": [0.0248102415353, 0.0759044736624, 0.0185450650752, 0.138781920075, 0.123482838273, 0.0144739886746, 0.138280794024, 0.0106806028634, 0.113903932273, 0.0152831198648, 0.0474958233535, 0.11523539573]
    }
},
"lowlevel": {
    "melbands": {
        "dmean": [1.56885494107e-06, 9.48823890212e-06, 6.84767837811e-06, 1.51782514877e-05, 1.71348328877e-05, 2.8522708817e-05, 2.18424647755e-05, 6.31748407613e-05, 3.54932089977e-05, 2.55157829088e-05, 1.49305615196e-05, 1.19228379845e-05, 1.08679896584e-05, 9.4912811619e-06, 1.90945429495e-05, 1.37431452458e-05, 8.65403217176e-06, 5.55654241907e-06, 5.43317582924e-06, 6.57235614199e-06, 1.75289221716e-06, 2.30756450037e-06, 1.14961687814e-06, 1.00465365449e-06, 1.53438929829e-06, 4.46919642627e-07, 2.90642248046e-07, 3.23276452718e-07, 3.14167010629e-07, 3.35231362669e-07, 1.66498111298e-07, 8.43736955858e-08, 5.85212625026e-08, 2.57958436833e-08, 1.07279367612e-08, 9.26827325998e-09, 2.34860508819e-09, 3.83268361492e-10, 1.43680123355e-10, 7.58836674053e-11],
        "dmean2": [2.75506522485e-06, 1.68309652508e-05, 1.24836660689e-05, 2.73636360362e-05, 3.07107111439e-05, 4.90602287755e-05, 3.37321762345e-05, 0.000103615791886, 6.03735170444e-05, 4.36384507339e-05, 2.45007486228e-05, 1.91529597942e-05, 1.82433213922e-05, 1.73386997631e-05, 3.33238494932e-05, 2.28830795095e-05, 1.3830745047e-05, 9.65601157077e-06, 9.0308885774e-06, 1.09854527182e-05, 3.02867692881e-06, 3.97805069952e-06, 1.97483791453e-06, 1.7739496343e-06, 2.68132657766e-06, 7.82207393968e-07, 5.20245237112e-07, 5.66105541111e-07, 5.40449207165e-07, 6.13006704953e-07, 3.03435655269e-07, 1.55164002535e-07, 1.07011487671e-07, 4.73566537096e-08, 1.96507059513e-08, 1.62387365776e-08, 4.26355395433e-09, 6.87849499581e-10, 2.60418769882e-10, 1.37005268241e-10],
        "dvar": [2.52130044273e-12, 1.48486792306e-10, 4.04124234077e-11, 2.42050102184e-10, 3.73419628552e-10, 1.08984032909e-09, 7.14313108663e-10, 1.22452403772e-08, 3.36398797707e-09, 1.13398834767e-09, 4.47598541564e-10, 2.87913443087e-10, 2.49369302985e-10, 2.37371955425e-10, 8.3507922799e-10, 5.96149685173e-10, 2.22808063666e-10, 8.59245591345e-11, 6.82663231499e-11, 1.44736597707e-10, 4.39260390214e-12, 1.18409110642e-11, 1.92556582658e-12, 1.91259139602e-12, 4.86033695929e-12, 7.84582902119e-13, 2.20762210595e-13, 3.17894473766e-13, 1.88865294389e-13, 2.08469092683e-13, 6.66105761044e-14, 2.2376928259e-14, 1.34452402689e-14, 2.66866306241e-15, 3.39932559411e-16, 2.32683365212e-16, 1.22439762307e-17, 4.29520202212e-19, 5.20460393519e-20, 1.25801198005e-20],
        "dvar2": [6.41909182059e-12, 4.18601875385e-10, 1.137027833e-10, 7.53033524425e-10, 1.20700294204e-09, 3.56206841801e-09, 1.74643244311e-09, 3.00178513157e-08, 8.79623840433e-09, 3.29872129612e-09, 1.06222142193e-09, 7.16998627137e-10, 6.71500466343e-10, 7.09000302912e-10, 2.1625876645e-09, 1.01463482061e-09, 4.76021111417e-10, 2.6502408601e-10, 1.78955517072e-10, 3.90330684441e-10, 1.16180814969e-11, 3.21026642769e-11, 4.50866731103e-12, 5.68308117579e-12, 1.40900641848e-11, 2.09988363503e-12, 6.846461874e-13, 8.79215537181e-13, 5.69474426382e-13, 5.97349318447e-13, 2.00876167371e-13, 6.62987256783e-14, 3.89795685421e-14, 8.02019329448e-15, 9.97360331326e-16, 6.28483941423e-16, 3.3793997396e-17, 1.21008820497e-18, 1.46202893724e-19, 3.42071979709e-20],
        "max": [7.87869976193e-06, 9.2176211183e-05, 4.67539794045e-05, 0.000113043650344, 0.000109911139589, 0.000158952447237, 0.000251928780926, 0.000729642226361, 0.000346311309841, 0.000204695345019, 0.000106406405393, 0.000116742638056, 9.6423595096e-05, 0.000104670398287, 0.000165262856171, 0.000146435733768, 0.00011937040108, 5.87321301282e-05, 5.48965290363e-05, 0.000109527856694, 1.12403586172e-05, 2.67945797532e-05, 1.03973279693e-05, 8.50812648423e-06, 1.23749432532e-05, 6.93051333656e-06, 2.52821337199e-06, 3.59034265784e-06, 2.08114738598e-06, 2.50211360253e-06, 1.44800264934e-06, 8.26705843338e-07, 6.27899339634e-07, 2.74584579074e-07, 8.67107345925e-08, 1.04785826238e-07, 2.07662829155e-08, 3.32255734037e-09, 1.08776554431e-09, 6.27785323726e-10],
        "mean": [2.38241545958e-06, 1.3908848814e-05, 9.23229254113e-06, 2.01873517653e-05, 2.57049323409e-05, 3.66763160855e-05, 3.37581404892e-05, 8.34206221043e-05, 4.56177476735e-05, 2.73043988273e-05, 1.77683123184e-05, 1.420368244e-05, 1.23152658489e-05, 9.25769109017e-06, 1.9021837943e-05, 1.54760891746e-05, 1.11071503852e-05, 5.47058652955e-06, 4.75281422041e-06, 6.37137191006e-06, 1.86154272797e-06, 2.60835963672e-06, 1.30110754526e-06, 1.07468463284e-06, 1.47648552229e-06, 4.84936208522e-07, 2.61063263451e-07, 2.79802094383e-07, 2.90348737053e-07, 3.06561986463e-07, 1.45092485582e-07, 6.81509391143e-08, 4.43649312842e-08, 1.8564787041e-08, 8.19886381009e-09, 7.6866903953e-09, 2.18927431739e-09, 3.17490145285e-10, 1.24803070656e-10, 7.64722798974e-11],