{
"metadata": {
    "version": {
        "essentia": "2.0.1",
        "extractor": "archive-music 1.0 mod ismir14"
    },
    "audio_properties": {
        "analysis_sample_rate": 44100,
        "bitrate": 32,
        "channels": 2,
        "equal_loudness": 0,
        "length": 30.0408172607,
        "replay_gain": -8.83718299866,
        "downmix": "mix"
    },
    "tags": {
        "track": 7,
        "year": 0,
        "album": "The Cool Jazz Collection",
        "artist": "Astrud Gilberto",
        "comment": "",
        "genre": "Jazz",
        "title": "Girl From Ipanema"
    }
},
"rhythm": {
    "bpm": 130.226318359,
    "bpm_histogram_first_peak": 129,
    "bpm_histogram_first_peak_spread": 0.508474588394,
    "bpm_histogram_first_peak_weight": 0.460317462683,
    "bpm_histogram_second_peak": 123,
    "bpm_histogram_second_peak_spread": 0,
    "bpm_histogram_second_peak_weight": 0.0317460335791
},
"tonal": {
    "tuning_frequency": {
        "dmean": 0.0729018226266,
        "dmean2": 0.105447493494,
        "dvar": 0.597101211548,
        "dvar2": 1.07256424427,
        "max": 451.326080322,
        "mean": 437.247680664,
        "median": 438.984558105,
        "min": 433.691802979,
        "var": 4.13647222519
    },
    "hpcp": {
        "dmean": [0.0798697993159, 0.138126522303, 0.0806926488876, 0.141567572951, 0.105550669134, 0.0657302364707, 0.133239373565, 0.0513021610677, 0.12720169127, 0.0927353352308, 0.11701143533, 0.109827905893],
        "dmean2": [0.150893598795, 0.237402364612, 0.152426958084, 0.2559235394, 0.189648851752, 0.118488006294, 0.227873712778, 0.097048163414, 0.227936848998, 0.171458140016, 0.213139057159, 0.198085471988],
        "dvar": [0.0359181016684, 0.0661979392171, 0.0504461824894, 0.072528488934, 0.0522225983441, 0.0343739427626, 0.0629465579987, 0.0286723319441, 0.0648579373956, 0.056431081146, 0.0605496503413, 0.0511632077396],
        "dvar2": [0.103229679167, 0.140832260251, 0.140926271677, 0.156050860882, 0.123459368944, 0.0924466699362, 0.138310074806, 0.0795061439276, 0.148573502898, 0.138343498111, 0.152565523982, 0.127179071307],
        "max": [1, 1, 1, 1, 1, 1, 1, 1, 1, 1, 1, 1],
        "mean": [0.051273163408, 0.255720555782, 0.0527056455612, 0.271550416946, 0.127040863037, 0.0706569924951, 0.237519934773, 0.0635731518269, 0.168533593416, 0.0780701190233, 0.107622995973, 0.138701334596],
        "median": [0.00174263573717, 0.0382123626769, 0.000999442767352, 0.0184045135975, 0.00654989201576, 0.00270917755552, 0.037493430078, 0.00129046244547, 0.0136047117412, 0.00136162072886, 0.0077247004956, 0.00679147802293],
        "min": [2.58931913777e-06, 4.94016785524e-06, 2.05129390451e-06, 5.7253741943e-06, 1.02107560451e-06, 3.93853133573e-06, 4.41156089437e-06, 1.90387606835e-06, 1.04010177893e-06, 1.74295610122e-06, 1.21265156849e-06, 4.98272174809e-06],
        "var": [0.0243088882416, 0.141938701272, 0.0342336632311, 0.163083389401, 0.0758008286357, 0.0465386658907, 0.134816452861, 0.0458309128881, 0.100724324584, 0.0545003451407, 0.0606104359031, 0.0808722674847]
    }
},
"lowlevel": {
    "melbands": {
        "dmean": [0.000257963431068, 0.000727496459149, 0.000853912904859, 0.000452987384051, 0.000257268606219, 9.60012112046e-05, 5.77208338655e-05, 7.02263059793e-05, 2.50979337579e-05, 1.6586323909e-05, 1.6245236111e-05, 1.58305774676e-05, 3.47017999047e-06, 2.39989708462e-06, 3.59058458343e-06, 2.33572859543e-06, 1.98726957024e-06, 7.91768513864e-07, 8.68882693794e-07, 7.90059232258e-07, 4.42167703341e-07, 5.8065995745e-07, 7.09998744242e-07, 6.10643894561e-07, 2.48339830478e-07, 1.4686118277e-07, 2.25872980764e-07, 3.13776610028e-07, 2.89774419571e-07, 3.35525299988e-07, 5.77169373628e-07, 1.03634920379e-06, 1.02303238236e-06, 7.57986470035e-07, 3.14470241847e-07, 1.97634733468e-07, 1.56067955004e-07, 1.24837399085e-07, 1.68037331605e-07, 2.42747006496e-07],
        "dmean2": [0.000360056059435, 0.00105277216062, 0.00129683956038, 0.000655070820358, 0.000381948979339, 0.000144336052472, 8.86704074219e-05, 0.000110922213935, 3.55435586243e-05, 2.41043326241e-05, 2.28170447372e-05, 1.86124161701e-05, 4.96168240716e-06, 3.49118454324e-06, 4.64879531137e-06, 3.32141212311e-06, 2.87806778942e-06, 1.17522529308e-06, 1.40773011026e-06, 1.15219040708e-06, 7.09448784164e-07, 8.86794168764e-07, 1.09785401037e-06, 9.65313461165e-07, 3.78704527293e-07, 2.07905841876e-07, 3.27485651042e-07, 4.89570197715e-07, 4.62086916286e-07, 5.36136553819e-07, 8.59078056692e-07, 1.59620105933e-06, 1.58935426953e-06, 1.29064562771e-06, 4.40472064156e-07, 2.86389024495e-07, 2.43373051489e-07, 1.81055270332e-07, 2.43850109882e-07, 3.43362046351e-07],
        "dvar": [3.78133847789e-07, 1.21526920793e-06, 1.30379089569e-06, 5.91447360421e-07, 2.14054821868e-07, 3.69526311772e-08, 3.57757237168e-08, 4.64333318462e-08, 4.32519220439e-09, 3.97217547743e-09, 2.0905754905e-09, 8.00901833742e-09, 7.16518303023e-11, 3.04933162054e-11, 1.66009331282e-10, 7.4877215539e-11, 9.50848150216e-11, 5.44774858904e-12, 1.97425895077e-11, 1.27643746267e-11, 2.44493357851e-12, 1.66736448867e-12, 3.70722679985e-12, 3.48916945683e-12, 6.08584092409e-13, 1.2416378147e-13, 4.7981703246e-13, 1.50715160838e-12, 8.85818870512e-13, 1.81645703253e-12, 6.80685239077e-12, 2.5857913033e-11, 2.09163068809e-11, 3.1374864512e-11, 1.28499392116e-12, 3.19385929379e-13, 2.06892147728e-13, 1.62606256585e-13, 4.34384461994e-13, 9.19322343945e-13],
        "dvar2": [7.23082962395e-07, 2.24831524065e-06, 2.51418464359e-06, 1.14958766062e-06, 4.68173993795e-07, 7.90713201582e-08, 7.49314139625e-08, 1.05301545261e-07, 7.12504499845e-09, 7.21681914229e-09, 4.27670121539e-09, 1.0971575648e-08, 1.31540112136e-10, 6.3430628805e-11, 2.1658139171e-10, 1.40259567849e-10, 2.10327422145e-10, 1.31751736257e-11, 5.35166216897e-11, 2.82444536509e-11, 6.50991543658e-12, 3.74726855448e-12, 8.25046021086e-12, 8.17753590537e-12, 1.44754607606e-12, 2.36475796627e-13, 9.09305996385e-13, 2.98886436434e-12, 2.15458120095e-12, 3.63478192857e-12, 1.53044781709e-11, 5.61167397273e-11, 4.71724534434e-11, 8.85077219848e-11, 2.24301892164e-12, 5.7320619605e-13, 3.68647224292e-13, 2.60098718822e-13, 8.41118624403e-13, 1.56391891624e-12],
        "max": [0.00922498200089, 0.0119314659387, 0.0119623001665, 0.019984414801, 0.00526922289282, 0.00243209721521, 0.00219751033001, 0.00193235150073, 0.00100401509553, 0.000961733749136, 0.00050583150005, 0.00249637756497, 0.000112364708912, 7.95221712906e-05, 0.000323166954331, 0.000142738208524, 0.00017888090224, 3.57759345206e-05, 7.51195766497e-05, 5.55621300009e-05, 2.56449147855e-05, 1.35886875796e-05, 1.81403211172e-05, 2.2870121029e-05, 1.36597918754e-05, 5.60520220461e-06, 9.35196567298e-06, 2.04854968615e-05, 1.10831333586e-05, 1.714388236e-05, 3.75588278985e-05, 6.78359137964e-05, 5.56225168111e-05, 0.000112907619041, 2.00601461984e-05, 6.04028264206e-06, 4.63709466203e-06, 6.439146091e-06, 7.83226550993e-06, 1.29421596284e-05],
        "mean": [0.000462404364953, 0.00156620587222, 0.00200916430913, 0.000765134755056, 0.00057085219305, 0.000167594713275, 6.87661886332e-05, 8.17073014332e-05, 3.31200208166e-05, 2.22994585783e-05, 2.07993161894e-05, 2.18336899707e-05, 4.65700759378e-06, 3.1213139664e-06, 5.01838894706e-06, 2.95031350106e-06, 2.12400800592e-06, 8.33007391066e-07, 8.41529072204e-07, 8.16106421553e-07, 4.35625821638e-07, 6.57949442484e-07, 7.84187648151e-07, 6.15215469679e-07, 2.61831331727e-07, 1.78294371267e-07, 2.49310801337e-07, 3.2310705933e-07, 2.83749898244e-07, 3.4376870417e-07, 5.92056437654e-07, 1.02459330265e-06, 9.9985243196e-07, 7.32243393031e-07, 3.48004448369e-07, 2.25998903147e-07, 1.87904518612e-07, 1.46284847347e-07, 1.83419146538e-07, 2.65598828264e-07],