{
"metadata": {
    "version": {
        "essentia": "2.0.1",
        "extractor": "archive-music 1.0 mod ismir14"
    },
    "audio_properties": {
        "analysis_sample_rate": 44100,
        "bitrate": 32,
        "channels": 2,
        "equal_loudness": 0,
        "length": 30.0408172607,
        "replay_gain": -12.2262630463,
        "downmix": "mix"
    },
    "tags": {
        "track": 6,
        "year": 0,
        "album": "Swing Classics (Jazz & Tzaz 70)",
        "artist": "Benny Carter",
        "comment": "",
        "genre": "Jazz",
        "title": "Babalu"
    }
},
"rhythm": {
    "bpm": 92.4430923462,
    "bpm_histogram_first_peak": 92,
    "bpm_histogram_first_peak_spread": 0.636363625526,
    "bpm_histogram_first_peak_weight": 0.355555564165,
    "bpm_histogram_second_peak": 99,
    "bpm_histogram_second_peak_spread": 0,
    "bpm_histogram_second_peak_weight": 0.0222222227603
},
"tonal": {
    "tuning_frequency": {
        "dmean": 0.073472507298,
        "dmean2": 0.115126617253,
        "dvar": 1.18419277668,
        "dvar2": 1.76816773415,
        "max": 456.04309082,
        "mean": 441.961212158,
        "median": 441.017791748,
        "min": 432.191345215,
        "var": 23.5755348206
    },
    "hpcp": {
        "dmean": [0.0885294750333, 0.132278636098, 0.0710715353489, 0.191584035754, 0.132082238793, 0.110350713134, 0.145713269711, 0.0636502504349, 0.19791470468, 0.103799022734, 0.190499201417, 0.199011191726],
        "dmean2": [0.159604683518, 0.225556313992, 0.128984317183, 0.333156585693, 0.223205283284, 0.188125982881, 0.24039940536, 0.110309422016, 0.334916114807, 0.183055624366, 0.331600129604, 0.336104214191],
        "dvar": [0.0308880582452, 0.0424903929234, 0.0297430679202, 0.0662267208099, 0.0497741103172, 0.0288987401873, 0.0443875305355, 0.0190851185471, 0.0582582168281, 0.0406665727496, 0.0570126138628, 0.062288492918],
        "dvar2": [0.0785130038857, 0.108225181699, 0.0752236321568, 0.146047264338, 0.111860774457, 0.0709935948253, 0.0924087241292, 0.0503754615784, 0.141186982393, 0.107865251601, 0.14416000247, 0.13851839304],
        "max": [1, 1, 1, 1, 1, 1, 1, 1, 1, 1, 1, 1],
        "mean": [0.0840594619513, 0.225221320987, 0.0647821873426, 0.432900220156, 0.222337439656, 0.121740020812, 0.308987855911, 0.0584073588252, 0.373896658421, 0.0827547386289, 0.25182184577, 0.343670070171],
        "median": [0.0158232860267, 0.0704664587975, 0.00870559737086, 0.28063249588, 0.0383632443845, 0.0459960699081, 0.132970005274, 0.01576558128, 0.248050481081, 0.0189128033817, 0.133758187294, 0.21675080061],
        "min": [0.000224681818509, 4.15753529523e-05, 1.9480679839e-05, 0.000230186153203, 5.94710872974e-05, 0.000350719143171, 0.000264658941887, 6.90825618221e-05, 0.00038665230386, 8.21142384666e-05, 6.25151733402e-05, 0.000231076832279],
        "var": [0.0311492308974, 0.0851822271943, 0.031105523929, 0.15719628334, 0.114179454744, 0.0387177988887, 0.129903882742, 0.0169433634728, 0.122014567256, 0.030816860497, 0.0869640111923, 0.125162407756]
    }
},
"lowlevel": {
    "melbands": {
        "dmean": [8.62443903316e-06, 3.95510069211e-05, 2.38460979745e-05, 5.23616909049e-05, 5.20316825714e-05, 8.09414632386e-05, 6.30323047517e-05, 0.00013896949531, 9.03575928533e-05, 6.69089859002e-05, 4.1451137804e-05, 3.4910022805e-05, 3.06200199702e-05, 2.45277515205e-05, 5.02558978042e-05, 3.98196352762e-05, 2.44350521825e-05, 1.62419200933e-05, 1.41029977385e-05, 1.56437054102e-05, 5.00514806845e-06, 6.97357927493e-06, 2.98684426525e-06, 2.72420902547e-06, 3.72970612261e-06, 1.1737697605e-06, 6.54866028071e-07, 8.10432709386e-07, 7.65924085044e-07, 7.76144702286e-07, 3.68259350125e-07, 1.96032701183e-07, 1.26963811908e-07, 5.19186400538e-08, 2.30027925596e-08, 1.82094641588e-08, 5.02579666772e-09, 9.18135234507e-10, 3.80508485831e-10, 1.93944846294e-10],
        "dmean2": [1.39133380799e-05, 6.65272746119e-05, 3.62116079486e-05, 7.92825449025e-05, 7.63291027397e-05, 0.00012389512267, 9.92346322164e-05, 0.000217051187064, 0.000135820126161, 0.000101643818198, 6.38770943624e-05, 5.33707861905e-05, 4.63362921437e-05, 3.70891502826e-05, 7.83786526881e-05, 6.40143553028e-05, 3.70961315639e-05, 2.36145533563e-05, 2.05495089176e-05, 2.48000742431e-05, 7.73135343479e-06, 1.07715468403e-05, 4.4959178922e-06, 3.96684345105e-06, 5.73662509851e-06, 1.76939840912e-06, 9.52716050051e-07, 1.24838254578e-06, 1.12915734007e-06, 1.15664124678e-06, 5.32829119493e-07, 2.73379242799e-07, 1.83212790716e-07, 7.44196171354e-08, 3.28010258954e-08, 2.57099372902e-08, 7.56693285808e-09, 1.44465228669e-09, 5.94543136945e-10, 3.03811337199e-10],
        "dvar": [1.01161856669e-10, 2.24594387532e-09, 1.48602752326e-09, 7.01352886878e-09, 4.85310858167e-09, 1.86322282048e-08, 8.28751289816e-09, 9.22352754174e-08, 2.49809879449e-08, 1.21627179439e-08, 6.19916740163e-09, 5.053450991e-09, 3.63173580098e-09, 1.87045046118e-09, 9.00168206641e-09, 1.02152695192e-08, 3.29925176068e-09, 1.31172195328e-09, 1.11808018399e-09, 1.18963083828e-09, 6.60909937888e-11, 3.15499709691e-10, 2.47525801939e-11, 2.37650003843e-11, 6.03624580875e-11, 6.6975825927e-12, 1.8773585117e-12, 4.61765911966e-12, 2.30646903486e-12, 2.08393632212e-12, 5.91249163344e-13, 2.05995959765e-13, 1.1764979995e-13, 2.0174432532e-14, 2.95873373036e-15, 1.69196366461e-15, 1.0261628132e-16, 5.82426389259e-18, 9.10693490979e-19, 1.78449521778e-19],
        "dvar2": [2.2679742806e-10, 5.25942134288e-09, 3.59383234283e-09, 1.66609943619e-08, 9.90385373711e-09, 4.05254603209e-08, 1.79206196549e-08, 1.85098826933e-07, 4.96137353423e-08, 2.43012276968e-08, 1.38552040951e-08, 1.17529683763e-08, 7.7315887026e-09, 3.62707086587e-09, 1.99721483796e-08, 2.62550088337e-08, 7.73598340942e-09, 2.62137800355e-09, 2.5667608039e-09, 2.54762411167e-09, 1.45792475315e-10, 7.42131245346e-10, 5.27345840606e-11, 4.87834980745e-11, 1.2455769749e-10, 1.26292769645e-11, 3.88801751211e-12, 1.04474432577e-11, 4.51365767679e-12, 3.83201500045e-12, 9.89115798815e-13, 3.4557475154e-13, 2.08693874898e-13, 3.63270577627e-14, 5.50244799811e-15, 2.89761966794e-15, 2.01954478959e-16, 1.33278574571e-17, 2.24640851071e-18, 4.2870708367e-19],
        "max": [9.01599632925e-05, 0.00062999362126, 0.000628914509434, 0.00121837772895, 0.000781733600888, 0.00127040210646, 0.00121371191926, 0.00413502147421, 0.00183341873344, 0.00104104785714, 0.000794835912529, 0.000814439728856, 0.000825137307402, 0.000511740741786, 0.000833609490655, 0.00142430607229, 0.000691288849339, 0.000416823546402, 0.000350607879227, 0.00053237733664, 0.000111038149043, 0.000240672918153, 5.40293804079e-05, 5.91338211962e-05, 7.03237092239e-05, 3.63157887477e-05, 1.43725346788e-05, 2.40429344558e-05, 1.31932556542e-05, 1.39829162435e-05, 8.95907214726e-06, 5.79273773837e-06, 3.53982750312e-06, 1.51647145685e-06, 5.51017933503e-07, 5.0982441735e-07, 8.33794473465e-08, 2.67329980375e-08, 1.04990416361e-08, 3.84428311406e-09],
        "mean": [1.11357549031e-05, 5.34533282917e-05, 3.8653579395e-05, 8.38179257698e-05, 0.000103525831946, 0.000146602251334, 0.00013974957983, 0.000331359391566, 0.000181332536158, 0.000107892214146, 7.13046902092e-05, 5.74908008275e-05, 4.76407476526e-05, 3.59043806384e-05, 7.56399385864e-05, 6.13596348558e-05, 4.44702236564e-05, 2.21728514589e-05, 1.90207119886e-05, 2.46983290708e-05, 7.4708914326e-06, 1.04818645923e-05, 5.24569986737e-06, 4.18877925767e-06, 5.94573066337e-06, 1.93638356905e-06, 1.00552301774e-06, 1.10116502583e-06, 1.15431805625e-06, 1.22753488085e-06, 5.70301153857e-07, 2.72890162023e-07, 1.74939856379e-07, 7.10008052351e-08, 3.19583683961e-08, 2.99906233181e-08, 8.44201775152e-09, 1.28232424679e-09, 4.6809595089e-10, 2.71675404395e-10],