{
"metadata": {
    "version": {
        "essentia": "2.0.1",
        "extractor": "archive-music 1.0 mod ismir14"
    },
    "audio_properties": {
        "analysis_sample_rate": 44100,
        "bitrate": 32,
        "channels": 2,
        "equal_loudness": 0,
        "length": 30.0408172607,
        "replay_gain": -8.37414169312,
        "downmix": "mix"
    },
    "tags": {
        "track": 7,
        "year": 0,
        "album": "The Cool Jazz Collection",
        "artist": "Astrud Gilberto",
        "comment": "",
        "genre": "Jazz",
        "title": "Girl From Ipanema"
    }
},
"rhythm": {
    "bpm": 129.900985718,
    "bpm_histogram_first_peak": 129,
    "bpm_histogram_first_peak_spread": 0.537037074566,
    "bpm_histogram_first_peak_weight": 0.396825402975,
    "bpm_histogram_second_peak": 136,
    "bpm_histogram_second_peak_spread": 0.33333337307,
    "bpm_histogram_second_peak_weight": 0.0634920671582
},
"tonal": {
    "tuning_frequency": {
        "dmean": 0.0841796994209,
        "dmean2": 0.12085929513,
        "dvar": 0.542355358601,
        "dvar2": 0.922156095505,
        "max": 451.065460205,
        "mean": 438.328887939,
        "median": 437.718536377,
        "min": 433.441375732,
        "var": 2.0666217804
    },
    "hpcp": {
        "dmean": [0.0910704657435, 0.143114760518, 0.0820408761501, 0.145654380322, 0.102885864675, 0.0792975649238, 0.127795279026, 0.0424582660198, 0.130139186978, 0.0927797034383, 0.121795020998, 0.0996542200446],
        "dmean2": [0.171220719814, 0.244105860591, 0.156469061971, 0.264297068119, 0.183959141374, 0.147260949016, 0.217622339725, 0.0805971994996, 0.233600646257, 0.170233279467, 0.224480733275, 0.178857162595],
        "dvar": [0.0457060113549, 0.069395147264, 0.051596544683, 0.075614310801, 0.0499156601727, 0.0434762537479, 0.0604117587209, 0.0216897875071, 0.0665943175554, 0.0553323552012, 0.0658449679613, 0.0451144315302],
        "dvar2": [0.13049249351, 0.14734312892, 0.141962662339, 0.163820788264, 0.120717167854, 0.111327558756, 0.127583935857, 0.0604953356087, 0.152267694473, 0.136128813028, 0.159519299865, 0.10977255553],
        "max": [1, 1, 1, 1, 1, 1, 1, 1, 1, 1, 1, 1],
        "mean": [0.0593231283128, 0.257118165493, 0.052532762289, 0.274946928024, 0.121509894729, 0.0835147798061, 0.228759363294, 0.0578567907214, 0.171664431691, 0.0798828825355, 0.119752883911, 0.133334323764],
        "median": [0.0017498023808, 0.0423515066504, 0.000984117621556, 0.0225832685828, 0.00594376446679, 0.00337701896206, 0.0318499915302, 0.00117529858835, 0.0131258657202, 0.0011656996794, 0.00789083167911, 0.0067724082619],
        "min": [5.84983808949e-07, 8.59908311668e-07, 1.79139260581e-06, 6.58830413158e-06, 5.28372538611e-07, 5.4669058045e-06, 4.61693980469e-06, 3.81089023449e-07, 8.60953946358e-07, 2.14842066271e-06, 1.49005529693e-06, 2.63923789134e-06],
        "var": [0.0317120403051, 0.142565876245, 0.0333969704807, 0.164618343115, 0.0715107917786, 0.0553896278143, 0.131258025765, 0.0415161922574, 0.102903403342, 0.0549794659019, 0.0697660967708, 0.07784614712]
    }
},
"lowlevel": {
    "melbands": {
        "dmean": [0.000261345674517, 0.000734316650778, 0.000862163200509, 0.00045585251064, 0.000256777653703, 9.5754796348e-05, 5.78198450967e-05, 7.1048103564e-05, 2.54518490692e-05, 1.65935725818e-05, 1.65025103342e-05, 1.59096107382e-05, 3.60471858585e-06, 2.48607716458e-06, 3.61741444976e-06, 2.29766283155e-06, 2.02184969567e-06, 8.2427078496e-07, 9.08498861918e-07, 7.98331200258e-07, 4.65927001869e-07, 6.40409609787e-07, 7.65999971009e-07, 6.4956168444e-07, 2.65314014314e-07, 1.5934263331e-07, 2.44288202111e-07, 3.26610518186e-07, 3.14993144457e-07, 3.76114513756e-07, 6.79013282934e-07, 1.15358034236e-06, 1.083100301e-06, 8.02769363872e-07, 3.7504150896e-07, 2.27041610401e-07, 1.93564375195e-07, 1.40343814792e-07, 1.81213252404e-07, 3.14208449481e-07],
        "dmean2": [0.000366944150301, 0.00105589185841, 0.00130413030274, 0.000663976999931, 0.000381541613024, 0.000143554090755, 8.92073148862e-05, 0.000112291862024, 3.61973325198e-05, 2.35369025177e-05, 2.3177739422e-05, 1.90232258319e-05, 5.14403200214e-06, 3.66157473763e-06, 4.73993122796e-06, 3.35285562869e-06, 3.01654836221e-06, 1.23641780192e-06, 1.48816661749e-06, 1.18561376894e-06, 7.68690938457e-07, 9.9476824289e-07, 1.18026230211e-06, 1.02441742911e-06, 3.97308809852e-07, 2.29193119594e-07, 3.56125951839e-07, 4.93087952691e-07, 5.02333932673e-07, 5.96459926783e-07, 9.92026457425e-07, 1.73304442797e-06, 1.64044558915e-06, 1.35302423132e-06, 5.11084294885e-07, 3.40425543754e-07, 2.8827869869e-07, 2.06623866461e-07, 2.64081137402e-07, 4.44286428092e-07],
        "dvar": [3.91403204958e-07, 1.24998416595e-06, 1.28757699258e-06, 5.96089080318e-07, 2.19480369879e-07, 3.68742227863e-08, 3.53657121366e-08, 4.80241979517e-08, 4.49567982841e-09, 3.83465881271e-09, 2.12492112794e-09, 7.66514141048e-09, 7.78013556357e-11, 3.41250985803e-11, 1.74460612623e-10, 7.14265729895e-11, 9.15953840552e-11, 6.31910929833e-12, 2.42191891542e-11, 1.24637418442e-11, 2.83836430921e-12, 2.01626540984e-12, 4.03424385911e-12, 3.91110147741e-12, 6.16801748565e-13, 1.44389911811e-13, 5.39802035536e-13, 1.56509928715e-12, 1.03283343249e-12, 1.9299778789e-12, 9.47200477774e-12, 2.9048975031e-11, 2.23476567113e-11, 2.86267121119e-11, 1.68371740161e-12, 4.49713210464e-13, 3.22140507629e-13, 1.91836631758e-13, 5.10314826421e-13, 1.61050740886e-12],
        "dvar2": [7.58686212521e-07, 2.31194144362e-06, 2.48926494351e-06, 1.16614455692e-06, 4.84174051962e-07, 7.79631719183e-08, 7.43963468608e-08, 1.1022652302e-07, 7.64083640803e-09, 6.73615474511e-09, 4.36158842376e-09, 1.07300337504e-08, 1.44114109535e-10, 7.2929350059e-11, 2.32946051337e-10, 1.31693475569e-10, 1.99020758207e-10, 1.55500751164e-11, 6.73798031259e-11, 2.78870919412e-11, 7.68983401261e-12, 4.58456449887e-12, 8.85267120027e-12, 9.29666760241e-12, 1.45802803424e-12, 2.84318629837e-13, 1.05610485635e-12, 3.1894291895e-12, 2.52250412398e-12, 3.95330860062e-12, 2.139575149e-11, 6.45022715795e-11, 4.91180603135e-11, 7.92226492741e-11, 2.84493782698e-12, 8.62438972234e-13, 5.92517950936e-13, 3.302933556e-13, 1.00268979317e-12, 2.8983128831e-12],
        "max": [0.00904950499535, 0.0127172833309, 0.0120012601838, 0.0200302209705, 0.00519676413387, 0.00244410336018, 0.00213455990888, 0.00202557258308, 0.000975267903414, 0.00093151605688, 0.000503230490722, 0.00243782065809, 0.00011376261682, 8.74267934705e-05, 0.00032335659489, 0.000137076844112, 0.000176328307134, 3.92158945033e-05, 8.4499566583e-05, 5.1643790357e-05, 2.82205746771e-05, 1.4030123566e-05, 1.98943289433e-05, 2.18208078877e-05, 1.31742890517e-05, 6.14473037786e-06, 1.00406268757e-05, 2.17612214328e-05, 1.20277300084e-05, 1.80129409273e-05, 4.35292604379e-05, 7.25698264432e-05, 5.72268254473e-05, 0.000107485306216, 2.29188426601e-05, 7.86087821325e-06, 6.59897204969e-06, 5.76120237383e-06, 9.41666985455e-06, 1.80805000127e-05],
        "mean": [0.000466058874736, 0.00157352082897, 0.00201574643143, 0.000766765500885, 0.000571953831241, 0.000168519065483, 6.88998625265e-05, 8.19378255983e-05, 3.33275747835e-05, 2.23941551667e-05, 2.09685022128e-05, 2.18949735427e-05, 4.76005197925e-06, 3.18258048537e-06, 5.06738706463e-06, 2.9387581435e-06, 2.1589021344e-06, 8.60514489887e-07, 8.64540311341e-07, 8.34849743114e-07, 4.59928855889e-07, 7.06098887804e-07, 8.38277173898e-07, 6.54694815694e-07, 2.81459023199e-07, 1.87617317238e-07, 2.66390202341e-07, 3.38398251643e-07, 2.96807030509e-07, 3.79242436566e-07, 6.76226420637e-07, 1.13019882519e-06, 1.08483948225e-06, 8.0415048842e-07, 4.08322648582e-07, 2.52071089335e-07, 2.19889699338e-07, 1.5421903754e-07, 1.88299566162e-07, 3.19315148545e-07],