{
"metadata": {
    "version": {
        "essentia": "2.0.1",
        "extractor": "archive-music 1.0 mod ismir14"
    },
    "audio_properties": {
        "analysis_sample_rate": 44100,
        "bitrate": 32,
        "channels": 2,
        "equal_loudness": 0,
        "length": 30.0408172607,
        "replay_gain": -11.8030014038,
        "downmix": "mix"
    },
    "tags": {
        "track": 6,
        "year": 0,
        "album": "Swing Classics (Jazz & Tzaz 70)",
        "artist": "Benny Carter",
        "comment": "",
        "genre": "Jazz",
        "title": "Babalu"
    }
},
"rhythm": {
    "bpm": 92.8061752319,
    "bpm_histogram_first_peak": 92,
    "bpm_histogram_first_peak_spread": 0.5,
    "bpm_histogram_first_peak_weight": 0.444444447756,
    "bpm_histogram_second_peak": 86,
    "bpm_histogram_second_peak_spread": 0,
    "bpm_histogram_second_peak_weight": 0.0666666701436
},
"tonal": {
    "tuning_frequency": {
        "dmean": 0.111968241632,
        "dmean2": 0.195503309369,
        "dvar": 0.990963041782,
        "dvar2": 1.94211184978,
        "max": 456.570251465,
        "mean": 438.643188477,
        "median": 438.984558105,
        "min": 435.700531006,
        "var": 3.49260568619
    },
    "hpcp": {
        "dmean": [0.0853141695261, 0.131011709571, 0.065145239234, 0.179530739784, 0.120331175625, 0.0965386033058, 0.142221063375, 0.0612177476287, 0.192672923207, 0.100138731301, 0.178761944175, 0.197661831975],
        "dmean2": [0.155002012849, 0.225082829595, 0.115874744952, 0.308206319809, 0.202517107129, 0.165266379714, 0.237885519862, 0.107698731124, 0.325017273426, 0.177681624889, 0.309416085482, 0.334714055061],
        "dvar": [0.0317238196731, 0.043584857136, 0.0270501188934, 0.0614887177944, 0.0427725538611, 0.0227047391236, 0.0455370396376, 0.0184954274446, 0.0555941946805, 0.0373445339501, 0.0564475618303, 0.0626455247402],
        "dvar2": [0.0824416279793, 0.110172972083, 0.067134283483, 0.136517003179, 0.0923306122422, 0.0538315214217, 0.0960492193699, 0.0470275767148, 0.135736122727, 0.102131351829, 0.146576032043, 0.143364742398],
        "max": [1, 1, 1, 1, 1, 1, 1, 1, 1, 1, 1, 1],
        "mean": [0.0805418267846, 0.220116063952, 0.0611200220883, 0.436024755239, 0.23030424118, 0.106658004224, 0.314950615168, 0.0575248859823, 0.370193511248, 0.0787246748805, 0.239751338959, 0.342245012522],
        "median": [0.0158090796322, 0.0666605755687, 0.00881052948534, 0.284957408905, 0.044687718153, 0.0412798710167, 0.141929537058, 0.0173519738019, 0.244150161743, 0.0180874895304, 0.124829411507, 0.215956896544],
        "min": [0.000183987081982, 0.000204458963708, 7.03731420799e-05, 0.000275721919024, 0.000120815704577, 0.000471813837066, 0.000746764650103, 3.31882511091e-05, 0.000436446513049, 0.000124860292999, 0.000177450783667, 0.000257625652011],
        "var": [0.0305158849806, 0.0849897712469, 0.0293870531023, 0.159878641367, 0.118298046291, 0.0294360406697, 0.132820993662, 0.0168440658599, 0.12167904526, 0.0272853989154, 0.0822193920612, 0.124474205077]
    }
},
"lowlevel": {
    "melbands": {
        "dmean": [8.74813758855e-06, 3.99784803449e-05, 2.36483047047e-05, 5.2246832638e-05, 5.21680849488e-05, 8.17822801764e-05, 6.45816689939e-05, 0.000142081233207, 9.01946696104e-05, 6.71603556839e-05, 4.16391085309e-05, 3.46371671185e-05, 3.04071891151e-05, 2.44207512878e-05, 4.93978404847e-05, 3.97251278628e-05, 2.5306653697e-05, 1.6742020307e-05, 1.4877184185e-05, 1.63100885402e-05, 5.21590527569e-06, 7.27366523279e-06, 3.14267504109e-06, 2.85935470856e-06, 3.89077740692e-06, 1.27272255668e-06, 6.9621341936e-07, 8.59099998252e-07, 7.75160344801e-07, 8.16407066395e-07, 3.88052001199e-07, 2.16245254592e-07, 1.39572307489e-07, 5.74693359567e-08, 2.45968330148e-08, 1.97541183411e-08, 5.21541920762e-09, 6.28969987204e-10, 1.55773990929e-10, 4.49546302961e-11],
        "dmean2": [1.42063163366e-05, 6.75147311995e-05, 3.61975617125e-05, 7.9278506746e-05, 7.66803204897e-05, 0.000125106278574, 0.000101775505755, 0.000222487855353, 0.000136349262903, 0.000101356738014, 6.40566795482e-05, 5.29870521859e-05, 4.63814176328e-05, 3.67454231309e-05, 7.75665612309e-05, 6.34798198007e-05, 3.84012855648e-05, 2.4985491109e-05, 2.15323161683e-05, 2.57256342593e-05, 7.98600285634e-06, 1.14088352348e-05, 4.75400247524e-06, 4.25949519922e-06, 5.98382484895e-06, 1.92977495317e-06, 1.02702699678e-06, 1.30188959702e-06, 1.15485011065e-06, 1.23049801459e-06, 5.83955625189e-07, 3.0129302786e-07, 2.01278695044e-07, 8.40692635506e-08, 3.63617154164e-08, 2.83436651927e-08, 8.53109494159e-09, 1.02282127212e-09, 2.69303412903e-10, 7.76393740964e-11],
        "dvar": [1.0331548117e-10, 2.29414109931e-09, 1.37600897343e-09, 6.4913003861e-09, 4.85569229269e-09, 1.95363707434e-08, 8.57478799077e-09, 9.27439458565e-08, 2.44137137173e-08, 1.19873888593e-08, 6.37308517071e-09, 5.03085395565e-09, 3.66371466498e-09, 1.89945992268e-09, 8.8519414021e-09, 9.7290691059e-09, 3.47293216407e-09, 1.52406998133e-09, 1.29207033961e-09, 1.25219212777e-09, 7.49580952863e-11, 3.210619548e-10, 2.73548302065e-11, 2.52994725863e-11, 6.27774776607e-11, 7.90026117442e-12, 2.03839657827e-12, 4.67151144157e-12, 2.32725384103e-12, 2.28753344392e-12, 7.32915030749e-13, 2.70315914834e-13, 1.45824351943e-13, 2.46450131353e-14, 3.74895342499e-15, 2.06489204838e-15, 1.16921847235e-16, 2.99218359085e-18, 4.34844918911e-19, 3.95247673128e-20],
        "dvar2": [2.3031995755e-10, 5.47036993481e-09, 3.25018656433e-09, 1.52087071825e-08, 1.00997779029e-08, 4.29350919262e-08, 1.87414137542e-08, 1.87892410963e-07, 4.91536340519e-08, 2.4022190459e-08, 1.45463614487e-08, 1.17904823682e-08, 7.77710607025e-09, 3.66251295958e-09, 1.94906473183e-08, 2.46672566817e-08, 8.15772427387e-09, 3.25619198271e-09, 3.05445246873e-09, 2.66928568138e-09, 1.65353661319e-10, 7.78747732966e-10, 6.13044198738e-11, 5.28929886001e-11, 1.31861674357e-10, 1.45721473083e-11, 4.21024196409e-12, 1.06884492576e-11, 4.37867190423e-12, 4.24932528401e-12, 1.33187905149e-12, 4.63170300724e-13, 2.58661364896e-13, 4.72051563149e-14, 7.7018859362e-15, 4.04984366829e-15, 2.54944952783e-16, 6.80270233836e-18, 1.25585579807e-18, 9.37596041138e-20],
        "max": [8.66403861437e-05, 0.000631686125416, 0.000575648329686, 0.0011132734362, 0.000774024054408, 0.00131689780392, 0.0012324861018, 0.00403545983136, 0.00196838541888, 0.00100094964728, 0.000894098891877, 0.000811520440038, 0.000870547548402, 0.000571567856241, 0.000879437953699, 0.00138029153459, 0.000681404955685, 0.000483185809571, 0.00044574495405, 0.000562464818358, 0.000112499983516, 0.000226241027121, 6.2051556597e-05, 5.2188999689e-05, 7.13998379069e-05, 3.97516450903e-05, 1.35634118124e-05, 2.38838074438e-05, 1.44025907503e-05, 1.34613028422e-05, 1.00195202322e-05, 5.89628871239e-06, 3.78624304176e-06, 1.60497063462e-06, 5.06941262302e-07, 5.52653546038e-07, 9.69944551343e-08, 2.13818829309e-08, 8.31288193837e-09, 2.43832043445e-09],
        "mean": [1.11835433927e-05, 5.32176927663e-05, 3.84989070881e-05, 8.31413199194e-05, 0.000102412566775, 0.000145612968481, 0.000138478339068, 0.000329001864884, 0.000179470065632, 0.000106900610263, 7.08148727426e-05, 5.71419986954e-05, 4.68227699457e-05, 3.5635108361e-05, 7.53510903451e-05, 6.10836286796e-05, 4.4639888074e-05, 2.2464655558e-05, 1.93644573301e-05, 2.50306220551e-05, 7.64753622207e-06, 1.04949813249e-05, 5.31806063009e-06, 4.28493149229e-06, 6.0013780967e-06, 2.00712975129e-06, 1.05115361748e-06, 1.13020621484e-06, 1.1823387922e-06, 1.2650212966e-06, 5.97925406964e-07, 2.94280056323e-07, 1.87455356127e-07, 7.36646441624e-08, 3.18538901922e-08, 2.93436670518e-08, 7.29342630734e-09, 6.388493623e-10, 1.16635451297e-10, 3.50469792076e-11],