{
"metadata": {
    "version": {
        "essentia": "2.0.1",
        "extractor": "archive-music 1.0 mod ismir14"
    },
    "audio_properties": {
        "analysis_sample_rate": 44100,
        "bitrate": 32,
        "channels": 2,
        "equal_loudness": 0,
        "length": 30.0408172607,
        "replay_gain": -13.1388397217,
        "downmix": "mix"
    },
    "tags": {
        "track": 0,
        "year": 0,
        "album": "",
        "artist": "",
        "comment": "",
        "genre": "",
        "title": ""
    }
},
"rhythm": {
    "bpm": 86.560585022,
    "bpm_histogram_first_peak": 86,
    "bpm_histogram_first_peak_spread": 0.595238089561,
    "bpm_histogram_first_peak_weight": 0.404761910439,
    "bpm_histogram_second_peak": 0,
    "bpm_histogram_second_peak_spread": 0,
    "bpm_histogram_second_peak_weight": 0
},
"tonal": {
    "tuning_frequency": {
        "dmean": 0.389701932669,
        "dmean2": 0.773337423801,
        "dvar": 5.66265010834,
        "dvar2": 11.8277959824,
        "max": 455.516601562,
        "mean": 441.218322754,
        "median": 441.782684326,
        "min": 432.690917969,
        "var": 60.6494255066
    },
    "hpcp": {
        "dmean": [0.227638602257, 0.152327895164, 0.232422232628, 0.251762330532, 0.118187971413, 0.21531380713, 0.265396386385, 0.273308485746, 0.177517816424, 0.113312289119, 0.243338599801, 0.0812981724739],
        "dmean2": [0.389161765575, 0.269656717777, 0.430091530085, 0.445863336325, 0.20781289041, 0.349463135004, 0.458191663027, 0.480745732784, 0.297636598349, 0.195322111249, 0.448254227638, 0.145680055022],
        "dvar": [0.0433868803084, 0.0312899015844, 0.0598791018128, 0.0583841018379, 0.0277574062347, 0.0601330697536, 0.0681258663535, 0.0469996295869, 0.0387508533895, 0.0194165706635, 0.0685318484902, 0.0149682639167],
        "dvar2": [0.11824772507, 0.0810505822301, 0.170709863305, 0.173516780138, 0.0779149308801, 0.142142787576, 0.159798592329, 0.118398047984, 0.0955579504371, 0.0481253936887, 0.17289493978, 0.043786700815],
        "max": [1, 1, 1, 1, 1, 1, 1, 1, 1, 1, 1, 1],
        "mean": [0.305109500885, 0.179731294513, 0.235121503472, 0.305255711079, 0.133588343859, 0.326463669538, 0.350588828325, 0.400137454271, 0.249282345176, 0.137667879462, 0.783908545971, 0.10053575784],
        "median": [0.251216799021, 0.127129644156, 0.133068904281, 0.206405311823, 0.0756134241819, 0.138541132212, 0.243819758296, 0.358330100775, 0.138417229056, 0.0831403657794, 0.981052100658, 0.0791977122426],
        "min": [0.0168396420777, 0.00586829520762, 0.00928521342576, 0.00930598471314, 0.00878345500678, 0.0199619401246, 0.00790114421397, 0.0151176219806, 0.00768270343542, 0.00465908041224, 0.139555349946, 0.00547801144421],
        "var": [0.0642559379339, 0.0377630591393, 0.0614944398403, 0.0711643919349, 0.0257385428995, 0.111059144139, 0.0966558307409, 0.0854670926929, 0.0673801526427, 0.0249259863049, 0.0779802873731, 0.010934850201]
    }
},
"lowlevel": {
    "melbands": {
        "dmean": [1.45868380059e-05, 6.21423823759e-05, 5.74089644942e-05, 3.7971411075e-05, 1.55755151354e-05, 2.83073004539e-05, 2.87495749944e-05, 3.54149087798e-05, 4.09413914895e-05, 2.24916893785e-05, 1.59143964993e-05, 1.03007114376e-05, 8.99419228517e-06, 5.10730751557e-06, 8.38246160129e-06, 4.87520765091e-06, 6.3209745349e-06, 3.83011865779e-06, 2.51699975706e-06, 2.29714146371e-06, 2.32120487453e-06, 2.30721025218e-06, 3.69277336176e-06, 3.91951789425e-06, 2.51680376095e-06, 1.58551165441e-06, 1.63519769103e-06, 1.03455192857e-06, 4.83287408315e-07, 4.28603271985e-07, 3.74569140149e-07, 1.89045877619e-07, 7.8432265127e-08, 5.35403685831e-08, 5.18347071932e-08, 4.11417744317e-08, 3.46952191421e-08, 3.03943572533e-08, 1.70417386869e-08, 8.41434033561e-09],
        "dmean2": [2.56627354247e-05, 0.000116819908726, 0.000103024663986, 6.8840708991e-05, 2.8121896321e-05, 5.12327605975e-05, 5.11241996719e-05, 6.47150518489e-05, 6.7770080932e-05, 3.97642652388e-05, 2.71501066891e-05, 1.85679327842e-05, 1.62912983797e-05, 8.89408056537e-06, 1.54266381287e-05, 8.62404976942e-06, 1.16112387332e-05, 6.76918443787e-06, 4.54798509963e-06, 3.74288129024e-06, 4.0922250264e-06, 4.11115433963e-06, 6.7405730988e-06, 6.66687537887e-06, 4.29725787399e-06, 2.71611816061e-06, 2.77473213828e-06, 1.77075764896e-06, 8.4484912577e-07, 7.77864386237e-07, 6.35705930563e-07, 3.25127274436e-07, 1.37997815841e-07, 9.43165616718e-08, 9.0831832722e-08, 7.09007466071e-08, 6.19870093033e-08, 5.32333004344e-08, 3.07547942668e-08, 1.5293107225e-08],
        "dvar": [4.65609106826e-10, 4.68347449711e-09, 2.77488876321e-09, 3.03370017996e-09, 2.05331987524e-10, 5.84741532972e-10, 6.7615779642e-10, 1.42116074464e-09, 6.33450580878e-09, 3.41153394423e-09, 4.89146778637e-10, 5.89993831568e-10, 4.82393514023e-10, 1.11695770688e-10, 3.31654925745e-10, 7.1921239797e-11, 2.10890707675e-10, 5.15833244175e-11, 1.4761634623e-11, 2.13240865937e-11, 1.159246657e-11, 1.02067807331e-11, 3.86933020347e-11, 4.60456187068e-11, 1.81645688074e-11, 8.07751088239e-12, 1.0936421907e-11, 4.91610268119e-12, 5.19076643647e-13, 6.91871093837e-13, 5.49214699327e-13, 1.21240840176e-13, 1.46197039663e-14, 6.49853926232e-15, 6.71458306233e-15, 2.21812856711e-15, 1.54029860376e-15, 8.16351190443e-16, 3.03960578919e-16, 1.19908088361e-16],
        "dvar2": [1.21208754145e-09, 1.53782906409e-08, 8.0941111591e-09, 8.43360314917e-09, 5.5897225737e-10, 1.89512894266e-09, 1.85768100902e-09, 3.79186548827e-09, 1.32037998313e-08, 9.42503319834e-09, 1.21956389432e-09, 1.62704349993e-09, 1.33691513415e-09, 3.21348614385e-10, 9.75105995948e-10, 2.04249950286e-10, 5.98151750353e-10, 1.29990906927e-10, 3.93136842525e-11, 5.02078101317e-11, 2.86465677568e-11, 2.87537476468e-11, 1.09841816198e-10, 1.22992172003e-10, 4.3026682911e-11, 2.15830235628e-11, 2.73279125024e-11, 1.27591322924e-11, 1.31083121788e-12, 1.68568577066e-12, 1.5651231396e-12, 3.33343677097e-13, 3.31634405267e-14, 1.44554032915e-14, 1.31885892859e-14, 4.439477977e-15, 3.70089065798e-15, 2.08592175888e-15, 7.93634031496e-16, 3.04027256294e-16],
        "max": [0.000171530264197, 0.000417502480559, 0.000270352873486, 0.000329552451149, 8.75296609593e-05, 0.000146422855323, 0.000148457795149, 0.000146277889144, 0.000859088671859, 0.000485389318783, 0.000155488334713, 0.000133578869281, 0.000134328118293, 7.69117832533e-05, 0.000124538157252, 4.55407789559e-05, 8.91706804396e-05, 6.93254987709e-05, 2.62984904111e-05, 4.52216627309e-05, 2.20094552787e-05, 2.18585555558e-05, 3.22452397086e-05, 4.99833113281e-05, 3.3043903386e-05, 1.97497010959e-05, 2.68445419351e-05, 1.30140042529e-05, 5.32153717359e-06, 5.97598636887e-06, 4.70668192065e-06, 2.27707391787e-06, 7.31714521862e-07, 6.05855461799e-07, 6.92833623361e-07, 3.76923964041e-07, 3.33369371219e-07, 2.33722005305e-07, 1.54319877765e-07, 1.05245369753e-07],
        "mean": [1.84940272447e-05, 7.21149262972e-05, 7.74505388108e-05, 4.05341452279e-05, 2.18616296479e-05, 3.99937671318e-05, 3.94792405132e-05, 2.99966486637e-05, 4.72422252642e-05, 2.38364627876e-05, 1.8538790755e-05, 8.68963343237e-06, 6.83097414367e-06, 4.72697502119e-06, 7.63306525187e-06, 4.20077049057e-06, 4.78367564938e-06, 3.85167186323e-06, 2.62158118858e-06, 2.22466564992e-06, 2.17335764319e-06, 2.22342623601e-06, 3.5125794966e-06, 3.77986270905e-06, 2.47285356636e-06, 2.04752655009e-06, 1.69915233528e-06, 9.97997290142e-07, 5.45005889308e-07, 4.53420170743e-07, 3.64131949482e-07, 2.27603990766e-07, 1.13320886896e-07, 9.13220929988e-08, 8.90432829692e-08, 7.40750536465e-08, 6.68441657581e-08, 4.89012990101e-08, 2.55132004412e-08, 1.38224667268e-08],