{
"metadata": {
    "version": {
        "essentia": "2.0.1",
        "extractor": "archive-music 1.0 mod ismir14"
    },
    "audio_properties": {
        "analysis_sample_rate": 44100,
        "bitrate": 32,
        "channels": 2,
        "equal_loudness": 0,
        "length": 30.0408172607,
        "replay_gain": -13.3254871368,
        "downmix": "mix"
    },
    "tags": {
        "track": 0,
        "year": 0,
        "album": "",
        "artist": "",
        "comment": "",
        "genre": "",
        "title": ""
    }
},
"rhythm": {
    "bpm": 90.2956161499,
    "bpm_histogram_first_peak": 91,
    "bpm_histogram_first_peak_spread": 0.341463446617,
    "bpm_histogram_first_peak_weight": 0.62790697813,
    "bpm_histogram_second_peak": 85,
    "bpm_histogram_second_peak_spread": 0,
    "bpm_histogram_second_peak_weight": 0.0465116277337
},
"tonal": {
    "tuning_frequency": {
        "dmean": 0.18739412725,
        "dmean2": 0.362547129393,
        "dvar": 0.786273241043,
        "dvar2": 1.48736560345,
        "max": 452.37008667,
        "mean": 449.267913818,
        "median": 450.284484863,
        "min": 446.657836914,
        "var": 3.34115505219
    },
    "hpcp": {
        "dmean": [0.282123178244, 0.0770444050431, 0.151812255383, 0.164384827018, 0.404264748096, 0.297154605389, 0.118640191853, 0.318612784147, 0.135322451591, 0.0982042625546, 0.124173991382, 0.14816185832],
        "dmean2": [0.498385965824, 0.128326609731, 0.256231337786, 0.306432664394, 0.735468149185, 0.535687327385, 0.203447163105, 0.53101593256, 0.243879497051, 0.172448039055, 0.216590568423, 0.260705828667],
        "dvar": [0.099552758038, 0.00999175291508, 0.0307655166835, 0.0532131530344, 0.090473882854, 0.0840789824724, 0.0146672679111, 0.0886170864105, 0.0305928383023, 0.0182963926345, 0.0267791710794, 0.0321280919015],
        "dvar2": [0.178704291582, 0.0257200803608, 0.0760241299868, 0.148711696267, 0.23493117094, 0.199880987406, 0.0370442084968, 0.196821287274, 0.0848289579153, 0.0519405677915, 0.0754394382238, 0.0915721207857],
        "max": [1, 0.655624687672, 1, 1, 1, 1, 0.700163900852, 1, 1, 1, 1, 1],
        "mean": [0.565629243851, 0.0829953253269, 0.18504281342, 0.150812312961, 0.404637187719, 0.398542076349, 0.128871709108, 0.425372868776, 0.124946884811, 0.10144995153, 0.120032832026, 0.147330850363],
        "median": [0.499679118395, 0.0517457425594, 0.110480964184, 0.0754545405507, 0.261336237192, 0.251765847206, 0.074522793293, 0.272503137589, 0.0701511204243, 0.0714530274272, 0.0707586556673, 0.0823966786265],
        "min": [0.00812822114676, 0.00227441755123, 0.0112756192684, 0.00557200890034, 0.0131920669228, 0.00920972041786, 0.00539791956544, 0.00698868604377, 0.00140669976827, 0.00455838348716, 0.00316790747456, 0.00442937808111],
        "var": [0.158637046814, 0.010489388369, 0.0405114740133, 0.0482104234397, 0.11953894794, 0.133939653635, 0.0188750587404, 0.141701951623, 0.0273193810135, 0.0151065494865, 0.0226268097758, 0.0297508146614]
    }
},
"lowlevel": {
    "melbands": {
        "dmean": [6.82313693687e-05, 0.000174436441739, 4.96611901326e-05, 3.11549629259e-05, 2.79960459011e-05, 2.06476543099e-05, 2.71597873507e-05, 4.20908509113e-05, 7.2239417932e-05, 5.45368202438e-05, 2.16959360841e-05, 2.55331160588e-05, 3.06228612317e-05, 1.02468711702e-05, 1.75655623025e-05, 2.14024366869e-05, 5.59514455745e-06, 3.64070274372e-06, 1.59536989486e-06, 1.92315451386e-06, 3.46718934452e-06, 2.42745068135e-06, 4.45907062385e-06, 3.52033316631e-06, 1.950017122e-06, 2.36685673372e-06, 2.05998526326e-06, 1.2256498394e-06, 5.48667799194e-07, 4.87037311814e-07, 2.26832867156e-07, 9.29250134618e-08, 5.46011058589e-08, 5.00649441904e-08, 4.30093294312e-08, 4.11512672827e-08, 3.86271956643e-08, 5.49991874266e-08, 5.23221146409e-08, 4.03653999115e-08],
        "dmean2": [0.000106966122985, 0.000279468629742, 8.84794208105e-05, 5.47358795302e-05, 5.06139331264e-05, 3.76416683139e-05, 4.64730037493e-05, 7.9570512753e-05, 0.000133704583277, 0.000101437028206, 4.21277291025e-05, 4.81954411953e-05, 5.57973689865e-05, 1.93248761207e-05, 3.18856800732e-05, 3.88307817047e-05, 1.05351800812e-05, 6.74509237797e-06, 2.89830882139e-06, 3.40280212185e-06, 6.29262103757e-06, 4.49657272839e-06, 8.48551189847e-06, 6.50797528579e-06, 3.56906457455e-06, 4.38788492829e-06, 3.7825459458e-06, 2.21953541768e-06, 1.01717205325e-06, 9.16587168831e-07, 4.17974348466e-07, 1.7071909042e-07, 1.03333320567e-07, 9.19250240372e-08, 7.81631186442e-08, 7.31145277655e-08, 7.15231180948e-08, 1.01055846358e-07, 9.71771498826e-08, 7.40638483876e-08],
        "dvar": [2.08948702785e-09, 1.63675188958e-08, 2.71518652006e-09, 5.94123583664e-10, 1.28189947546e-09, 4.21442603038e-10, 1.86921833567e-09, 3.37562400254e-09, 7.33543137343e-09, 1.54799906227e-08, 9.17539999534e-09, 1.95604887843e-09, 3.27020743818e-09, 2.22257351412e-10, 5.94955418265e-10, 1.25370602788e-09, 4.08154177123e-10, 6.11180828169e-11, 2.96206397084e-12, 2.25682710367e-12, 1.07303931365e-11, 5.78096641737e-12, 2.15656034697e-11, 8.91306039391e-12, 2.98379658654e-12, 5.57963744652e-12, 4.13127995355e-12, 1.39331428339e-12, 3.17751874075e-13, 2.88681594905e-13, 4.83653373427e-14, 9.45843914529e-15, 2.80746021049e-15, 2.10653854081e-15, 1.3054725893e-15, 1.67161592152e-15, 1.77294329662e-15, 3.90672728746e-15, 2.98060157996e-15, 2.30327443655e-15],
        "dvar2": [5.29042631925e-09, 4.8365169647e-08, 7.51441042723e-09, 1.60776547631e-09, 3.33355698601e-09, 9.54123335895e-10, 4.73997774364e-09, 9.8854160413e-09, 2.13132906879e-08, 4.39386340645e-08, 2.75944671557e-08, 5.80264947203e-09, 9.15574727145e-09, 6.45067443905e-10, 1.56347013114e-09, 3.49318551862e-09, 1.22086418752e-09, 1.78550479957e-10, 8.53329212847e-12, 6.54463722799e-12, 2.80970854222e-11, 1.65954090747e-11, 5.9393295837e-11, 2.37606097991e-11, 8.72304659061e-12, 1.5273374579e-11, 1.14995860057e-11, 3.94110915777e-12, 8.88142803659e-13, 8.19464125463e-13, 1.44157336892e-13, 2.95306009192e-14, 8.0816556992e-15, 6.12798860592e-15, 3.75946510386e-15, 5.02672634284e-15, 5.50157428362e-15, 1.19000268623e-14, 9.11081004748e-15, 6.96490205055e-15],
        "max": [0.000264689850155, 0.000819924462121, 0.000427906838013, 0.000179601658601, 0.000299527251627, 0.000154774010298, 0.000430682644947, 0.000288552837446, 0.000498361245263, 0.000958955381066, 0.000871857628226, 0.000265878625214, 0.000324453547364, 7.72737694206e-05, 0.000134275906021, 0.000165087374626, 0.000183174328413, 5.11625694344e-05, 1.39639596455e-05, 6.76830541124e-06, 1.86600082088e-05, 1.10381224658e-05, 2.11155220313e-05, 1.45400163092e-05, 9.03824638954e-06, 1.54541939992e-05, 1.14992562885e-05, 7.6731594163e-06, 3.21421839544e-06, 3.83719907404e-06, 1.49936920479e-06, 8.48994204716e-07, 3.3999367588e-07, 3.27563355995e-07, 2.07701148724e-07, 2.3920048875e-07, 2.33182134934e-07, 3.63703719586e-07, 3.22538539876e-07, 3.67186146377e-07],
        "mean": [0.000101007099147, 0.000266897783149, 8.60634245328e-05, 4.07915904361e-05, 2.72557845165e-05, 2.20936199185e-05, 2.86955291813e-05, 3.58313518518e-05, 6.0221318563e-05, 3.82341095246e-05, 1.51420726979e-05, 1.86824800039e-05, 2.12870763789e-05, 8.58485964272e-06, 1.47007422129e-05, 1.5765437638e-05, 4.07126890423e-06, 2.94182132166e-06, 1.67646919635e-06, 2.06568893191e-06, 3.04055106426e-06, 2.20944161811e-06, 3.78072650165e-06, 2.96611142403e-06, 1.85537828656e-06, 2.09130485018e-06, 1.69160853147e-06, 1.01485693449e-06, 5.11227710831e-07, 4.07595848628e-07, 2.2175871095e-07, 1.16331882793e-07, 7.24117015238e-08, 6.39133830305e-08, 6.08258687862e-08, 6.01995040483e-08, 4.69755754295e-08, 6.81254661572e-08, 6.18030639998e-08, 5.08421216239e-08],