{
"metadata": {
    "version": {
        "essentia": "2.0.1",
        "extractor": "archive-music 1.0 mod ismir14"
    },
    "audio_properties": {
        "analysis_sample_rate": 44100,
        "bitrate": 32,
        "channels": 2,
        "equal_loudness": 0,
        "length": 30.0408172607,
        "replay_gain": -9.58841705322,
        "downmix": "mix"
    },
    "tags": {
        "track": 0,
        "year": 0,
        "album": "",
        "artist": "",
        "comment": "",
        "genre": "",
        "title": ""
    }
},
"rhythm": {
    "bpm": 172.265594482,
    "bpm_histogram_first_peak": 172,
    "bpm_histogram_first_peak_spread": 0,
    "bpm_histogram_first_peak_weight": 0.529411792755,
    "bpm_histogram_second_peak": 178,
    "bpm_histogram_second_peak_spread": 0,
    "bpm_histogram_second_peak_weight": 0.258823543787
},
"tonal": {
    "tuning_frequency": {
        "dmean": 0.033851351589,
        "dmean2": 0.0678075104952,
        "dvar": 0.118872463703,
        "dvar2": 0.297089636326,
        "max": 438.984558105,
        "mean": 435.261627197,
        "median": 435.448913574,
        "min": 432.940917969,
        "var": 0.392032146454
    },
    "hpcp": {
        "dmean": [0.0834681466222, 0.1520588696, 0.152926951647, 0.152894645929, 0.0386985763907, 0.0799812972546, 0.103247337043, 0.120373636484, 0.0499172359705, 0.0604837462306, 0.135911479592, 0.0654274970293],
        "dmean2": [0.149824932218, 0.276961535215, 0.282834678888, 0.278287917376, 0.0727904736996, 0.139373406768, 0.191748514771, 0.205193579197, 0.0880112871528, 0.108227483928, 0.229110151529, 0.117131978273],
        "dvar": [0.0427854955196, 0.0730809941888, 0.0789829343557, 0.0831511467695, 0.022071769461, 0.0432272739708, 0.0623222365975, 0.0636419355869, 0.0241874363273, 0.0253799129277, 0.0557273216546, 0.0333194434643],
        "dvar2": [0.101396150887, 0.184027552605, 0.209740623832, 0.1657589674, 0.060150437057, 0.10163205862, 0.155047252774, 0.133019372821, 0.056175366044, 0.0592138431966, 0.10819324851, 0.086438536644],
        "max": [1, 1, 1, 1, 1, 1, 1, 1, 1, 1, 1, 1],
        "mean": [0.082315698266, 0.188953757286, 0.136723935604, 0.303691029549, 0.0276259928942, 0.111172132194, 0.128948256373, 0.188744187355, 0.0489236861467, 0.0627885758877, 0.330828338861, 0.0531489923596],
        "median": [0.00967039261013, 0.0348004326224, 0.0276470780373, 0.0483508557081, 0.00114698300604, 0.0108379591256, 0.00132018746808, 0.0099706556648, 0.00236653978936, 0.00382651528344, 0.103886947036, 0.00327469175681],
        "min": [2.24059731408e-05, 2.23605857173e-05, 8.44637816044e-06, 2.62909316007e-06, 1.41061093473e-06, 4.04623597206e-06, 3.42395605912e-06, 3.58016973223e-06, 8.15234398033e-06, 2.91566925625e-06, 4.14638407165e-07, 1.7482909243e-05],
        "var": [0.0451366566122, 0.104430094361, 0.0663364231586, 0.167485937476, 0.0160341989249, 0.0716962665319, 0.0919010937214, 0.116239443421, 0.030869955197, 0.0335160195827, 0.158940419555, 0.0273705404252]
    }
},
"lowlevel": {
    "melbands": {
        "dmean": [2.14392389353e-06, 4.45860532636e-05, 5.90178460698e-05, 0.000487009965582, 0.000509483565111, 0.000276986567769, 0.000112163485028, 9.47079024627e-05, 5.51905905013e-05, 3.94524577132e-05, 3.43142382917e-05, 1.84757736861e-05, 3.25779255945e-05, 1.25617825688e-05, 1.36976623253e-05, 8.74844135978e-06, 1.80076567631e-05, 8.64782214194e-06, 1.03399015643e-05, 2.8963031582e-06, 4.07278912462e-06, 3.78278582502e-06, 2.82054179479e-06, 3.1824688449e-06, 6.90819751981e-06, 6.99115344105e-06, 2.27962505051e-06, 1.20031199913e-06, 3.8758730625e-07, 2.42446390075e-07, 1.09833450779e-07, 1.87356210546e-08, 2.85561752023e-09, 7.71485098028e-10, 2.59536669933e-10, 1.14000565932e-10, 5.15456462236e-11, 2.01907726649e-11, 1.0876420424e-11, 7.02099836603e-12],
        "dmean2": [3.74506498702e-06, 6.83848702465e-05, 8.6332205683e-05, 0.000743494427297, 0.00076386803994, 0.000421014323365, 0.00017255358398, 0.000143675002619, 8.47915871418e-05, 6.34982934571e-05, 4.81014540128e-05, 2.73911537079e-05, 4.91200626129e-05, 1.80193674169e-05, 2.33982118516e-05, 1.30855578391e-05, 2.5689460017e-05, 1.3699599549e-05, 1.55474099302e-05, 4.38044025941e-06, 6.53484630675e-06, 6.22569405095e-06, 4.76470222566e-06, 5.05422667629e-06, 1.10180408228e-05, 1.05196968434e-05, 3.73962348021e-06, 1.93883852262e-06, 6.27995632385e-07, 4.09599010709e-07, 1.76639190386e-07, 2.98667011123e-08, 4.36740377197e-09, 1.21003329578e-09, 4.10206563162e-10, 1.81358691953e-10, 7.99373137128e-11, 2.95316618382e-11, 1.55556349052e-11, 9.97480570364e-12],
        "dvar": [1.14344991808e-11, 9.45492484306e-09, 1.33227997523e-08, 1.48448111759e-06, 7.65733375374e-07, 1.48830253011e-07, 3.70936454885e-08, 4.64582043946e-08, 3.23561586413e-08, 1.43325769031e-08, 1.26713413096e-08, 4.44465841909e-09, 1.32333743963e-08, 1.7593683177e-09, 4.0077035024e-09, 3.99507843474e-10, 2.85811974088e-09, 2.53435689102e-10, 4.94484619917e-10, 2.79765186711e-11, 6.14968284629e-11, 6.19844869876e-11, 6.11211636858e-11, 5.51479521771e-11, 3.46213113733e-10, 2.96359520258e-10, 2.73342546514e-11, 9.81633350994e-12, 1.50927458465e-12, 1.3373206622e-12, 3.86498965428e-13, 6.13694809692e-15, 4.04045118464e-16, 1.45358728508e-17, 7.02594442702e-19, 1.49963140466e-19, 2.90483536026e-20, 1.93595462942e-21, 1.77472549581e-21, 1.57376028982e-21],
        "dvar2": [3.08739804555e-11, 1.49460923637e-08, 2.6034618017e-08, 2.471113703e-06, 1.5654031813e-06, 3.37416480534e-07, 8.41875262836e-08, 1.02286620063e-07, 6.45925055665e-08, 3.47553203994e-08, 2.74457789828e-08, 7.95056998015e-09, 2.7281121362e-08, 3.30409744009e-09, 1.10140128129e-08, 8.5342027889e-10, 4.22256940524e-09, 5.60249402426e-10, 9.6459484844e-10, 6.53111592586e-11, 1.50015208589e-10, 1.43906761507e-10, 1.69500719016e-10, 1.25930835204e-10, 6.96047608439e-10, 5.13675824099e-10, 7.03686414694e-11, 2.33153218954e-11, 3.04387504785e-12, 2.68612779589e-12, 8.06566293789e-13, 1.45989702938e-14, 9.24128721443e-16, 3.54957130568e-17, 1.66076081131e-18, 3.39941427408e-19, 5.77094703563e-20, 2.73820794419e-21, 2.46655302608e-21, 2.02440237045e-21],
        "max": [3.59839905286e-05, 0.00257048383355, 0.0014880259987, 0.0297174416482, 0.00965502858162, 0.00315154157579, 0.00188221223652, 0.00258125830442, 0.00257403939031, 0.0012322627008, 0.0014722708147, 0.000810313620605, 0.00170065474231, 0.000610817223787, 0.000800504989456, 0.000364067149349, 0.00139555241913, 0.000189010548638, 0.000405038066674, 8.31913857837e-05, 6.94985865266e-05, 8.04431547294e-05, 8.74957331689e-05, 0.000110391476483, 0.000253283214988, 0.000315204408253, 5.01003050886e-05, 3.39311700372e-05, 1.81597770279e-05, 1.9135643015e-05, 1.24102725749e-05, 1.44536647895e-06, 4.34522121395e-07, 5.66788465051e-08, 1.25388002203e-08, 5.61704727176e-09, 2.74694711422e-09, 1.19556609057e-09, 1.15849008164e-09, 1.14100495718e-09],
        "mean": [2.45015098699e-06, 7.56735025789e-05, 0.00011126633035, 0.000909856171347, 0.000876160222106, 0.000406798761105, 0.000155211237143, 0.000152578169946, 6.8641755206e-05, 4.20397009293e-05, 4.18199197156e-05, 2.22889502766e-05, 3.82300713682e-05, 1.43975412357e-05, 1.29328809635e-05, 9.75470993581e-06, 2.10970065382e-05, 1.00621882666e-05, 1.35246609716e-05, 3.87618911191e-06, 4.61652780359e-06, 4.05595483244e-06, 2.65878861683e-06, 3.6258579712e-06, 7.64901687944e-06, 8.1545631474e-06, 2.26206316256e-06, 1.12090083348e-06, 3.92953779738e-07, 2.32453373883e-07, 9.80887904234e-08, 1.64865667784e-08, 2.59433541316e-09, 7.62192697845e-10, 3.28349791801e-10, 1.58496507585e-10, 8.0592435503e-11, 3.82803858057e-11, 2.31091222547e-11, 1.52808373594e-11],