{
"metadata": {
    "version": {
        "essentia": "2.0.1",
        "extractor": "archive-music 1.0 mod ismir14"
    },
    "audio_properties": {
        "analysis_sample_rate": 44100,
        "bitrate": 32,
        "channels": 2,
        "equal_loudness": 0,
        "length": 30.0408172607,
        "replay_gain": -14.3957881927,
        "downmix": "mix"
    },
    "tags": {
        "track": 0,
        "year": 0,
        "album": "",
        "artist": "",
        "comment": "",
        "genre": "",
        "title": ""
    }
},
"rhythm": {
    "bpm": 109.315917969,
    "bpm_histogram_first_peak": 110,
    "bpm_histogram_first_peak_spread": 0.433962225914,
    "bpm_histogram_first_peak_weight": 0.566037714481,
    "bpm_histogram_second_peak": 0,
    "bpm_histogram_second_peak_spread": 0,
    "bpm_histogram_second_peak_weight": 0
},
"tonal": {
    "tuning_frequency": {
        "dmean": 0.0686858221889,
        "dmean2": 0.109206162393,
        "dvar": 0.519369781017,
        "dvar2": 1.02507209778,
        "max": 448.208557129,
        "mean": 441.767852783,
        "median": 441.017791748,
        "min": 432.940917969,
        "var": 1.56461179256
    },
    "hpcp": {
        "dmean": [0.106487244368, 0.0716982111335, 0.0497935377061, 0.123862810433, 0.0641693845391, 0.115897543728, 0.0519253946841, 0.070288553834, 0.117637306452, 0.0541638359427, 0.110672459006, 0.0782999247313],
        "dmean2": [0.188605442643, 0.136354327202, 0.0900319963694, 0.213523939252, 0.119264632463, 0.207330137491, 0.0984636247158, 0.124290704727, 0.202838078141, 0.100368119776, 0.188125401735, 0.146285280585],
        "dvar": [0.0525554604828, 0.0415867343545, 0.0226424224675, 0.0541958287358, 0.0299919229001, 0.0514839366078, 0.0255989618599, 0.0243283677846, 0.0457476042211, 0.0232490263879, 0.0459008216858, 0.0444929488003],
        "dvar2": [0.127873018384, 0.107807457447, 0.0630421862006, 0.125018298626, 0.0789128020406, 0.136194095016, 0.0742756724358, 0.0642678141594, 0.116817861795, 0.064978286624, 0.1184508726, 0.12558029592],
        "max": [1, 1, 1, 1, 1, 1, 1, 1, 1, 1, 1, 1],
        "mean": [0.165050387383, 0.216253593564, 0.0356573723257, 0.417079985142, 0.0444885492325, 0.219432219863, 0.0325197391212, 0.0866660922766, 0.216379418969, 0.0342220067978, 0.200407058001, 0.0516737475991],
        "median": [0.0222345106304, 0.00487340521067, 0.00343154720031, 0.177936524153, 0.00245016347617, 0.0350293144584, 0.00275824102573, 0.010353051126, 0.0749382674694, 0.00241254502907, 0.0531717464328, 0.00256057176739],
        "min": [7.41230678614e-07, 4.15155773226e-06, 3.92980746255e-06, 6.657711765e-06, 2.88244405056e-06, 2.44130910687e-06, 5.71126292925e-07, 5.36915904377e-05, 2.05462583835e-06, 1.55421003001e-06, 7.57816496844e-06, 1.05804804207e-06],
        "var": [0.0929254814982, 0.151349678636, 0.0148701313883, 0.189818263054, 0.0225597117096, 0.12174372375, 0.0144919157028, 0.0390728674829, 0.102479696274, 0.0141896288842, 0.0968994870782, 0.0297586712986]
    }
},
"lowlevel": {
    "melbands": {
        "dmean": [0.000517757202033, 0.000879401748534, 0.000614350254182, 0.000376629672246, 0.000165169738466, 0.000147243277752, 8.3839353465e-05, 0.00012019375572, 0.000174816246727, 0.000109582055302, 2.64116970357e-05, 3.2296829886e-05, 1.87377627299e-05, 1.97493791347e-05, 2.19528428715e-05, 1.94119093067e-05, 2.00991908059e-05, 1.79971666512e-05, 1.0365189155e-05, 1.68191381817e-05, 7.09274308974e-06, 5.00222085975e-06, 5.37755749974e-06, 3.25528594658e-06, 2.02033152163e-06, 1.49892662193e-06, 9.4030673381e-07, 6.96952099588e-07, 7.08922016202e-07, 5.37474761586e-07, 4.36946777427e-07, 4.56116850955e-07, 4.24706854574e-07, 3.2501793612e-07, 2.84920076865e-07, 2.44744370548e-07, 1.94295239453e-07, 1.28460030169e-07, 1.02118427492e-07, 8.40780529643e-08],
        "dmean2": [0.000880012230482, 0.00144682882819, 0.000967708649114, 0.000619098718744, 0.000269849610049, 0.000218931760173, 0.000132334898808, 0.000182364077773, 0.000278560153674, 0.000170016050106, 3.94639064325e-05, 4.89293051942e-05, 2.84192738036e-05, 3.09617789753e-05, 3.58540346497e-05, 3.02016032947e-05, 3.29169270117e-05, 2.76219961961e-05, 1.66017580341e-05, 2.65096696239e-05, 1.10479059003e-05, 8.14530903881e-06, 8.94050754141e-06, 5.41390363651e-06, 3.19585979014e-06, 2.338998911e-06, 1.46831041548e-06, 1.10160533495e-06, 1.07520338588e-06, 7.98274982117e-07, 6.39919107925e-07, 6.59313286633e-07, 6.33079025647e-07, 4.64328763883e-07, 4.3535186478e-07, 3.69200591877e-07, 2.82956932551e-07, 1.95440492234e-07, 1.56051129352e-07, 1.30771894646e-07],
        "dvar": [1.97266444957e-06, 1.38911434533e-06, 6.27243309737e-07, 5.0522555739e-07, 4.48877734982e-08, 6.10267321122e-08, 1.78272010487e-08, 5.98322174028e-08, 1.3214645378e-07, 7.77372122229e-08, 4.97947638678e-09, 8.48942605103e-09, 2.67759614481e-09, 2.45405384902e-09, 4.61964955178e-09, 1.93878757493e-09, 1.93436777707e-09, 1.81444315128e-09, 6.22370155412e-10, 3.62151197919e-09, 2.54322757298e-10, 7.34144967041e-11, 1.64436422811e-10, 4.32579146115e-11, 1.13464819138e-11, 6.92629417362e-12, 2.95660588026e-12, 1.95165585082e-12, 1.57762984534e-12, 1.12127863418e-12, 8.64062293937e-13, 1.0097017623e-12, 9.40182393744e-13, 6.6359623959e-13, 8.19889729026e-13, 1.08090153581e-12, 1.0706763167e-12, 3.21664054984e-13, 1.28213588292e-13, 1.25472237309e-13],
        "dvar2": [5.40551991435e-06, 3.46239448845e-06, 1.49845345732e-06, 1.39990811476e-06, 1.20784562796e-07, 1.19846532698e-07, 3.93683663447e-08, 1.26180665916e-07, 3.06544336581e-07, 1.78832479492e-07, 8.84386430755e-09, 1.66369140686e-08, 6.01585048443e-09, 5.80267922601e-09, 1.18970815421e-08, 4.10836742404e-09, 5.22958831795e-09, 4.14904288704e-09, 1.54751822468e-09, 9.54437240352e-09, 6.32164487424e-10, 1.84037188267e-10, 4.39579095346e-10, 1.1249930848e-10, 2.75103551051e-11, 1.66061591561e-11, 7.12445163628e-12, 4.66420131684e-12, 3.36682136164e-12, 2.55909768203e-12, 1.92274017888e-12, 2.17956859158e-12, 2.05904130551e-12, 1.35738089605e-12, 1.63758134657e-12, 2.28435239474e-12, 2.38781737438e-12, 5.8661116329e-13, 2.41943888969e-13, 2.40304412653e-13],
        "max": [0.0121837761253, 0.00984023883939, 0.0083672972396, 0.00549706304446, 0.00168412690982, 0.00235797814094, 0.00127395265736, 0.00292974035256, 0.00495334947482, 0.00370821170509, 0.00152526656166, 0.00189686112572, 0.00105486705434, 0.000508407654706, 0.00082738470519, 0.000483598239953, 0.000511019839905, 0.000634737371001, 0.000239629371208, 0.00123767717741, 0.000271376105957, 8.72712189448e-05, 0.000230778372497, 9.35290445341e-05, 3.71950955014e-05, 3.06545225612e-05, 1.27658786369e-05, 1.39273815876e-05, 1.23037361845e-05, 9.16673343454e-06, 9.39292658586e-06, 1.03044740172e-05, 1.14385256893e-05, 1.31071128635e-05, 1.62238939083e-05, 2.10450452869e-05, 2.17420856643e-05, 1.11775234473e-05, 7.03167279426e-06, 6.83977850713e-06],
        "mean": [0.000636479468085, 0.00263880402781, 0.00191152037587, 0.000703456520569, 0.000302638160065, 0.00026714449632, 0.000138948307722, 0.000174039771082, 0.000235449391766, 0.000174011918716, 3.73940602003e-05, 3.88258340536e-05, 2.55058057519e-05, 2.50966950261e-05, 2.46942672675e-05, 2.7623216738e-05, 2.519336158e-05, 2.41535690293e-05, 1.33577641463e-05, 2.63215933956e-05, 1.14574486361e-05, 7.91764432506e-06, 1.04641203507e-05, 6.21873914497e-06, 3.15642978421e-06, 2.0161410248e-06, 1.16254386739e-06, 8.19444380795e-07, 8.79563913259e-07, 6.35905450963e-07, 5.19902300766e-07, 5.22661878222e-07, 4.82080849906e-07, 3.70634921865e-07, 3.21088492683e-07, 2.55053180354e-07, 2.0067226103e-07, 1.3848527658e-07, 1.06369839159e-07, 9.05367869564e-08],