{
"metadata": {
    "version": {
        "essentia": "2.0.1",
        "extractor": "archive-music 1.0 mod ismir14"
    },
    "audio_properties": {
        "analysis_sample_rate": 44100,
        "bitrate": 32,
        "channels": 2,
        "equal_loudness": 0,
        "length": 30.0408172607,
        "replay_gain": -10.0283546448,
        "downmix": "mix"
    },
    "tags": {
        "track": 0,
        "year": 0,
        "album": "",
        "artist": "",
        "comment": "",
        "genre": "",
        "title": ""
    }
},
"rhythm": {
    "bpm": 172.265594482,
    "bpm_histogram_first_peak": 172,
    "bpm_histogram_first_peak_spread": 0,
    "bpm_histogram_first_peak_weight": 0.529411792755,
    "bpm_histogram_second_peak": 178,
    "bpm_histogram_second_peak_spread": 0,
    "bpm_histogram_second_peak_weight": 0.282352954149
},
"tonal": {
    "tuning_frequency": {
        "dmean": 0.1057408005,
        "dmean2": 0.20968529582,
        "dvar": 2.18127512932,
        "dvar2": 4.33842229843,
        "max": 455.779724121,
        "mean": 442.043029785,
        "median": 432.940917969,
        "min": 431.443084717,
        "var": 122.512290955
    },
    "hpcp": {
        "dmean": [0.121131919324, 0.121076412499, 0.164936885238, 0.130853354931, 0.0835664793849, 0.0738893151283, 0.0942561849952, 0.0941073223948, 0.106469355524, 0.0947791337967, 0.112427644432, 0.0843370333314],
        "dmean2": [0.227119415998, 0.224398106337, 0.306023955345, 0.240392252803, 0.157537907362, 0.13905775547, 0.176543369889, 0.177270069718, 0.202602550387, 0.17294511199, 0.202588394284, 0.156477749348],
        "dvar": [0.0722384527326, 0.068731918931, 0.0883924439549, 0.0721605494618, 0.0490214042366, 0.0425387881696, 0.0619069896638, 0.0595744438469, 0.0681042894721, 0.0506184324622, 0.0565346255898, 0.0444160588086],
        "dvar2": [0.199569135904, 0.184641465545, 0.239525169134, 0.195715993643, 0.139387741685, 0.116307161748, 0.170187443495, 0.159652173519, 0.196080192924, 0.141788035631, 0.14849075675, 0.123098015785],
        "max": [1, 1, 1, 1, 1, 1, 1, 1, 1, 1, 1, 1],
        "mean": [0.117250077426, 0.137439072132, 0.150706887245, 0.296411275864, 0.0598593205214, 0.0863604992628, 0.127065345645, 0.120582848787, 0.081005372107, 0.0917707234621, 0.24180829525, 0.0711982548237],
        "median": [0.00802349857986, 0.00750320730731, 0.0190531127155, 0.0196493417025, 0.000840637949295, 0.00571267027408, 0.000409497792134, 0.00240176566876, 0.00139127287548, 0.002109633293, 0.0270573440939, 0.00251975446008],
        "min": [0, 0, 0, 0, 0, 0, 0, 0, 0, 0, 0, 0],
        "var": [0.0709362030029, 0.0847286954522, 0.0824011489749, 0.17493095994, 0.0376631878316, 0.054872982204, 0.0949468389153, 0.0862422585487, 0.0566115267575, 0.0546502582729, 0.139985799789, 0.0393124371767]
    }
},
"lowlevel": {
    "melbands": {
        "dmean": [8.73006592883e-06, 0.000147823346197, 0.000383314443752, 0.00135211274028, 0.00153948087245, 0.000823856389616, 0.000273603218375, 0.000213960840483, 0.000115447597636, 7.82246279414e-05, 5.02784932905e-05, 3.82025464205e-05, 5.28062082594e-05, 2.68078074441e-05, 2.54875667451e-05, 1.99870337383e-05, 3.63697763532e-05, 2.13362818613e-05, 2.34162889683e-05, 7.01355065758e-06, 1.01482755781e-05, 9.15322925721e-06, 5.60465741728e-06, 6.73166869092e-06, 1.43752158692e-05, 1.37003535201e-05, 5.08453467774e-06, 2.84956172436e-06, 7.91081504303e-07, 5.34062905899e-07, 2.24608896815e-07, 3.74159050409e-08, 6.06198335973e-09, 1.56387436334e-09, 7.37198357914e-10, 3.94512394974e-10, 2.52191018069e-10, 1.67991912048e-10, 1.31351651778e-10, 1.13607394325e-10],
        "dmean2": [1.38157520269e-05, 0.000237288695644, 0.000665796163958, 0.00210621766746, 0.00238839862868, 0.00127304519992, 0.000393972499296, 0.000320990948239, 0.000155039553647, 9.52246628003e-05, 5.89605151617e-05, 4.75799897686e-05, 6.00112398388e-05, 3.15295801556e-05, 3.23226668115e-05, 2.79211089946e-05, 4.77724788652e-05, 3.01542040688e-05, 3.41137456417e-05, 1.01334717328e-05, 1.57312224474e-05, 1.31869282995e-05, 7.61594583309e-06, 9.31013255467e-06, 1.93618016056e-05, 1.77472229552e-05, 7.26967527953e-06, 4.27190525443e-06, 1.14219528768e-06, 7.91457750893e-07, 3.37584822319e-07, 5.5775931429e-08, 8.78296368967e-09, 2.30292007686e-09, 1.17029930191e-09, 6.52703446846e-10, 4.35469993398e-10, 3.12930403812e-10, 2.5028404349e-10, 2.19657098066e-10],
        "dvar": [2.41776071386e-10, 5.4404832639e-08, 7.20551213362e-07, 8.0390709627e-06, 9.34702438826e-06, 2.33503669733e-06, 3.11512707185e-07, 2.89761004524e-07, 1.9485001701e-07, 1.45626614767e-07, 4.40765255405e-08, 3.04799208095e-08, 5.34213278058e-08, 1.14846505639e-08, 2.20893454639e-08, 3.29282445755e-09, 1.33988731221e-08, 2.89393886632e-09, 3.32166227857e-09, 2.70797634316e-10, 9.3452501293e-10, 6.95959512242e-10, 3.38472749828e-10, 3.34479360875e-10, 2.23884000228e-09, 2.15216422461e-09, 3.04667818751e-10, 1.28771160401e-10, 9.4776912013e-12, 1.3761319341e-11, 2.41651490485e-12, 5.11027174353e-14, 2.75866158361e-15, 6.60226051136e-17, 1.96613750938e-17, 1.02959774686e-17, 9.33547684803e-18, 7.60103626782e-18, 5.86979356787e-18, 5.03463397112e-18],
        "dvar2": [6.18606277314e-10, 1.36813383733e-07, 2.28928752222e-06, 2.09955596802e-05, 2.45387909672e-05, 5.93153617956e-06, 5.43996236502e-07, 5.47072659174e-07, 3.36534185408e-07, 2.70310607675e-07, 6.78428691003e-08, 5.1512593302e-08, 6.60132215557e-08, 1.75656964529e-08, 4.19304235777e-08, 6.09174843902e-09, 2.32478019058e-08, 5.99732841167e-09, 6.93464929924e-09, 5.89364390624e-10, 2.2998458693e-09, 1.60015467543e-09, 5.64853275264e-10, 6.44239994685e-10, 4.06961175869e-09, 4.38384128998e-09, 7.23292148397e-10, 3.16853487892e-10, 1.88862901013e-11, 2.91854457268e-11, 6.01167162925e-12, 1.15889950089e-13, 6.58448261328e-15, 1.33076750773e-16, 5.40935621847e-17, 2.98030693161e-17, 2.7821435736e-17, 2.27710398383e-17, 1.75653457437e-17, 1.5064146786e-17],
        "max": [0.000292516924674, 0.00800242368132, 0.016679668799, 0.106078915298, 0.0811454877257, 0.0186817515641, 0.0101276477799, 0.0122165894136, 0.0130290519446, 0.0107714645565, 0.00810823589563, 0.0049637556076, 0.00712468242273, 0.00365158403292, 0.00545866787434, 0.00190626329277, 0.00536295305938, 0.000980849028565, 0.00203384435736, 0.000400955002988, 0.000516558764502, 0.000560914166272, 0.000425658072345, 0.000474228378152, 0.00185806292575, 0.00147525814828, 0.000477268040413, 0.000222527582082, 0.000102715690446, 0.00015608985268, 6.56835763948e-05, 8.39120002638e-06, 2.63777633336e-06, 2.55504374991e-07, 1.22719058027e-07, 1.05841607478e-07, 1.00403056535e-07, 8.92292320032e-08, 7.71498633867e-08, 7.03774389876e-08],
        "mean": [1.19768819786e-05, 0.000255807448411, 0.000602268904913, 0.00323407934047, 0.00360763794743, 0.00176768947858, 0.000703010766301, 0.000558216299396, 0.000295507285045, 0.000177507128683, 0.00016177148791, 9.34045892791e-05, 0.000151247964823, 6.46346161375e-05, 4.94554988109e-05, 4.2603314796e-05, 8.1176222011e-05, 4.18803065259e-05, 5.40758992429e-05, 1.58651564561e-05, 1.83684260264e-05, 1.61739262694e-05, 1.05220951809e-05, 1.41670461744e-05, 3.04332479573e-05, 3.26267836499e-05, 9.27673590922e-06, 4.51500363852e-06, 1.5679443095e-06, 9.43152429045e-07, 3.71155408629e-07, 6.396815877e-08, 1.02891259957e-08, 3.00179592294e-09, 1.29380395286e-09, 6.52505882659e-10, 3.59008905937e-10, 1.9129828277e-10, 1.27105909131e-10, 9.27817198071e-11],