{
"metadata": {
    "version": {
        "essentia": "2.0.1",
        "extractor": "archive-music 1.0 mod ismir14"
    },
    "audio_properties": {
        "analysis_sample_rate": 44100,
        "bitrate": 32,
        "channels": 2,
        "equal_loudness": 0,
        "length": 30.0408172607,
        "replay_gain": -14.819978714,
        "downmix": "mix"
    },
    "tags": {
        "track": 0,
        "year": 0,
        "album": "",
        "artist": "",
        "comment": "",
        "genre": "",
        "title": ""
    }
},
"rhythm": {
    "bpm": 109.314041138,
    "bpm_histogram_first_peak": 110,
    "bpm_histogram_first_peak_spread": 0.396226406097,
    "bpm_histogram_first_peak_weight": 0.603773593903,
    "bpm_histogram_second_peak": 0,
    "bpm_histogram_second_peak_spread": 0,
    "bpm_histogram_second_peak_weight": 0
},
"tonal": {
    "tuning_frequency": {
        "dmean": 0.0413389354944,
        "dmean2": 0.0753694549203,
        "dvar": 0.458850950003,
        "dvar2": 0.899217844009,
        "max": 456.04309082,
        "mean": 434.642578125,
        "median": 434.193115234,
        "min": 433.441375732,
        "var": 3.87136769295
    },
    "hpcp": {
        "dmean": [0.156229510903, 0.202577978373, 0.247042268515, 0.285486340523, 0.212005406618, 0.155839517713, 0.124120719731, 0.136813059449, 0.205105766654, 0.117680676281, 0.120903909206, 0.126568213105],
        "dmean2": [0.297133028507, 0.389193117619, 0.473496347666, 0.545128524303, 0.406892865896, 0.288446843624, 0.231528505683, 0.255888700485, 0.379301130772, 0.222736701369, 0.22702395916, 0.243297666311],
        "dvar": [0.0891027748585, 0.124657168984, 0.143010735512, 0.148179784417, 0.126756235957, 0.0843905285001, 0.0728450939059, 0.0788674429059, 0.0975247174501, 0.0733309239149, 0.0702203288674, 0.076341919601],
        "dvar2": [0.240028694272, 0.344564706087, 0.373544752598, 0.385401636362, 0.329389810562, 0.228541314602, 0.202506557107, 0.214853569865, 0.253685325384, 0.215469583869, 0.202121630311, 0.215185374022],
        "max": [1, 1, 1, 1, 1, 1, 1, 1, 1, 1, 1, 1],
        "mean": [0.117026351392, 0.13430993259, 0.181880131364, 0.249192371964, 0.14252898097, 0.128731355071, 0.0928644761443, 0.122914373875, 0.227394923568, 0.0767515078187, 0.0961285233498, 0.0813226625323],
        "median": [0.00786700006574, 0.00361323147081, 0.00594321032986, 0.0219448748976, 0.00299060321413, 0.00935518089682, 0.00214993511327, 0.00503318710253, 0.0252379421145, 0.00203685369343, 0.00460257334635, 0.00303253741004],
        "min": [0, 0, 0, 0, 0, 0, 0, 0, 0, 0, 0, 0],
        "var": [0.0697325095534, 0.0911676809192, 0.120496869087, 0.147275835276, 0.0970583334565, 0.0737215876579, 0.0589781180024, 0.0779907628894, 0.126654297113, 0.0493135489523, 0.0580336935818, 0.0501999594271]
    }
},
"lowlevel": {
    "melbands": {
        "dmean": [0.00177423539571, 0.00530202221125, 0.00514393625781, 0.0021596273873, 0.000923249521293, 0.000590741517954, 0.000346841407008, 0.000331760558765, 0.000412398308981, 0.000319848913932, 7.23843768355e-05, 8.7054890173e-05, 5.44197828276e-05, 4.99584966747e-05, 5.6479810155e-05, 5.72322096559e-05, 6.37362172711e-05, 4.94256964885e-05, 2.56953444477e-05, 5.09099081683e-05, 2.40697791014e-05, 1.68674778251e-05, 1.9494247681e-05, 1.14223421406e-05, 6.54902441966e-06, 4.39764971816e-06, 2.43733802563e-06, 1.7439642761e-06, 1.88597846318e-06, 1.33455057494e-06, 1.11714075501e-06, 9.79929836831e-07, 9.07338687739e-07, 6.43523037525e-07, 5.63458456782e-07, 4.5719963282e-07, 3.25282741187e-07, 2.18495742388e-07, 1.88790295397e-07, 1.57364610232e-07],
        "dmean2": [0.00287519698031, 0.00899391062558, 0.00862452480942, 0.0035629470367, 0.00153945130296, 0.0010227515595, 0.000587925955188, 0.000503085611854, 0.000605176901445, 0.000462922209408, 0.000106003615656, 0.000129482214106, 7.99631161499e-05, 7.32111584512e-05, 8.18935368443e-05, 8.49116986501e-05, 0.000101735982753, 7.59585382184e-05, 3.785312947e-05, 7.76800516178e-05, 3.79478733521e-05, 2.59988373728e-05, 3.05423127429e-05, 1.80981769518e-05, 1.05063054434e-05, 6.95564267517e-06, 3.93550317312e-06, 2.87193847726e-06, 3.08842368213e-06, 2.16635476136e-06, 1.81826624157e-06, 1.58286320584e-06, 1.45520516526e-06, 1.00554302662e-06, 9.21838704926e-07, 7.32918806534e-07, 5.07832169205e-07, 3.33854160317e-07, 2.82573807908e-07, 2.39100131694e-07],
        "dvar": [1.93973628484e-05, 4.12002627854e-05, 2.79808627965e-05, 8.29532837088e-06, 1.6994094949e-06, 9.20975935514e-07, 2.91680578357e-07, 3.97027832832e-07, 7.12995699814e-07, 6.5954833417e-07, 2.48005420644e-08, 6.4527405641e-08, 1.99828686931e-08, 2.42880062729e-08, 2.66496851253e-08, 2.73772080561e-08, 3.83414260341e-08, 1.60142583638e-08, 4.08084455117e-09, 5.01929164898e-08, 3.27687255108e-09, 1.42974310169e-09, 2.6007154208e-09, 8.12211464751e-10, 1.84587956031e-10, 1.32019312149e-10, 3.74209621623e-11, 2.19482539782e-11, 1.95923260254e-11, 1.2270618549e-11, 9.06787752525e-12, 7.17764563063e-12, 5.55990800274e-12, 3.9031516734e-12, 4.15156060571e-12, 3.85328097555e-12, 3.16840629254e-12, 1.22261543337e-12, 9.52820071107e-13, 5.80715597137e-13],
        "dvar2": [4.11955043091e-05, 0.000122622848721, 8.14796003397e-05, 2.18007535295e-05, 4.55803910882e-06, 2.76479681816e-06, 7.94661161763e-07, 8.44106466502e-07, 1.34944912134e-06, 1.26987583826e-06, 4.66607836813e-08, 1.27662431737e-07, 3.74330006991e-08, 5.13783078304e-08, 4.70391583463e-08, 6.49577884815e-08, 1.03991645517e-07, 3.65637582433e-08, 7.99404986651e-09, 1.23575617295e-07, 7.60680851641e-09, 3.38653882714e-09, 7.05659664035e-09, 2.23783080955e-09, 4.75398054256e-10, 3.38848143988e-10, 9.36415597841e-11, 5.74958206045e-11, 4.97709130853e-11, 3.13091046145e-11, 2.28883786924e-11, 1.77802130658e-11, 1.30525971975e-11, 8.6430706342e-12, 9.47757757691e-12, 8.1192509313e-12, 6.36985169472e-12, 2.39717035284e-12, 1.80658472123e-12, 1.23563019625e-12],
        "max": [0.0714073330164, 0.0600860863924, 0.0515688508749, 0.0370229408145, 0.0129481684417, 0.0129065159708, 0.00822144467384, 0.0120334932581, 0.0199408698827, 0.0191706307232, 0.00666395016015, 0.00933665130287, 0.00479869637638, 0.00436358945444, 0.00391593575478, 0.00341075076722, 0.00359995942563, 0.00267427810468, 0.00121508946177, 0.00616812799126, 0.00124758784659, 0.000971060013399, 0.00115350377746, 0.000527475553099, 0.000226308620768, 0.000255744467722, 0.000135784997838, 9.89237232716e-05, 8.33306112327e-05, 6.72522000968e-05, 7.2577764513e-05, 5.0265371101e-05, 4.84978772874e-05, 5.2556166338e-05, 7.3879462434e-05, 8.06784300948e-05, 8.91645613592e-05, 5.60947664781e-05, 5.38726999366e-05, 3.78071490559e-05],
        "mean": [0.00234051933512, 0.00917046237737, 0.00810086075217, 0.00315155135468, 0.0013506176183, 0.00102441082709, 0.000617941725068, 0.000703646684997, 0.000925235450268, 0.000727758510038, 0.000170546947629, 0.000156326917931, 0.000108750122308, 0.000104360020487, 0.000103511199995, 0.000107307874714, 0.000100995363027, 9.55142531893e-05, 5.40718428965e-05, 0.000104289167211, 4.64897348138e-05, 3.15840043186e-05, 4.19796051574e-05, 2.48769847531e-05, 1.21714101624e-05, 7.72248768044e-06, 4.36080563304e-06, 2.98404165733e-06, 3.29751492245e-06, 2.30603950513e-06, 1.87360410564e-06, 1.84479392829e-06, 1.71294482243e-06, 1.27712041831e-06, 1.07209086764e-06, 8.50121580243e-07, 6.75853414123e-07, 4.50070189117e-07, 3.57033968612e-07, 3.00955605326e-07],