{
"metadata": {
    "version": {
        "essentia": "2.0.1",
        "extractor": "archive-music 1.0 mod ismir14"
    },
    "audio_properties": {
        "analysis_sample_rate": 44100,
        "bitrate": 32,
        "channels": 2,
        "equal_loudness": 0,
        "length": 30.0408172607,
        "replay_gain": -14.828502655,
        "downmix": "mix"
    },
    "tags": {
        "track": 0,
        "year": 0,
        "album": "",
        "artist": "",
        "comment": "",
        "genre": "",
        "title": ""
    }
},
"rhythm": {
    "bpm": 109.314041138,
    "bpm_histogram_first_peak": 110,
    "bpm_histogram_first_peak_spread": 0.396226406097,
    "bpm_histogram_first_peak_weight": 0.603773593903,
    "bpm_histogram_second_peak": 0,
    "bpm_histogram_second_peak_spread": 0,
    "bpm_histogram_second_peak_weight": 0
},
"tonal": {
    "tuning_frequency": {
        "dmean": 0.0247033182532,
        "dmean2": 0.0418911874294,
        "dvar": 0.412086725235,
        "dvar2": 0.806353271008,
        "max": 455.253540039,
        "mean": 434.232025146,
        "median": 434.193115234,
        "min": 433.191070557,
        "var": 1.8119879961
    },
    "hpcp": {
        "dmean": [0.157450273633, 0.202712237835, 0.246503800154, 0.28771558404, 0.21220305562, 0.155259206891, 0.124641679227, 0.137186333537, 0.202860146761, 0.113588891923, 0.119444400072, 0.124600619078],
        "dmean2": [0.298679739237, 0.389545321465, 0.471912741661, 0.549429655075, 0.408326566219, 0.288518130779, 0.233187675476, 0.257050991058, 0.373766243458, 0.214862003922, 0.225008115172, 0.239024996758],
        "dvar": [0.0891551151872, 0.124492876232, 0.142050161958, 0.14896723628, 0.127299815416, 0.0844877138734, 0.0727995857596, 0.0794058740139, 0.0959678515792, 0.06987413764, 0.0704762712121, 0.074470192194],
        "dvar2": [0.241281509399, 0.342457860708, 0.371099889278, 0.387376099825, 0.331865847111, 0.227866649628, 0.201914846897, 0.216662108898, 0.247490152717, 0.203689455986, 0.20345813036, 0.209755152464],
        "max": [1, 1, 1, 1, 1, 1, 1, 1, 1, 1, 1, 1],
        "mean": [0.118855394423, 0.134786978364, 0.180670723319, 0.250113666058, 0.142140954733, 0.12846802175, 0.0929299071431, 0.123263448477, 0.226957634091, 0.0757776349783, 0.0964459106326, 0.080431625247],
        "median": [0.00812352169305, 0.00351946987212, 0.00589558575302, 0.0223059207201, 0.00302957231179, 0.00924233999103, 0.00223359116353, 0.00511700613424, 0.0255678743124, 0.00197070837021, 0.00457157706842, 0.002949597314],
        "min": [0, 0, 0, 0, 8.76593389876e-07, 0, 0, 0, 0, 0, 0, 0],
        "var": [0.0706694126129, 0.0913634225726, 0.119244366884, 0.147451370955, 0.0970043614507, 0.0736416950822, 0.0587413944304, 0.0782010555267, 0.12592113018, 0.0481945164502, 0.0590117834508, 0.0491064041853]
    }
},
"lowlevel": {
    "melbands": {
        "dmean": [0.00177226925734, 0.00528370263055, 0.00512893917039, 0.00215521105565, 0.000921517028473, 0.000590508512687, 0.000346418615663, 0.000331247254508, 0.000412657827837, 0.000319945684168, 7.23165649106e-05, 8.68932984304e-05, 5.4290620028e-05, 4.99576162838e-05, 5.65584523429e-05, 5.77323189646e-05, 6.39389254502e-05, 4.92555591336e-05, 2.54783517448e-05, 5.14326056873e-05, 2.43039412453e-05, 1.68791502801e-05, 1.95999000425e-05, 1.14314179882e-05, 6.5399694904e-06, 4.44946363132e-06, 2.45146839006e-06, 1.75371712885e-06, 1.88131457435e-06, 1.33441733396e-06, 1.11304814254e-06, 9.71265535554e-07, 8.98460996268e-07, 6.38493759197e-07, 5.64010576909e-07, 4.74061266686e-07, 3.30029990891e-07, 2.31575924659e-07, 2.00314843823e-07, 1.702595398e-07],
        "dmean2": [0.0028724859003, 0.00896921101958, 0.00860400963575, 0.00355762219988, 0.00153763522394, 0.00102408870589, 0.000586894806474, 0.000502811046317, 0.000606201647315, 0.000463962962385, 0.000105814775452, 0.000128873172798, 7.97745015007e-05, 7.35149806133e-05, 8.2104212197e-05, 8.57215636643e-05, 0.000102213765786, 7.57045127102e-05, 3.75438794435e-05, 7.77421009843e-05, 3.79555458494e-05, 2.61054610746e-05, 3.06065376208e-05, 1.81343712029e-05, 1.05076269392e-05, 7.02322904544e-06, 3.99994360123e-06, 2.88905448542e-06, 3.06506967718e-06, 2.14268084164e-06, 1.82587837116e-06, 1.59079036166e-06, 1.44832461046e-06, 9.88919168776e-07, 9.15860880468e-07, 7.62132799537e-07, 5.104164984e-07, 3.51439268798e-07, 2.98962220313e-07, 2.56081619909e-07],
        "dvar": [1.93193445739e-05, 4.09823915106e-05, 2.78301522485e-05, 8.29267628433e-06, 1.68905728515e-06, 9.20367654089e-07, 2.90217741394e-07, 3.94964388306e-07, 7.14369662091e-07, 6.60097214222e-07, 2.48134366387e-08, 6.46131326221e-08, 1.9931723827e-08, 2.46341240739e-08, 2.64909942871e-08, 2.80298166899e-08, 3.86633125515e-08, 1.59183457527e-08, 4.02170341474e-09, 5.06404305156e-08, 3.31371396989e-09, 1.47707035492e-09, 2.57813126403e-09, 8.05514099866e-10, 1.85859355684e-10, 1.33278416081e-10, 3.79594584932e-11, 2.14023902767e-11, 1.92049397219e-11, 1.22614141063e-11, 9.24306551436e-12, 7.0650130711e-12, 5.29853808398e-12, 3.72883711755e-12, 3.98920349878e-12, 4.08415185352e-12, 3.12765091603e-12, 1.46884631194e-12, 1.23707153462e-12, 8.80926082948e-13],
        "dvar2": [4.08566302212e-05, 0.000121851786389, 8.09235716588e-05, 2.17893230001e-05, 4.52867243439e-06, 2.76099012808e-06, 7.91705019765e-07, 8.42192093842e-07, 1.35856589623e-06, 1.27637861169e-06, 4.63970621922e-08, 1.28122849219e-07, 3.74073145792e-08, 5.27543271289e-08, 4.7024730776e-08, 6.6916307162e-08, 1.05179580601e-07, 3.63138816795e-08, 7.83715847774e-09, 1.23876446878e-07, 7.61984164654e-09, 3.47935058542e-09, 6.97910085279e-09, 2.20466778167e-09, 4.76688910567e-10, 3.45326489626e-10, 9.62469132171e-11, 5.58080352764e-11, 4.9295918042e-11, 3.09735466442e-11, 2.36482795152e-11, 1.76833322291e-11, 1.24170309451e-11, 8.1852857825e-12, 8.93371314425e-12, 9.04898378451e-12, 6.24666984805e-12, 2.83869368983e-12, 2.43730383098e-12, 2.09955382073e-12],
        "max": [0.0713756904006, 0.0597545839846, 0.0518846958876, 0.0370407924056, 0.0128107946366, 0.012757149525, 0.00817294977605, 0.0120428055525, 0.0203536171466, 0.0194275006652, 0.00664761243388, 0.00935639813542, 0.00471054390073, 0.00439426582307, 0.00392150785774, 0.00343819800764, 0.00350798200816, 0.00265978183597, 0.0011710425606, 0.00612368667498, 0.00126152927987, 0.000983238685876, 0.00112618587445, 0.00051383691607, 0.000233893442783, 0.000254040816799, 0.000138469986268, 9.43468912737e-05, 6.89727676217e-05, 7.31567488401e-05, 7.22723198123e-05, 5.13319682796e-05, 4.9551268603e-05, 5.03179471707e-05, 7.66283483244e-05, 8.0530095147e-05, 8.3427374193e-05, 6.07509246038e-05, 6.11500654486e-05, 4.56939014839e-05],
        "mean": [0.00233875983395, 0.009152575396, 0.00808336958289, 0.00314514967613, 0.00134753680322, 0.00102312094532, 0.000616714067291, 0.000701539742295, 0.000922774313949, 0.000725991441868, 0.000169804901816, 0.000155899339006, 0.000108440071926, 0.000104195183667, 0.000103476457298, 0.000107451218355, 0.000101051111415, 9.52565678745e-05, 5.39405446034e-05, 0.000105200851976, 4.66803685413e-05, 3.15327415592e-05, 4.18545605498e-05, 2.48595824814e-05, 1.21380071505e-05, 7.75070930104e-06, 4.36592654296e-06, 3.00266583508e-06, 3.31001865561e-06, 2.32139973377e-06, 1.88324179362e-06, 1.83575514257e-06, 1.70490557139e-06, 1.27189684918e-06, 1.06814582068e-06, 8.55616747231e-07, 6.80164987443e-07, 4.6257213171e-07, 3.67912207366e-07, 3.12310959316e-07],