{
"metadata": {
    "version": {
        "essentia": "2.0.1",
        "extractor": "archive-music 1.0 mod ismir14"
    },
    "audio_properties": {
        "analysis_sample_rate": 44100,
        "bitrate": 32,
        "channels": 2,
        "equal_loudness": 0,
        "length": 30.0408172607,
        "replay_gain": -13.0211219788,
        "downmix": "mix"
    },
    "tags": {
        "track": 0,
        "year": 0,
        "album": "",
        "artist": "",
        "comment": "",
        "genre": "",
        "title": ""
    }
},
"rhythm": {
    "bpm": 86.9152679443,
    "bpm_histogram_first_peak": 88,
    "bpm_histogram_first_peak_spread": 0.444444477558,
    "bpm_histogram_first_peak_weight": 0.476190507412,
    "bpm_histogram_second_peak": 82,
    "bpm_histogram_second_peak_spread": 0,
    "bpm_histogram_second_peak_weight": 0.142857149243
},
"tonal": {
    "tuning_frequency": {
        "dmean": 0.149506092072,
        "dmean2": 0.289390444756,
        "dvar": 2.33620738983,
        "dvar2": 4.59007740021,
        "max": 452.37008667,
        "mean": 444.289489746,
        "median": 442.293365479,
        "min": 431.193908691,
        "var": 41.6050682068
    },
    "hpcp": {
        "dmean": [0.162252366543, 0.155792102218, 0.16475494206, 0.216615140438, 0.0946601703763, 0.157215341926, 0.199359148741, 0.257258325815, 0.160047382116, 0.107759006321, 0.255381822586, 0.0771393552423],
        "dmean2": [0.274905443192, 0.269087404013, 0.281529724598, 0.364030867815, 0.169093608856, 0.269817113876, 0.33767130971, 0.44192019105, 0.272286474705, 0.190899044275, 0.443542003632, 0.137135609984],
        "dvar": [0.042179826647, 0.0534124225378, 0.0522680841386, 0.0643642321229, 0.0231013782322, 0.0526548027992, 0.0567312240601, 0.0715846940875, 0.0490516014397, 0.0306777209044, 0.0722005367279, 0.0199393443763],
        "dvar2": [0.106517389417, 0.135795980692, 0.129339173436, 0.137209355831, 0.0600050799549, 0.113040462136, 0.134082615376, 0.175839290023, 0.121314898133, 0.0799547210336, 0.145298272371, 0.0524316802621],
        "max": [1, 1, 1, 1, 1, 1, 1, 1, 1, 1, 1, 1],
        "mean": [0.232690408826, 0.1477984339, 0.164245322347, 0.273489058018, 0.0861650109291, 0.256089091301, 0.277274370193, 0.338066935539, 0.195523947477, 0.108114674687, 0.637611031532, 0.0757436975837],
        "median": [0.14207226038, 0.0388639047742, 0.0563424341381, 0.12956610322, 0.0318237766623, 0.0872063040733, 0.132612988353, 0.202245175838, 0.070345044136, 0.0393116921186, 0.679268360138, 0.0305220708251],
        "min": [0.0017557379324, 0.000234276754782, 0.000927965331357, 0.000593388045672, 0.00049103575293, 0.00300194928423, 0.000485393073177, 0.00241824495606, 0.000502311682794, 0.000295756966807, 0.00854435842484, 0.000544258218724],
        "var": [0.0671672970057, 0.056030575186, 0.0599336326122, 0.0981306880713, 0.0218347124755, 0.113058134913, 0.102192305028, 0.111965723336, 0.0780596062541, 0.0331033319235, 0.127864688635, 0.0179817359895]
    }
},
"lowlevel": {
    "melbands": {
        "dmean": [5.00416754221e-05, 0.000216391767026, 0.000198079840629, 0.000108193533379, 6.56896663713e-05, 0.000116619536129, 0.000117295749078, 0.000125532067614, 0.000132336572278, 6.9763220381e-05, 5.21172260051e-05, 3.04243185383e-05, 2.47502121056e-05, 1.58649872901e-05, 2.54753340414e-05, 1.37908791658e-05, 1.53159890033e-05, 1.16336432257e-05, 8.81084724824e-06, 7.62144736655e-06, 6.73868316881e-06, 6.88324553266e-06, 9.04355874809e-06, 8.77046568348e-06, 6.70840381645e-06, 5.0810212997e-06, 4.98725694342e-06, 3.09625033879e-06, 1.30051262204e-06, 1.15556667879e-06, 8.71571728567e-07, 5.20103242252e-07, 2.48725314123e-07, 1.9221224079e-07, 1.82399887194e-07, 1.54008503728e-07, 1.52867173142e-07, 1.14620760883e-07, 6.46929763093e-08, 3.43312187567e-08],
        "dmean2": [7.49857572373e-05, 0.000332840718329, 0.000309262919473, 0.000149570973008, 0.000104843740701, 0.00018792458286, 0.00018899544375, 0.000209325487958, 0.000198061869014, 0.000104960447061, 8.02158392617e-05, 4.63548385596e-05, 3.79629382223e-05, 2.32728198171e-05, 4.09246822528e-05, 2.14935298573e-05, 2.3227856218e-05, 1.80741462827e-05, 1.43582265082e-05, 1.11260023914e-05, 1.01552741398e-05, 1.05937842818e-05, 1.32155319079e-05, 1.28342971948e-05, 1.0220135664e-05, 7.71815302869e-06, 7.45773331801e-06, 4.96670236316e-06, 2.04177240448e-06, 1.72198610926e-06, 1.27294208596e-06, 8.01200144451e-07, 3.85769283184e-07, 2.92524163115e-07, 2.83968233816e-07, 2.45080912009e-07, 2.41506995735e-07, 1.8622556297e-07, 1.02927991463e-07, 5.24458911855e-08],
        "dvar": [4.55367299423e-09, 9.34950179499e-08, 5.70113840581e-08, 2.80403291697e-08, 7.04057212531e-09, 1.83330666204e-08, 2.54800749389e-08, 5.38982192211e-08, 5.47113288007e-08, 2.88949166816e-08, 8.39435720934e-09, 8.85924844596e-09, 7.23378290601e-09, 1.25581001154e-09, 7.19942638838e-09, 1.23784027473e-09, 1.71963854267e-09, 6.36623753714e-10, 3.04521852179e-10, 3.38368832953e-10, 1.51699611206e-10, 1.76501105398e-10, 3.27436494585e-10, 3.60071999994e-10, 2.02125066684e-10, 9.51562786899e-11, 1.45273834629e-10, 8.70636826522e-11, 4.50193224713e-12, 7.12097785252e-12, 4.76285070411e-12, 1.81807975792e-12, 2.04515590119e-13, 6.92675219483e-14, 6.02611696979e-14, 3.31766813457e-14, 4.32301831593e-14, 2.7347869859e-14, 8.09660498369e-15, 1.91658293206e-15],
        "dvar2": [9.13323816576e-09, 2.13851393482e-07, 1.18375155012e-07, 4.80495181421e-08, 1.73961023364e-08, 4.5443574237e-08, 6.44854836196e-08, 1.40842502105e-07, 9.77418039838e-08, 5.27172403508e-08, 1.95809750636e-08, 1.95786284962e-08, 1.76783068184e-08, 2.80154166532e-09, 1.80992572041e-08, 2.55753040967e-09, 3.44780826111e-09, 1.43762912685e-09, 6.65821064949e-10, 6.83345158237e-10, 3.25540178148e-10, 3.75654674034e-10, 6.04830685536e-10, 6.11215134061e-10, 4.6049161706e-10, 1.80229289826e-10, 3.46585815603e-10, 2.20394785755e-10, 1.08456741851e-11, 1.35692108591e-11, 9.66395366508e-12, 4.44466555574e-12, 4.37735758014e-13, 1.41143783401e-13, 1.24146434235e-13, 7.41787545017e-14, 1.09519882855e-13, 6.80145162738e-14, 2.09798981844e-14, 4.47330339071e-15],
        "max": [0.000915106269531, 0.00251615652815, 0.001688937773, 0.00194969738368, 0.000929814239498, 0.000980616547167, 0.00119722029194, 0.0018679414643, 0.0044431774877, 0.00284189428203, 0.00108990177978, 0.00115848332644, 0.0011213705875, 0.000465136603452, 0.00124838843476, 0.000454998662462, 0.000651617709082, 0.000371794914827, 0.000163868244272, 0.000350804621121, 0.000120243159472, 0.000149551487993, 0.000195327564143, 0.000233479804592, 0.000168593091075, 0.000118495998322, 0.000137724724482, 0.000134103407618, 2.52473455475e-05, 5.62159912079e-05, 3.64095940313e-05, 2.35986753978e-05, 6.09797734796e-06, 4.49136132374e-06, 3.88594162359e-06, 2.16842227019e-06, 2.76331525129e-06, 2.21652908294e-06, 8.47743820032e-07, 6.47606384518e-07],
        "mean": [7.76945016696e-05, 0.000294365832815, 0.000316335936077, 0.00016792966926, 9.20444072108e-05, 0.000165710473084, 0.000160893061548, 0.000122092329548, 0.00019567758136, 0.000100704302895, 7.64508149587e-05, 3.4320713894e-05, 2.66457518592e-05, 1.89052188944e-05, 3.11223084282e-05, 1.74226734089e-05, 1.87932309927e-05, 1.5295783669e-05, 1.07987898446e-05, 9.53543712967e-06, 8.81622418092e-06, 9.04482203623e-06, 1.39953490361e-05, 1.55600682774e-05, 9.86067334452e-06, 8.33064041217e-06, 6.8810841185e-06, 3.93779600927e-06, 2.07698758459e-06, 1.73401417669e-06, 1.39171982028e-06, 8.72359919413e-07, 4.35319947201e-07, 3.42860687397e-07, 3.30343254973e-07, 2.71811529728e-07, 2.55346037648e-07, 1.82601681331e-07, 1.00515805457e-07, 5.56606813973e-08],