{
"metadata": {
    "version": {
        "essentia": "2.0.1",
        "extractor": "archive-music 1.0 mod ismir14"
    },
    "audio_properties": {
        "analysis_sample_rate": 44100,
        "bitrate": 32,
        "channels": 2,
        "equal_loudness": 0,
        "length": 30.0408172607,
        "replay_gain": -13.3073253632,
        "downmix": "mix"
    },
    "tags": {
        "track": 0,
        "year": 0,
        "album": "",
        "artist": "",
        "comment": "",
        "genre": "",
        "title": ""
    }
},
"rhythm": {
    "bpm": 90.2983322144,
    "bpm_histogram_first_peak": 91,
    "bpm_histogram_first_peak_spread": 0.390243828297,
    "bpm_histogram_first_peak_weight": 0.58139538765,
    "bpm_histogram_second_peak": 85,
    "bpm_histogram_second_peak_spread": 0,
    "bpm_histogram_second_peak_weight": 0.0465116277337
},
"tonal": {
    "tuning_frequency": {
        "dmean": 0.138565137982,
        "dmean2": 0.254234015942,
        "dvar": 1.80399298668,
        "dvar2": 3.81135630608,
        "max": 456.570251465,
        "mean": 448.232879639,
        "median": 447.432556152,
        "min": 432.940917969,
        "var": 10.8934717178
    },
    "hpcp": {
        "dmean": [0.21375259757, 0.122109875083, 0.120136797428, 0.13359259069, 0.27303892374, 0.30958122015, 0.174381509423, 0.204984381795, 0.130354732275, 0.0947409495711, 0.0941818803549, 0.128010854125],
        "dmean2": [0.363720864058, 0.226490214467, 0.209263026714, 0.24101999402, 0.490442842245, 0.570543527603, 0.324496865273, 0.346149027348, 0.24152199924, 0.17071813345, 0.16284160316, 0.224376782775],
        "dvar": [0.079276047647, 0.0475789271295, 0.0367714427412, 0.052108887583, 0.0945132747293, 0.113817833364, 0.0799400806427, 0.0700625777245, 0.0570221580565, 0.033235527575, 0.026934960857, 0.0377370715141],
        "dvar2": [0.170589998364, 0.134436994791, 0.0941419377923, 0.130264669657, 0.244054511189, 0.261390775442, 0.21713809669, 0.164566546679, 0.167192578316, 0.0897654742002, 0.0640719681978, 0.0977493524551],
        "max": [1, 1, 1, 1, 1, 1, 1, 1, 1, 1, 1, 1],
        "mean": [0.438899755478, 0.0843851864338, 0.134341016412, 0.127759799361, 0.260111033916, 0.438543349504, 0.1271622926, 0.281906872988, 0.103994771838, 0.0854660272598, 0.0965504869819, 0.124826394022],
        "median": [0.23234680295, 0.0177951417863, 0.0445787832141, 0.0259907022119, 0.0921521931887, 0.260940045118, 0.02294466272, 0.118611730635, 0.0283702015877, 0.0281974636018, 0.0309415049851, 0.0455828383565],
        "min": [0.00112229457591, 0.000550884346012, 0.000583603105042, 0.000330701237544, 0.000735999085009, 0.00164850486908, 0.000232545164181, 0.00180461234413, 0.000425870879553, 0.000667290587444, 0.000574902864173, 0.000850744720083],
        "var": [0.172135487199, 0.0317124947906, 0.048032540828, 0.0615581981838, 0.107750102878, 0.165718272328, 0.0613768026233, 0.114754207432, 0.0444525443017, 0.0297413077205, 0.0315454490483, 0.0387756153941]
    }
},
"lowlevel": {
    "melbands": {
        "dmean": [0.000233431957895, 0.000482460251078, 0.000173714914126, 0.000119553144032, 8.60861546244e-05, 6.11045325059e-05, 8.01960195531e-05, 0.000118730451504, 0.000190750550246, 0.000146761492942, 5.58034080314e-05, 6.82533354848e-05, 6.6559005063e-05, 3.41645572917e-05, 5.42291963939e-05, 6.4563624619e-05, 1.37303431984e-05, 1.00686220321e-05, 5.42019870409e-06, 6.42243139737e-06, 9.73851274466e-06, 7.43704049455e-06, 1.41406653711e-05, 1.19954756883e-05, 6.70874260322e-06, 6.76170293445e-06, 6.35674132354e-06, 3.96720588469e-06, 1.71208023403e-06, 1.57664260314e-06, 7.79683261953e-07, 3.26256582639e-07, 1.82635673696e-07, 1.59662448596e-07, 1.54352633785e-07, 1.4766590084e-07, 1.28106307784e-07, 1.64454135643e-07, 1.56709873522e-07, 1.32559307531e-07],
        "dmean2": [0.000380480312742, 0.000706741935574, 0.000270697433734, 0.000191952087334, 0.000138707371661, 9.39022138482e-05, 0.000124302881886, 0.000185473836609, 0.000309995084535, 0.000242568305111, 8.96187630133e-05, 0.000105821462057, 0.000100773322629, 5.79480911256e-05, 9.18047007872e-05, 0.000106902232801, 2.10986327147e-05, 1.619923205e-05, 8.6359150373e-06, 1.00683319033e-05, 1.5605279259e-05, 1.17619310913e-05, 2.31892900047e-05, 1.93348478206e-05, 1.07845435195e-05, 1.03943848444e-05, 1.02126523416e-05, 6.42278746454e-06, 2.74159197033e-06, 2.57175543084e-06, 1.23710776734e-06, 5.14413500241e-07, 2.88749532729e-07, 2.48861738328e-07, 2.39069237296e-07, 2.35112338487e-07, 1.91063449506e-07, 2.52187334127e-07, 2.41789507527e-07, 2.05026125855e-07],
        "dvar": [5.89432254117e-08, 2.11070513956e-07, 3.28318563447e-08, 3.02547604747e-08, 2.1012732887e-08, 7.17617520962e-09, 1.7907304084e-08, 4.37051035362e-08, 1.41888961025e-07, 1.721489582e-07, 8.03308779496e-08, 3.34107959077e-08, 3.09804981669e-08, 7.6754052003e-09, 1.64290199223e-08, 3.45221700115e-08, 2.34473462868e-09, 6.61284305092e-10, 6.79547806914e-11, 6.32119356858e-11, 2.06633959943e-10, 1.21686161147e-10, 5.36201805179e-10, 3.79189041277e-10, 1.05132527684e-10, 1.03123745654e-10, 1.2948821182e-10, 4.93928058176e-11, 8.11481871282e-12, 9.34854017115e-12, 1.48662050552e-12, 2.0908128744e-13, 5.33426011966e-14, 4.4854812681e-14, 3.96589601166e-14, 3.09777702621e-14, 2.24403320633e-14, 4.34600712894e-14, 4.58854789831e-14, 2.90981126726e-14],
        "dvar2": [1.60623216061e-07, 4.64132085654e-07, 6.85685961344e-08, 7.77147661779e-08, 5.20154053163e-08, 1.52770756046e-08, 3.74535815695e-08, 1.00957549876e-07, 3.4866818055e-07, 4.02303868441e-07, 1.66764351661e-07, 8.02026534075e-08, 6.78608103044e-08, 2.07891641679e-08, 4.24324326787e-08, 8.34939939409e-08, 3.85710130502e-09, 1.50657164522e-09, 1.610850342e-10, 1.59165111646e-10, 5.00720243046e-10, 3.11094344729e-10, 1.35847577631e-09, 9.39439748215e-10, 2.55731713583e-10, 2.47728143554e-10, 3.40194455939e-10, 1.29614319277e-10, 1.90581161963e-11, 2.38458471719e-11, 3.80301562811e-12, 5.16506054506e-13, 1.22353177394e-13, 1.02903871134e-13, 9.61601268447e-14, 7.07375442401e-14, 4.97021586214e-14, 9.21924009031e-14, 1.07738152438e-13, 6.3581098394e-14],
        "max": [0.00207633781247, 0.00454063946381, 0.00237723789178, 0.00211420049891, 0.00146606971975, 0.0012638240587, 0.00218583457172, 0.00156053283717, 0.00442468235269, 0.00453263008967, 0.00600032554939, 0.00199344661087, 0.0026283939369, 0.000700049742591, 0.00124356662855, 0.0023347584065, 0.00104159943294, 0.000354343326762, 9.04569023987e-05, 5.21571928402e-05, 0.000132546905661, 9.20914899325e-05, 0.00021839090914, 0.000156607973622, 8.37837724248e-05, 0.000105702049041, 0.000107310057501, 7.14936104487e-05, 2.65693452093e-05, 3.82477519452e-05, 9.81702578429e-06, 4.91775790579e-06, 1.92904622054e-06, 2.17409910874e-06, 1.83429733625e-06, 1.70786120179e-06, 1.41805526255e-06, 1.92473316929e-06, 2.45131195697e-06, 1.68587803273e-06],
        "mean": [0.000413136993302, 0.00106738228351, 0.000348396686604, 0.000164392229635, 0.000109991335194, 8.96753117559e-05, 0.000118120558909, 0.000144181642099, 0.000237165761064, 0.000149477797095, 5.65849586565e-05, 7.01570315869e-05, 8.31045545056e-05, 3.5009925341e-05, 5.85095986025e-05, 6.40515354462e-05, 1.51818157974e-05, 1.10610317279e-05, 6.64205799694e-06, 7.96346739662e-06, 1.17451472761e-05, 8.74068336998e-06, 1.48449616972e-05, 1.16751925816e-05, 7.38824792279e-06, 8.10586698208e-06, 6.58359704175e-06, 4.07017387261e-06, 1.99014084501e-06, 1.59619673923e-06, 8.6425200152e-07, 4.47117514568e-07, 2.84546274543e-07, 2.54395473576e-07, 2.41451090233e-07, 2.46967147177e-07, 2.0360049291e-07, 2.78065783732e-07, 2.54210874573e-07, 2.1356770219e-07],