{
"metadata": {
    "version": {
        "essentia": "2.0.1",
        "extractor": "archive-music 1.0 mod ismir14"
    },
    "audio_properties": {
        "analysis_sample_rate": 44100,
        "bitrate": 32,
        "channels": 2,
        "equal_loudness": 0,
        "length": 30.0408172607,
        "replay_gain": -13.5811634064,
        "downmix": "mix"
    },
    "tags": {
        "track": 0,
        "year": 0,
        "album": "",
        "artist": "",
        "comment": "",
        "genre": "",
        "title": ""
    }
},
"rhythm": {
    "bpm": 172.265625,
    "bpm_histogram_first_peak": 172,
    "bpm_histogram_first_peak_spread": 0,
    "bpm_histogram_first_peak_weight": 0.441860467196,
    "bpm_histogram_second_peak": 178,
    "bpm_histogram_second_peak_spread": 0,
    "bpm_histogram_second_peak_weight": 0.430232554674
},
"tonal": {
    "tuning_frequency": {
        "dmean": 0.129420608282,
        "dmean2": 0.242871180177,
        "dvar": 1.95784878731,
        "dvar2": 4.06364440918,
        "max": 455.779724121,
        "mean": 450.39944458,
        "median": 454.465301514,
        "min": 431.193908691,
        "var": 53.6443138123
    },
    "hpcp": {
        "dmean": [0.179893746972, 0.157965943217, 0.173822805285, 0.179973781109, 0.151655688882, 0.136486917734, 0.22217169404, 0.289561927319, 0.270920008421, 0.213124200702, 0.271738797426, 0.261121660471],
        "dmean2": [0.334898144007, 0.289935797453, 0.323628246784, 0.330326288939, 0.283004969358, 0.248617559671, 0.405955612659, 0.536734700203, 0.502731323242, 0.396857440472, 0.494195491076, 0.492682158947],
        "dvar": [0.0775209516287, 0.0706287100911, 0.0892831087112, 0.083988122642, 0.0743908211589, 0.0602686963975, 0.0862923040986, 0.111657522619, 0.109905682504, 0.0962671339512, 0.0959614217281, 0.11444336921],
        "dvar2": [0.216662213206, 0.199981063604, 0.242334038019, 0.225206300616, 0.208583459258, 0.164623677731, 0.229374527931, 0.307963699102, 0.290404558182, 0.272008657455, 0.255192250013, 0.335376888514],
        "max": [1, 1, 1, 1, 1, 1, 1, 1, 1, 1, 1, 1],
        "mean": [0.152562856674, 0.127588108182, 0.13701184094, 0.170743092895, 0.111118674278, 0.117298960686, 0.221864506602, 0.276345819235, 0.249005943537, 0.16507036984, 0.303870141506, 0.188682213426],
        "median": [0.0278003439307, 0.0214923247695, 0.0159128364176, 0.0246947295964, 0.014141635038, 0.020912675187, 0.055760666728, 0.0831064283848, 0.0585453696549, 0.0247187912464, 0.12960241735, 0.0327229723334],
        "min": [0, 0, 0, 0, 0, 0, 0, 0, 0, 0, 0, 0],
        "var": [0.0741256847978, 0.0603080615401, 0.0761166885495, 0.0902069434524, 0.0570606030524, 0.0566211938858, 0.105903692544, 0.129130005836, 0.122863464057, 0.0826863721013, 0.124410957098, 0.096529237926]
    }
},
"lowlevel": {
    "melbands": {
        "dmean": [0.000203741175937, 0.000779627123848, 0.000920348044019, 0.000468604266644, 0.000275958678685, 0.000431141728768, 0.000532809761353, 0.000379233941203, 0.000407494604588, 0.000248529569944, 0.000121519464301, 7.76862361818e-05, 6.20287828497e-05, 4.46629273938e-05, 6.31325674476e-05, 3.98851807404e-05, 4.13358029618e-05, 3.5117034713e-05, 2.76333976217e-05, 2.36720388784e-05, 2.164496982e-05, 2.06214008358e-05, 2.56941584666e-05, 2.6457304557e-05, 1.9329976567e-05, 1.607631566e-05, 1.1541994354e-05, 7.68181689637e-06, 4.30906311522e-06, 3.36543121193e-06, 2.49334607361e-06, 1.54801489316e-06, 8.17461454972e-07, 6.24850713393e-07, 5.84181520935e-07, 5.17983380632e-07, 5.00316218677e-07, 3.75635380578e-07, 1.94805721776e-07, 1.01467129809e-07],
        "dmean2": [0.000349120673491, 0.00133669550996, 0.00159303483088, 0.000804421724752, 0.000468639365863, 0.000729565217625, 0.000947061926126, 0.00061181205092, 0.00068049156107, 0.000419425225118, 0.000185909855645, 0.000113857277029, 9.58622767939e-05, 6.96008792147e-05, 9.49748573476e-05, 6.36998811387e-05, 6.59431680106e-05, 5.81586282351e-05, 4.6065866627e-05, 3.96951691073e-05, 3.61792044714e-05, 3.28838250425e-05, 4.20498399762e-05, 4.25570360676e-05, 3.04495115415e-05, 2.59313546849e-05, 1.74038978002e-05, 1.18520893011e-05, 7.01704993844e-06, 5.41574536328e-06, 3.88009402741e-06, 2.50315906669e-06, 1.34407105179e-06, 1.03627894532e-06, 9.42754070365e-07, 8.48471415793e-07, 8.12703149222e-07, 6.09482810887e-07, 3.18971530078e-07, 1.66958500358e-07],
        "dvar": [7.57284723818e-08, 1.14020497222e-06, 1.40817644478e-06, 4.96739119171e-07, 1.80181046971e-07, 3.05141469426e-07, 8.08672893982e-07, 8.75000409906e-07, 5.05169055032e-07, 2.33248528048e-07, 6.19267908064e-08, 4.72317722711e-08, 4.03854230058e-08, 1.67665046291e-08, 7.65294885241e-08, 1.11347695508e-08, 1.69690395069e-08, 9.49136236272e-09, 6.27160545719e-09, 7.6520487724e-09, 3.53347084925e-09, 3.00426528099e-09, 4.17471124337e-09, 4.50214443504e-09, 2.30647656529e-09, 1.21557397481e-09, 9.59169299541e-10, 5.02759833765e-10, 7.25257423562e-11, 5.28627384921e-11, 3.41873578058e-11, 1.05596130798e-11, 2.51884342377e-12, 1.11988673543e-12, 1.22908692772e-12, 8.74242139185e-13, 8.11596720818e-13, 7.51542979325e-13, 2.41348499345e-13, 3.93273907634e-14],
        "dvar2": [2.15855763486e-07, 3.00403735309e-06, 3.87224827136e-06, 1.42408657666e-06, 4.90209856707e-07, 8.19708304789e-07, 2.29222632697e-06, 2.13534849536e-06, 1.42499766298e-06, 6.47056253911e-07, 1.47104984194e-07, 8.6346041428e-08, 8.96190428534e-08, 3.88797687378e-08, 2.00883192747e-07, 2.75765970059e-08, 4.10949958507e-08, 2.494353879e-08, 1.69879790235e-08, 2.10012593982e-08, 9.77356151566e-09, 8.16841261297e-09, 1.15821823243e-08, 1.17215508411e-08, 5.34699706733e-09, 2.98481439565e-09, 1.9163663989e-09, 1.00518504631e-09, 1.77700895665e-10, 1.20294732509e-10, 7.35856792167e-11, 2.30095335146e-11, 5.90531616662e-12, 2.96045284641e-12, 3.35642039336e-12, 2.37988838706e-12, 2.11934441351e-12, 2.0542244121e-12, 6.6849688762e-13, 1.0132578099e-13],
        "max": [0.00372894783504, 0.0150987859815, 0.0128786303103, 0.0100408522412, 0.00643533049151, 0.00608153548092, 0.00995932519436, 0.0120313670486, 0.0157771967351, 0.0127265071496, 0.0048570074141, 0.0058663431555, 0.00561820715666, 0.00372309284285, 0.0105452714488, 0.00292018987238, 0.00389175419696, 0.00166842411272, 0.00130388187245, 0.00190038129222, 0.00107407721225, 0.00133354042191, 0.00124943384435, 0.00130822625943, 0.00110300118104, 0.000749140919652, 0.000754775363021, 0.000652168411762, 0.000129761596327, 0.000225746131036, 0.000193330502952, 0.000104537080915, 4.00036879e-05, 2.24653267651e-05, 1.96214277821e-05, 1.66199552041e-05, 1.62991673278e-05, 2.0603341909e-05, 8.51915501698e-06, 3.79770517611e-06],
        "mean": [0.000248961063335, 0.00103796913754, 0.0012233039597, 0.00069733033888, 0.000366687017959, 0.00063297804445, 0.00063416082412, 0.000490178877953, 0.000740283285268, 0.00042398495134, 0.000268690142548, 0.000151960513904, 0.000106717583549, 7.68257741584e-05, 0.000118516421935, 7.16070062481e-05, 7.2201488365e-05, 5.98977239861e-05, 4.21061668021e-05, 3.69525041606e-05, 3.4875520214e-05, 3.61637175956e-05, 5.40635992365e-05, 6.05759814789e-05, 3.88695480069e-05, 3.32542695105e-05, 2.6797873943e-05, 1.54655863298e-05, 8.16721149022e-06, 6.64684330332e-06, 5.44994736629e-06, 3.3741914649e-06, 1.71987312569e-06, 1.34478307245e-06, 1.28601629967e-06, 1.07640687474e-06, 9.9650287666e-07, 7.24496999283e-07, 3.8691410964e-07, 2.13096001289e-07],