{
"metadata": {
    "version": {
        "essentia": "2.0.1",
        "extractor": "archive-music 1.0 mod ismir14"
    },
    "audio_properties": {
        "analysis_sample_rate": 44100,
        "bitrate": 32,
        "channels": 2,
        "equal_loudness": 0,
        "length": 30.0408172607,
        "replay_gain": -12.2329673767,
        "downmix": "mix"
    },
    "tags": {
        "track": 6,
        "year": 0,
        "album": "Swing Classics (Jazz & Tzaz 70)",
        "artist": "Benny Carter",
        "comment": "",
        "genre": "Jazz",
        "title": "Babalu"
    }
},
"rhythm": {
    "bpm": 92.5154342651,
    "bpm_histogram_first_peak": 94,
    "bpm_histogram_first_peak_spread": 0.514285683632,
    "bpm_histogram_first_peak_weight": 0.377777785063,
    "bpm_histogram_second_peak": 89,
    "bpm_histogram_second_peak_spread": 0,
    "bpm_histogram_second_peak_weight": 0.20000000298
},
"tonal": {
    "tuning_frequency": {
        "dmean": 0.0619361922145,
        "dmean2": 0.119492717087,
        "dvar": 0.742554247379,
        "dvar2": 1.68759024143,
        "max": 454.990661621,
        "mean": 436.69833374,
        "median": 437.465789795,
        "min": 433.191070557,
        "var": 5.00153923035
    },
    "hpcp": {
        "dmean": [0.145501419902, 0.143342167139, 0.16153986752, 0.19678235054, 0.130327150226, 0.127651125193, 0.150265708566, 0.129498526454, 0.190970897675, 0.147460699081, 0.189830183983, 0.191851601005],
        "dmean2": [0.272804200649, 0.256910413504, 0.305905431509, 0.354426234961, 0.237501382828, 0.234593182802, 0.264550536871, 0.242012694478, 0.341994971037, 0.276181131601, 0.345054745674, 0.343840032816],
        "dvar": [0.0677797496319, 0.0585585199296, 0.0837382897735, 0.0810451060534, 0.0584652721882, 0.058209374547, 0.0569447688758, 0.0621766336262, 0.0748100951314, 0.070715598762, 0.07379642874, 0.075239636004],
        "dvar2": [0.196034565568, 0.162916019559, 0.241383895278, 0.213095977902, 0.158418744802, 0.160687536001, 0.150303468108, 0.17519544065, 0.199748769403, 0.206158638, 0.203247264028, 0.201235130429],
        "max": [1, 1, 1, 1, 1, 1, 1, 1, 1, 1, 1, 1],
        "mean": [0.110696993768, 0.153050407767, 0.120508529246, 0.3961994946, 0.154463723302, 0.111744232476, 0.241276741028, 0.0957454144955, 0.285822629929, 0.106609925628, 0.198449403048, 0.236539170146],
        "median": [0.0100903743878, 0.020994476974, 0.00402241852134, 0.193333178759, 0.0104409921914, 0.0152576640248, 0.0602932423353, 0.00727877719328, 0.0969640314579, 0.00865505635738, 0.0659104436636, 0.0601984523237],
        "min": [0, 0, 0, 0, 0, 0, 0, 0, 0, 0, 0, 0],
        "var": [0.0566617026925, 0.0678971111774, 0.073096178472, 0.172976493835, 0.0889546126127, 0.0549331605434, 0.116643644869, 0.0491732917726, 0.130006432533, 0.0533794052899, 0.0801560655236, 0.108450762928]
    }
},
"lowlevel": {
    "melbands": {
        "dmean": [2.783178752e-05, 0.000122777404613, 0.000138388844789, 0.000257238541963, 0.000309400784317, 0.000345076085068, 0.000265857379418, 0.000342128885677, 0.00024684460368, 0.000159113231348, 0.000116761919344, 9.662615048e-05, 9.3341441243e-05, 7.93216822785e-05, 0.000146964768646, 0.000131243607029, 7.19027375453e-05, 3.7614518078e-05, 3.97753319703e-05, 4.32350498158e-05, 1.5041302504e-05, 2.22705548367e-05, 1.02336789496e-05, 6.99813290339e-06, 8.67916605785e-06, 3.09954657496e-06, 1.83107101748e-06, 2.24771110879e-06, 1.80204244771e-06, 1.70058660842e-06, 8.13687506707e-07, 4.01666198968e-07, 2.69862283631e-07, 1.09091118361e-07, 4.77123620612e-08, 4.28439506095e-08, 1.24159393877e-08, 2.45354181416e-09, 9.24324006224e-10, 5.68167957127e-10],
        "dmean2": [4.31252447015e-05, 0.000199653877644, 0.000241470785113, 0.000465842749691, 0.000563732523005, 0.000590793555602, 0.000416859780671, 0.000483665207867, 0.00034269480966, 0.000219778943574, 0.000179865033715, 0.000147991508129, 0.000143078432302, 0.000122736571939, 0.000223169190576, 0.000207830220461, 0.000108116561023, 5.3259980632e-05, 5.77532482566e-05, 6.45989202894e-05, 2.3292572223e-05, 3.54388103005e-05, 1.66477893799e-05, 1.07762543848e-05, 1.26440208987e-05, 4.62784100819e-06, 2.83483313979e-06, 3.45591411133e-06, 2.73369232673e-06, 2.49569234256e-06, 1.19091589568e-06, 5.94698406076e-07, 3.95722508983e-07, 1.61670087095e-07, 6.74133460166e-08, 6.12480448581e-08, 1.83584347724e-08, 3.75878084213e-09, 1.38529754334e-09, 9.17675657686e-10],
        "dvar": [1.32948474452e-09, 2.40059563339e-08, 4.83261750617e-08, 1.50420120804e-07, 2.09655041772e-07, 2.79812979898e-07, 1.41666816944e-07, 5.16822638019e-07, 2.13655084735e-07, 8.88540085953e-08, 6.86754191292e-08, 5.42551070737e-08, 4.96558989482e-08, 2.92523854029e-08, 8.65836469188e-08, 1.19914290053e-07, 3.6162433048e-08, 8.0936954916e-09, 1.170043884e-08, 1.14128297923e-08, 7.31412819199e-10, 4.03800415327e-09, 5.47804024364e-10, 2.09242970173e-10, 4.5174083918e-10, 6.08593800355e-11, 1.93093787487e-11, 5.23761034543e-11, 2.04474596976e-11, 1.55565109405e-11, 4.51752480909e-12, 1.30487873111e-12, 6.93747305696e-13, 1.42109726222e-13, 1.67256819831e-14, 1.38953857643e-14, 8.85115072107e-16, 5.32511217442e-17, 6.65987430276e-18, 1.88418467291e-18],
        "dvar2": [2.77438672036e-09, 6.02705370056e-08, 1.39507292829e-07, 4.47280342541e-07, 6.57333487197e-07, 8.0545697756e-07, 3.4507371538e-07, 1.11729843866e-06, 4.58739066289e-07, 1.8142833369e-07, 1.69046543874e-07, 1.38603525102e-07, 1.19871387483e-07, 7.85624507671e-08, 2.0004178225e-07, 3.10845081231e-07, 9.1737923924e-08, 1.6458070462e-08, 2.70338240682e-08, 2.44682389905e-08, 1.75300107763e-09, 1.08805933152e-08, 1.54901647065e-09, 5.11388487112e-10, 9.57379620026e-10, 1.33233590827e-10, 4.53011655965e-11, 1.27159074936e-10, 4.84521936461e-11, 3.35349734093e-11, 1.02329993437e-11, 2.86197497992e-12, 1.53906011199e-12, 3.29511564518e-13, 3.36721752911e-14, 3.06933128815e-14, 2.00949905824e-15, 1.22806846865e-16, 1.28219554488e-17, 4.52501047727e-18],
        "max": [0.000474870001199, 0.00225487304851, 0.00448544044048, 0.00885781832039, 0.00598531682044, 0.00780769996345, 0.00592028535903, 0.0174401775002, 0.00813671387732, 0.00523571483791, 0.00485428748652, 0.0045223981142, 0.00532527454197, 0.00376556767151, 0.00579681899399, 0.00549102155492, 0.00433825934306, 0.0023062932305, 0.00200797896832, 0.00247444305569, 0.000508220342454, 0.00149771722499, 0.000414833601099, 0.000311706942739, 0.000366782187484, 0.000199117333977, 8.25083770906e-05, 0.000131051419885, 7.49414757593e-05, 6.39359786874e-05, 4.65733755846e-05, 2.99844523397e-05, 2.06226177397e-05, 8.10097935755e-06, 2.56111502495e-06, 2.54821679846e-06, 4.63444564502e-07, 1.69939340822e-07, 7.65760361787e-08, 2.78141136789e-08],
        "mean": [3.9220914914e-05, 0.000176187444595, 0.000175784691237, 0.000325741246343, 0.000414229347371, 0.000565174093936, 0.000612486910541, 0.00123443908524, 0.00076800014358, 0.000431447930168, 0.000296874437481, 0.000242703434196, 0.000191238941625, 0.000146227321238, 0.00029485928826, 0.000240367851802, 0.000177857786184, 9.22978579183e-05, 7.3230075941e-05, 9.77823510766e-05, 3.10718860419e-05, 4.02739133278e-05, 2.1675195967e-05, 1.67603648151e-05, 2.37650692725e-05, 7.86389227869e-06, 4.01125726057e-06, 4.38369261246e-06, 4.59074453829e-06, 4.90239972351e-06, 2.28479484576e-06, 1.09122356662e-06, 7.05233446752e-07, 2.89750857974e-07, 1.28835694113e-07, 1.1971604863e-07, 3.34443654992e-08, 5.1234216869e-09, 1.94966709444e-09, 1.19437570945e-09],