{
"metadata": {
    "version": {
        "essentia": "2.0.1",
        "extractor": "archive-music 1.0 mod ismir14"
    },
    "audio_properties": {
        "analysis_sample_rate": 44100,
        "bitrate": 64,
        "channels": 2,
        "equal_loudness": 0,
        "length": 30.0669155121,
        "replay_gain": -8.42583656311,
        "downmix": "mix"
    },
    "tags": {
        "track": 7,
        "year": 0,
        "album": "The Cool Jazz Collection",
        "artist": "Astrud Gilberto",
        "comment": "",
        "genre": "Jazz",
        "title": "Girl From Ipanema"
    }
},
"rhythm": {
    "bpm": 130.002792358,
    "bpm_histogram_first_peak": 129,
    "bpm_histogram_first_peak_spread": 0.490909099579,
    "bpm_histogram_first_peak_weight": 0.444444447756,
    "bpm_histogram_second_peak": 136,
    "bpm_histogram_second_peak_spread": 0.199999988079,
    "bpm_histogram_second_peak_weight": 0.0634920671582
},
"tonal": {
    "tuning_frequency": {
        "dmean": 0.100303784013,
        "dmean2": 0.191805139184,
        "dvar": 1.38688075542,
        "dvar2": 3.08234357834,
        "max": 455.779724121,
        "mean": 436.050170898,
        "median": 434.193115234,
        "min": 431.193908691,
        "var": 20.1607666016
    },
    "hpcp": {
        "dmean": [0.114042796195, 0.122739717364, 0.167118683457, 0.176928192377, 0.147822618484, 0.122890107334, 0.146928369999, 0.158975213766, 0.235519587994, 0.138687446713, 0.119973987341, 0.105174921453],
        "dmean2": [0.220527872443, 0.235841631889, 0.322667002678, 0.335591524839, 0.285971850157, 0.236880525947, 0.281554996967, 0.308523744345, 0.451544910669, 0.271967411041, 0.228827893734, 0.202209830284],
        "dvar": [0.0776269212365, 0.0796861872077, 0.109276920557, 0.104153156281, 0.0958484336734, 0.080544963479, 0.0915082097054, 0.104464806616, 0.137136727571, 0.0987749099731, 0.074758566916, 0.0733406171203],
        "dvar2": [0.22130972147, 0.223316162825, 0.305591225624, 0.291128546, 0.273253440857, 0.230602771044, 0.264036148787, 0.301641225815, 0.384434193373, 0.280733555555, 0.207339942455, 0.207522273064],
        "max": [1, 1, 1, 1, 1, 1, 1, 1, 1, 1, 1, 1],
        "mean": [0.0697797164321, 0.113997302949, 0.118516117334, 0.202331990004, 0.110040485859, 0.095524713397, 0.133744582534, 0.115608245134, 0.203524425626, 0.0905144289136, 0.0947964265943, 0.0835460647941],
        "median": [0.000403591897339, 0.00181852013338, 0.000821468362119, 0.00331653491594, 0.00111031811684, 0.00108010298572, 0.00163321953733, 0.00104391411878, 0.00539769185707, 0.000360123638529, 0.00185544625856, 0.000619733182248],
        "min": [0, 0, 0, 0, 0, 0, 0, 0, 0, 0, 0, 0],
        "var": [0.0500114560127, 0.0804942548275, 0.0866990983486, 0.1317627877, 0.0772785320878, 0.0691601336002, 0.0927492529154, 0.0831250622869, 0.133207559586, 0.0703081712127, 0.0616691298783, 0.0628546327353]
    }
},
"lowlevel": {
    "melbands": {
        "dmean": [0.000784194446169, 0.0034369181376, 0.00356398080476, 0.00184323743451, 0.00099184946157, 0.00036649077083, 0.000129780106363, 0.000119507669297, 5.09874007548e-05, 2.70587861451e-05, 2.79777814285e-05, 2.74461617664e-05, 8.54226800584e-06, 6.32345108897e-06, 8.3049544628e-06, 4.79062964587e-06, 3.75581385015e-06, 1.70076020822e-06, 1.67813607277e-06, 1.63128879649e-06, 1.1019262729e-06, 1.37073914175e-06, 1.52496522787e-06, 1.66104587151e-06, 6.41139422441e-07, 4.25041008612e-07, 6.0516265421e-07, 9.10787207431e-07, 7.10021652139e-07, 9.49797538397e-07, 1.52277334564e-06, 2.21129812417e-06, 3.08878270516e-06, 1.68431722614e-06, 7.14967541171e-07, 3.35382878802e-07, 2.15269892578e-07, 8.85221851377e-08, 2.66734101473e-08, 2.46775400115e-09],
        "dmean2": [0.00132191122975, 0.00593338534236, 0.00616560038179, 0.00311669637449, 0.00164370390121, 0.000617849233095, 0.000192931242054, 0.000168923288584, 6.95027483744e-05, 3.62655555364e-05, 3.74408518837e-05, 3.53537288902e-05, 1.21341190606e-05, 9.52343725658e-06, 1.15693055704e-05, 7.28101076675e-06, 5.27366819369e-06, 2.57410033555e-06, 2.32166007663e-06, 2.42738906309e-06, 1.66308370808e-06, 2.04153525374e-06, 2.24819700634e-06, 2.51323376688e-06, 9.84725375019e-07, 6.47662659503e-07, 9.08537003852e-07, 1.40471036048e-06, 1.04797959466e-06, 1.40539759741e-06, 2.30586374528e-06, 3.59266323358e-06, 5.04389390699e-06, 2.51544247476e-06, 1.06154664081e-06, 4.91258788315e-07, 3.11657970542e-07, 1.35466706297e-07, 3.97405024444e-08, 3.90030407971e-09],
        "dvar": [2.33794321503e-06, 3.02342050418e-05, 3.68613764294e-05, 9.34278705245e-06, 2.59855028162e-06, 3.82969005841e-07, 1.41473961435e-07, 1.34987104161e-07, 1.7996654833e-08, 9.72082325745e-09, 7.04301594823e-09, 1.75225931542e-08, 6.88732126886e-10, 3.18042286951e-10, 8.17800327457e-10, 5.38476152556e-10, 5.36689748198e-10, 4.8923785162e-11, 7.99004057361e-11, 7.84591280834e-11, 1.8777819577e-11, 1.74977272255e-11, 2.22142703538e-11, 6.43576650305e-11, 8.87719411868e-12, 1.8873455316e-12, 4.4559148038e-12, 1.88991166467e-11, 8.8369086354e-12, 2.59340222908e-11, 6.64993823896e-11, 1.5007492471e-10, 5.73650738023e-10, 1.12044130918e-10, 1.06958226997e-11, 1.23524964129e-12, 5.59592248841e-13, 1.29644979105e-13, 1.75502414522e-14, 2.88556093633e-16],
        "dvar2": [6.0027159634e-06, 9.11607203307e-05, 0.000119110613014, 2.57714164036e-05, 7.0661862992e-06, 1.06940171918e-06, 2.2789852494e-07, 1.97858142315e-07, 2.81648837586e-08, 1.28580053271e-08, 1.23047767531e-08, 1.76865331269e-08, 1.36919731109e-09, 6.5477079314e-10, 1.39611577854e-09, 1.13047737837e-09, 8.4507745246e-10, 9.91859788746e-11, 1.1962397739e-10, 1.65030808463e-10, 4.06865895142e-11, 3.66677938013e-11, 4.40046783734e-11, 1.78172004928e-10, 2.27525932123e-11, 4.72514085151e-12, 9.29523905763e-12, 4.58323379249e-11, 2.06227725869e-11, 5.35915270494e-11, 1.63294586186e-10, 3.38837735647e-10, 1.55274459956e-09, 2.04614769572e-10, 2.59578244316e-11, 2.50387210965e-12, 1.20350290064e-12, 3.33847804002e-13, 4.46715283037e-14, 7.5068226129e-16],
        "max": [0.0343574285507, 0.0791945829988, 0.0595539063215, 0.0804928690195, 0.0257535539567, 0.0105821937323, 0.00945373252034, 0.00840013287961, 0.00364257744513, 0.00450223032385, 0.00234891660511, 0.00982978567481, 0.00095154583687, 0.000648070126772, 0.00168043177109, 0.000799907371402, 0.00113727303687, 0.000253572681686, 0.000395416951505, 0.000271329103271, 0.000140814328915, 7.51903789933e-05, 0.000103574959212, 0.000219400943024, 0.000123352016089, 3.36602388415e-05, 6.58331409795e-05, 0.000185339973541, 0.000101970821561, 0.00018057973648, 0.000202813549549, 0.000322123727528, 0.000838142586872, 0.00049363571452, 9.64752180153e-05, 2.9343085771e-05, 1.6041809431e-05, 1.05416902443e-05, 4.0015875129e-06, 6.72902444876e-07],
        "mean": [0.0015175845474, 0.0061355130747, 0.00743239140138, 0.00365850515664, 0.00226973043755, 0.000809895747807, 0.000302815547911, 0.000299721199553, 0.000140869786264, 8.7206637545e-05, 8.54760655784e-05, 8.61402077135e-05, 2.25376734306e-05, 1.28113642859e-05, 1.99334626814e-05, 1.17843128464e-05, 8.27063740871e-06, 3.46191518474e-06, 3.36370521836e-06, 3.23999574903e-06, 1.81078758033e-06, 2.69663951258e-06, 3.17781314152e-06, 2.60797628471e-06, 1.12203383651e-06, 7.80035122716e-07, 1.08768722384e-06, 1.45249248362e-06, 1.21362677419e-06, 1.50571395352e-06, 2.59945704784e-06, 4.28870635005e-06, 4.71921111966e-06, 3.19174159813e-06, 1.46898150888e-06, 7.71385430198e-07, 4.52138010587e-07, 1.68327574102e-07, 5.05956272434e-08, 4.02555988543e-09],