{
"metadata": {
    "version": {
        "essentia": "2.0.1",
        "extractor": "archive-music 1.0 mod ismir14"
    },
    "audio_properties": {
        "analysis_sample_rate": 44100,
        "bitrate": 64,
        "channels": 2,
        "equal_loudness": 0,
        "length": 30.0669155121,
        "replay_gain": -11.7818088531,
        "downmix": "mix"
    },
    "tags": {
        "track": 6,
        "year": 0,
        "album": "Swing Classics (Jazz & Tzaz 70)",
        "artist": "Benny Carter",
        "comment": "",
        "genre": "Jazz",
        "title": "Babalu"
    }
},
"rhythm": {
    "bpm": 92.63256073,
    "bpm_histogram_first_peak": 94,
    "bpm_histogram_first_peak_spread": 0.540540575981,
    "bpm_histogram_first_peak_weight": 0.377777785063,
    "bpm_histogram_second_peak": 89,
    "bpm_histogram_second_peak_spread": 0,
    "bpm_histogram_second_peak_weight": 0.155555561185
},
"tonal": {
    "tuning_frequency": {
        "dmean": 0.0565061829984,
        "dmean2": 0.1110881567,
        "dvar": 0.590644478798,
        "dvar2": 1.52069664001,
        "max": 455.516601562,
        "mean": 437.434814453,
        "median": 436.456176758,
        "min": 431.193908691,
        "var": 3.72266221046
    },
    "hpcp": {
        "dmean": [0.14694494009, 0.142672389746, 0.150801181793, 0.202597931027, 0.15187305212, 0.121791161597, 0.147868007421, 0.121088474989, 0.197566434741, 0.137023597956, 0.185235872865, 0.192056357861],
        "dmean2": [0.272522777319, 0.260103464127, 0.283768087626, 0.36710986495, 0.280782669783, 0.225679442286, 0.256875157356, 0.225480929017, 0.358410894871, 0.256862431765, 0.33577850461, 0.347669899464],
        "dvar": [0.0672479718924, 0.0584441125393, 0.0803066268563, 0.0833424404263, 0.0705470964313, 0.0566809885204, 0.0528203248978, 0.0533636398613, 0.0736106112599, 0.0647626817226, 0.0732463151217, 0.0737539604306],
        "dvar2": [0.188579216599, 0.158409878612, 0.231083512306, 0.225600764155, 0.191840469837, 0.162645354867, 0.140151306987, 0.144705861807, 0.196503296494, 0.184602573514, 0.196839302778, 0.197396740317],
        "max": [1, 1, 1, 1, 1, 1, 1, 1, 1, 1, 1, 1],
        "mean": [0.11322003603, 0.148608058691, 0.107979245484, 0.399067401886, 0.172633334994, 0.10079780221, 0.233162820339, 0.0993587225676, 0.288446068764, 0.101459749043, 0.193477854133, 0.229942217469],
        "median": [0.0130484681576, 0.0206120982766, 0.00405789585784, 0.194250509143, 0.0140550183132, 0.0114624854177, 0.0626844763756, 0.00839511491358, 0.100774399936, 0.0093109253794, 0.0620420612395, 0.0627847388387],
        "min": [0, 0, 0, 0, 0, 0, 0, 0, 0, 0, 0, 0],
        "var": [0.0559413470328, 0.0674178600311, 0.0634339079261, 0.173341155052, 0.0995429232717, 0.0491100102663, 0.109886944294, 0.0495403930545, 0.129535347223, 0.0491700358689, 0.0810829922557, 0.104204148054]
    }
},
"lowlevel": {
    "melbands": {
        "dmean": [2.81737902696e-05, 0.000123957011965, 0.000138333649375, 0.00026701882598, 0.00031765375752, 0.000346050685039, 0.000269057782134, 0.000354544055881, 0.000257228064584, 0.000158880458912, 0.000121677163406, 0.000103118967672, 9.60208199103e-05, 7.97434622655e-05, 0.000146653022966, 0.000131251028506, 7.4809679063e-05, 3.80775818485e-05, 3.86738538509e-05, 4.45660080004e-05, 1.50912474055e-05, 2.2612795874e-05, 1.07749192466e-05, 7.38147218726e-06, 9.08421498025e-06, 3.08942890115e-06, 1.95650773094e-06, 2.2525643999e-06, 1.9174103727e-06, 1.81389782483e-06, 8.99952453892e-07, 4.18443647732e-07, 2.79175424112e-07, 1.15701041636e-07, 4.54538131578e-08, 3.8966710747e-08, 8.22872880946e-09, 7.10865921683e-10, 8.62877200247e-11, 2.2287491297e-11],
        "dmean2": [4.3476542487e-05, 0.000201142975129, 0.00024160144676, 0.000485459517222, 0.000579403014854, 0.00058896484552, 0.000417640461819, 0.000497394532431, 0.000354202697054, 0.000216862536035, 0.0001926261466, 0.000160414259881, 0.000147083192132, 0.000126217288198, 0.000226640739129, 0.000210594531382, 0.000113557609438, 5.50376425963e-05, 5.72988828935e-05, 6.72957030474e-05, 2.31915819313e-05, 3.60533813364e-05, 1.74481356225e-05, 1.13544037958e-05, 1.34348583742e-05, 4.64940012534e-06, 3.08969674734e-06, 3.438374506e-06, 2.99739167531e-06, 2.72325542028e-06, 1.33643516165e-06, 6.21998594852e-07, 4.0848621552e-07, 1.76224560278e-07, 6.90132182513e-08, 5.98067089186e-08, 1.28706796332e-08, 1.07003539362e-09, 1.36891636915e-10, 4.07198094687e-11],
        "dvar": [1.33827182669e-09, 2.62018158281e-08, 5.76082008763e-08, 1.80070884426e-07, 2.2254597809e-07, 2.72351769581e-07, 1.4784480129e-07, 5.20384105585e-07, 2.14018399447e-07, 7.80194753247e-08, 8.64715730131e-08, 7.44012069731e-08, 5.70189442328e-08, 3.27679892109e-08, 9.02156784832e-08, 1.25856459476e-07, 4.27357598198e-08, 8.37530489406e-09, 1.1745539652e-08, 1.31004824766e-08, 7.51134487942e-10, 4.36644809199e-09, 6.20904883064e-10, 2.39104402944e-10, 4.75593675553e-10, 6.36065436432e-11, 2.4061830653e-11, 5.44507841593e-11, 2.27510302264e-11, 1.81246510855e-11, 4.99650884903e-12, 1.36159779198e-12, 8.48549312413e-13, 1.50433173405e-13, 1.74104776277e-14, 1.50191511517e-14, 4.13164195764e-16, 4.50683194254e-18, 6.30191103965e-20, 2.1420417515e-21],
        "dvar2": [2.7605688846e-09, 6.74006130907e-08, 1.6863712915e-07, 5.38642893844e-07, 7.01468934494e-07, 7.79510003213e-07, 3.65619115428e-07, 1.11907604605e-06, 4.44905992936e-07, 1.50597841753e-07, 2.36778674889e-07, 2.03182437986e-07, 1.49637941149e-07, 9.08236046371e-08, 2.13461049725e-07, 3.19898191492e-07, 1.07180568421e-07, 1.74042433798e-08, 2.60136587826e-08, 2.94841271398e-08, 1.75073089359e-09, 1.1917799192e-08, 1.7517419737e-09, 5.52953405286e-10, 1.04530106793e-09, 1.371174424e-10, 5.6998079867e-11, 1.28695193391e-10, 5.73883926491e-11, 4.27855181839e-11, 1.13748810718e-11, 2.92250295145e-12, 1.81687564299e-12, 3.32976837292e-13, 3.79872660563e-14, 3.72212060706e-14, 9.86530379821e-16, 1.03077532118e-17, 1.49427269601e-19, 6.40864843872e-21],
        "max": [0.000537536339834, 0.00252237031236, 0.00614043232054, 0.00975089892745, 0.00610960926861, 0.0075617316179, 0.00646081008017, 0.0177360735834, 0.00847600214183, 0.00530078588054, 0.00654180394486, 0.00631782319397, 0.00470168562606, 0.00349654629827, 0.00499663967639, 0.00578368268907, 0.00462031550705, 0.00229880982079, 0.00193824421149, 0.00262847915292, 0.000541048415471, 0.00145290861838, 0.00046874457621, 0.000287265953375, 0.000400531454943, 0.000185848388355, 9.32278489927e-05, 0.000132970322738, 6.82632671669e-05, 6.67270505801e-05, 5.02129078086e-05, 2.30533387366e-05, 2.87800557999e-05, 8.6586769612e-06, 2.42585861088e-06, 2.85476198769e-06, 3.57618745284e-07, 3.89855721039e-08, 4.74131978123e-09, 5.75149483595e-10],
        "mean": [4.01166653319e-05, 0.000177244306542, 0.000176442161319, 0.000328734371578, 0.00041986675933, 0.000567652808968, 0.000611033116002, 0.00123438460287, 0.000781542155892, 0.000434342829976, 0.000297603633953, 0.000246056297328, 0.000192514853552, 0.000146748148836, 0.000296343758237, 0.000241354340687, 0.000179392925929, 9.1718560725e-05, 7.28575978428e-05, 9.85898586805e-05, 3.14221942972e-05, 4.03697704314e-05, 2.21562331717e-05, 1.70956300281e-05, 2.37669064518e-05, 8.00851103122e-06, 4.10807342632e-06, 4.46427793577e-06, 4.61651961814e-06, 4.95467429573e-06, 2.3252491701e-06, 1.09600887299e-06, 7.05746856511e-07, 2.82134834606e-07, 1.20047317864e-07, 9.63494741768e-08, 1.95472207309e-08, 1.33860478257e-09, 1.45582559896e-10, 2.0816579363e-11],