{
"metadata": {
    "version": {
        "essentia": "2.0.1",
        "extractor": "archive-music 1.0 mod ismir14"
    },
    "audio_properties": {
        "analysis_sample_rate": 44100,
        "bitrate": 32,
        "channels": 2,
        "equal_loudness": 0,
        "length": 30.0408172607,
        "replay_gain": -8.83718299866,
        "downmix": "mix"
    },
    "tags": {
        "track": 7,
        "year": 0,
        "album": "The Cool Jazz Collection",
        "artist": "Astrud Gilberto",
        "comment": "",
        "genre": "Jazz",
        "title": "Girl From Ipanema"
    }
},
"rhythm": {
    "bpm": 130.226318359,
    "bpm_histogram_first_peak": 129,
    "bpm_histogram_first_peak_spread": 0.508474588394,
    "bpm_histogram_first_peak_weight": 0.460317462683,
    "bpm_histogram_second_peak": 123,
    "bpm_histogram_second_peak_spread": 0,
    "bpm_histogram_second_peak_weight": 0.0317460335791
},
"tonal": {
    "tuning_frequency": {
        "dmean": 0.211896926165,
        "dmean2": 0.381132900715,
        "dvar": 1.48579514027,
        "dvar2": 3.10495615005,
        "max": 443.316436768,
        "mean": 441.330047607,
        "median": 442.548919678,
        "min": 431.692352295,
        "var": 8.6124830246
    },
    "hpcp": {
        "dmean": [0.079062409699, 0.239653944969, 0.122626692057, 0.259121894836, 0.12387612462, 0.122966505587, 0.208046615124, 0.0484816543758, 0.21672552824, 0.153010711074, 0.203106120229, 0.18081073463],
        "dmean2": [0.140571013093, 0.41358923912, 0.214281380177, 0.461042761803, 0.221431657672, 0.227907598019, 0.379374027252, 0.0916027128696, 0.401205033064, 0.285609185696, 0.389566957951, 0.319901257753],
        "dvar": [0.0348593965173, 0.0915731862187, 0.0518015325069, 0.105095721781, 0.0477577745914, 0.0594561249018, 0.087658688426, 0.0230691507459, 0.0853704065084, 0.0775415599346, 0.0956799164414, 0.083983361721],
        "dvar2": [0.0894927233458, 0.171441823244, 0.124552853405, 0.244849383831, 0.103201054037, 0.154144376516, 0.177939921618, 0.0563489943743, 0.242509752512, 0.229281008244, 0.278481274843, 0.199708715081],
        "max": [1, 1, 1, 1, 1, 1, 1, 1, 1, 1, 1, 1],
        "mean": [0.0617495179176, 0.307237833738, 0.0928936228156, 0.313861727715, 0.123675093055, 0.119775995612, 0.235382691026, 0.0620714612305, 0.212995916605, 0.115356020629, 0.167636677623, 0.171549052],
        "median": [0.00757467932999, 0.116880111396, 0.00927102100104, 0.0864472612739, 0.0306910444051, 0.0163565669209, 0.0699062794447, 0.00677819829434, 0.0479128733277, 0.0164462439716, 0.0335684902966, 0.0270732920617],
        "min": [6.92092580721e-05, 3.96883260692e-05, 3.75331073883e-05, 0.000214199506445, 5.85051639064e-05, 0.00011103903671, 5.33738384547e-05, 0.000113879279525, 4.06340177506e-06, 9.45411957218e-05, 6.48248387733e-05, 0.000345317268511],
        "var": [0.0278471298516, 0.138332024217, 0.0419289767742, 0.15278455615, 0.0557343997061, 0.0645053610206, 0.115012936294, 0.0411118119955, 0.105062581599, 0.064282014966, 0.091018974781, 0.0903514325619]
    }
},
"lowlevel": {
    "melbands": {
        "dmean": [0.00012566903024, 0.000307604612317, 0.000310017843731, 0.000159408271429, 0.000102406986116, 3.10540817736e-05, 1.59147493832e-05, 2.25034727919e-05, 9.35954631132e-06, 6.88880209054e-06, 6.92998082741e-06, 9.13697840588e-06, 1.31729939312e-06, 1.01856005585e-06, 1.55613577135e-06, 1.05806918782e-06, 8.23509935799e-07, 2.670372794e-07, 3.06399243755e-07, 2.99350460864e-07, 1.24170128402e-07, 1.74092292582e-07, 2.15321179553e-07, 1.81048619652e-07, 6.36849648572e-08, 4.90343232684e-08, 6.4975587577e-08, 1.05218958879e-07, 8.80173942619e-08, 1.12730035084e-07, 2.06507266398e-07, 3.79806294859e-07, 4.31220087194e-07, 2.52238720577e-07, 1.12407043673e-07, 7.28606366351e-08, 5.67725102485e-08, 4.08643678895e-08, 5.35676143443e-08, 8.16423479932e-08],
        "dmean2": [0.000199628339033, 0.000477366003906, 0.0005059374962, 0.000260450615315, 0.000160357580171, 5.0322018069e-05, 2.82475957647e-05, 4.00436329073e-05, 1.66356840055e-05, 1.23113350128e-05, 1.26297491079e-05, 1.69686845766e-05, 2.32092156693e-06, 1.88966419046e-06, 2.74242734122e-06, 1.96963924282e-06, 1.56059434175e-06, 4.83544170038e-07, 5.80700429964e-07, 5.63758305816e-07, 2.24002690175e-07, 3.05613696128e-07, 3.80555860602e-07, 3.30705120177e-07, 1.09542163784e-07, 8.57694786305e-08, 1.14938089268e-07, 1.96908544581e-07, 1.58600968803e-07, 2.05362994166e-07, 3.77000390017e-07, 7.00005671206e-07, 8.17924899366e-07, 4.49213729325e-07, 2.00531218297e-07, 1.31260193825e-07, 1.02898184196e-07, 7.31828890821e-08, 9.76783951501e-08, 1.51045455254e-07],
        "dvar": [7.25466549056e-08, 9.39134352507e-08, 1.32617870463e-07, 8.99343035599e-08, 1.76793477635e-08, 1.98178295996e-09, 1.23750043546e-09, 1.54140722408e-09, 3.58888169183e-10, 2.52419557478e-10, 1.62629146261e-10, 2.20585349986e-09, 6.20940278362e-12, 4.06844566717e-12, 1.61499771889e-11, 7.6376864902e-12, 8.75227321173e-12, 2.22607725981e-13, 8.15537795715e-13, 8.699927714e-13, 5.83946953292e-14, 8.28918842745e-14, 1.6129626931e-13, 1.42771699411e-13, 1.04216833188e-14, 1.00361749076e-14, 2.26201165004e-14, 1.46790227001e-13, 3.35318659775e-14, 8.46472956832e-14, 3.19135180522e-13, 1.1393367803e-12, 1.72499894143e-12, 7.26271744567e-13, 6.72047324474e-14, 1.79709220595e-14, 1.05942120717e-14, 6.80022190495e-15, 1.88302640895e-14, 5.0747492146e-14],
        "dvar2": [1.74661167307e-07, 2.14421447708e-07, 2.82679138763e-07, 2.19123322154e-07, 3.58939544753e-08, 3.71179442737e-09, 3.3467233429e-09, 4.33328306571e-09, 1.05332464972e-09, 7.11542103016e-10, 4.70394057039e-10, 6.3999321398e-09, 1.71692625395e-11, 1.17595343185e-11, 4.13444278813e-11, 2.20681996982e-11, 2.56250420189e-11, 6.07206884599e-13, 2.32400080083e-12, 2.47705545312e-12, 1.67266211732e-13, 2.261566314e-13, 4.5335921974e-13, 4.1195459587e-13, 2.65761601636e-14, 2.66347968664e-14, 6.36707619137e-14, 4.30811744785e-13, 9.45052480825e-14, 2.45759846935e-13, 8.91301247218e-13, 3.20397159324e-12, 4.84728186409e-12, 1.89954844389e-12, 1.77848607694e-13, 4.79776198696e-14, 2.78444717234e-14, 1.74233017066e-14, 4.96975101046e-14, 1.38482609169e-13],
        "max": [0.0018538973527, 0.00186646054499, 0.00275077670813, 0.00356900226325, 0.00104901031591, 0.000326666078763, 0.000280681706499, 0.000267971190624, 0.000105439881736, 0.000154594585183, 6.98684380041e-05, 0.000440004805569, 1.64780467458e-05, 1.45021640492e-05, 3.35663862643e-05, 2.02871851798e-05, 2.55163286056e-05, 2.78995457847e-06, 6.95401649864e-06, 6.67703443469e-06, 1.59954004175e-06, 1.94225026462e-06, 2.49601339419e-06, 2.93451330435e-06, 7.78447827088e-07, 9.3890247399e-07, 1.20988477192e-06, 3.32393119606e-06, 1.14609895263e-06, 2.25381018026e-06, 3.87443242289e-06, 6.18645663053e-06, 9.25592848944e-06, 7.9532564996e-06, 1.52531617914e-06, 5.86265116453e-07, 4.21432588382e-07, 4.70615646009e-07, 7.796677437e-07, 1.38046914344e-06],
        "mean": [0.000108964901301, 0.000389954802813, 0.000500554568134, 0.000186065793969, 0.000139190437039, 3.97786679969e-05, 1.56704772962e-05, 1.96135642909e-05, 7.82394727139e-06, 5.23899370819e-06, 4.99592624692e-06, 5.78750541536e-06, 1.05584626908e-06, 8.12313146525e-07, 1.21331936498e-06, 7.29557314116e-07, 5.28885891526e-07, 2.07451705592e-07, 2.02429305318e-07, 2.02488891432e-07, 1.02945257652e-07, 1.59099641905e-07, 1.86389740975e-07, 1.46290119574e-07, 6.01714376103e-08, 4.38875566999e-08, 5.7161077649e-08, 7.94256251879e-08, 6.74735005646e-08, 8.1076663605e-08, 1.42442004858e-07, 2.42540039608e-07, 2.67189960823e-07, 1.70123243493e-07, 8.01855293275e-08, 5.36364339609e-08, 4.42376695275e-08, 3.36243353161e-08, 4.26200692516e-08, 6.10357062669e-08],