{
"metadata": {
    "version": {
        "essentia": "2.0.1",
        "extractor": "archive-music 1.0 mod ismir14"
    },
    "audio_properties": {
        "analysis_sample_rate": 44100,
        "bitrate": 32,
        "channels": 2,
        "equal_loudness": 0,
        "length": 30.0408172607,
        "replay_gain": -12.2262630463,
        "downmix": "mix"
    },
    "tags": {
        "track": 6,
        "year": 0,
        "album": "Swing Classics (Jazz & Tzaz 70)",
        "artist": "Benny Carter",
        "comment": "",
        "genre": "Jazz",
        "title": "Babalu"
    }
},
"rhythm": {
    "bpm": 92.4430923462,
    "bpm_histogram_first_peak": 92,
    "bpm_histogram_first_peak_spread": 0.636363625526,
    "bpm_histogram_first_peak_weight": 0.355555564165,
    "bpm_histogram_second_peak": 99,
    "bpm_histogram_second_peak_spread": 0,
    "bpm_histogram_second_peak_weight": 0.0222222227603
},
"tonal": {
    "tuning_frequency": {
        "dmean": 0.350459903479,
        "dmean2": 0.565283000469,
        "dvar": 4.02016353607,
        "dvar2": 6.10596466064,
        "max": 455.779724121,
        "mean": 438.794921875,
        "median": 440.254241943,
        "min": 432.191345215,
        "var": 8.39334583282
    },
    "hpcp": {
        "dmean": [0.0925851389766, 0.178306028247, 0.0759853199124, 0.222990065813, 0.145310491323, 0.100056886673, 0.211525663733, 0.0743611454964, 0.18215174973, 0.0898591727018, 0.139341175556, 0.212678700686],
        "dmean2": [0.164338424802, 0.310759961605, 0.138531655073, 0.401566207409, 0.255203068256, 0.180804640055, 0.366631239653, 0.134779334068, 0.299673140049, 0.161011040211, 0.236139073968, 0.361146062613],
        "dvar": [0.0375944711268, 0.0520971380174, 0.0288618691266, 0.0735418274999, 0.0563458278775, 0.0166649501771, 0.0754257366061, 0.015994489193, 0.0400961339474, 0.0224629119039, 0.0342702232301, 0.0524012818933],
        "dvar2": [0.109891586006, 0.12649782002, 0.0826958715916, 0.155393913388, 0.116388656199, 0.048004437238, 0.128258466721, 0.0450186431408, 0.0848113819957, 0.0643625110388, 0.0809708684683, 0.121944122016],
        "max": [1, 1, 1, 1, 1, 1, 1, 0.605944275856, 1, 1, 1, 1],
        "mean": [0.0811924040318, 0.244971051812, 0.0650226399302, 0.458016186953, 0.264042586088, 0.113686136901, 0.353806376457, 0.0671176686883, 0.422829598188, 0.0815361589193, 0.214149996638, 0.405420124531],
        "median": [0.0277085490525, 0.109731949866, 0.0266975145787, 0.307639092207, 0.101715937257, 0.0809080526233, 0.172810137272, 0.0354376398027, 0.293331891298, 0.0404883250594, 0.149252563715, 0.32456690073],
        "min": [0.00141866970807, 0.00317537388764, 0.00117465958465, 0.00191560504027, 0.00123844610061, 0.00392643781379, 0.0036674013827, 0.00310347368941, 0.0124563463032, 0.0026983958669, 0.00270228763111, 0.00300574419089],
        "var": [0.024706332013, 0.0742707774043, 0.0183846801519, 0.138627141714, 0.122882269323, 0.0141531853005, 0.139703884721, 0.0105803003535, 0.114253096282, 0.0151729201898, 0.0472472645342, 0.114818714559]
    }
},
"lowlevel": {
    "melbands": {
        "dmean": [1.57713373028e-06, 9.47906846704e-06, 6.87337205818e-06, 1.5195870219e-05, 1.72041509359e-05, 2.85386104224e-05, 2.18809509533e-05, 6.33497766103e-05, 3.56041673513e-05, 2.55720315181e-05, 1.49343641169e-05, 1.1945924598e-05, 1.08484473458e-05, 9.50879257289e-06, 1.90883765754e-05, 1.37923125294e-05, 8.71069187269e-06, 5.57808607482e-06, 5.42438010598e-06, 6.55876101519e-06, 1.75372258582e-06, 2.30855334848e-06, 1.14471106372e-06, 9.97535721581e-07, 1.53940845848e-06, 4.45610396582e-07, 2.88382466351e-07, 3.22550476994e-07, 3.13805827545e-07, 3.37239981718e-07, 1.66842880844e-07, 8.40885476805e-08, 5.82944892358e-08, 2.50207516928e-08, 1.08403312993e-08, 9.3249452604e-09, 2.29185603828e-09, 3.92970322949e-10, 1.38962494289e-10, 6.80864947755e-11],
        "dmean2": [2.77081971944e-06, 1.68570768437e-05, 1.24994512589e-05, 2.73766436294e-05, 3.07921873173e-05, 4.91155333293e-05, 3.37468300131e-05, 0.000103947990283, 6.05578788964e-05, 4.37309099652e-05, 2.44787734118e-05, 1.91825929505e-05, 1.81734576472e-05, 1.73660919245e-05, 3.33641874022e-05, 2.29284669331e-05, 1.39289213621e-05, 9.70640121523e-06, 9.00535087567e-06, 1.09778857222e-05, 3.03391789203e-06, 3.99700638809e-06, 1.96231917471e-06, 1.75422792381e-06, 2.68559551841e-06, 7.8062691955e-07, 5.16375109783e-07, 5.64098002087e-07, 5.39416078027e-07, 6.17264390712e-07, 3.0373411164e-07, 1.55276680402e-07, 1.06586540483e-07, 4.58811832971e-08, 1.9769176518e-08, 1.62147273386e-08, 4.15302947587e-09, 7.07292724389e-10, 2.52707799131e-10, 1.22626589438e-10],
        "dvar": [2.5463051806e-12, 1.48169823633e-10, 4.09834839676e-11, 2.4395238607e-10, 3.76287917492e-10, 1.08906950125e-09, 7.16818326918e-10, 1.24136718682e-08, 3.4017315631e-09, 1.14439990817e-09, 4.47628684119e-10, 2.89720414326e-10, 2.4835167256e-10, 2.37739022912e-10, 8.28988988566e-10, 5.99873872797e-10, 2.22114035497e-10, 8.72140692998e-11, 6.83273645996e-11, 1.44018311166e-10, 4.39013105383e-12, 1.19713197688e-11, 1.88704173815e-12, 1.82526910253e-12, 4.92294052745e-12, 7.7333956296e-13, 2.1229154231e-13, 3.15583388415e-13, 1.86544668059e-13, 2.13946685346e-13, 6.79952513565e-14, 2.25597094987e-14, 1.32610614249e-14, 2.46998894353e-15, 3.59510031921e-16, 2.44402621903e-16, 1.12062434106e-17, 4.4022810694e-19, 5.01923437551e-20, 9.82359857027e-21],
        "dvar2": [6.48815636634e-12, 4.16223749911e-10, 1.15571684167e-10, 7.58544005386e-10, 1.21966126088e-09, 3.54919937884e-09, 1.75741754482e-09, 3.04699661058e-08, 8.88756623851e-09, 3.32909699807e-09, 1.06469166816e-09, 7.24789617212e-10, 6.66587007814e-10, 7.09179048819e-10, 2.13778394986e-09, 1.02190056417e-09, 4.73974082205e-10, 2.69007871534e-10, 1.7913770467e-10, 3.88291093723e-10, 1.15916347701e-11, 3.27451919746e-11, 4.43862698332e-12, 5.44860467508e-12, 1.43684673534e-11, 2.06413467048e-12, 6.59282090726e-13, 8.71042441734e-13, 5.60281747213e-13, 6.13658863308e-13, 2.05219508379e-13, 6.68235608449e-14, 3.84964277253e-14, 7.39755377452e-15, 1.05938611883e-15, 6.78252156333e-16, 3.09212619943e-17, 1.21722181057e-18, 1.41450172418e-19, 2.67275982277e-20],
        "max": [7.86163946032e-06, 9.1812798928e-05, 4.61062481918e-05, 0.000113902366138, 0.000111029075924, 0.000159257047926, 0.0002525045129, 0.000738063303288, 0.000349967536749, 0.000207268691156, 0.000105941377115, 0.000116930175864, 9.59717290243e-05, 0.000104022532469, 0.000163203629199, 0.000146951380884, 0.000118776071758, 5.84413428442e-05, 5.41269655514e-05, 0.000109073880594, 1.12702355182e-05, 2.67133909801e-05, 1.02621597762e-05, 7.92123591964e-06, 1.24624239106e-05, 6.87884175932e-06, 2.50846164818e-06, 3.62349419447e-06, 2.07679977393e-06, 2.55050235864e-06, 1.4664686887e-06, 8.54734935274e-07, 6.12512678799e-07, 2.59076614384e-07, 9.08647805886e-08, 1.05894542912e-07, 1.93986409158e-08, 3.42808714748e-09, 9.95796778369e-10, 5.4767074209e-10],
        "mean": [2.38928373619e-06, 1.39225994644e-05, 9.25719359657e-06, 2.02430182981e-05, 2.57418560068e-05, 3.67383618141e-05, 3.37968158419e-05, 8.36621038616e-05, 4.57632086182e-05, 2.73702898994e-05, 1.77850724867e-05, 1.42157223308e-05, 1.23174122564e-05, 9.27970904741e-06, 1.90398168343e-05, 1.55129655468e-05, 1.11432818812e-05, 5.46582532479e-06, 4.75014394397e-06, 6.36952563582e-06, 1.86324155038e-06, 2.61003106061e-06, 1.29749662392e-06, 1.07158189167e-06, 1.47644175286e-06, 4.84080658225e-07, 2.59147128645e-07, 2.80064483604e-07, 2.90572785389e-07, 3.07793328602e-07, 1.45363188153e-07, 6.80818033061e-08, 4.40471907837e-08, 1.80965376018e-08, 8.20295120718e-09, 7.60364127217e-09, 2.13300976881e-09, 3.22486343185e-10, 1.17992296489e-10, 6.77075825961e-11],