{
"metadata": {
    "version": {
        "essentia": "2.0.1",
        "extractor": "archive-music 1.0 mod ismir14"
    },
    "audio_properties": {
        "analysis_sample_rate": 44100,
        "bitrate": 32,
        "channels": 2,
        "equal_loudness": 0,
        "length": 30.0408172607,
        "replay_gain": -8.82323265076,
        "downmix": "mix"
    },
    "tags": {
        "track": 7,
        "year": 0,
        "album": "The Cool Jazz Collection",
        "artist": "Astrud Gilberto",
        "comment": "",
        "genre": "Jazz",
        "title": "Girl From Ipanema"
    }
},
"rhythm": {
    "bpm": 130.35269165,
    "bpm_histogram_first_peak": 129,
    "bpm_histogram_first_peak_spread": 0.482758641243,
    "bpm_histogram_first_peak_weight": 0.47619047761,
    "bpm_histogram_second_peak": 123,
    "bpm_histogram_second_peak_spread": 0,
    "bpm_histogram_second_peak_weight": 0.047619048506
},
"tonal": {
    "tuning_frequency": {
        "dmean": 0.0484918877482,
        "dmean2": 0.0891150683165,
        "dvar": 0.636560797691,
        "dvar2": 1.18172633648,
        "max": 456.570251465,
        "mean": 434.333587646,
        "median": 434.193115234,
        "min": 431.443084717,
        "var": 1.53785824776
    },
    "hpcp": {
        "dmean": [0.117558851838, 0.117502689362, 0.148892581463, 0.179968804121, 0.164157763124, 0.122495479882, 0.137848690152, 0.158772468567, 0.224847659469, 0.137497842312, 0.133298665285, 0.114559531212],
        "dmean2": [0.227867901325, 0.22523149848, 0.287764698267, 0.341691493988, 0.318820774555, 0.234742134809, 0.264857441187, 0.308015316725, 0.434349954128, 0.266184568405, 0.255671769381, 0.224116235971],
        "dvar": [0.0825346186757, 0.0761679038405, 0.0977375283837, 0.106223031878, 0.109149597585, 0.0778638646007, 0.0850833505392, 0.105062104762, 0.131563574076, 0.0954318419099, 0.0860351473093, 0.0802537798882],
        "dvar2": [0.237089514732, 0.220342293382, 0.273162961006, 0.296165764332, 0.309010505676, 0.227123066783, 0.239119440317, 0.29787877202, 0.366066426039, 0.277097553015, 0.243446230888, 0.235968500376],
        "max": [1, 1, 1, 1, 1, 1, 1, 1, 1, 1, 1, 1],
        "mean": [0.0731160715222, 0.104377910495, 0.10965180397, 0.207760706544, 0.116655625403, 0.0910654887557, 0.130346164107, 0.12087636441, 0.195656836033, 0.0946736708283, 0.0965061113238, 0.0800553560257],
        "median": [0.000366992491763, 0.00160812621471, 0.000657243537717, 0.00335754523985, 0.00107582169585, 0.00105618266389, 0.00153779378161, 0.00116604857612, 0.00428706826642, 0.000327032088535, 0.00174875627272, 0.000590120616835],
        "min": [0, 0, 0, 0, 0, 0, 0, 0, 0, 0, 0, 0],
        "var": [0.0543074272573, 0.0737787038088, 0.0805476456881, 0.135410264134, 0.0846473127604, 0.0646474510431, 0.0911456122994, 0.0876966565847, 0.129214912653, 0.0723924934864, 0.0638395771384, 0.059681378305]
    }
},
"lowlevel": {
    "melbands": {
        "dmean": [0.000815061270259, 0.00340391788632, 0.00358047545888, 0.00185751600657, 0.0010017384775, 0.000376902287826, 0.000127417544718, 0.000120374548715, 5.04997587996e-05, 2.66756214842e-05, 2.72201141343e-05, 2.80402055068e-05, 8.7740854724e-06, 6.54091581964e-06, 7.80335722084e-06, 4.62391062683e-06, 3.63599201592e-06, 1.66445227023e-06, 1.55934901613e-06, 1.54192809987e-06, 9.7333429494e-07, 1.23372637972e-06, 1.47943694628e-06, 1.48603805883e-06, 5.97519090206e-07, 3.50054449427e-07, 5.58021724828e-07, 8.3511520188e-07, 7.11317056812e-07, 8.71192241902e-07, 1.38960945151e-06, 2.46310719376e-06, 2.85025453195e-06, 1.69254838056e-06, 7.69471455442e-07, 4.15705159185e-07, 3.57877013357e-07, 2.85985123583e-07, 3.60014070111e-07, 5.49011133444e-07],
        "dmean2": [0.00138259225059, 0.00581840006635, 0.00615776563063, 0.00310061499476, 0.00167578773107, 0.000636982033029, 0.000189547034097, 0.000170917817741, 6.90634551574e-05, 3.40312799381e-05, 3.54610747308e-05, 3.63752551493e-05, 1.22929868667e-05, 9.9413218777e-06, 1.06773750304e-05, 6.87512692821e-06, 5.05958360009e-06, 2.44870398092e-06, 2.20141214413e-06, 2.22234461944e-06, 1.45272190366e-06, 1.81819837053e-06, 2.12612735595e-06, 2.26093015954e-06, 9.27721316657e-07, 5.23198195879e-07, 8.46841430757e-07, 1.38691427765e-06, 1.09107656954e-06, 1.2898104842e-06, 2.19011008085e-06, 3.83973065254e-06, 4.53291522717e-06, 2.64895311375e-06, 1.2500096318e-06, 6.28427699212e-07, 5.34519529083e-07, 4.19687751219e-07, 5.36533264039e-07, 8.39223787352e-07],
        "dvar": [2.56366183748e-06, 2.89929466817e-05, 3.57031822205e-05, 9.21283208299e-06, 2.72134320767e-06, 4.3494634383e-07, 1.43096656302e-07, 1.47995848465e-07, 1.85056947544e-08, 1.01075325887e-08, 6.77092115708e-09, 1.85134823028e-08, 1.08630160423e-09, 4.36118335889e-10, 6.64441779374e-10, 4.81559847554e-10, 5.16531650785e-10, 4.48203765768e-11, 7.06132791128e-11, 7.09754408024e-11, 1.43447311321e-11, 1.5530153552e-11, 2.30875891322e-11, 4.0741438001e-11, 6.55124869284e-12, 9.33842738381e-13, 4.3130820096e-12, 1.48728009075e-11, 8.07320790081e-12, 2.81307494659e-11, 5.90069174078e-11, 2.13510403801e-10, 6.72082778319e-10, 1.74796593866e-10, 1.48974790837e-11, 1.99962182229e-12, 1.48098102792e-12, 1.23005501184e-12, 3.93849189373e-12, 8.22304811049e-12],
        "dvar2": [6.90632532496e-06, 8.77137717907e-05, 0.000115425995318, 2.53764665104e-05, 7.37023719921e-06, 1.21196148939e-06, 2.20460222522e-07, 2.33085543755e-07, 2.89591248759e-08, 1.33874049624e-08, 1.17139222766e-08, 2.08677413127e-08, 2.57303489626e-09, 1.01950770048e-09, 1.0426804975e-09, 9.8448704744e-10, 8.70733485314e-10, 8.96614379964e-11, 1.12268083718e-10, 1.43292031018e-10, 2.77934411597e-11, 3.21567078521e-11, 4.97821991963e-11, 1.01387766238e-10, 1.57038548831e-11, 1.98309012441e-12, 8.69819841154e-12, 4.11190317906e-11, 1.93233901102e-11, 6.50738421482e-11, 1.32937133523e-10, 5.09167374929e-10, 1.78159942354e-09, 3.64113544871e-10, 4.21101556403e-11, 4.5041431522e-12, 3.47133368057e-12, 2.91600706255e-12, 9.96472002135e-12, 2.2488224824e-11],
        "max": [0.0338658280671, 0.0705954879522, 0.0708942487836, 0.0821814015508, 0.0244382992387, 0.0123338885605, 0.00940024666488, 0.00938514340669, 0.00368955358863, 0.00415607448667, 0.00216744188219, 0.0100217377767, 0.000944839906879, 0.000631763250567, 0.00151307519991, 0.000834463571664, 0.00104430841748, 0.000276200764347, 0.000345474720234, 0.000322424457408, 0.000127389314002, 8.03978982731e-05, 9.09501468414e-05, 0.000145319412695, 9.87803941825e-05, 2.7062396839e-05, 5.64813090023e-05, 0.000131793116452, 8.21044668555e-05, 0.000164587792824, 0.000195671935217, 0.000375024304958, 0.000987323699519, 0.00063030642923, 0.000104194055893, 3.2768726669e-05, 2.56174080278e-05, 4.17019473389e-05, 7.66730663599e-05, 8.16119572846e-05],
        "mean": [0.0015235816827, 0.00622610887513, 0.0075298291631, 0.00367314484902, 0.00228450004943, 0.000823416456115, 0.000306230445858, 0.000303191598505, 0.000142761258758, 8.75729310792e-05, 8.56977640069e-05, 8.69242721819e-05, 2.26744014071e-05, 1.27769053506e-05, 1.98360594368e-05, 1.17343033708e-05, 8.17941054265e-06, 3.43438159689e-06, 3.3166331832e-06, 3.21264815284e-06, 1.74738090664e-06, 2.63553693003e-06, 3.11847975354e-06, 2.48819765147e-06, 1.07060031951e-06, 7.16206216111e-07, 1.00848183138e-06, 1.30735884341e-06, 1.12124598672e-06, 1.39312476222e-06, 2.39457540374e-06, 3.98515840061e-06, 4.20369588028e-06, 2.9588122743e-06, 1.39684425449e-06, 9.20160800888e-07, 7.5938135069e-07, 5.75368915179e-07, 7.38362075481e-07, 1.05217418422e-06],