{
"metadata": {
    "version": {
        "essentia": "2.0.1",
        "extractor": "archive-music 1.0 mod ismir14"
    },
    "audio_properties": {
        "analysis_sample_rate": 44100,
        "bitrate": 32,
        "channels": 2,
        "equal_loudness": 0,
        "length": 30.0408172607,
        "replay_gain": -12.206199646,
        "downmix": "mix"
    },
    "tags": {
        "track": 6,
        "year": 0,
        "album": "Swing Classics (Jazz & Tzaz 70)",
        "artist": "Benny Carter",
        "comment": "",
        "genre": "Jazz",
        "title": "Babalu"
    }
},
"rhythm": {
    "bpm": 92.4049606323,
    "bpm_histogram_first_peak": 92,
    "bpm_histogram_first_peak_spread": 0.613636374474,
    "bpm_histogram_first_peak_weight": 0.377777785063,
    "bpm_histogram_second_peak": 99,
    "bpm_histogram_second_peak_spread": 0,
    "bpm_histogram_second_peak_weight": 0.0222222227603
},
"tonal": {
    "tuning_frequency": {
        "dmean": 0.0396616607904,
        "dmean2": 0.0753304436803,
        "dvar": 0.369069069624,
        "dvar2": 0.834729731083,
        "max": 454.727905273,
        "mean": 438.313018799,
        "median": 437.465789795,
        "min": 433.191070557,
        "var": 2.37481188774
    },
    "hpcp": {
        "dmean": [0.147334009409, 0.143105953932, 0.150460451841, 0.192499697208, 0.139420613647, 0.119898684323, 0.151672258973, 0.125735446811, 0.193287625909, 0.144128158689, 0.183561146259, 0.193800315261],
        "dmean2": [0.276075750589, 0.259167224169, 0.285256624222, 0.347007602453, 0.256701260805, 0.221506938338, 0.266695052385, 0.234386235476, 0.346647053957, 0.270358741283, 0.332802802324, 0.344014436007],
        "dvar": [0.066895082593, 0.0602386146784, 0.0792895406485, 0.079609952867, 0.0619267337024, 0.0562337487936, 0.0587018840015, 0.0595605187118, 0.0756925716996, 0.0703689679503, 0.070518001914, 0.0759917199612],
        "dvar2": [0.191589385271, 0.16729965806, 0.229227662086, 0.209994509816, 0.167557030916, 0.158634528518, 0.156295031309, 0.167514532804, 0.20136384666, 0.202108830214, 0.191555991769, 0.203551888466],
        "max": [1, 1, 1, 1, 1, 1, 1, 1, 1, 1, 1, 1],
        "mean": [0.11242967844, 0.149324148893, 0.109551280737, 0.396844923496, 0.164013877511, 0.101999528706, 0.241052567959, 0.0961621403694, 0.288026332855, 0.103948920965, 0.190630421042, 0.235488459468],
        "median": [0.0113755175844, 0.0207528248429, 0.00371244247071, 0.187654227018, 0.0124476011842, 0.0125099765137, 0.0611705109477, 0.00739421416074, 0.101613670588, 0.00829865969718, 0.0639154687524, 0.0650207176805],
        "min": [0, 0, 0, 0, 0, 0, 0, 0, 0, 0, 0, 0],
        "var": [0.056676864624, 0.0675306767225, 0.0662592947483, 0.173412829638, 0.0928268432617, 0.0498870536685, 0.117122471333, 0.0489574111998, 0.129721805453, 0.0524091534317, 0.0768308266997, 0.107162244618]
    }
},
"lowlevel": {
    "melbands": {
        "dmean": [2.7906284231e-05, 0.000123413250549, 0.000139438619954, 0.000259221036686, 0.000311824376695, 0.000346099492162, 0.000266739371, 0.000343110936228, 0.000247899879469, 0.00015893575619, 0.000117578041682, 9.74808062892e-05, 9.35461430345e-05, 7.98454202595e-05, 0.000148456601892, 0.000132394809043, 7.20477401046e-05, 3.7354802771e-05, 3.98938936996e-05, 4.34383437096e-05, 1.4994770936e-05, 2.22775561269e-05, 1.02530557342e-05, 6.91992590873e-06, 8.7564212663e-06, 3.04932746076e-06, 1.83807264875e-06, 2.24163204621e-06, 1.76404330432e-06, 1.65830419974e-06, 8.06828893474e-07, 3.9090394921e-07, 2.65959585022e-07, 1.01942632114e-07, 4.46504060392e-08, 4.13829113199e-08, 1.16016511953e-08, 2.06720374152e-09, 8.99413377109e-10, 5.11816478088e-10],
        "dmean2": [4.31159351137e-05, 0.000201110262424, 0.000243574439082, 0.000469763384899, 0.00056817184668, 0.000593154807575, 0.00041704371688, 0.00048368415446, 0.000343777355738, 0.000219111185288, 0.000181149545824, 0.000148609135067, 0.000143790370203, 0.000124018421047, 0.000225445692195, 0.000209486155654, 0.000107850770291, 5.25288123754e-05, 5.79858788115e-05, 6.47685446893e-05, 2.31922076637e-05, 3.54618241545e-05, 1.66874142451e-05, 1.06811066871e-05, 1.26661025206e-05, 4.55872213934e-06, 2.88866908704e-06, 3.42952284882e-06, 2.65552580458e-06, 2.39436940319e-06, 1.16831540709e-06, 5.63857383895e-07, 3.82183571901e-07, 1.48236367181e-07, 6.34683416934e-08, 5.96477747195e-08, 1.70538072553e-08, 3.10364356437e-09, 1.385002113e-09, 8.15676026722e-10],
        "dvar": [1.29507649049e-09, 2.42052298205e-08, 4.91063048003e-08, 1.53654951873e-07, 2.11632624314e-07, 2.81990139683e-07, 1.41361624628e-07, 5.17353669238e-07, 2.16356639271e-07, 8.91014977356e-08, 6.94743107488e-08, 5.58300641273e-08, 5.05178405774e-08, 3.00029157074e-08, 8.77891608297e-08, 1.22057855378e-07, 3.60334446725e-08, 7.79886200064e-09, 1.17744711758e-08, 1.15611245022e-08, 7.25627447018e-10, 4.00936439604e-09, 5.56159063247e-10, 2.08328979068e-10, 4.56526982884e-10, 5.84195192221e-11, 1.97516569073e-11, 5.2650946103e-11, 1.97509005678e-11, 1.52898700645e-11, 4.51714143521e-12, 1.23049357162e-12, 6.99162028186e-13, 1.20176899031e-13, 1.55271185042e-14, 1.42779210899e-14, 7.79706004046e-16, 3.61952630096e-17, 6.60695831821e-18, 1.48554637999e-18],
        "dvar2": [2.69638822381e-09, 6.07350969517e-08, 1.41813472965e-07, 4.57058575876e-07, 6.62944501073e-07, 8.16938040771e-07, 3.4484094158e-07, 1.11238591671e-06, 4.6047620117e-07, 1.8085489728e-07, 1.71388322201e-07, 1.43083752846e-07, 1.24616420294e-07, 8.09453837292e-08, 2.03666147058e-07, 3.16825662594e-07, 9.06276227397e-08, 1.56642396831e-08, 2.71916604788e-08, 2.50818228409e-08, 1.74252245966e-09, 1.07745572464e-08, 1.58305091258e-09, 5.02966834848e-10, 9.6571350916e-10, 1.26804663991e-10, 4.74616110302e-11, 1.27179863862e-10, 4.6463985437e-11, 3.24601907853e-11, 1.01737333835e-11, 2.64688986874e-12, 1.61037220885e-12, 2.55695855114e-13, 2.9943681947e-14, 3.1766818722e-14, 1.66252376398e-15, 7.43878958832e-17, 1.3330055276e-17, 3.34381310616e-18],
        "max": [0.000478924222989, 0.0022134874016, 0.00447468459606, 0.00904813129455, 0.00615160679445, 0.00782036501914, 0.00610609911382, 0.0177189316601, 0.0083146058023, 0.00530905649066, 0.00480735208839, 0.00451503740624, 0.0052380063571, 0.00370752764866, 0.00573065597564, 0.00552472565323, 0.00415980815887, 0.0022413295228, 0.00195929710753, 0.00253506586887, 0.000514244369697, 0.00148985011037, 0.000421868026024, 0.000300093292026, 0.000377037795261, 0.000196874054382, 8.26230170787e-05, 0.000139583906275, 6.98786825524e-05, 6.89492808306e-05, 4.58826179965e-05, 3.02857351926e-05, 2.14191986743e-05, 7.21794549463e-06, 2.46697709372e-06, 2.6506688755e-06, 4.18603946173e-07, 1.2774361835e-07, 6.36963406464e-08, 2.67753641481e-08],
        "mean": [3.93078917114e-05, 0.000177041132702, 0.0001768162183, 0.000327815243509, 0.000416904309532, 0.000568455900066, 0.000615735712927, 0.00124189292546, 0.000773353502154, 0.000433312408859, 0.000299018312944, 0.000244453112828, 0.000192434206838, 0.000147282626131, 0.000297140504699, 0.000241794754402, 0.000178322312422, 9.25803688006e-05, 7.38015078241e-05, 9.8284559499e-05, 3.12180709443e-05, 4.04618403991e-05, 2.17497436097e-05, 1.68085462064e-05, 2.3919474188e-05, 7.87467979535e-06, 4.03892681788e-06, 4.41763586423e-06, 4.58983504359e-06, 4.93361267218e-06, 2.29460647461e-06, 1.08808455934e-06, 7.00729117398e-07, 2.85849694137e-07, 1.27736839772e-07, 1.20030350104e-07, 3.367224366e-08, 5.07485875545e-09, 1.89396431871e-09, 1.08839248725e-09],