{
"metadata": {
    "version": {
        "essentia": "2.0.1",
        "extractor": "archive-music 1.0 mod ismir14"
    },
    "audio_properties": {
        "analysis_sample_rate": 44100,
        "bitrate": 128,
        "channels": 2,
        "equal_loudness": 0,
        "length": 30.0669155121,
        "replay_gain": -9.77210235596,
        "downmix": "mix"
    },
    "tags": {
        "track": 0,
        "year": 0,
        "album": "",
        "artist": "",
        "comment": "",
        "genre": "",
        "title": ""
    }
},
"rhythm": {
    "bpm": 172.265594482,
    "bpm_histogram_first_peak": 172,
    "bpm_histogram_first_peak_spread": 0,
    "bpm_histogram_first_peak_weight": 0.5,
    "bpm_histogram_second_peak": 178,
    "bpm_histogram_second_peak_spread": 0,
    "bpm_histogram_second_peak_weight": 0.27380952239
},
"tonal": {
    "tuning_frequency": {
        "dmean": 0.0528186261654,
        "dmean2": 0.10260297358,
        "dvar": 0.299568384886,
        "dvar2": 0.675466060638,
        "max": 448.726654053,
        "mean": 434.774078369,
        "median": 433.691802979,
        "min": 432.690917969,
        "var": 3.31306123734
    },
    "hpcp": {
        "dmean": [0.0828072801232, 0.147193610668, 0.156200051308, 0.154935121536, 0.0309557039291, 0.0803115442395, 0.0835298225284, 0.123357348144, 0.0552495159209, 0.0586995556951, 0.143522888422, 0.0611593239009],
        "dmean2": [0.147205352783, 0.266018748283, 0.285926252604, 0.278349459171, 0.0563263744116, 0.1415155828, 0.147544756532, 0.21645988524, 0.0990018770099, 0.103757999837, 0.242043405771, 0.112590029836],
        "dvar": [0.0408169925213, 0.0681941211224, 0.079712934792, 0.0855671018362, 0.0177446063608, 0.0437634214759, 0.0470665991306, 0.0687214285135, 0.0316825546324, 0.0254232492298, 0.0596855059266, 0.0288358349353],
        "dvar2": [0.103958152235, 0.174758061767, 0.210832580924, 0.169533848763, 0.0455215387046, 0.102886296809, 0.091392852366, 0.135307908058, 0.0748348236084, 0.0617648251355, 0.120100207627, 0.0745140388608],
        "max": [1, 1, 1, 1, 1, 1, 1, 1, 1, 1, 1, 1],
        "mean": [0.0800060480833, 0.186905175447, 0.145015284419, 0.31304782629, 0.0237878728658, 0.107474565506, 0.126701280475, 0.185561925173, 0.0539053045213, 0.0618993192911, 0.331514179707, 0.0504749454558],
        "median": [0.0101564554498, 0.0346868596971, 0.0315816812217, 0.0501780696213, 0.00117894366849, 0.011351489462, 0.00146462535486, 0.0102462163195, 0.00273852120154, 0.00452267145738, 0.098920956254, 0.00362000893801],
        "min": [0, 0, 4.7028543122e-06, 0, 0, 0, 1.39171368119e-06, 0, 0, 0, 1.8189301727e-06, 0],
        "var": [0.0420046895742, 0.101390786469, 0.0716353580356, 0.172654256225, 0.0136680072173, 0.0682434141636, 0.0898082405329, 0.117661096156, 0.036138471216, 0.0338168404996, 0.159382432699, 0.0236676167697]
    }
},
"lowlevel": {
    "melbands": {
        "dmean": [1.72012710209e-06, 4.15888207499e-05, 5.50964577997e-05, 0.000504516705405, 0.000502859533299, 0.000269169395324, 0.000113127651275, 9.66610241449e-05, 5.68214854866e-05, 3.95337301597e-05, 3.27367088175e-05, 2.00838712772e-05, 3.40967671946e-05, 1.30056023409e-05, 1.0182283404e-05, 8.53251367516e-06, 1.75447494257e-05, 8.48245508678e-06, 9.90467196971e-06, 2.76641912933e-06, 3.98551037506e-06, 3.89293654735e-06, 2.22145399675e-06, 2.73769205705e-06, 7.07277331458e-06, 7.34482728149e-06, 2.12034774449e-06, 1.1576179304e-06, 3.97684175368e-07, 2.55107551084e-07, 9.91788908777e-08, 1.60294426621e-08, 2.9755167219e-09, 6.44366227043e-10, 2.41855424576e-10, 9.92924145682e-11, 3.85177514883e-11, 1.70746906197e-11, 1.45020740208e-11, 4.19038588551e-12],
        "dmean2": [2.75171555586e-06, 6.42845625407e-05, 8.2578517322e-05, 0.000778511457611, 0.000787979282904, 0.000417149363784, 0.000176451561856, 0.000149455459905, 9.10630187718e-05, 6.45618347335e-05, 4.9343721912e-05, 3.10982613883e-05, 5.29194512637e-05, 2.00544764084e-05, 1.66645604622e-05, 1.35237105496e-05, 2.83945137198e-05, 1.34428782985e-05, 1.50858622874e-05, 4.211896794e-06, 6.45356749374e-06, 6.45713089398e-06, 3.64379707207e-06, 4.22011362389e-06, 1.0959647625e-05, 1.1249671843e-05, 3.39352277479e-06, 1.87047578493e-06, 6.18220326487e-07, 3.95632525851e-07, 1.53544249315e-07, 2.59570764882e-08, 4.81294515353e-09, 1.03372299609e-09, 3.79978881693e-10, 1.56780435856e-10, 5.93286531014e-11, 2.62160831238e-11, 2.24164211499e-11, 6.93847540187e-12],
        "dvar": [4.81898332003e-12, 8.05492295086e-09, 1.15164349168e-08, 1.82294388651e-06, 8.27612439025e-07, 1.46903062159e-07, 4.96765935054e-08, 6.24895264423e-08, 4.444799373e-08, 1.55011896652e-08, 1.2990007292e-08, 5.49566703256e-09, 1.49947556594e-08, 2.00683736296e-09, 1.73529812741e-09, 4.08954009545e-10, 3.35035221788e-09, 3.18530202215e-10, 4.31848695692e-10, 2.58636861927e-11, 5.22918999768e-11, 7.19706585994e-11, 2.85227067659e-11, 3.61642035762e-11, 3.98667709955e-10, 3.90786875082e-10, 2.02182229292e-11, 7.8772526696e-12, 1.6334554152e-12, 1.73259692184e-12, 3.41440363396e-13, 4.26455974416e-15, 6.28403049777e-16, 8.30169381542e-18, 5.98211952517e-19, 1.16162601933e-19, 2.5516625198e-20, 2.00518338629e-20, 2.63366600686e-20, 1.0510329327e-21],
        "dvar2": [1.18324308684e-11, 1.29336488186e-08, 2.22303331299e-08, 3.82226426154e-06, 1.87865373391e-06, 3.46677325069e-07, 1.25503632376e-07, 1.526977087e-07, 1.10586526603e-07, 3.53631399719e-08, 2.81610734731e-08, 1.1778479525e-08, 3.28302185437e-08, 3.80887499318e-09, 3.80223230678e-09, 8.88025486478e-10, 5.7784586005e-09, 7.73838604307e-10, 8.14073919386e-10, 5.67541187657e-11, 1.28780736075e-10, 1.81108336661e-10, 6.58278015431e-11, 6.93899729343e-11, 9.48337630646e-10, 7.70236929792e-10, 5.01448847723e-11, 1.90571915887e-11, 3.74471504153e-12, 4.25679500329e-12, 8.14484981196e-13, 9.63550375962e-15, 1.60181468919e-15, 1.72550487892e-17, 1.3825290997e-18, 2.97418321014e-19, 6.35336361246e-20, 5.01318658663e-20, 6.59719190011e-20, 2.6368847815e-21],
        "max": [3.06349757011e-05, 0.00225907773711, 0.00162454636302, 0.0302676744759, 0.0138648161665, 0.00364304659888, 0.00219669635408, 0.00280454242602, 0.00276779313572, 0.00148456124589, 0.00142521702219, 0.000916198070627, 0.001702621812, 0.000611251278315, 0.000543984293472, 0.000283210189082, 0.00127735792194, 0.000181874129339, 0.000422161334427, 8.18400803837e-05, 7.01707613189e-05, 0.000108290070784, 5.35562867299e-05, 8.65832771524e-05, 0.000304660847178, 0.000318115780829, 4.2393723561e-05, 2.62796220341e-05, 2.03916588362e-05, 2.54348124145e-05, 1.21426000987e-05, 1.09620077637e-06, 5.18647084391e-07, 4.15214707061e-08, 1.08740589866e-08, 4.55703208502e-09, 2.240028385e-09, 1.92206206506e-09, 2.54851162396e-09, 4.97405894251e-10],
        "mean": [2.27049599744e-06, 7.26686994312e-05, 0.000107267878775, 0.000878192891832, 0.000838008068968, 0.000386722385883, 0.000148956183693, 0.000147954910062, 6.5597021603e-05, 4.17416158598e-05, 3.98684023821e-05, 2.14293395402e-05, 3.80432720704e-05, 1.43061079143e-05, 1.19111700769e-05, 9.5213908935e-06, 2.01328657568e-05, 9.68588028627e-06, 1.29823538373e-05, 3.66576023225e-06, 4.32666774941e-06, 3.86886767956e-06, 2.46070794674e-06, 3.36085759045e-06, 7.14355064702e-06, 7.98964174464e-06, 2.1590049073e-06, 1.07836251573e-06, 3.710425176e-07, 2.15389420077e-07, 8.57326227788e-08, 1.47808583151e-08, 2.53438714459e-09, 7.0398642471e-10, 2.84388540495e-10, 1.19416934674e-10, 4.59691278099e-11, 1.61333550686e-11, 9.20557900741e-12, 2.6253812492e-12],