{
"metadata": {
    "version": {
        "essentia": "2.0.1",
        "extractor": "archive-music 1.0 mod ismir14"
    },
    "audio_properties": {
        "analysis_sample_rate": 44100,
        "bitrate": 96,
        "channels": 2,
        "equal_loudness": 0,
        "length": 30.0669155121,
        "replay_gain": -13.4506072998,
        "downmix": "mix"
    },
    "tags": {
        "track": 0,
        "year": 0,
        "album": "",
        "artist": "",
        "comment": "",
        "genre": "",
        "title": ""
    }
},
"rhythm": {
    "bpm": 88.3257827759,
    "bpm_histogram_first_peak": 89,
    "bpm_histogram_first_peak_spread": 0.309523761272,
    "bpm_histogram_first_peak_weight": 0.674418628216,
    "bpm_histogram_second_peak": 94,
    "bpm_histogram_second_peak_spread": 0,
    "bpm_histogram_second_peak_weight": 0.0232558138669
},
"tonal": {
    "tuning_frequency": {
        "dmean": 0.318737834692,
        "dmean2": 0.592313766479,
        "dvar": 4.22273588181,
        "dvar2": 9.60269451141,
        "max": 456.306610107,
        "mean": 442.205352783,
        "median": 440.763122559,
        "min": 431.692352295,
        "var": 22.9206256866
    },
    "hpcp": {
        "dmean": [0.169668510556, 0.160250172019, 0.170973524451, 0.232485309243, 0.0922154709697, 0.151078626513, 0.202879026532, 0.241555720568, 0.169675141573, 0.129281684756, 0.252921640873, 0.0763362571597],
        "dmean2": [0.28643450141, 0.282600969076, 0.299383491278, 0.405610978603, 0.165504515171, 0.256912738085, 0.347042798996, 0.40094473958, 0.290192633867, 0.227173179388, 0.42973908782, 0.134592607617],
        "dvar": [0.0435914508998, 0.0557446479797, 0.0612299479544, 0.0769764259458, 0.0229012295604, 0.0525101423264, 0.0612162202597, 0.064838051796, 0.0537062101066, 0.0377802997828, 0.0716559141874, 0.018981995061],
        "dvar2": [0.105996049941, 0.146252468228, 0.145327210426, 0.181173712015, 0.0630901604891, 0.109272010624, 0.146797120571, 0.154054909945, 0.133356794715, 0.10274169594, 0.147629514337, 0.0506119839847],
        "max": [1, 1, 1, 1, 1, 1, 1, 1, 1, 1, 1, 1],
        "mean": [0.237074956298, 0.139395132661, 0.173714846373, 0.278963565826, 0.0797371044755, 0.255913794041, 0.278325736523, 0.329162538052, 0.197154760361, 0.114220194519, 0.624765336514, 0.0755349323153],
        "median": [0.134241804481, 0.0410737358034, 0.0584742203355, 0.126461520791, 0.0281891562045, 0.0822833701968, 0.143545672297, 0.205984696746, 0.0699160322547, 0.0387783534825, 0.661539494991, 0.0319694578648],
        "min": [0.00266026845202, 0, 0, 0, 0.000332316791173, 0.00178843981121, 0.000498911365867, 0, 0.000531344907358, 0, 0, 0],
        "var": [0.0707074999809, 0.0501827262342, 0.0698390975595, 0.105691954494, 0.0185671467334, 0.112880386412, 0.104650937021, 0.107718914747, 0.0777080133557, 0.0359540879726, 0.128264516592, 0.0173571053892]
    }
},
"lowlevel": {
    "melbands": {
        "dmean": [4.77171633975e-05, 0.000211011021747, 0.000217820270336, 0.000105320199509, 6.67958665872e-05, 0.000116491035442, 0.000128291067085, 0.000130655491375, 0.000130400017952, 6.8663735874e-05, 5.03394985572e-05, 2.94063775073e-05, 2.38603824982e-05, 1.51583999468e-05, 2.41886609729e-05, 1.4547689716e-05, 1.60234740179e-05, 1.28612382468e-05, 1.00093166111e-05, 8.724457075e-06, 6.91794593877e-06, 6.95639755577e-06, 8.65005404194e-06, 9.81054927252e-06, 7.06395667294e-06, 5.37978530701e-06, 4.5466690608e-06, 2.66135862148e-06, 1.46870411299e-06, 1.2235440181e-06, 9.0122483698e-07, 5.19387469922e-07, 2.63426017e-07, 1.92876044025e-07, 1.78518433813e-07, 1.34578499456e-07, 8.22914145715e-08, 3.41800614478e-08, 6.48462927799e-09, 3.07957298551e-10],
        "dmean2": [7.11669854354e-05, 0.000332877913024, 0.000348470872268, 0.000140085612657, 0.000107011735963, 0.000188281890587, 0.000210229467484, 0.000221760026761, 0.000186902150745, 0.00010133448086, 7.44200588088e-05, 4.68449179607e-05, 3.69722401956e-05, 2.39113596763e-05, 3.7322875869e-05, 2.10930356843e-05, 2.4326816856e-05, 2.03232630156e-05, 1.60496419994e-05, 1.35274030981e-05, 1.09662360046e-05, 1.05500857899e-05, 1.26150334836e-05, 1.42353146657e-05, 1.09350548883e-05, 7.91149886936e-06, 7.12639985068e-06, 4.11633891417e-06, 2.3794716526e-06, 1.91334288502e-06, 1.35687298553e-06, 8.03077682576e-07, 3.98708351668e-07, 3.05440920556e-07, 2.87807694122e-07, 2.15177038854e-07, 1.34523006068e-07, 5.63837190271e-08, 1.0736035172e-08, 5.14433273757e-10],
        "dvar": [3.6380072288e-09, 9.25879177771e-08, 7.53051736524e-08, 2.84709766873e-08, 8.3779658766e-09, 1.99995007222e-08, 3.17373789471e-08, 5.51688827954e-08, 4.87972471319e-08, 2.42715074705e-08, 6.51920384342e-09, 1.03509272265e-08, 6.23988594128e-09, 1.43243050754e-09, 4.26249480157e-09, 1.36232691794e-09, 2.32816210755e-09, 7.93539400856e-10, 5.10733844106e-10, 6.2996741157e-10, 1.97764526977e-10, 1.80658821236e-10, 2.98449182035e-10, 4.74069727918e-10, 2.10328560124e-10, 1.05238977255e-10, 1.28949115275e-10, 5.37663351341e-11, 7.03397539867e-12, 8.12555491642e-12, 4.91269178116e-12, 1.4418043582e-12, 2.05497104793e-13, 7.6752799537e-14, 6.56747266704e-14, 3.01318757272e-14, 1.09851931628e-14, 2.87756722171e-15, 1.08842615374e-16, 2.25372699118e-19],
        "dvar2": [5.92131321753e-09, 2.0322541161e-07, 1.67499138115e-07, 4.89713372076e-08, 2.11839061848e-08, 4.83611799496e-08, 8.16364291722e-08, 1.47104202597e-07, 7.57147802233e-08, 4.0048899308e-08, 1.27557573393e-08, 2.4244489083e-08, 1.25982237975e-08, 2.84655499172e-09, 9.40550926032e-09, 2.6081481419e-09, 5.53248646895e-09, 1.8901784582e-09, 1.28623334206e-09, 1.62070512566e-09, 4.26748136828e-10, 4.00860566963e-10, 5.03069808033e-10, 1.06253550403e-09, 4.68624805627e-10, 2.26525700975e-10, 2.78794182185e-10, 1.00502051126e-10, 1.76681742153e-11, 1.78877121448e-11, 1.0781392272e-11, 3.17001112859e-12, 4.23367043463e-13, 1.47384938997e-13, 1.45260485498e-13, 7.14742325113e-14, 2.74187631285e-14, 7.45809037222e-15, 2.81165228242e-16, 5.93133942435e-19],
        "max": [0.000848471594509, 0.0032061834354, 0.00254915445112, 0.00232688616961, 0.0012226755498, 0.00121647340711, 0.00135736435186, 0.00166841549799, 0.00395336281508, 0.00250150333159, 0.00111192103941, 0.00114794471301, 0.00107014225796, 0.000496870139614, 0.00086181354709, 0.000570853415411, 0.00074251787737, 0.000342700193869, 0.000219341542106, 0.000408989290008, 0.000139076189953, 0.000134143774631, 0.000198237874429, 0.000327660411131, 0.000196395354578, 0.000117564944958, 0.000154570501763, 0.000104183098301, 2.85262467514e-05, 5.84175395488e-05, 3.56118252967e-05, 2.02941009775e-05, 6.98510348229e-06, 4.98027748108e-06, 3.32933495883e-06, 2.11576116271e-06, 1.08937251753e-06, 7.02332954461e-07, 9.45322824464e-08, 3.93976806734e-09],
        "mean": [7.93438302935e-05, 0.000292405078653, 0.000324947934132, 0.000168017795659, 9.15207565413e-05, 0.00016663808492, 0.0001646689052, 0.000123478399473, 0.00019939331105, 0.000101568861282, 7.71323393565e-05, 3.44888539985e-05, 2.75162856269e-05, 1.93115320144e-05, 3.06007132167e-05, 1.79925427801e-05, 1.89241090993e-05, 1.57643862622e-05, 1.11691815619e-05, 9.9232647699e-06, 9.11138431547e-06, 9.22152594285e-06, 1.40869897223e-05, 1.55728321261e-05, 1.00195884443e-05, 8.46509828989e-06, 7.06220180291e-06, 4.0221875679e-06, 2.18956711251e-06, 1.78831885478e-06, 1.46176512317e-06, 9.01787586827e-07, 4.55994154436e-07, 3.53681656406e-07, 3.19336606935e-07, 2.21898503128e-07, 1.35256570388e-07, 5.44054508111e-08, 9.48947675994e-09, 3.55815293895e-10],