{
"metadata": {
    "version": {
        "essentia": "2.0.1",
        "extractor": "archive-music 1.0 mod ismir14"
    },
    "audio_properties": {
        "analysis_sample_rate": 44100,
        "bitrate": 1444,
        "channels": 2,
        "equal_loudness": 0,
        "length": 30,
        "replay_gain": -8.87187004089,
        "downmix": "mix"
    },
    "tags": {
        "track": 0,
        "year": 0,
        "album": "",
        "artist": "",
        "comment": "",
        "genre": "",
        "title": ""
    }
},
"rhythm": {
    "bpm": 130.42539978,
    "bpm_histogram_first_peak": 129,
    "bpm_histogram_first_peak_spread": 0.438596487045,
    "bpm_histogram_first_peak_weight": 0.507936537266,
    "bpm_histogram_second_peak": 123,
    "bpm_histogram_second_peak_spread": 0,
    "bpm_histogram_second_peak_weight": 0.047619048506
},
"tonal": {
    "tuning_frequency": {
        "dmean": 0.0171755570918,
        "dmean2": 0.0251366272569,
        "dvar": 0.0237979739904,
        "dvar2": 0.0573876947165,
        "max": 438.731048584,
        "mean": 438.471038818,
        "median": 438.477722168,
        "min": 437.213165283,
        "var": 0.0101659391075
    },
    "hpcp": {
        "dmean": [0.0535251647234, 0.233128964901, 0.0840938165784, 0.23892480135, 0.146841898561, 0.0775472223759, 0.230800628662, 0.0401377789676, 0.208343461156, 0.133222937584, 0.177719652653, 0.186970233917],
        "dmean2": [0.0977806374431, 0.420846700668, 0.157150581479, 0.426013439894, 0.25488653779, 0.14084109664, 0.418997764587, 0.0758463218808, 0.385595679283, 0.248082816601, 0.323750495911, 0.328309953213],
        "dvar": [0.0212444160134, 0.0957914069295, 0.0418336726725, 0.108861349523, 0.0546083785594, 0.0390373393893, 0.102763213217, 0.0147899817675, 0.0844919234514, 0.0602140240371, 0.0771336778998, 0.0803723111749],
        "dvar2": [0.0581533014774, 0.176032811403, 0.115746207535, 0.228799208999, 0.125086203218, 0.100228153169, 0.238994389772, 0.0302574522793, 0.224297299981, 0.171806365252, 0.208025410771, 0.178998678923],
        "max": [1, 1, 1, 1, 1, 1, 1, 1, 1, 1, 1, 1],
        "mean": [0.0374090522528, 0.316431701183, 0.0506434813142, 0.314703434706, 0.136057138443, 0.0806058421731, 0.268219262362, 0.0523229725659, 0.206698581576, 0.0951248034835, 0.146813601255, 0.177771255374],
        "median": [0.0054618944414, 0.103293128312, 0.0069687878713, 0.0739435702562, 0.0288787670434, 0.00829839427024, 0.0703962445259, 0.00611693412066, 0.0342772454023, 0.0105177247897, 0.0308599881828, 0.0209758337587],
        "min": [5.19245513715e-05, 0.000120868033264, 2.79753840005e-05, 0.000210800673813, 0.000111662964628, 7.89970290498e-05, 0.000106306724774, 6.55953990645e-05, 6.29385976936e-05, 5.40663095308e-05, 8.43075104058e-05, 0.000362528138794],
        "var": [0.0146261444315, 0.148426920176, 0.0237039607018, 0.162805378437, 0.0626968070865, 0.0479229725897, 0.13657514751, 0.0309983622283, 0.10525200516, 0.0494221709669, 0.0754238888621, 0.0925608053803]
    }
},
"lowlevel": {
    "melbands": {
        "dmean": [0.000119446245662, 0.000285236863419, 0.000302205677144, 0.000156890702783, 9.89814361674e-05, 3.28476198774e-05, 1.7513631974e-05, 2.109360139e-05, 9.55363884714e-06, 5.95913888901e-06, 6.52616472507e-06, 9.11031111173e-06, 1.25098040371e-06, 9.44105352119e-07, 1.51715084939e-06, 9.39645190101e-07, 6.73508736782e-07, 2.45027194978e-07, 2.79701964701e-07, 3.14200178764e-07, 1.32641218897e-07, 1.76972136501e-07, 2.21595286121e-07, 1.77951832825e-07, 7.10574141749e-08, 4.95659442379e-08, 6.10055295169e-08, 9.02520937984e-08, 8.23221242285e-08, 8.63578222265e-08, 1.71722305708e-07, 3.25620192143e-07, 4.03382188097e-07, 2.73384671345e-07, 1.10099755091e-07, 6.66228316959e-08, 5.37218589614e-08, 4.20180654714e-08, 5.94923292851e-08, 8.41462224344e-08],
        "dmean2": [0.000187939542229, 0.000438012124505, 0.000510021753144, 0.000256767816609, 0.000149687344674, 5.30595170858e-05, 3.14454446197e-05, 3.64327606803e-05, 1.70356324816e-05, 1.03714846773e-05, 1.14507956823e-05, 1.70454713952e-05, 2.16482067117e-06, 1.69036422903e-06, 2.67095424533e-06, 1.66663323853e-06, 1.23595179957e-06, 4.33846594206e-07, 5.19669811183e-07, 5.92161654822e-07, 2.41367729359e-07, 3.03145895941e-07, 4.08497243143e-07, 3.2233126035e-07, 1.23601182622e-07, 8.68698180057e-08, 1.07152395401e-07, 1.63678024023e-07, 1.48053473481e-07, 1.5465265335e-07, 2.90462281782e-07, 5.7199792991e-07, 7.42508234453e-07, 4.98132806115e-07, 1.97262920665e-07, 1.19755753758e-07, 9.81360059882e-08, 7.64806671327e-08, 1.08257346199e-07, 1.58617581292e-07],
        "dvar": [6.52605507412e-08, 8.07753508525e-08, 1.33966437943e-07, 9.8907086965e-08, 1.77269328105e-08, 2.09635153681e-09, 1.20062182418e-09, 1.13211828801e-09, 3.25743959584e-10, 1.24430202253e-10, 1.25201571333e-10, 2.33429853225e-09, 5.21969316727e-12, 3.76513837469e-12, 1.60655291154e-11, 5.07322048954e-12, 5.46361610468e-12, 1.77125851421e-13, 5.61023666759e-13, 9.30532669148e-13, 8.92550668249e-14, 7.1640305179e-14, 2.03163237644e-13, 1.35572895141e-13, 1.23591085554e-14, 1.01470015455e-14, 1.36370534209e-14, 8.23409604931e-14, 2.31086308942e-14, 4.039709512e-14, 1.75510728997e-13, 7.27313120754e-13, 1.80657832444e-12, 1.54291228231e-12, 8.51610042251e-14, 1.40564575496e-14, 9.70570585029e-15, 7.75905896607e-15, 2.6961980283e-14, 6.34897950186e-14],
        "dvar2": [1.60429237894e-07, 1.78262524742e-07, 2.84427613906e-07, 2.4165288437e-07, 3.65627066401e-08, 4.30624380598e-09, 3.32291238969e-09, 2.90437984773e-09, 9.01744290349e-10, 2.47648151985e-10, 3.49079903872e-10, 6.8718208901e-09, 1.38472514705e-11, 1.09802843901e-11, 3.86040158173e-11, 1.40483371464e-11, 1.57301081882e-11, 4.72176985011e-13, 1.55234516647e-12, 2.75082842789e-12, 2.60989309591e-13, 1.81874318123e-13, 5.60711091273e-13, 3.9954029126e-13, 3.49483727277e-14, 2.80648324269e-14, 3.72932784101e-14, 2.37063163154e-13, 6.35742679203e-14, 1.05565025037e-13, 4.41245727022e-13, 1.98735949572e-12, 5.18697281307e-12, 4.44415294495e-12, 2.32937665467e-13, 3.555649495e-14, 2.48078433609e-14, 2.02712026581e-14, 7.47756891128e-14, 1.76373848794e-13],
        "max": [0.0017972169444, 0.00164705538191, 0.00265471963212, 0.00367043260485, 0.00111048610415, 0.00033988582436, 0.000222530885367, 0.000187880810699, 0.000100026176369, 0.000112804766104, 6.3490922912e-05, 0.000445593730547, 1.85933513421e-05, 1.59381779667e-05, 3.26420158672e-05, 1.57954327733e-05, 2.04326242965e-05, 2.53922689808e-06, 5.81307176617e-06, 7.12675318937e-06, 2.22538369599e-06, 1.35857612804e-06, 2.56549060396e-06, 2.784392791e-06, 6.39774157207e-07, 9.27061194034e-07, 9.26535676626e-07, 2.54532733379e-06, 8.97717143289e-07, 1.60893512202e-06, 2.65410290012e-06, 5.58698866371e-06, 1.06185852928e-05, 1.15376033136e-05, 2.30617524721e-06, 6.95550568253e-07, 4.72246938443e-07, 5.04007232394e-07, 1.13913915811e-06, 1.88835861081e-06],
        "mean": [0.000105118022475, 0.00038785621291, 0.000500270223711, 0.000182667499757, 0.000138097282615, 3.95883434976e-05, 1.54717490659e-05, 1.91791696125e-05, 7.74325599195e-06, 5.18874139743e-06, 4.91678201797e-06, 5.68947370994e-06, 1.04583148186e-06, 7.90096578385e-07, 1.23578593048e-06, 6.90905721967e-07, 4.84586337279e-07, 2.00796520744e-07, 1.89638768688e-07, 1.99349358354e-07, 1.06323945204e-07, 1.62310655583e-07, 1.88858322758e-07, 1.42979047268e-07, 6.07535852737e-08, 4.32066755707e-08, 5.5334449911e-08, 7.32349576538e-08, 6.44327471377e-08, 7.42401411458e-08, 1.33028223104e-07, 2.20489326352e-07, 2.5298928108e-07, 1.7544050479e-07, 7.93361891738e-08, 5.17655607268e-08, 4.25914485902e-08, 3.33878276138e-08, 4.34711822095e-08, 6.08595911444e-08],