{
"metadata": {
    "version": {
        "essentia": "2.0.1",
        "extractor": "archive-music 1.0 mod ismir14"
    },
    "audio_properties": {
        "analysis_sample_rate": 44100,
        "bitrate": 1444,
        "channels": 2,
        "equal_loudness": 0,
        "length": 30,
        "replay_gain": -12.2083683014,
        "downmix": "mix"
    },
    "tags": {
        "track": 0,
        "year": 0,
        "album": "",
        "artist": "",
        "comment": "",
        "genre": "",
        "title": ""
    }
},
"rhythm": {
    "bpm": 92.5965042114,
    "bpm_histogram_first_peak": 94,
    "bpm_histogram_first_peak_spread": 0.540540575981,
    "bpm_histogram_first_peak_weight": 0.377777785063,
    "bpm_histogram_second_peak": 89,
    "bpm_histogram_second_peak_spread": 0,
    "bpm_histogram_second_peak_weight": 0.155555561185
},
"tonal": {
    "tuning_frequency": {
        "dmean": 0.271928578615,
        "dmean2": 0.493914872408,
        "dvar": 3.93050694466,
        "dvar2": 7.44243955612,
        "max": 456.04309082,
        "mean": 439.102752686,
        "median": 440.254241943,
        "min": 432.690917969,
        "var": 18.2074642181
    },
    "hpcp": {
        "dmean": [0.080892495811, 0.172867819667, 0.0780272632837, 0.23940898478, 0.149866446853, 0.107044324279, 0.220877289772, 0.0728794634342, 0.183969005942, 0.084308475256, 0.143262177706, 0.221183121204],
        "dmean2": [0.139947608113, 0.303818166256, 0.139899894595, 0.413751393557, 0.26463341713, 0.192398250103, 0.385894417763, 0.126917541027, 0.303041815758, 0.148911654949, 0.252264469862, 0.383193731308],
        "dvar": [0.0247998684645, 0.0514742657542, 0.0264328606427, 0.0701809749007, 0.0579172931612, 0.0196748636663, 0.0744339972734, 0.0129760699347, 0.0466988123953, 0.0189566221088, 0.0329311601818, 0.0599778369069],
        "dvar2": [0.0725031420588, 0.117737665772, 0.0738227814436, 0.157882720232, 0.12489964813, 0.0552717521787, 0.126683577895, 0.0356931388378, 0.0985350012779, 0.0535598173738, 0.076663672924, 0.14551025629],
        "max": [0.986177861691, 1, 1, 1, 1, 1, 1, 0.651151955128, 1, 1, 1, 1],
        "mean": [0.0763629004359, 0.248957559466, 0.0676299333572, 0.470696002245, 0.272533684969, 0.11823759228, 0.354681402445, 0.070563942194, 0.427803605795, 0.0796400234103, 0.214205026627, 0.413708418608],
        "median": [0.0288955792785, 0.119329541922, 0.0310939140618, 0.320089459419, 0.0986382141709, 0.0812102556229, 0.16212554276, 0.0359005220234, 0.30140426755, 0.0425620898604, 0.145213350654, 0.297796607018],
        "min": [0.000950446352363, 0.00413434393704, 0.00107347266749, 0.00380104198121, 0.000811132078525, 0.00369478622451, 0.00438820756972, 0.00335121387616, 0.0120609859005, 0.00203834567219, 0.0038514721673, 0.00278264284134],
        "var": [0.0177388899028, 0.0750412940979, 0.0181167311966, 0.141470775008, 0.128562897444, 0.017387393862, 0.135586857796, 0.00994022283703, 0.120869792998, 0.0134084988385, 0.0448426865041, 0.120241694152]
    }
},
"lowlevel": {
    "melbands": {
        "dmean": [1.65671167451e-06, 9.61223122431e-06, 7.209384421e-06, 1.55863654072e-05, 1.77034671651e-05, 3.05107769236e-05, 2.22763537749e-05, 6.63936443743e-05, 3.76075804525e-05, 2.73067034868e-05, 1.46288984979e-05, 1.17887539091e-05, 1.19895266835e-05, 9.68526273937e-06, 1.98087964236e-05, 1.31933311422e-05, 9.49448804022e-06, 5.88347529629e-06, 5.83616065342e-06, 6.47101614959e-06, 1.77263621026e-06, 2.48415722126e-06, 1.23283678022e-06, 1.03562240383e-06, 1.66208474184e-06, 4.86540898237e-07, 2.9050929129e-07, 3.41984389252e-07, 3.32523313773e-07, 3.49322050397e-07, 1.82113751634e-07, 9.22146128346e-08, 6.35428847318e-08, 2.72256528433e-08, 1.13205151919e-08, 9.76435554634e-09, 2.30044494565e-09, 4.00876665196e-10, 1.47404172202e-10, 7.23507156963e-11],
        "dmean2": [2.92519735012e-06, 1.72188520082e-05, 1.29545651362e-05, 2.75135098491e-05, 3.16847181239e-05, 5.34271894139e-05, 3.56779164576e-05, 0.000107385807496, 6.41571605229e-05, 4.70850500278e-05, 2.47567550105e-05, 1.95417705982e-05, 2.05515207199e-05, 1.76894664037e-05, 3.43067149515e-05, 2.25922303798e-05, 1.51568583533e-05, 1.04523414848e-05, 1.0025820302e-05, 1.09887159851e-05, 3.04837521981e-06, 4.30058935308e-06, 2.14535930354e-06, 1.84756413546e-06, 3.01745376419e-06, 8.58336250076e-07, 5.16347938628e-07, 6.2185989691e-07, 5.8867755115e-07, 6.43921850951e-07, 3.34564447257e-07, 1.67930551243e-07, 1.18145294437e-07, 5.001110992e-08, 2.08362429532e-08, 1.72001168863e-08, 4.23390389415e-09, 7.27075233353e-10, 2.73941952456e-10, 1.32039865153e-10],
        "dvar": [2.99657347547e-12, 1.23531490592e-10, 4.65180914622e-11, 2.24644011726e-10, 4.88266038712e-10, 1.16908205339e-09, 7.59879048573e-10, 1.28884378725e-08, 3.659194725e-09, 1.19867815673e-09, 4.36782721103e-10, 2.44961800844e-10, 3.61735696952e-10, 2.21562199143e-10, 8.98315866138e-10, 6.26024065919e-10, 2.86152518347e-10, 1.12363146565e-10, 8.01530439243e-11, 1.40285422168e-10, 4.53834409289e-12, 1.57756897823e-11, 2.042653156e-12, 2.01816406468e-12, 6.08512762748e-12, 8.9666235591e-13, 2.05085772041e-13, 4.11251138395e-13, 2.20793083252e-13, 2.26703408108e-13, 8.18246024322e-14, 2.77108878514e-14, 1.6505124768e-14, 2.9234173269e-15, 3.98349430698e-16, 2.61496593811e-16, 1.11448045706e-17, 4.43804887608e-19, 5.57810215427e-20, 1.13525498441e-20],
        "dvar2": [8.19658143442e-12, 3.45698247806e-10, 1.33687408366e-10, 7.23160697991e-10, 1.58924806648e-09, 3.75585074153e-09, 1.79829695579e-09, 3.25759614839e-08, 1.00895016786e-08, 3.49041684444e-09, 1.04352915198e-09, 6.1625832215e-10, 1.08946196509e-09, 6.87497725416e-10, 2.43614195483e-09, 1.0778293813e-09, 7.01501745581e-10, 3.54055312846e-10, 2.22516824411e-10, 3.78057501971e-10, 1.23849099379e-11, 4.68415028987e-11, 5.00153607766e-12, 6.1081816688e-12, 1.80217629014e-11, 2.51183882721e-12, 6.38814630534e-13, 1.19040530471e-12, 6.65893501364e-13, 6.6829701495e-13, 2.55227994772e-13, 8.5672015814e-14, 4.91023000526e-14, 9.00397886404e-15, 1.19325745269e-15, 7.30491748684e-16, 3.04297082609e-17, 1.24326249023e-18, 1.56383341565e-19, 3.21201049632e-20],
        "max": [9.11732422537e-06, 8.56706610648e-05, 4.99653760926e-05, 9.95335285552e-05, 0.000138266215799, 0.000165967707289, 0.00023453378526, 0.000663181883283, 0.000360543519491, 0.000198680427275, 0.000117504700029, 9.15932178032e-05, 0.000115809736599, 8.82564127096e-05, 0.000154802328325, 0.000136160626425, 0.000123493286083, 5.91342650296e-05, 4.75543020002e-05, 0.000109369262645, 1.1424594959e-05, 2.80050335277e-05, 1.09231141323e-05, 9.56962139753e-06, 1.1648169675e-05, 6.60318892187e-06, 2.42226542468e-06, 3.33066304847e-06, 2.29075476454e-06, 2.4770915843e-06, 1.47654884586e-06, 8.29566658922e-07, 6.80188236402e-07, 2.59829334937e-07, 9.03462122892e-08, 1.10775225437e-07, 1.92613036631e-08, 3.45322259676e-09, 9.9213171012e-10, 5.58661783501e-10],
        "mean": [2.39266660174e-06, 1.38200730362e-05, 9.39727397054e-06, 2.01870079763e-05, 2.57859082922e-05, 3.7392219383e-05, 3.40365986631e-05, 8.36362087284e-05, 4.53460233985e-05, 2.76659775409e-05, 1.75779059646e-05, 1.39577859954e-05, 1.24574862639e-05, 9.24750293052e-06, 1.89886941371e-05, 1.5653520677e-05, 1.11365643534e-05, 5.61854903935e-06, 4.86362523588e-06, 6.20583887212e-06, 1.88193450867e-06, 2.63712399828e-06, 1.33278319936e-06, 1.08093502149e-06, 1.53179223616e-06, 4.92418280373e-07, 2.60478600467e-07, 2.84814802853e-07, 2.93105358651e-07, 3.10150312544e-07, 1.48396892996e-07, 7.03032014826e-08, 4.5970050877e-08, 1.87009483454e-08, 8.25082491218e-09, 7.67921726208e-09, 2.12693418433e-09, 3.17801757133e-10, 1.20278134674e-10, 6.75731276489e-11],