{
"metadata": {
    "version": {
        "essentia": "2.0.1",
        "extractor": "archive-music 1.0 mod ismir14"
    },
    "audio_properties": {
        "analysis_sample_rate": 44100,
        "bitrate": 64,
        "channels": 2,
        "equal_loudness": 0,
        "length": 30.0669155121,
        "replay_gain": -11.7818088531,
        "downmix": "mix"
    },
    "tags": {
        "track": 6,
        "year": 0,
        "album": "Swing Classics (Jazz & Tzaz 70)",
        "artist": "Benny Carter",
        "comment": "",
        "genre": "Jazz",
        "title": "Babalu"
    }
},
"rhythm": {
    "bpm": 92.63256073,
    "bpm_histogram_first_peak": 94,
    "bpm_histogram_first_peak_spread": 0.540540575981,
    "bpm_histogram_first_peak_weight": 0.377777785063,
    "bpm_histogram_second_peak": 89,
    "bpm_histogram_second_peak_spread": 0,
    "bpm_histogram_second_peak_weight": 0.155555561185
},
"tonal": {
    "tuning_frequency": {
        "dmean": 0.111759752035,
        "dmean2": 0.182091787457,
        "dvar": 1.38145887852,
        "dvar2": 3.27912974358,
        "max": 456.570251465,
        "mean": 438.312072754,
        "median": 441.017791748,
        "min": 431.941772461,
        "var": 19.1618919373
    },
    "hpcp": {
        "dmean": [0.120520591736, 0.142795920372, 0.0891598835588, 0.192561283708, 0.136398375034, 0.126196444035, 0.15663921833, 0.0810175016522, 0.201473847032, 0.102105952799, 0.196244001389, 0.205627813935],
        "dmean2": [0.218049272895, 0.245403066278, 0.163269639015, 0.332701325417, 0.235170558095, 0.221966609359, 0.26389709115, 0.144658312201, 0.34476339817, 0.179399684072, 0.344928443432, 0.356277883053],
        "dvar": [0.0565006583929, 0.0436122044921, 0.0378692299128, 0.0647945553064, 0.0561368837953, 0.0419449582696, 0.0482509769499, 0.027765577659, 0.0555329509079, 0.0342194512486, 0.0630153864622, 0.0636340156198],
        "dvar2": [0.157106220722, 0.112847238779, 0.0924513339996, 0.146245539188, 0.132051602006, 0.10804323107, 0.109916567802, 0.0751006528735, 0.134136021137, 0.0871425643563, 0.159345015883, 0.136147648096],
        "max": [1, 1, 1, 1, 1, 1, 1, 1, 1, 1, 1, 1],
        "mean": [0.109070010483, 0.216219067574, 0.0794541686773, 0.430387109518, 0.211571440101, 0.13321788609, 0.304734528065, 0.0682751461864, 0.373470157385, 0.0867453366518, 0.256618767977, 0.345789194107],
        "median": [0.0176571458578, 0.0676471218467, 0.0111423432827, 0.278140813112, 0.0348622240126, 0.0507638603449, 0.139659613371, 0.018476864323, 0.261625796556, 0.0180674958974, 0.134207993746, 0.209066525102],
        "min": [0, 7.0975649578e-05, 4.61945128336e-05, 0.000503703020513, 3.64345614798e-05, 0.000410984124755, 0.000522028654814, 7.36942820367e-05, 0.000296240934404, 9.42328479141e-05, 0.000136641392601, 0.0001718490239],
        "var": [0.050957608968, 0.081259354949, 0.0389829948545, 0.15386608243, 0.10883372277, 0.0453734509647, 0.127656787634, 0.022621691227, 0.11980612576, 0.0305225271732, 0.0895473882556, 0.127582535148]
    }
},
"lowlevel": {
    "melbands": {
        "dmean": [8.73468252394e-06, 4.02020777983e-05, 2.54496771959e-05, 5.14133862453e-05, 5.24980678165e-05, 8.25176248327e-05, 6.34889220237e-05, 0.00014087704767, 9.26919019548e-05, 7.01634053257e-05, 4.10826287407e-05, 3.47562454408e-05, 3.30240072799e-05, 2.44116035901e-05, 4.92518229294e-05, 4.25833350164e-05, 2.51034380199e-05, 1.61531734193e-05, 1.33103058033e-05, 1.65820911207e-05, 4.90133425046e-06, 6.53997221889e-06, 3.06956621898e-06, 2.82969631371e-06, 3.91965795643e-06, 1.25446854327e-06, 6.66501193791e-07, 7.51124730414e-07, 7.83411792327e-07, 7.67863582496e-07, 4.02352469564e-07, 1.89115183957e-07, 1.3243759156e-07, 5.01101666828e-08, 2.08905781562e-08, 1.704875352e-08, 3.05425862379e-09, 2.6329904923e-10, 2.83509778154e-11, 1.9982114921e-12],
        "dmean2": [1.47325554281e-05, 6.86442217557e-05, 3.96886134695e-05, 7.66188823036e-05, 7.89385958342e-05, 0.000128234547446, 9.8257609352e-05, 0.000210134705412, 0.000140051124617, 0.000108404638013, 6.50735673844e-05, 5.32268386451e-05, 5.19199420523e-05, 3.74282062694e-05, 7.8453682363e-05, 6.81747987983e-05, 3.78592703782e-05, 2.38381471718e-05, 2.05089581868e-05, 2.51486690104e-05, 7.71773738961e-06, 9.92317018245e-06, 4.67965219286e-06, 4.29078636444e-06, 5.90778290643e-06, 1.89458432942e-06, 9.64541754911e-07, 1.14790145744e-06, 1.14874353585e-06, 1.18486150313e-06, 5.60437683816e-07, 2.66263668891e-07, 1.831016192e-07, 6.98224624784e-08, 2.98258164833e-08, 2.57233381262e-08, 4.48895765004e-09, 4.13061390647e-10, 4.5005287691e-11, 3.42825919562e-12],
        "dvar": [1.13920803346e-10, 2.32175723092e-09, 2.05179473411e-09, 5.99004579271e-09, 5.00119856639e-09, 1.64495315147e-08, 7.50113926529e-09, 7.95683945398e-08, 2.59834571636e-08, 1.33856401519e-08, 5.57801893564e-09, 4.88651563657e-09, 5.68916602717e-09, 2.13204587318e-09, 9.7480015171e-09, 9.87948212128e-09, 3.05451197669e-09, 1.27181609688e-09, 8.59416537935e-10, 1.35397582035e-09, 7.67731642148e-11, 1.7760205806e-10, 2.85117641302e-11, 2.69249310347e-11, 6.17011858273e-11, 8.44707463699e-12, 1.79613659015e-12, 3.74279730472e-12, 2.14541730735e-12, 2.15009824181e-12, 6.72402292266e-13, 2.08165312787e-13, 1.43383541802e-13, 1.86630377629e-14, 2.40717488599e-15, 1.61931131939e-15, 3.58799980083e-17, 4.31929572541e-19, 5.02091280898e-21, 2.02960058516e-23],
        "dvar2": [2.65100053021e-10, 5.46482548103e-09, 5.40752598255e-09, 1.44008467373e-08, 9.95348070632e-09, 3.32308935924e-08, 1.58732973432e-08, 1.4394490222e-07, 5.14142683983e-08, 3.00629814376e-08, 1.17993783633e-08, 1.14621210301e-08, 1.45486680481e-08, 4.31305524629e-09, 2.15658744196e-08, 2.43958329094e-08, 6.75112943327e-09, 2.55396215287e-09, 2.01344252382e-09, 2.93318391797e-09, 1.63690727639e-10, 3.804508375e-10, 5.89351970004e-11, 5.34504558669e-11, 1.25153651331e-10, 1.81489216017e-11, 3.59552275106e-12, 7.71103840502e-12, 4.32509150022e-12, 4.13887544029e-12, 1.22752513449e-12, 3.6532005177e-13, 2.64386304733e-13, 3.18553912632e-14, 4.38331969259e-15, 3.65943220686e-15, 7.71535444828e-17, 1.0190254067e-18, 1.21172750892e-20, 5.41171202756e-23],
        "max": [8.09579651104e-05, 0.000539395143278, 0.000732319662347, 0.00117305316962, 0.000873908982612, 0.00119197380263, 0.00135551358107, 0.00395593140274, 0.00187800452113, 0.00101636745967, 0.000735216250177, 0.000849635223858, 0.000976270239335, 0.00067957554711, 0.00102538056672, 0.00107802613638, 0.000683118705638, 0.000429683714174, 0.000278892257484, 0.000579518557061, 0.000112745066872, 0.000157711241627, 7.27046281099e-05, 5.7743909565e-05, 7.84723379184e-05, 3.96645518776e-05, 1.21570074043e-05, 2.22938706429e-05, 1.12627467388e-05, 1.34667279781e-05, 8.5125257101e-06, 4.57751275462e-06, 5.37687947144e-06, 1.36704568376e-06, 4.50148661457e-07, 4.78941217352e-07, 6.5042790709e-08, 6.53123599648e-09, 7.64823926414e-10, 5.67855762412e-11],
        "mean": [1.14081285574e-05, 5.43713358638e-05, 3.81963654945e-05, 8.25025126687e-05, 0.000103933358332, 0.000146679813042, 0.000138249160955, 0.000331268412992, 0.000183676413144, 0.000106934749056, 7.14882044122e-05, 5.76445781917e-05, 4.79320806335e-05, 3.62569953722e-05, 7.56753215683e-05, 6.29810383543e-05, 4.3607011321e-05, 2.17616125155e-05, 1.82455769391e-05, 2.5144099709e-05, 7.5864459177e-06, 1.02535050246e-05, 5.32135209141e-06, 4.3087661652e-06, 5.96892186877e-06, 1.98226757675e-06, 1.02882700048e-06, 1.12250097573e-06, 1.15212742458e-06, 1.22259700674e-06, 5.8400286207e-07, 2.71608797675e-07, 1.77071413532e-07, 6.9907898137e-08, 2.9564175108e-08, 2.41105357901e-08, 4.83089879211e-09, 3.23380655587e-10, 3.20388646169e-11, 1.80138954968e-12],