{
"metadata": {
    "version": {
        "essentia": "2.0.1",
        "extractor": "archive-music 1.0 mod ismir14"
    },
    "audio_properties": {
        "analysis_sample_rate": 44100,
        "bitrate": 96,
        "channels": 2,
        "equal_loudness": 0,
        "length": 30.0669155121,
        "replay_gain": -13.5051937103,
        "downmix": "mix"
    },
    "tags": {
        "track": 0,
        "year": 0,
        "album": "",
        "artist": "",
        "comment": "",
        "genre": "",
        "title": ""
    }
},
"rhythm": {
    "bpm": 88.3256530762,
    "bpm_histogram_first_peak": 89,
    "bpm_histogram_first_peak_spread": 0.357142865658,
    "bpm_histogram_first_peak_weight": 0.62790697813,
    "bpm_histogram_second_peak": 94,
    "bpm_histogram_second_peak_spread": 0,
    "bpm_histogram_second_peak_weight": 0.0232558138669
},
"tonal": {
    "tuning_frequency": {
        "dmean": 0.248840004206,
        "dmean2": 0.462596803904,
        "dvar": 3.32341217995,
        "dvar2": 6.42028951645,
        "max": 454.202880859,
        "mean": 441.314147949,
        "median": 440.508575439,
        "min": 431.692352295,
        "var": 29.0931625366
    },
    "hpcp": {
        "dmean": [0.169065177441, 0.145875155926, 0.185626223683, 0.23212480545, 0.0982844159007, 0.149294644594, 0.205284684896, 0.234751969576, 0.18118365109, 0.117043085396, 0.255680352449, 0.0777991190553],
        "dmean2": [0.287856787443, 0.258358597755, 0.321413040161, 0.39554554224, 0.177841886878, 0.25179374218, 0.353236287832, 0.395077317953, 0.306154131889, 0.207942932844, 0.440639972687, 0.134292587638],
        "dvar": [0.0451564267278, 0.051040712744, 0.0650377124548, 0.0728168338537, 0.0287889614701, 0.0522267185152, 0.0629823133349, 0.0628354996443, 0.0592337474227, 0.0349237956107, 0.0753295272589, 0.019059618935],
        "dvar2": [0.113487914205, 0.135856717825, 0.150598064065, 0.17715318501, 0.0805692896247, 0.109193637967, 0.149797052145, 0.1490983814, 0.149530857801, 0.0964979678392, 0.157861113548, 0.0491524264216],
        "max": [1, 1, 1, 1, 1, 1, 1, 1, 1, 1, 1, 1],
        "mean": [0.233383253217, 0.130194097757, 0.181922674179, 0.276736110449, 0.0845215916634, 0.244140267372, 0.27775490284, 0.32085609436, 0.210070848465, 0.10794146359, 0.632184445858, 0.0768049284816],
        "median": [0.128065392375, 0.0409478135407, 0.0560085363686, 0.125229209661, 0.0316461324692, 0.0809458568692, 0.129648834467, 0.202296629548, 0.0699665248394, 0.0362065061927, 0.692938089371, 0.0295399948955],
        "min": [0.0023916347418, 0, 0.00141475128476, 0, 0, 0.001729529351, 0.000328742928104, 0, 0.000304021028569, 0.000763171119615, 0, 0],
        "var": [0.0697327926755, 0.0457386747003, 0.0754253789783, 0.102179445326, 0.0214762184769, 0.107093073428, 0.106596052647, 0.10580534488, 0.0836476013064, 0.0329549312592, 0.128586962819, 0.0183722916991]
    }
},
"lowlevel": {
    "melbands": {
        "dmean": [4.74243752251e-05, 0.000209996476769, 0.000214547981159, 0.000104775499494, 6.60439618514e-05, 0.00011718548194, 0.00012988265371, 0.000129765947349, 0.000129127030959, 7.21172618796e-05, 4.87073666591e-05, 2.92683471343e-05, 2.34195194935e-05, 1.48027575051e-05, 2.42513633566e-05, 1.45680942296e-05, 1.60395211424e-05, 1.24676234918e-05, 1.00848519651e-05, 8.90047249413e-06, 7.08639890945e-06, 7.20632169759e-06, 8.86127236299e-06, 9.98409814201e-06, 7.00321515978e-06, 5.35044819117e-06, 4.66430037704e-06, 2.79148707705e-06, 1.50903179019e-06, 1.25229155401e-06, 9.66336301644e-07, 5.68267182643e-07, 2.82266057638e-07, 2.02317977482e-07, 1.91829926166e-07, 1.44181868222e-07, 8.57653361663e-08, 3.65346011222e-08, 6.19739015661e-09, 1.9853763078e-10],
        "dmean2": [7.23541888874e-05, 0.000332351512043, 0.000340010068612, 0.000141978889587, 0.000106682768092, 0.000191318467841, 0.00021213637956, 0.000220438087126, 0.000187506040675, 0.000108686814201, 7.23783741705e-05, 4.71130333608e-05, 3.53333743988e-05, 2.35954139498e-05, 3.76566385967e-05, 2.11863425648e-05, 2.40343943005e-05, 1.98070956685e-05, 1.63129843713e-05, 1.41518512464e-05, 1.10925402623e-05, 1.08800468297e-05, 1.26687318698e-05, 1.45788417285e-05, 1.08289414129e-05, 7.85898282629e-06, 6.93007541486e-06, 4.27120403401e-06, 2.47414777732e-06, 2.00367253456e-06, 1.50039920754e-06, 8.9932393621e-07, 4.37742841086e-07, 3.16634498176e-07, 3.10159151695e-07, 2.33715482523e-07, 1.37746880569e-07, 6.09161290299e-08, 1.02877839581e-08, 3.53070961356e-10],
        "dvar": [3.77904241233e-09, 9.3121357736e-08, 7.31421891942e-08, 2.89128934128e-08, 8.33617352924e-09, 2.10599768735e-08, 3.20085824512e-08, 5.50871526173e-08, 4.85596061139e-08, 3.10009653504e-08, 6.52871490203e-09, 1.03186978961e-08, 5.61743362937e-09, 1.40955913608e-09, 4.26614699123e-09, 1.4133808568e-09, 2.25547935884e-09, 7.19970361107e-10, 5.08174891056e-10, 6.23562368407e-10, 1.96801658303e-10, 1.99795138767e-10, 3.13661763229e-10, 5.06137687317e-10, 1.86142282144e-10, 1.01553529475e-10, 1.38748873502e-10, 6.53575457643e-11, 7.71049109977e-12, 8.33953045509e-12, 6.02463695251e-12, 1.68328176918e-12, 2.37212213847e-13, 7.22074716642e-14, 8.63137076461e-14, 3.49343119807e-14, 1.08013006159e-14, 3.385194067e-15, 1.02061554148e-16, 1.39428620549e-19],
        "dvar2": [6.44858744181e-09, 2.02669738769e-07, 1.62987674912e-07, 5.12711153533e-08, 2.12451727322e-08, 5.17943945511e-08, 8.31773334653e-08, 1.4612329835e-07, 7.54482130105e-08, 5.84125956493e-08, 1.28840085267e-08, 2.46145486216e-08, 1.14410170227e-08, 2.80719270052e-09, 9.53984358176e-09, 2.66758015677e-09, 5.24649790279e-09, 1.70270708644e-09, 1.29666744009e-09, 1.60485258416e-09, 4.13121620246e-10, 4.42112679799e-10, 5.5480808836e-10, 1.18367082802e-09, 4.09703104776e-10, 2.09313608113e-10, 3.08664427351e-10, 1.30052052461e-10, 1.92666924081e-11, 1.71988031455e-11, 1.32326163915e-11, 3.84101431217e-12, 5.19733670164e-13, 1.3466652923e-13, 1.84498263564e-13, 8.2958251e-14, 2.71093386048e-14, 8.82236144762e-15, 2.70096863432e-16, 3.86728443064e-19],
        "max": [0.000888159207534, 0.00314469402656, 0.00234978413209, 0.00231368467212, 0.00114152696915, 0.00140300916974, 0.00142023328226, 0.00163206411526, 0.00394863123074, 0.0029133814387, 0.00113889633212, 0.00112722441554, 0.000973845599219, 0.000480135087855, 0.000904353917576, 0.000609530834481, 0.000752114865463, 0.000349087320501, 0.000203660776606, 0.000358545192285, 0.000148063831148, 0.000155965768499, 0.000184201082448, 0.000334778393153, 0.00020221878367, 0.000113292917376, 0.000170082377736, 0.000133508539875, 2.90800417133e-05, 5.52960700588e-05, 3.90020686609e-05, 2.10781236092e-05, 6.87313058734e-06, 4.0924305722e-06, 3.95110919271e-06, 2.19694902626e-06, 1.15112072763e-06, 7.65744289311e-07, 9.247241195e-08, 2.74225953056e-09],
        "mean": [7.80909613241e-05, 0.000288039533189, 0.000320561346598, 0.000166330763022, 9.00487721083e-05, 0.000164924727869, 0.000164239594596, 0.000122561104945, 0.000197991612367, 0.000102033402072, 7.55119253881e-05, 3.40054139087e-05, 2.67543855443e-05, 1.8846065359e-05, 3.03179767798e-05, 1.79523121915e-05, 1.902029544e-05, 1.55113139044e-05, 1.10594664875e-05, 1.00484030554e-05, 9.21591890801e-06, 9.52250138653e-06, 1.42717763083e-05, 1.56954520207e-05, 1.00268607639e-05, 8.6452027972e-06, 7.28360328139e-06, 4.14573014496e-06, 2.27367968364e-06, 1.84682221516e-06, 1.49805521232e-06, 9.40779102621e-07, 4.82806228774e-07, 3.61958228723e-07, 3.4342122035e-07, 2.35450343666e-07, 1.41068241533e-07, 5.39776934261e-08, 8.09511568889e-09, 1.56985757727e-10],