{
"metadata": {
    "version": {
        "essentia": "2.0.1",
        "extractor": "archive-music 1.0 mod ismir14"
    },
    "audio_properties": {
        "analysis_sample_rate": 44100,
        "bitrate": 128,
        "channels": 2,
        "equal_loudness": 0,
        "length": 30.0669155121,
        "replay_gain": -13.8883152008,
        "downmix": "mix"
    },
    "tags": {
        "track": 0,
        "year": 0,
        "album": "",
        "artist": "",
        "comment": "",
        "genre": "",
        "title": ""
    }
},
"rhythm": {
    "bpm": 90.2942581177,
    "bpm_histogram_first_peak": 91,
    "bpm_histogram_first_peak_spread": 0.31707316637,
    "bpm_histogram_first_peak_weight": 0.651162803173,
    "bpm_histogram_second_peak": 83,
    "bpm_histogram_second_peak_spread": 0.5,
    "bpm_histogram_second_peak_weight": 0.0232558138669
},
"tonal": {
    "tuning_frequency": {
        "dmean": 0.129039764404,
        "dmean2": 0.24130551517,
        "dvar": 0.982859969139,
        "dvar2": 2.36985993385,
        "max": 456.570251465,
        "mean": 450.245758057,
        "median": 452.631469727,
        "min": 442.293365479,
        "var": 14.4647731781
    },
    "hpcp": {
        "dmean": [0.2132884413, 0.109601303935, 0.120225869119, 0.158917978406, 0.25778773427, 0.307697594166, 0.177076622844, 0.226186782122, 0.114205911756, 0.0899090617895, 0.105667725205, 0.128294080496],
        "dmean2": [0.369090616703, 0.203099265695, 0.211512878537, 0.291023701429, 0.456506043673, 0.552878975868, 0.333422809839, 0.391660094261, 0.206298738718, 0.159968420863, 0.183580726385, 0.230363756418],
        "dvar": [0.0774453431368, 0.0422058552504, 0.0378002822399, 0.0679954737425, 0.097542129457, 0.102969072759, 0.0877704396844, 0.079417578876, 0.0445515885949, 0.0322628244758, 0.0325634330511, 0.0442652218044],
        "dvar2": [0.1568184793, 0.114518083632, 0.10214997828, 0.176306694746, 0.234860047698, 0.246320039034, 0.25043874979, 0.199881434441, 0.126095443964, 0.08545383811, 0.0853120163083, 0.119385004044],
        "max": [1, 1, 1, 1, 1, 1, 1, 1, 1, 1, 1, 1],
        "mean": [0.443508446217, 0.0803429484367, 0.134161308408, 0.141354694963, 0.25874248147, 0.412289202213, 0.128662496805, 0.286841273308, 0.0975008383393, 0.0804574415088, 0.0963619053364, 0.1180755198],
        "median": [0.252430766821, 0.0162318814546, 0.0442621000111, 0.0254163388163, 0.0802587270737, 0.237622693181, 0.0218521598727, 0.108524955809, 0.0262726079673, 0.0283850263804, 0.0296196062118, 0.0390495695174],
        "min": [0.00130677968264, 0.000369579240214, 0.000503715709783, 0.000287500821287, 0.00194213935174, 0.0011879382655, 0.000275109923678, 0.00209064153023, 0.000611400057096, 0.000601220992394, 0.000437886716099, 0.000838497362565],
        "var": [0.172394663095, 0.029757456854, 0.0488614477217, 0.0709658265114, 0.112834513187, 0.15783727169, 0.0654933601618, 0.118603169918, 0.0365645810962, 0.0254212077707, 0.0304933022708, 0.0377434715629]
    }
},
"lowlevel": {
    "melbands": {
        "dmean": [0.000237574713537, 0.000515683495905, 0.000178555725142, 0.000114350281365, 7.88522665971e-05, 5.88581096963e-05, 8.22364527266e-05, 0.000105184895801, 0.000182705683983, 0.000134113652166, 5.43054775335e-05, 7.05362763256e-05, 5.80979758524e-05, 2.87574330287e-05, 5.21136789757e-05, 6.38904020889e-05, 1.39661560752e-05, 9.85324186331e-06, 4.86904218633e-06, 6.16360284766e-06, 9.03596082935e-06, 6.84142514729e-06, 1.35401696753e-05, 1.17936033348e-05, 6.67400354359e-06, 6.47092929285e-06, 5.76877891945e-06, 3.72428644368e-06, 1.74277306542e-06, 1.40227996326e-06, 7.07049764515e-07, 2.89238499818e-07, 1.74645052198e-07, 1.43955944054e-07, 1.40154000405e-07, 1.01384721063e-07, 6.33010017737e-08, 4.01132638217e-08, 1.18157057472e-08, 8.6856971615e-10],
        "dmean2": [0.000407076091506, 0.000797904096544, 0.000285959860776, 0.000178099129698, 0.000129810679937, 8.82692838786e-05, 0.000126509665279, 0.000160525174579, 0.000280766515061, 0.000224651172175, 8.42403896968e-05, 0.000113417103421, 8.254039858e-05, 4.83843978145e-05, 8.535253437e-05, 0.000102086516563, 2.27829659707e-05, 1.52749635163e-05, 7.42692554923e-06, 9.74874819804e-06, 1.41956361404e-05, 1.06884463094e-05, 2.14595584112e-05, 1.89076708921e-05, 1.05106528281e-05, 9.82051278697e-06, 8.97161862667e-06, 6.0045358623e-06, 2.80756967186e-06, 2.21044024329e-06, 1.10111352569e-06, 4.39591985923e-07, 2.71594444712e-07, 2.19886928221e-07, 2.1620132884e-07, 1.60430531082e-07, 9.63520534469e-08, 6.20425097964e-08, 1.83054211789e-08, 1.40809675031e-09],
        "dvar": [7.18145187761e-08, 2.1712293119e-07, 3.43424488847e-08, 1.99860821226e-08, 1.6385644841e-08, 7.32648652857e-09, 1.83516544183e-08, 3.22522915042e-08, 1.07182920317e-07, 1.53421552795e-07, 5.42578106888e-08, 5.1450442129e-08, 2.06306882689e-08, 4.40929959211e-09, 1.90625346619e-08, 3.3527726373e-08, 2.83143619662e-09, 6.94260759992e-10, 4.64997519656e-11, 6.55756074441e-11, 1.59693605561e-10, 9.91948051476e-11, 4.44685538392e-10, 3.62298108181e-10, 1.05157722807e-10, 8.9457080632e-11, 8.06058275682e-11, 3.87806731172e-11, 9.92341018385e-12, 6.77159890661e-12, 1.34564560016e-12, 1.25272879635e-13, 5.01195832341e-14, 3.58921876595e-14, 3.77274844395e-14, 1.50102573058e-14, 6.58701227718e-15, 2.74846648329e-15, 2.75465093554e-16, 1.96962974185e-18],
        "dvar2": [2.01927207399e-07, 5.15681847446e-07, 7.42936947518e-08, 4.63878677692e-08, 3.98924342448e-08, 1.51563668283e-08, 3.50168605223e-08, 6.4503346664e-08, 2.2535999733e-07, 3.52543338522e-07, 8.89093172418e-08, 1.36098435632e-07, 3.62636747298e-08, 1.09479927346e-08, 5.00194765607e-08, 7.96713663931e-08, 5.30961097311e-09, 1.44742007269e-09, 1.01268327057e-10, 1.7021817289e-10, 3.79135667306e-10, 2.31245883553e-10, 1.04645392351e-09, 8.83766171356e-10, 2.58186083624e-10, 1.97182631334e-10, 1.88957446912e-10, 9.71641725411e-11, 2.52443361354e-11, 1.64788772905e-11, 3.38292198074e-12, 2.80749598916e-13, 1.20551612855e-13, 8.29362620247e-14, 9.15820560663e-14, 3.15911102074e-14, 1.55985979206e-14, 6.38547688101e-15, 6.46183065433e-16, 5.18921045296e-18],
        "max": [0.00222164113075, 0.00376389594749, 0.00208276882768, 0.00181743432768, 0.00153528223746, 0.0012369195465, 0.00233332533389, 0.00161142484285, 0.00392279122025, 0.00440427893773, 0.00538088334724, 0.00328432256356, 0.00182125472929, 0.00075051857857, 0.00152230239473, 0.00259801931679, 0.0010039183544, 0.000383936159778, 8.82325475686e-05, 5.55635015189e-05, 0.000103867379948, 8.48277559271e-05, 0.000184899574379, 0.000149265542859, 7.31288091629e-05, 8.19841152406e-05, 8.61631342559e-05, 5.32716658199e-05, 2.79091054836e-05, 2.51473884418e-05, 1.01634195744e-05, 3.46118645211e-06, 2.50783227784e-06, 2.23518441089e-06, 2.51784126704e-06, 1.23148595321e-06, 7.42158192679e-07, 5.94359391926e-07, 1.83647685503e-07, 1.98967153864e-08],
        "mean": [0.000403110665502, 0.00104914291296, 0.000343594932929, 0.000159967661602, 0.000105229184555, 8.67909839144e-05, 0.000116714851174, 0.000139127267175, 0.000231400219491, 0.000144449775689, 5.49928627152e-05, 7.01920143911e-05, 7.86108721513e-05, 3.25522341882e-05, 5.64735601074e-05, 6.16212637397e-05, 1.48016270032e-05, 1.09284146674e-05, 6.28921179668e-06, 7.61775936553e-06, 1.11159170046e-05, 8.51530239743e-06, 1.45381263792e-05, 1.15381772048e-05, 7.40995892556e-06, 8.01527676231e-06, 6.38076562609e-06, 3.89365277442e-06, 1.95736038222e-06, 1.51151789396e-06, 8.51232869081e-07, 4.26824982469e-07, 2.76519898534e-07, 2.35788476743e-07, 2.15291521499e-07, 1.77629104314e-07, 9.72698899204e-08, 6.42734221401e-08, 1.78302155263e-08, 1.00546171389e-09],