{
"metadata": {
    "version": {
        "essentia": "2.0.1",
        "extractor": "archive-music 1.0 mod ismir14"
    },
    "audio_properties": {
        "analysis_sample_rate": 44100,
        "bitrate": 32,
        "channels": 2,
        "equal_loudness": 0,
        "length": 30.0408172607,
        "replay_gain": -9.58456420898,
        "downmix": "mix"
    },
    "tags": {
        "track": 0,
        "year": 0,
        "album": "",
        "artist": "",
        "comment": "",
        "genre": "",
        "title": ""
    }
},
"rhythm": {
    "bpm": 172.265594482,
    "bpm_histogram_first_peak": 172,
    "bpm_histogram_first_peak_spread": 0,
    "bpm_histogram_first_peak_weight": 0.529411792755,
    "bpm_histogram_second_peak": 178,
    "bpm_histogram_second_peak_spread": 0,
    "bpm_histogram_second_peak_weight": 0.258823543787
},
"tonal": {
    "tuning_frequency": {
        "dmean": 0.029155889526,
        "dmean2": 0.0506199710071,
        "dvar": 0.0738106891513,
        "dvar2": 0.173209711909,
        "max": 437.971466064,
        "mean": 435.379241943,
        "median": 435.448913574,
        "min": 431.692352295,
        "var": 0.179142564535
    },
    "hpcp": {
        "dmean": [0.0834345072508, 0.152073100209, 0.152573406696, 0.15278339386, 0.0383612141013, 0.0800048857927, 0.103068836033, 0.120207950473, 0.050338242203, 0.060481082648, 0.135560154915, 0.0648680850863],
        "dmean2": [0.149965509772, 0.277014523745, 0.282096713781, 0.278139024973, 0.0722489133477, 0.139544069767, 0.191461443901, 0.204505488276, 0.0888279005885, 0.108072772622, 0.228501081467, 0.115733318031],
        "dvar": [0.0427864268422, 0.0729401037097, 0.0784196779132, 0.0831335932016, 0.0220377519727, 0.0432717502117, 0.0623405091465, 0.0635130703449, 0.0240471754223, 0.0254121106118, 0.0556563027203, 0.0327278077602],
        "dvar2": [0.101506955922, 0.183701679111, 0.208164483309, 0.165435478091, 0.0601106472313, 0.101783126593, 0.155211389065, 0.132777661085, 0.0557141564786, 0.0591210462153, 0.107850074768, 0.0848341807723],
        "max": [1, 1, 1, 1, 1, 1, 1, 1, 1, 1, 1, 1],
        "mean": [0.0821987017989, 0.188976109028, 0.136511996388, 0.303370594978, 0.027365827933, 0.111102350056, 0.128943368793, 0.188459843397, 0.0490950010717, 0.0628718659282, 0.330748647451, 0.0528805479407],
        "median": [0.00956678204238, 0.034488838166, 0.0269933864474, 0.0473897010088, 0.00111808627844, 0.0109054828063, 0.00130847352557, 0.00983054377139, 0.00226433807984, 0.00376757211052, 0.105525299907, 0.00326710892841],
        "min": [2.13988387259e-05, 2.17987399083e-05, 7.33256592866e-06, 2.68506914836e-06, 2.96973496461e-07, 3.89224578612e-06, 3.42959583577e-06, 3.45729813489e-06, 8.01290570962e-06, 2.22067865252e-06, 5.09928213432e-07, 1.09448519652e-05],
        "var": [0.0450947098434, 0.104263715446, 0.0660289973021, 0.167470678687, 0.0159719251096, 0.0716143622994, 0.0920133814216, 0.116184398532, 0.0308100767434, 0.0335531570017, 0.158967807889, 0.0270738396794]
    }
},
"lowlevel": {
    "melbands": {
        "dmean": [2.14272836274e-06, 4.45727600891e-05, 5.89507399127e-05, 0.000487296027131, 0.000510420068167, 0.000277092010947, 0.000112069443276, 9.44828789216e-05, 5.5129356042e-05, 3.94686430809e-05, 3.43818792317e-05, 1.8494494725e-05, 3.2544889109e-05, 1.25270944409e-05, 1.38196310218e-05, 8.80582319951e-06, 1.79716007551e-05, 8.63613513502e-06, 1.03497195596e-05, 2.90314028462e-06, 4.08230289395e-06, 3.78625691155e-06, 2.82255223283e-06, 3.16559317071e-06, 6.89735679771e-06, 7.02354918758e-06, 2.27833766075e-06, 1.18963498608e-06, 3.87537198776e-07, 2.43574959313e-07, 1.10038577361e-07, 1.84439095108e-08, 2.86613710543e-09, 7.34897087629e-10, 2.58083304727e-10, 1.12384074269e-10, 5.34653050999e-11, 2.05759610739e-11, 1.07820011599e-11, 7.25577887703e-12],
        "dmean2": [3.7262529986e-06, 6.83219332132e-05, 8.63921814016e-05, 0.000744386168662, 0.000765162927564, 0.000420981989009, 0.000172485990333, 0.000143507655594, 8.4846651589e-05, 6.35291580693e-05, 4.80644630443e-05, 2.74759422609e-05, 4.90478414577e-05, 1.80151291715e-05, 2.36236865021e-05, 1.32095856316e-05, 2.57464434981e-05, 1.36370854307e-05, 1.55548495968e-05, 4.3992299652e-06, 6.55117582937e-06, 6.23941650701e-06, 4.78065157949e-06, 5.02843067807e-06, 1.09719730972e-05, 1.05645258373e-05, 3.74626461053e-06, 1.91765434465e-06, 6.29148985354e-07, 4.11008130641e-07, 1.77728523454e-07, 2.94075483964e-08, 4.4937333854e-09, 1.13809828228e-09, 4.12629069801e-10, 1.72844585866e-10, 8.36502048185e-11, 3.03855655914e-11, 1.53242401407e-11, 1.00688936355e-11],
        "dvar": [1.14419142563e-11, 9.4522354388e-09, 1.33565958294e-08, 1.48712445025e-06, 7.70335361722e-07, 1.49178532638e-07, 3.71683732681e-08, 4.62321843031e-08, 3.23206172936e-08, 1.43855691803e-08, 1.26809904799e-08, 4.48560300015e-09, 1.31835671269e-08, 1.75194214691e-09, 4.14690948247e-09, 4.16229134492e-10, 2.78779688223e-09, 2.52196930006e-10, 5.00657570957e-10, 2.843262778e-11, 6.15343331845e-11, 6.22312340548e-11, 6.08716063666e-11, 5.42824465932e-11, 3.42511713436e-10, 3.0141322771e-10, 2.74301970027e-11, 9.67651046097e-12, 1.53923521064e-12, 1.33358645307e-12, 4.08282674162e-13, 6.10861823296e-15, 4.25917467925e-16, 1.23377313628e-17, 7.53595297345e-19, 1.25767655185e-19, 2.59497657241e-20, 2.15740214812e-21, 1.56527522619e-21, 1.61534530069e-21],
        "dvar2": [3.09747297256e-11, 1.49470391619e-08, 2.60792880624e-08, 2.47857997238e-06, 1.57654687882e-06, 3.38449638093e-07, 8.43559035957e-08, 1.01692691601e-07, 6.44797921723e-08, 3.48577877674e-08, 2.72731153217e-08, 8.04702260382e-09, 2.71850275624e-08, 3.29676197452e-09, 1.14082787661e-08, 8.93789209311e-10, 4.03374844637e-09, 5.58073920409e-10, 9.75945324555e-10, 6.69959226984e-11, 1.50386356146e-10, 1.44294298732e-10, 1.68942082546e-10, 1.2363093882e-10, 6.87132795107e-10, 5.22073828613e-10, 7.0741780489e-11, 2.28874853098e-11, 3.11746331874e-12, 2.69593592242e-12, 8.60371290271e-13, 1.42501739846e-14, 9.94105077831e-16, 2.9856309969e-17, 1.82943524252e-18, 2.71603797704e-19, 4.93133997308e-20, 3.04988236925e-21, 1.91824759249e-21, 2.0500247746e-21],
        "max": [3.64038860425e-05, 0.00256930547766, 0.00148770958185, 0.0297134313732, 0.00966249406338, 0.00316019705497, 0.00188870565034, 0.00257654883899, 0.0025538764894, 0.00124284694903, 0.00147023459431, 0.000806446594652, 0.00169741280843, 0.000609248003457, 0.000821112364065, 0.000374205992557, 0.0013690929627, 0.000187372104847, 0.000404440186685, 8.46732145874e-05, 7.19748350093e-05, 8.12191065052e-05, 8.66844202392e-05, 0.000108976753836, 0.000248820259003, 0.00032295222627, 5.04023228132e-05, 3.392383951e-05, 1.88340181921e-05, 1.88226094906e-05, 1.28372321342e-05, 1.45947092278e-06, 4.41555073394e-07, 5.41363682771e-08, 1.37606237516e-08, 5.55889201337e-09, 2.61712340688e-09, 1.28117783049e-09, 1.18001608485e-09, 1.18745235866e-09],
        "mean": [2.45140040533e-06, 7.56556983106e-05, 0.000111393550469, 0.000910605536774, 0.000876973790582, 0.000407125422498, 0.00015533111582, 0.000152521839482, 6.86576313456e-05, 4.21004151576e-05, 4.19036841777e-05, 2.23191327677e-05, 3.81713725801e-05, 1.43848792504e-05, 1.29841791932e-05, 9.78956450126e-06, 2.11034039239e-05, 1.00546940303e-05, 1.35476348078e-05, 3.87851923733e-06, 4.61793342765e-06, 4.05512764701e-06, 2.66234064838e-06, 3.61762886314e-06, 7.64218566474e-06, 8.17784257379e-06, 2.25767348638e-06, 1.11489612209e-06, 3.9202191715e-07, 2.31909723425e-07, 9.82455858889e-08, 1.63208913051e-08, 2.58213783688e-09, 7.4460604349e-10, 3.1859195837e-10, 1.57262508571e-10, 8.23895049407e-11, 3.89415548419e-11, 2.25029370138e-11, 1.50341440686e-11],