{
"metadata": {
    "version": {
        "essentia": "2.0.1",
        "extractor": "archive-music 1.0 mod ismir14"
    },
    "audio_properties": {
        "analysis_sample_rate": 44100,
        "bitrate": 32,
        "channels": 2,
        "equal_loudness": 0,
        "length": 30.0408172607,
        "replay_gain": -14.3674125671,
        "downmix": "mix"
    },
    "tags": {
        "track": 0,
        "year": 0,
        "album": "",
        "artist": "",
        "comment": "",
        "genre": "",
        "title": ""
    }
},
"rhythm": {
    "bpm": 109.314041138,
    "bpm_histogram_first_peak": 110,
    "bpm_histogram_first_peak_spread": 0.396226406097,
    "bpm_histogram_first_peak_weight": 0.603773593903,
    "bpm_histogram_second_peak": 0,
    "bpm_histogram_second_peak_spread": 0,
    "bpm_histogram_second_peak_weight": 0
},
"tonal": {
    "tuning_frequency": {
        "dmean": 0.0837152376771,
        "dmean2": 0.144843414426,
        "dvar": 0.525753200054,
        "dvar2": 1.04871630669,
        "max": 447.949737549,
        "mean": 442.406066895,
        "median": 442.804626465,
        "min": 433.191070557,
        "var": 1.26453864574
    },
    "hpcp": {
        "dmean": [0.100736685097, 0.0743802711368, 0.0631713196635, 0.128473326564, 0.0615030713379, 0.11316575855, 0.0504643581808, 0.0795869901776, 0.106302075088, 0.0527954101562, 0.113560684025, 0.0818611606956],
        "dmean2": [0.176300212741, 0.138463094831, 0.116597115993, 0.22525420785, 0.112320385873, 0.19799938798, 0.0960751995444, 0.142365008593, 0.180475264788, 0.0982668474317, 0.198283806443, 0.152618318796],
        "dvar": [0.0460794791579, 0.0417059026659, 0.0329757258296, 0.0559388138354, 0.0278371516615, 0.0482622385025, 0.0228421203792, 0.0289911516011, 0.0386105924845, 0.0231389235705, 0.0489819310606, 0.047922462225],
        "dvar2": [0.108053766191, 0.107865527272, 0.0913480594754, 0.127559408545, 0.0738844126463, 0.123711816967, 0.0662138983607, 0.0757094919682, 0.0944261848927, 0.0641952380538, 0.124333642423, 0.136537522078],
        "max": [1, 1, 1, 1, 1, 1, 1, 1, 1, 1, 1, 1],
        "mean": [0.160134226084, 0.213853269815, 0.0430274344981, 0.417401909828, 0.0441866889596, 0.217568948865, 0.0313812159002, 0.0939949974418, 0.206336408854, 0.0327514186502, 0.207851365209, 0.0526725798845],
        "median": [0.0220026280731, 0.00491942232475, 0.0035090923775, 0.182928860188, 0.00272956420667, 0.0337457880378, 0.00249682669528, 0.0103727802634, 0.0686347931623, 0.00235359952785, 0.058591209352, 0.00233399984427],
        "min": [5.71191264953e-07, 3.99897317038e-06, 3.17624380841e-06, 9.09085702006e-06, 2.59458170149e-06, 1.92484185391e-06, 4.76161602592e-07, 3.13323835144e-05, 1.21607479286e-06, 1.59569549396e-06, 7.43376040191e-06, 1.20691515804e-06],
        "var": [0.0888407230377, 0.149153977633, 0.021334072575, 0.189600110054, 0.0215807836503, 0.119606345892, 0.0132525349036, 0.0447589308023, 0.0973310098052, 0.0138651747257, 0.101734243333, 0.0307162553072]
    }
},
"lowlevel": {
    "melbands": {
        "dmean": [0.000521531852428, 0.000884478969965, 0.000618227408268, 0.000378845928935, 0.000165740450029, 0.000149440515088, 8.47142437124e-05, 0.000121223965834, 0.000178357542609, 0.000110353154014, 2.66937367996e-05, 3.26158333337e-05, 1.88116064237e-05, 2.01551865757e-05, 2.22552189371e-05, 1.9353139578e-05, 2.01217353606e-05, 1.80042134161e-05, 1.03172324089e-05, 1.6654126739e-05, 7.10856147634e-06, 5.01519525642e-06, 5.52111123397e-06, 3.22687697007e-06, 1.9580031676e-06, 1.44539774283e-06, 8.93064566299e-07, 6.5535499516e-07, 6.71746533953e-07, 4.96511347592e-07, 4.12925999171e-07, 4.14196279053e-07, 3.712500245e-07, 2.8827187748e-07, 2.51842180887e-07, 2.28100233812e-07, 1.68432706005e-07, 1.13240439248e-07, 9.14430486887e-08, 8.20804757495e-08],
        "dmean2": [0.000886347843334, 0.00145210325718, 0.000972405658104, 0.000623636413366, 0.000271452765446, 0.000221855429118, 0.00013360833691, 0.000184481250471, 0.000284705805825, 0.000171221559867, 3.9943261072e-05, 4.93631887366e-05, 2.82393175439e-05, 3.16418445436e-05, 3.6285873648e-05, 2.9915905543e-05, 3.27610978275e-05, 2.76812879747e-05, 1.6556790797e-05, 2.64870159299e-05, 1.11757854029e-05, 8.26496670925e-06, 8.99844235391e-06, 5.36845527677e-06, 3.06559968521e-06, 2.26464499065e-06, 1.3902840692e-06, 1.01652835838e-06, 1.02102660549e-06, 7.31943032406e-07, 5.94446191826e-07, 5.97646419465e-07, 5.41723409242e-07, 4.13785073761e-07, 3.76534870838e-07, 3.44992059809e-07, 2.61555499037e-07, 1.74257465346e-07, 1.36483535584e-07, 1.24600262552e-07],
        "dvar": [1.97479948838e-06, 1.40650445246e-06, 6.37378946067e-07, 5.18437445862e-07, 4.45618191236e-08, 6.28813552339e-08, 1.832152563e-08, 6.00818381713e-08, 1.40122708103e-07, 7.99552850594e-08, 5.26538901369e-09, 8.71478711417e-09, 2.55120036208e-09, 2.57445420537e-09, 4.68506478057e-09, 1.94833438272e-09, 1.9173500565e-09, 1.84414739035e-09, 6.25685836475e-10, 3.57987794963e-09, 2.69600675118e-10, 7.90535623074e-11, 1.87165768994e-10, 4.40244091182e-11, 1.06258161992e-11, 5.91131744249e-12, 2.5978225647e-12, 1.61226208165e-12, 1.38671344373e-12, 9.01360637604e-13, 7.24376342329e-13, 8.11611194917e-13, 6.65614481934e-13, 5.56251008796e-13, 6.91609421642e-13, 1.03471571589e-12, 7.65842467568e-13, 2.35866258165e-13, 9.15918003334e-14, 1.11725028101e-13],
        "dvar2": [5.40728706255e-06, 3.51594053427e-06, 1.52785787577e-06, 1.43899376326e-06, 1.19261002851e-07, 1.23992819567e-07, 4.05370528256e-08, 1.27660300109e-07, 3.25684055724e-07, 1.84524424185e-07, 9.47814093877e-09, 1.70644849362e-08, 5.6992481845e-09, 6.10790307221e-09, 1.20295231554e-08, 4.1127439232e-09, 5.09952435834e-09, 4.16974410555e-09, 1.54843449174e-09, 9.70542224366e-09, 6.84857226485e-10, 1.95799446101e-10, 5.08524278242e-10, 1.13182935246e-10, 2.521347367e-11, 1.41599180298e-11, 6.1501329203e-12, 3.76886412704e-12, 2.828637281e-12, 2.00963746512e-12, 1.64338215345e-12, 1.76534004429e-12, 1.38143695701e-12, 1.06343905036e-12, 1.46503685919e-12, 2.17587493162e-12, 1.49652870391e-12, 4.34695194337e-13, 1.69350414226e-13, 2.11880914289e-13],
        "max": [0.0122477896512, 0.0100691281259, 0.00841426569968, 0.00545318191871, 0.00170335092116, 0.00243917596526, 0.00125298334751, 0.00292793265544, 0.00507129356265, 0.00382773205638, 0.00157096679322, 0.001906307647, 0.00104613404255, 0.000511680264026, 0.000834308855701, 0.000499397341628, 0.000511323334649, 0.000650642905384, 0.00022709814948, 0.00119618151803, 0.000262746383669, 8.93188262125e-05, 0.0002504583681, 8.98749567568e-05, 3.77326978196e-05, 2.51131350524e-05, 1.27118255477e-05, 1.05037333924e-05, 1.26727090901e-05, 7.57966745368e-06, 7.91011370893e-06, 1.00925708466e-05, 1.1229843949e-05, 1.27802304632e-05, 1.65624769579e-05, 2.08615583688e-05, 1.72846612259e-05, 9.2758136816e-06, 5.96776635575e-06, 6.47586057312e-06],
        "mean": [0.000640783109702, 0.00265944562852, 0.0019265813753, 0.000709415413439, 0.000304897665046, 0.000269580690656, 0.00013996110647, 0.000175515931915, 0.000239583998336, 0.000175004955963, 3.76097486878e-05, 3.9245122025e-05, 2.55352897511e-05, 2.53725211223e-05, 2.49832683039e-05, 2.77751696558e-05, 2.53698126471e-05, 2.42749028985e-05, 1.33649718919e-05, 2.62020930677e-05, 1.14314207167e-05, 7.88198576629e-06, 1.04763157651e-05, 6.1771329456e-06, 3.08120320369e-06, 1.95795200852e-06, 1.10972928269e-06, 7.72657358539e-07, 8.42336362439e-07, 5.93047786879e-07, 4.82439190819e-07, 4.79778975659e-07, 4.3555004936e-07, 3.38977571346e-07, 2.8469403901e-07, 2.36728695313e-07, 1.83660887387e-07, 1.24622687281e-07, 9.8363052814e-08, 8.89437146157e-08],