{
"metadata": {
    "version": {
        "essentia": "2.0.1",
        "extractor": "archive-music 1.0 mod ismir14"
    },
    "audio_properties": {
        "analysis_sample_rate": 44100,
        "bitrate": 32,
        "channels": 2,
        "equal_loudness": 0,
        "length": 30.0408172607,
        "replay_gain": -8.86828994751,
        "downmix": "mix"
    },
    "tags": {
        "track": 7,
        "year": 0,
        "album": "The Cool Jazz Collection",
        "artist": "Astrud Gilberto",
        "comment": "",
        "genre": "Jazz",
        "title": "Girl From Ipanema"
    }
},
"rhythm": {
    "bpm": 130.229049683,
    "bpm_histogram_first_peak": 129,
    "bpm_histogram_first_peak_spread": 0.542372882366,
    "bpm_histogram_first_peak_weight": 0.428571432829,
    "bpm_histogram_second_peak": 123,
    "bpm_histogram_second_peak_spread": 0,
    "bpm_histogram_second_peak_weight": 0.0317460335791
},
"tonal": {
    "tuning_frequency": {
        "dmean": 0.0795124918222,
        "dmean2": 0.125431314111,
        "dvar": 0.615240395069,
        "dvar2": 1.17910885811,
        "max": 451.326080322,
        "mean": 439.065887451,
        "median": 439.238189697,
        "min": 433.441375732,
        "var": 0.797266900539
    },
    "hpcp": {
        "dmean": [0.099903434515, 0.152895137668, 0.0913488790393, 0.147006586194, 0.0972383320332, 0.0886551439762, 0.126211643219, 0.0405949838459, 0.12535469234, 0.0924141928554, 0.124340973794, 0.0970679298043],
        "dmean2": [0.187490433455, 0.269104540348, 0.173600748181, 0.266273468733, 0.173478916287, 0.161179453135, 0.217935830355, 0.0769160836935, 0.225298270583, 0.16813544929, 0.224063411355, 0.170531868935],
        "dvar": [0.0515205524862, 0.0767352208495, 0.0565107539296, 0.0752012804151, 0.0460172109306, 0.0460142754018, 0.0608589947224, 0.0195353832096, 0.0625392943621, 0.0523536428809, 0.0657224729657, 0.0455783158541],
        "dvar2": [0.146615564823, 0.168814241886, 0.158448964357, 0.166337758303, 0.110737130046, 0.115894161165, 0.12554743886, 0.0544996745884, 0.141301512718, 0.127487361431, 0.154785007238, 0.11161185056],
        "max": [1, 1, 1, 1, 1, 1, 1, 1, 1, 1, 1, 1],
        "mean": [0.0662451088428, 0.25353077054, 0.0577544830739, 0.270320862532, 0.115509964526, 0.0931784510612, 0.220224186778, 0.0556996427476, 0.167432457209, 0.0810342505574, 0.126440688968, 0.1302613765],
        "median": [0.0021174387075, 0.0393288210034, 0.00100822560489, 0.0225855559111, 0.00553379673511, 0.00392740685493, 0.0274642836303, 0.0012268605642, 0.0153671428561, 0.00127028254792, 0.00880351476371, 0.00678370986134],
        "min": [3.57937096851e-06, 1.4442993006e-06, 2.09506174542e-06, 4.02059959015e-06, 1.60071817845e-06, 8.77775346453e-06, 2.44415714405e-05, 6.61051535644e-06, 3.89912202081e-07, 1.56748069458e-06, 2.9677466955e-06, 3.39459870702e-06],
        "var": [0.0374180004001, 0.141060501337, 0.0360281355679, 0.160996437073, 0.0669756904244, 0.0592280328274, 0.12763158977, 0.039536293596, 0.0997793376446, 0.0542143024504, 0.0742418542504, 0.076901011169]
    }
},
"lowlevel": {
    "melbands": {
        "dmean": [0.000258507177932, 0.00072645425098, 0.00085560255684, 0.000452123902505, 0.000257062085439, 9.51846377575e-05, 5.86582500546e-05, 7.11198226782e-05, 2.53023590631e-05, 1.69952054421e-05, 1.65072997333e-05, 1.56121823238e-05, 3.40050655723e-06, 2.36099958784e-06, 3.53188465851e-06, 2.25347775995e-06, 1.94076142179e-06, 7.58970429615e-07, 8.33552860513e-07, 7.5632425478e-07, 4.21976920961e-07, 5.71162161123e-07, 7.23671973901e-07, 6.02586965215e-07, 2.49315093015e-07, 1.46087074882e-07, 2.40632004989e-07, 3.26931086647e-07, 3.06001396666e-07, 3.67470931906e-07, 6.29885732906e-07, 1.05184165022e-06, 1.05519450244e-06, 7.51881486849e-07, 3.3206353578e-07, 2.07560759691e-07, 1.63799313668e-07, 1.33610186026e-07, 1.70035548308e-07, 2.59706240513e-07],
        "dmean2": [0.000360915058991, 0.00105206249282, 0.00130383693613, 0.000650903093629, 0.000384782702895, 0.000142946752021, 9.01461899048e-05, 0.000112455418275, 3.64964616892e-05, 2.4872353606e-05, 2.27635628107e-05, 1.89232141565e-05, 4.80392372992e-06, 3.44558316101e-06, 4.68810276288e-06, 3.26942927131e-06, 2.89456920655e-06, 1.12033001187e-06, 1.34339234137e-06, 1.11643566925e-06, 6.80189941704e-07, 8.78369121438e-07, 1.12278939923e-06, 9.65617346083e-07, 3.78181027827e-07, 2.13354212519e-07, 3.54691536586e-07, 5.08019525114e-07, 4.79307914247e-07, 5.78246613259e-07, 9.41991402215e-07, 1.59560943302e-06, 1.64251184742e-06, 1.27959117435e-06, 4.68054508929e-07, 3.00975500522e-07, 2.49435260002e-07, 1.91932301163e-07, 2.44205097033e-07, 3.69677110257e-07],
        "dvar": [3.84499713846e-07, 1.20724996577e-06, 1.31674403292e-06, 5.83785208619e-07, 2.25201105764e-07, 3.63243906065e-08, 3.79976690112e-08, 4.80625743648e-08, 4.59117099894e-09, 4.28940927222e-09, 2.04760497446e-09, 7.72090302803e-09, 6.68052696495e-11, 2.94293339698e-11, 1.52171567014e-10, 6.96405710876e-11, 9.13483594323e-11, 4.45817081168e-12, 1.80223717894e-11, 1.170913453e-11, 2.26981454465e-12, 1.64608138318e-12, 3.66438043103e-12, 3.44718546243e-12, 6.18362457593e-13, 1.14546596492e-13, 6.7368197609e-13, 1.77243224438e-12, 9.68515090176e-13, 2.26248598849e-12, 8.21202481016e-12, 2.52255490801e-11, 2.14830653267e-11, 3.01937641556e-11, 1.43299304714e-12, 3.70286104296e-13, 2.35257424435e-13, 1.76248623443e-13, 4.40704520403e-13, 1.0374556032e-12],
        "dvar2": [7.43635325762e-07, 2.24134896598e-06, 2.58112868323e-06, 1.13665464596e-06, 5.00388296132e-07, 7.72063373233e-08, 8.05322883934e-08, 1.09952345895e-07, 7.81874209821e-09, 8.01525956717e-09, 4.14430445517e-09, 1.10335900416e-08, 1.18072926436e-10, 6.24476928501e-11, 2.09060588285e-10, 1.28224597606e-10, 2.00898700453e-10, 1.05429579997e-11, 4.89287707572e-11, 2.53929550997e-11, 5.97776472419e-12, 3.58520158006e-12, 8.09687820263e-12, 8.04605253951e-12, 1.45255476484e-12, 2.25859017903e-13, 1.43039291349e-12, 3.53769747871e-12, 2.35467331397e-12, 4.74875737691e-12, 1.87303939719e-11, 5.40276400007e-11, 4.79436108869e-11, 8.40942038227e-11, 2.55239275895e-12, 6.69952862718e-13, 4.12769156962e-13, 2.72702758812e-13, 8.00136378595e-13, 1.75544767524e-12],
        "max": [0.00952482223511, 0.0122579513118, 0.012023341842, 0.0194860789925, 0.00527599593624, 0.0024137319997, 0.00230727926828, 0.00202078651637, 0.000992857501842, 0.00101134669967, 0.000511763151735, 0.00243523367681, 0.000105276420072, 8.5703934019e-05, 0.000293752818834, 0.000135499270982, 0.000171356266947, 3.07811860694e-05, 7.13247281965e-05, 5.18823071616e-05, 2.52522168012e-05, 1.35242917167e-05, 1.96652999875e-05, 2.21222580876e-05, 1.34361716846e-05, 4.89518697577e-06, 1.37776341944e-05, 2.27942527999e-05, 1.06547013274e-05, 2.04805692192e-05, 4.04591482948e-05, 6.74992043059e-05, 5.70306510781e-05, 0.000111725159513, 2.01237598958e-05, 7.23603216102e-06, 5.80001506023e-06, 6.48918285151e-06, 8.06868501968e-06, 1.44133373396e-05],
        "mean": [0.000461692921817, 0.00155922514386, 0.00199577840976, 0.00076130614616, 0.000570344447624, 0.000167968988535, 6.9437577622e-05, 8.21456123958e-05, 3.32838244503e-05, 2.2594949769e-05, 2.08709261642e-05, 2.16808930418e-05, 4.60392902824e-06, 3.05285698232e-06, 4.93130710311e-06, 2.9069408356e-06, 2.08927599488e-06, 8.07388403246e-07, 8.15346766103e-07, 7.86899931882e-07, 4.23795370352e-07, 6.56981626435e-07, 7.85962697591e-07, 6.08677055425e-07, 2.66743029442e-07, 1.77354323228e-07, 2.56038305224e-07, 3.35283061759e-07, 2.92372476451e-07, 3.68070857348e-07, 6.30612532859e-07, 1.0542896689e-06, 1.0344004977e-06, 7.40455277537e-07, 3.70322851495e-07, 2.39825595827e-07, 1.97871713681e-07, 1.563255978e-07, 1.89432498132e-07, 2.83429159254e-07],