{
"metadata": {
    "version": {
        "essentia": "2.0.1",
        "extractor": "archive-music 1.0 mod ismir14"
    },
    "audio_properties": {
        "analysis_sample_rate": 44100,
        "bitrate": 32,
        "channels": 2,
        "equal_loudness": 0,
        "length": 30.0408172607,
        "replay_gain": -9.58841705322,
        "downmix": "mix"
    },
    "tags": {
        "track": 0,
        "year": 0,
        "album": "",
        "artist": "",
        "comment": "",
        "genre": "",
        "title": ""
    }
},
"rhythm": {
    "bpm": 172.265594482,
    "bpm_histogram_first_peak": 172,
    "bpm_histogram_first_peak_spread": 0,
    "bpm_histogram_first_peak_weight": 0.529411792755,
    "bpm_histogram_second_peak": 178,
    "bpm_histogram_second_peak_spread": 0,
    "bpm_histogram_second_peak_weight": 0.258823543787
},
"tonal": {
    "tuning_frequency": {
        "dmean": 0.0124102933332,
        "dmean2": 0.0218502059579,
        "dvar": 0.0154346507043,
        "dvar2": 0.0293216165155,
        "max": 435.700531006,
        "mean": 434.235778809,
        "median": 434.193115234,
        "min": 434.193115234,
        "var": 0.0600890405476
    },
    "hpcp": {
        "dmean": [0.120904356241, 0.202568620443, 0.186923578382, 0.278553694487, 0.0478339530528, 0.148028865457, 0.159000381827, 0.28083434701, 0.0940067470074, 0.106233820319, 0.261270880699, 0.0852998942137],
        "dmean2": [0.214592292905, 0.376564741135, 0.322555750608, 0.489402294159, 0.0877850428224, 0.262400478125, 0.280613809824, 0.497405827045, 0.168945938349, 0.184786736965, 0.476032555103, 0.153542742133],
        "dvar": [0.046726718545, 0.0730525478721, 0.0553542822599, 0.110157415271, 0.0150323621929, 0.0749390274286, 0.083862118423, 0.118953481317, 0.0411482490599, 0.0427969619632, 0.095844656229, 0.022637013346],
        "dvar2": [0.120406463742, 0.15569151938, 0.14557646215, 0.251557141542, 0.0437888018787, 0.169020935893, 0.187769174576, 0.313966870308, 0.116136670113, 0.113447993994, 0.193022117019, 0.0657847076654],
        "max": [1, 1, 1, 1, 0.793807208538, 1, 1, 1, 1, 1, 1, 1],
        "mean": [0.100295364857, 0.239126771688, 0.171583011746, 0.396766841412, 0.0363647937775, 0.150005206466, 0.1829931885, 0.235046029091, 0.0676691755652, 0.0825219377875, 0.383528649807, 0.0691097080708],
        "median": [0.0291195120662, 0.105332523584, 0.0737862437963, 0.175857812166, 0.00645314482972, 0.0303318686783, 0.0109015041962, 0.0485740490258, 0.0120332697406, 0.0175589956343, 0.187936887145, 0.0223746411502],
        "min": [0.000858584127855, 0.00324033130892, 0.00100977288093, 0.000126640719827, 9.42629267229e-05, 0.000679924385622, 7.20051975804e-05, 0.000271637982223, 0.00034102977952, 0.000103810911241, 0.000203091432923, 0.000433541310485],
        "var": [0.0392363294959, 0.102372981608, 0.057709172368, 0.170773893595, 0.0100548462942, 0.0851301625371, 0.11503777653, 0.119779646397, 0.0296873692423, 0.0337563790381, 0.154052719474, 0.0167025122792]
    }
},
"lowlevel": {
    "melbands": {
        "dmean": [3.13942052799e-07, 1.42390199471e-05, 1.80986662599e-05, 0.000199014233658, 0.000155316258315, 8.01265996415e-05, 3.82136495318e-05, 3.28780370182e-05, 2.09375175473e-05, 1.55916350195e-05, 1.38650084409e-05, 8.96922938409e-06, 1.38056557262e-05, 5.22456048202e-06, 4.39952918896e-06, 3.18351771966e-06, 6.98383428244e-06, 2.83383792521e-06, 3.77844116883e-06, 8.64850164817e-07, 1.11181623197e-06, 9.61530872701e-07, 6.9012349968e-07, 1.0883950381e-06, 2.49212189374e-06, 2.99488669953e-06, 6.44363410629e-07, 3.67830125469e-07, 1.54775975147e-07, 1.09868658171e-07, 4.38294271987e-08, 6.66076038769e-09, 1.25863419687e-09, 2.97695867957e-10, 8.28936155828e-11, 3.73001768361e-11, 1.78822460312e-11, 6.39536080344e-12, 4.22531541006e-12, 2.80150382059e-12],
        "dmean2": [4.97914470543e-07, 2.46627259912e-05, 2.96169582725e-05, 0.000340011814842, 0.000264960544882, 0.000138011862873, 6.58011122141e-05, 5.5930329836e-05, 3.89723063563e-05, 2.93793546007e-05, 2.63784095296e-05, 1.7175982066e-05, 2.65267881332e-05, 9.87122712104e-06, 8.2633096099e-06, 5.96555855736e-06, 1.30128428282e-05, 5.00063697473e-06, 6.87476949679e-06, 1.51738697696e-06, 1.91650156012e-06, 1.71599583609e-06, 1.24342466279e-06, 1.91757976609e-06, 4.517753041e-06, 5.6430535551e-06, 1.15065552109e-06, 6.66718165121e-07, 2.91754929549e-07, 2.10010341561e-07, 8.65825882101e-08, 1.26375612197e-08, 2.45571851742e-09, 5.78317116418e-10, 1.55094631582e-10, 6.95803900608e-11, 3.24424376252e-11, 1.09636770149e-11, 6.25557505102e-12, 3.59887748942e-12],
        "dvar": [1.35821800855e-13, 1.55159818327e-09, 5.52253909269e-10, 2.78199991044e-07, 2.873020577e-08, 6.36416030986e-09, 1.94594695913e-09, 2.48081311049e-09, 3.06272163186e-09, 1.16768239522e-09, 1.20674603643e-09, 6.4779254183e-10, 1.78636971881e-09, 1.54179710665e-10, 1.73170575102e-10, 4.24401104537e-11, 6.59795218461e-10, 1.98969712234e-11, 5.60096170832e-11, 1.57406000127e-12, 2.34792480597e-12, 1.67721804327e-12, 1.95505829408e-12, 2.6806926904e-12, 3.40435631074e-11, 5.75007541581e-11, 8.37463399409e-13, 4.65772385938e-13, 1.36276677876e-13, 1.31696330273e-13, 3.37466836973e-14, 4.82270278739e-16, 4.38806841076e-17, 1.18562485534e-18, 3.04685451662e-20, 1.13892802176e-20, 2.90369980446e-21, 1.67938831064e-22, 2.67613956037e-22, 2.4547107219e-22],
        "dvar2": [3.26491085686e-13, 3.20114912356e-09, 1.34774325034e-09, 7.37372317872e-07, 7.88347378489e-08, 1.81441226488e-08, 5.26651922073e-09, 5.63413049548e-09, 8.71911698397e-09, 3.54925866475e-09, 3.69194941285e-09, 1.94235005857e-09, 5.28260946098e-09, 4.5370621149e-10, 5.18787623971e-10, 1.1961613644e-10, 1.97330374263e-09, 5.60619051182e-11, 1.6161481875e-10, 4.51907348348e-12, 6.49796579391e-12, 4.8037390038e-12, 5.69992794283e-12, 7.62243740349e-12, 1.00434452421e-10, 1.71617012268e-10, 2.19964910002e-12, 1.3199464308e-12, 3.84712091827e-13, 3.75270859309e-13, 1.01102719946e-13, 1.4032481435e-15, 1.30617536195e-16, 3.70711744864e-18, 8.91045353567e-20, 3.36046453623e-20, 8.46552067744e-21, 3.31792473355e-22, 3.08114251616e-22, 2.35812688407e-22],
        "max": [2.45734713644e-06, 0.000395995535655, 0.000191321392776, 0.00522242346779, 0.00114182650577, 0.000479740323499, 0.00022293816437, 0.000378720927984, 0.000372354756109, 0.000203409814276, 0.000190478094737, 0.000151038955664, 0.000316746620229, 8.32039950183e-05, 9.22233448364e-05, 5.80725027248e-05, 0.000234770093812, 3.24766879203e-05, 7.03510886524e-05, 1.15499778985e-05, 9.97893130261e-06, 6.98596522852e-06, 9.04529770196e-06, 8.91178297024e-06, 3.87898617191e-05, 6.03614753345e-05, 4.45893647338e-06, 3.84688109989e-06, 2.58783734353e-06, 3.07210962092e-06, 1.66368192822e-06, 1.96937904207e-07, 6.02875900313e-08, 7.77875719393e-09, 1.26818555657e-09, 9.50369449804e-10, 4.89828400063e-10, 1.3864079329e-10, 1.72044434255e-10, 1.69163294483e-10],
        "mean": [4.57518609664e-07, 1.91261951841e-05, 2.6189847631e-05, 0.00022361727315, 0.000206813565455, 9.82788405963e-05, 3.79339471692e-05, 3.72075082851e-05, 1.63870718097e-05, 1.10925238914e-05, 1.03481188489e-05, 5.76731281399e-06, 9.83848894975e-06, 3.59677710549e-06, 3.22991695612e-06, 2.44691250373e-06, 5.30189845449e-06, 2.51253959505e-06, 3.52238521373e-06, 9.5708844583e-07, 1.10877113002e-06, 9.54967504185e-07, 6.4447948489e-07, 8.86138707301e-07, 1.93775531443e-06, 2.17414549297e-06, 5.56243833216e-07, 2.83405057644e-07, 1.03851718336e-07, 6.70720723406e-08, 2.70945754721e-08, 4.35502212071e-09, 7.77267750163e-10, 2.13834103202e-10, 8.31260546508e-11, 3.956318953e-11, 2.03972446572e-11, 9.73505217411e-12, 6.4462966215e-12, 4.44887269385e-12],