{
"metadata": {
    "version": {
        "essentia": "2.0.1",
        "extractor": "archive-music 1.0 mod ismir14"
    },
    "audio_properties": {
        "analysis_sample_rate": 44100,
        "bitrate": 721,
        "channels": 2,
        "equal_loudness": 0,
        "length": 29.9995231628,
        "replay_gain": -12.2078838348,
        "downmix": "mix"
    },
    "tags": {
        "track": 0,
        "year": 0,
        "album": "",
        "artist": "",
        "comment": "",
        "genre": "",
        "title": ""
    }
},
"rhythm": {
    "bpm": 92.4695205688,
    "bpm_histogram_first_peak": 92,
    "bpm_histogram_first_peak_spread": 0.54545456171,
    "bpm_histogram_first_peak_weight": 0.444444447756,
    "bpm_histogram_second_peak": 99,
    "bpm_histogram_second_peak_spread": 0,
    "bpm_histogram_second_peak_weight": 0.0222222227603
},
"tonal": {
    "tuning_frequency": {
        "dmean": 0.271928578615,
        "dmean2": 0.493914872408,
        "dvar": 3.93050694466,
        "dvar2": 7.44243955612,
        "max": 456.04309082,
        "mean": 439.102752686,
        "median": 440.254241943,
        "min": 432.690917969,
        "var": 18.2074642181
    },
    "hpcp": {
        "dmean": [0.0808446109295, 0.172914162278, 0.0782790184021, 0.239166632295, 0.149863898754, 0.10691986233, 0.221064344049, 0.0729143172503, 0.184061527252, 0.0843028202653, 0.143638804555, 0.221181675792],
        "dmean2": [0.139900058508, 0.303776353598, 0.139751046896, 0.413510203362, 0.264638662338, 0.192232593894, 0.385748773813, 0.126961737871, 0.303125739098, 0.148904636502, 0.251981735229, 0.383189707994],
        "dvar": [0.0248026289046, 0.051465459168, 0.0264042727649, 0.0701293721795, 0.0579210743308, 0.0196877755225, 0.0744173452258, 0.0129734706134, 0.046710062772, 0.0189565960318, 0.0328776910901, 0.0599759109318],
        "dvar2": [0.0725105032325, 0.117746591568, 0.0738583058119, 0.157804265618, 0.124906383455, 0.0553047470748, 0.126600950956, 0.0356866307557, 0.0985525473952, 0.0535593740642, 0.0767388865352, 0.145506680012],
        "max": [0.986179411411, 1, 1, 1, 1, 1, 1, 0.65115326643, 1, 1, 1, 1],
        "mean": [0.0764033421874, 0.248908340931, 0.0678784623742, 0.470939308405, 0.272554457188, 0.118249051273, 0.354489535093, 0.0705575868487, 0.427690625191, 0.0796453356743, 0.213810414076, 0.413708984852],
        "median": [0.0288938228041, 0.119317792356, 0.0310956835747, 0.320059001446, 0.0986388996243, 0.0809103474021, 0.162086591125, 0.0359004996717, 0.301387786865, 0.0425579585135, 0.143444046378, 0.29781216383],
        "min": [0.000950399262365, 0.0041338680312, 0.00107330630999, 0.00379918515682, 0.000811183301266, 0.00369462091476, 0.00438817637041, 0.00335115962662, 0.0120615251362, 0.00203830283135, 0.00385149475187, 0.00278259604238],
        "var": [0.0177333913743, 0.0750544965267, 0.0181337874383, 0.141280010343, 0.128561377525, 0.0173804666847, 0.135692983866, 0.00994075741619, 0.12094001472, 0.0134085305035, 0.0448862016201, 0.120240323246]
    }
},
"lowlevel": {
    "melbands": {
        "dmean": [1.65715562161e-06, 9.61367095442e-06, 7.21074366083e-06, 1.55888847075e-05, 1.77061720024e-05, 3.05152261717e-05, 2.2279264158e-05, 6.64009858156e-05, 3.76114039682e-05, 2.73088098766e-05, 1.4629571524e-05, 1.17891167974e-05, 1.19894857562e-05, 9.68502718024e-06, 1.98079269467e-05, 1.31925189635e-05, 9.49381228565e-06, 5.88305783822e-06, 5.83579640079e-06, 6.47075148663e-06, 1.77259050815e-06, 2.48414153248e-06, 1.23284667097e-06, 1.03564309484e-06, 1.66214920228e-06, 4.8657403795e-07, 2.90555249194e-07, 3.42072098647e-07, 3.32606418851e-07, 3.49389495113e-07, 1.8214542763e-07, 9.22105911627e-08, 6.339413261e-08, 2.66941526661e-08, 1.0287241281e-08, 7.78095543552e-09, 1.34297417631e-09, 1.28749844119e-10, 1.32111951587e-11, 7.61527397131e-13],
        "dmean2": [2.92598747365e-06, 1.72214076883e-05, 1.2957090803e-05, 2.75179445453e-05, 3.16895348078e-05, 5.3435076552e-05, 3.56826421921e-05, 0.000107397783722, 6.41637234366e-05, 4.70886770927e-05, 2.47578427661e-05, 1.95423835976e-05, 2.05514552363e-05, 1.76890334842e-05, 3.43052161043e-05, 2.2590827939e-05, 1.51557705976e-05, 1.04515966086e-05, 1.00251882031e-05, 1.09882676043e-05, 3.04829654851e-06, 4.30056616096e-06, 2.1453752197e-06, 1.84759812782e-06, 3.01757359011e-06, 8.58395253545e-07, 5.16426837294e-07, 6.22018831109e-07, 5.88825173509e-07, 6.44046565412e-07, 3.34622711762e-07, 1.67925321648e-07, 1.17870662564e-07, 4.9046711581e-08, 1.89270359385e-08, 1.37587354843e-08, 2.47750708837e-09, 2.29552155062e-10, 2.45834706758e-11, 1.39443318004e-12],
        "dvar": [2.99730791402e-12, 1.23565491172e-10, 4.65385854853e-11, 2.24716356634e-10, 4.88415308197e-10, 1.16941734074e-09, 7.60081331208e-10, 1.28912960307e-08, 3.65995767027e-09, 1.19886123251e-09, 4.36820801752e-10, 2.44976483543e-10, 3.61732227505e-10, 2.21549084634e-10, 8.98239094216e-10, 6.25946239285e-10, 2.86111745407e-10, 1.12347235681e-10, 8.01427813002e-11, 1.40273945237e-10, 4.53808345069e-12, 1.57755405961e-11, 2.04269435568e-12, 2.01825123454e-12, 6.08560944693e-12, 8.96771914539e-13, 2.05150756409e-13, 4.11461365197e-13, 2.20905433702e-13, 2.26790632172e-13, 8.18524257705e-14, 2.77064951385e-14, 1.64336775389e-14, 2.80783629312e-15, 3.31239460274e-16, 1.69429419636e-16, 3.71976214507e-18, 4.55260046622e-20, 4.89622007743e-22, 1.42103727137e-24],
        "dvar2": [8.20040042815e-12, 3.45788564449e-10, 1.33739852526e-10, 7.23392956647e-10, 1.58973478825e-09, 3.7569218847e-09, 1.79877257533e-09, 3.25831592818e-08, 1.00916031087e-08, 3.49094886332e-09, 1.04362174458e-09, 6.16294404399e-10, 1.08945019672e-09, 6.87458201476e-10, 2.43593389904e-09, 1.07769648761e-09, 7.01402658176e-10, 3.54005075254e-10, 2.22488458212e-10, 3.78026304704e-10, 1.2384209977e-11, 4.68409859511e-11, 5.00164059475e-12, 6.10844708149e-12, 1.80231905789e-11, 2.51214500591e-12, 6.39020412106e-13, 1.1910107232e-12, 6.66231447181e-13, 6.6855196509e-13, 2.55314405685e-13, 8.56593984112e-14, 4.88826169755e-14, 8.65252456543e-15, 9.91261905864e-16, 4.74180108241e-16, 9.96480412987e-18, 1.26780434447e-19, 1.37899136535e-21, 4.1244693128e-24],
        "max": [9.11887036636e-06, 8.56851620483e-05, 4.99736306665e-05, 9.95494192466e-05, 0.000138287432492, 0.000165991194081, 0.000234563936829, 0.00066325411899, 0.000360582984285, 0.000198695473955, 0.000117509654956, 9.15955242817e-05, 0.000115809227282, 8.82532112882e-05, 0.000154796100105, 0.000136152433697, 0.000123484584037, 5.91300267843e-05, 4.75514389109e-05, 0.000109364562377, 1.1424164768e-05, 2.80048734567e-05, 1.09232141767e-05, 9.5698160294e-06, 1.16486580737e-05, 6.60357500237e-06, 2.4226280857e-06, 3.33154775944e-06, 2.29136207963e-06, 2.47763114203e-06, 1.47680168538e-06, 8.29550401704e-07, 6.78374590279e-07, 2.53543163353e-07, 8.14141358774e-08, 8.74478942592e-08, 1.18615686162e-08, 1.28033406099e-09, 9.65835328381e-11, 5.29846912872e-12],
        "mean": [2.3932991553e-06, 1.38221657835e-05, 9.3985499916e-06, 2.01902639674e-05, 2.57899355347e-05, 3.73974107788e-05, 3.40410369972e-05, 8.36456383695e-05, 4.5350563596e-05, 2.76681330433e-05, 1.75787426997e-05, 1.3958198906e-05, 1.24574435176e-05, 9.24726282392e-06, 1.8987853764e-05, 1.56525456987e-05, 1.11357703645e-05, 5.6181461332e-06, 4.86332055516e-06, 6.2055851231e-06, 1.88188221273e-06, 2.63710808213e-06, 1.33279183956e-06, 1.08095605356e-06, 1.53185249019e-06, 4.92454489631e-07, 2.60519470885e-07, 2.84887960333e-07, 2.93177606636e-07, 3.10210538146e-07, 1.48422685697e-07, 7.0300181676e-08, 4.58659918934e-08, 1.8330700513e-08, 7.5016695078e-09, 6.05338179582e-09, 1.25845178722e-09, 1.02530164914e-10, 1.07050973988e-11, 7.05939701227e-13],