{
"metadata": {
    "version": {
        "essentia": "2.0.1",
        "extractor": "archive-music 1.0 mod ismir14"
    },
    "audio_properties": {
        "analysis_sample_rate": 44100,
        "bitrate": 1444,
        "channels": 2,
        "equal_loudness": 0,
        "length": 30,
        "replay_gain": -10.2214794159,
        "downmix": "mix"
    },
    "tags": {
        "track": 0,
        "year": 0,
        "album": "",
        "artist": "",
        "comment": "",
        "genre": "",
        "title": ""
    }
},
"rhythm": {
    "bpm": 172.265563965,
    "bpm_histogram_first_peak": 172,
    "bpm_histogram_first_peak_spread": 0,
    "bpm_histogram_first_peak_weight": 0.517647087574,
    "bpm_histogram_second_peak": 178,
    "bpm_histogram_second_peak_spread": 0,
    "bpm_histogram_second_peak_weight": 0.29411765933
},
"tonal": {
    "tuning_frequency": {
        "dmean": 0.076924033463,
        "dmean2": 0.152927652001,
        "dvar": 1.60536873341,
        "dvar2": 3.19886684418,
        "max": 454.990661621,
        "mean": 435.814788818,
        "median": 433.191070557,
        "min": 431.692352295,
        "var": 55.4024353027
    },
    "hpcp": {
        "dmean": [0.125314444304, 0.117422878742, 0.168263241649, 0.135119736195, 0.0776589661837, 0.0796125382185, 0.0927134901285, 0.0908438116312, 0.103224478662, 0.0952700003982, 0.118317492306, 0.0832020118833],
        "dmean2": [0.232553333044, 0.219063237309, 0.312556296587, 0.24996483326, 0.148549407721, 0.149328738451, 0.172699540854, 0.172042310238, 0.195941641927, 0.172111064196, 0.214314654469, 0.15554510057],
        "dvar": [0.0743037387729, 0.0679469034076, 0.0887441039085, 0.0739236995578, 0.0472607687116, 0.0452536605299, 0.0602338202298, 0.056838132441, 0.0660092532635, 0.0517816320062, 0.0583203136921, 0.0454770922661],
        "dvar2": [0.209818735719, 0.184672489762, 0.239088952541, 0.195493265986, 0.134242087603, 0.124083042145, 0.159353643656, 0.151863053441, 0.182672038674, 0.143854320049, 0.15465863049, 0.123972997069],
        "max": [1, 1, 1, 1, 1, 1, 1, 1, 1, 1, 1, 1],
        "mean": [0.11638353765, 0.136777490377, 0.152434125543, 0.297572493553, 0.0564331747591, 0.0892361849546, 0.125579684973, 0.116025492549, 0.0813602879643, 0.0929119288921, 0.244114488363, 0.070826113224],
        "median": [0.00821205135435, 0.00730436900631, 0.0195700842887, 0.0168683081865, 0.000781780632678, 0.00610757898539, 0.000465417455416, 0.00208663381636, 0.00132529169787, 0.00206087855622, 0.0311703216285, 0.00264076050371],
        "min": [0, 0, 0, 0, 0, 1.03872558554e-07, 0, 0, 0, 0, 0, 0],
        "var": [0.0700124651194, 0.084899738431, 0.0822693705559, 0.17568641901, 0.036563757807, 0.0556364059448, 0.0934652090073, 0.0834849700332, 0.0567126646638, 0.0557994954288, 0.140030771494, 0.0399212874472]
    }
},
"lowlevel": {
    "melbands": {
        "dmean": [9.07784578885e-06, 0.00014032330364, 0.000358530785888, 0.00128363806289, 0.00144669192377, 0.000791955448221, 0.000269593758276, 0.000208069221117, 0.000110735811177, 7.40875257179e-05, 4.86550816277e-05, 3.68576547771e-05, 5.12495098519e-05, 2.54406768363e-05, 2.42456662818e-05, 1.91779017769e-05, 3.46253436874e-05, 2.06743079616e-05, 2.26394840865e-05, 6.63553691993e-06, 9.81006360234e-06, 8.73588396644e-06, 5.3587855291e-06, 6.24572248853e-06, 1.35806685648e-05, 1.27500497911e-05, 4.78321635455e-06, 2.74691478808e-06, 7.49909304432e-07, 5.21447987012e-07, 2.16122742813e-07, 3.5057947656e-08, 5.9137992281e-09, 1.39724576353e-09, 6.21096896136e-10, 3.24676591168e-10, 1.87671322927e-10, 1.08403390431e-10, 7.94746907173e-11, 6.45904996155e-11],
        "dmean2": [1.44721470861e-05, 0.000223558949074, 0.000614181743003, 0.00199596188031, 0.00222377898172, 0.00122429325711, 0.000382047786843, 0.000308197311824, 0.000144244622788, 8.97185673239e-05, 5.77874197916e-05, 4.54434084531e-05, 5.63879220863e-05, 2.96623111353e-05, 3.11044095724e-05, 2.66431979981e-05, 4.49822327937e-05, 2.9028593417e-05, 3.25518776663e-05, 9.5329951364e-06, 1.52341308421e-05, 1.25236720123e-05, 7.07619392415e-06, 8.62255546963e-06, 1.84323289432e-05, 1.60659383255e-05, 6.73859995004e-06, 4.10784150517e-06, 1.08102017293e-06, 7.21897890799e-07, 3.23146480241e-07, 5.12988300727e-08, 9.14097064708e-09, 1.95025906535e-09, 8.7098017687e-10, 4.65357946622e-10, 2.58795540553e-10, 1.49166970442e-10, 1.08663356091e-10, 8.6857090964e-11],
        "dvar": [2.88922802349e-10, 4.71082763909e-08, 5.69442192955e-07, 7.11205211701e-06, 8.03284910944e-06, 2.30493014897e-06, 3.16782831078e-07, 2.56691606637e-07, 1.72288153522e-07, 1.29846142727e-07, 4.40230927268e-08, 2.80870242619e-08, 4.72879122526e-08, 1.03664987705e-08, 1.87784365835e-08, 3.04372571591e-09, 1.21531469333e-08, 2.70761280063e-09, 3.10914427537e-09, 2.2309165626e-10, 9.67262492324e-10, 6.31138030727e-10, 2.87720097747e-10, 2.71060007773e-10, 1.9939021545e-09, 1.54273782638e-09, 2.41454772842e-10, 1.1014750223e-10, 7.99689828246e-12, 1.24867356038e-11, 2.61870646695e-12, 3.64774806498e-14, 3.32123143278e-15, 4.65886682923e-17, 1.16489637094e-17, 6.5977046487e-18, 5.13001161806e-18, 3.84043414796e-18, 2.9574597895e-18, 2.41164735065e-18],
        "dvar2": [7.57416240837e-10, 1.15821741531e-07, 1.79220819518e-06, 1.79720427695e-05, 2.02653100132e-05, 5.91520847593e-06, 5.89162311826e-07, 4.78972992823e-07, 2.82862430367e-07, 2.3437401353e-07, 7.17924990568e-08, 4.85812066131e-08, 5.65729969537e-08, 1.57761235187e-08, 3.39633423607e-08, 5.7288112032e-09, 2.11274233664e-08, 5.56922019612e-09, 6.38354435978e-09, 4.47953646399e-10, 2.41860598216e-09, 1.41298728273e-09, 4.61190696743e-10, 4.95235408238e-10, 3.53100237938e-09, 2.75060907384e-09, 5.26760357555e-10, 2.76705741653e-10, 1.60987195796e-11, 2.51217605746e-11, 6.38001500589e-12, 7.98396112135e-14, 9.24639291728e-15, 7.22410644086e-17, 1.61478228716e-17, 7.34411810547e-18, 5.25101366602e-18, 3.86812484615e-18, 2.96848383232e-18, 2.41882893272e-18],
        "max": [0.000414309091866, 0.00770778302103, 0.0135517362505, 0.100804746151, 0.0770793706179, 0.0245013050735, 0.0112163312733, 0.011092771776, 0.0125425159931, 0.0103619750589, 0.00832887459546, 0.00461433641613, 0.00679186172783, 0.00350631657057, 0.00480713089928, 0.00175818568096, 0.00507143884897, 0.00103597936686, 0.00197486043908, 0.000395679089706, 0.000480914837681, 0.000492714636493, 0.000379934266675, 0.000405236525694, 0.00169827311765, 0.00146299728658, 0.000416908937041, 0.000216363812797, 9.19204612728e-05, 0.000164110329933, 8.03427610663e-05, 5.99891518505e-06, 2.82368114313e-06, 2.29554103726e-07, 1.35254154543e-07, 1.20462715358e-07, 1.11903140976e-07, 9.78709095989e-08, 8.5905490721e-08, 7.75430208932e-08],
        "mean": [1.24347898236e-05, 0.000246390234679, 0.000572942139115, 0.00309359747916, 0.00345580442809, 0.00168934476096, 0.000673248723615, 0.000534600520041, 0.000282937457087, 0.000169481761986, 0.000155014146003, 8.96278215805e-05, 0.000145048878039, 6.19194179308e-05, 4.75170745631e-05, 4.07569787058e-05, 7.7712982602e-05, 4.01861252612e-05, 5.17617154401e-05, 1.52046750372e-05, 1.76124249265e-05, 1.55623038154e-05, 1.00821089291e-05, 1.34618230732e-05, 2.91222386295e-05, 3.12553493131e-05, 8.88190243131e-06, 4.29629108112e-06, 1.48406013523e-06, 8.93751519015e-07, 3.62503584483e-07, 6.01085332619e-08, 9.88473747299e-09, 2.83534706824e-09, 1.23732568635e-09, 6.2691035696e-10, 3.44278661135e-10, 1.8033773086e-10, 1.18597687226e-10, 8.49136663761e-11],