{
"metadata": {
    "version": {
        "essentia": "2.0.1",
        "extractor": "archive-music 1.0 mod ismir14"
    },
    "audio_properties": {
        "analysis_sample_rate": 44100,
        "bitrate": 1444,
        "channels": 2,
        "equal_loudness": 0,
        "length": 30,
        "replay_gain": -14.8594207764,
        "downmix": "mix"
    },
    "tags": {
        "track": 0,
        "year": 0,
        "album": "",
        "artist": "",
        "comment": "",
        "genre": "",
        "title": ""
    }
},
"rhythm": {
    "bpm": 109.359153748,
    "bpm_histogram_first_peak": 110,
    "bpm_histogram_first_peak_spread": 0.415094316006,
    "bpm_histogram_first_peak_weight": 0.584905683994,
    "bpm_histogram_second_peak": 0,
    "bpm_histogram_second_peak_spread": 0,
    "bpm_histogram_second_peak_weight": 0
},
"tonal": {
    "tuning_frequency": {
        "dmean": 0.0514882318676,
        "dmean2": 0.0962285846472,
        "dvar": 0.909939110279,
        "dvar2": 1.69757509232,
        "max": 456.04309082,
        "mean": 434.769500732,
        "median": 434.193115234,
        "min": 431.193908691,
        "var": 9.44995594025
    },
    "hpcp": {
        "dmean": [0.157514691353, 0.184452682734, 0.266354441643, 0.281167447567, 0.219305723906, 0.156379312277, 0.116633728147, 0.137129858136, 0.202790424228, 0.112014181912, 0.117011725903, 0.115643106401],
        "dmean2": [0.298455893993, 0.354081630707, 0.512389242649, 0.536142110825, 0.422329336405, 0.291473686695, 0.219142392278, 0.255874693394, 0.377782434225, 0.213477566838, 0.221642702818, 0.223047316074],
        "dvar": [0.0914944708347, 0.113402083516, 0.154898747802, 0.14981508255, 0.130282372236, 0.0855075567961, 0.0709258764982, 0.0800505280495, 0.0961868688464, 0.0702825635672, 0.0690610408783, 0.0712170600891],
        "dvar2": [0.249402955174, 0.311188548803, 0.41799762845, 0.397077441216, 0.339579343796, 0.230641931295, 0.194780692458, 0.220988944173, 0.253489136696, 0.20390433073, 0.198679730296, 0.199330970645],
        "max": [1, 1, 1, 1, 1, 1, 1, 1, 1, 1, 1, 1],
        "mean": [0.121282026172, 0.121481254697, 0.18402595818, 0.245698615909, 0.148292303085, 0.128529205918, 0.088385425508, 0.121246054769, 0.222362175584, 0.073584638536, 0.0902505218983, 0.0765072628856],
        "median": [0.00764010567218, 0.00305493478663, 0.00543888099492, 0.0196947064251, 0.00316649745218, 0.00884170737118, 0.00214528990909, 0.00474222330377, 0.0247251912951, 0.00164356268942, 0.00435221241787, 0.00268299458548],
        "min": [0, 0, 0, 0, 0, 0, 0, 0, 0, 0, 0, 0],
        "var": [0.0739354640245, 0.0809599384665, 0.123661331832, 0.146813586354, 0.100744783878, 0.075105085969, 0.0571548826993, 0.0773392766714, 0.122573293746, 0.047861572355, 0.0541654713452, 0.0484280437231]
    }
},
"lowlevel": {
    "melbands": {
        "dmean": [0.00175573083106, 0.00510855391622, 0.00505278725177, 0.00215180567466, 0.000930438283831, 0.000562832981814, 0.000335959804943, 0.000327831396135, 0.000407304003602, 0.000328050751705, 7.13487679604e-05, 8.73956960277e-05, 5.32734848093e-05, 4.8453322961e-05, 5.59559484827e-05, 5.69256008021e-05, 6.26214023214e-05, 4.82078903588e-05, 2.59603712038e-05, 5.24067145307e-05, 2.45820410782e-05, 1.70452694874e-05, 1.87314562936e-05, 1.15308093882e-05, 6.6813245212e-06, 4.35335959992e-06, 2.51385131378e-06, 1.74895262717e-06, 1.91855906451e-06, 1.32962952648e-06, 1.15046111659e-06, 9.53742528509e-07, 9.14782219752e-07, 6.46596390652e-07, 5.5342837868e-07, 4.49228537036e-07, 3.35634410931e-07, 2.31689753605e-07, 1.83480949545e-07, 1.5457334257e-07],
        "dmean2": [0.00285270763561, 0.00857432186604, 0.00845711771399, 0.00359053723514, 0.00155047967564, 0.00097369926516, 0.000565540220123, 0.000498367415275, 0.000593092292547, 0.000469061982585, 0.000105112616438, 0.000128273211885, 8.10552519397e-05, 7.02781035216e-05, 8.04859300843e-05, 8.42416484375e-05, 9.91698398138e-05, 7.454619481e-05, 3.83536571462e-05, 8.19735287223e-05, 3.91263565689e-05, 2.67782434094e-05, 2.97180431517e-05, 1.82642070286e-05, 1.10064556793e-05, 6.95974085829e-06, 4.10856364397e-06, 2.84027873931e-06, 3.21854759022e-06, 2.12960094359e-06, 1.90622381524e-06, 1.53826204041e-06, 1.43253623719e-06, 1.01361558791e-06, 8.96474034562e-07, 7.28203929157e-07, 4.98055840126e-07, 3.2887675161e-07, 2.73713311572e-07, 2.33694422036e-07],
        "dvar": [1.84056170838e-05, 3.78909899155e-05, 2.59924254351e-05, 8.74183115229e-06, 1.70236307895e-06, 9.09748962385e-07, 2.93165157927e-07, 3.67775641053e-07, 6.79615993704e-07, 6.89810178756e-07, 2.23849507819e-08, 6.83756979925e-08, 2.02102903302e-08, 2.40823236908e-08, 2.52942520262e-08, 2.6125904995e-08, 3.77145532582e-08, 1.64679843095e-08, 4.27384261315e-09, 5.11062410169e-08, 3.33770477923e-09, 1.30734745252e-09, 2.46847164931e-09, 7.93369925312e-10, 2.18243798034e-10, 1.23468429925e-10, 4.71421235382e-11, 2.00174789938e-11, 2.04117920483e-11, 1.14016808148e-11, 9.53515044699e-12, 6.23944038797e-12, 5.87678733802e-12, 3.54480919444e-12, 3.38624267515e-12, 3.58086216928e-12, 2.85471819794e-12, 1.33268233688e-12, 7.66899781526e-13, 5.89933429797e-13],
        "dvar2": [3.9712045691e-05, 0.000112082045234, 7.58519236115e-05, 2.35695315496e-05, 4.58693966721e-06, 2.58181535173e-06, 7.788437415e-07, 7.82667825661e-07, 1.29610009481e-06, 1.41116697705e-06, 4.30225632897e-08, 1.40903480883e-07, 3.81574416508e-08, 5.14934548335e-08, 4.34643148139e-08, 6.17119084723e-08, 1.02026120885e-07, 3.81084532819e-08, 8.77195205362e-09, 1.27741714095e-07, 8.04246624853e-09, 3.06962144592e-09, 6.58627907768e-09, 2.11357287228e-09, 5.88893711573e-10, 3.03893243903e-10, 1.26176361026e-10, 5.13337324037e-11, 5.29032720409e-11, 2.92814106295e-11, 2.57327995717e-11, 1.51024245193e-11, 1.40245870472e-11, 8.07516727097e-12, 7.63489098332e-12, 7.75228926192e-12, 4.28667474781e-12, 2.49148553351e-12, 1.47895497932e-12, 1.36463767803e-12],
        "max": [0.0670517981052, 0.060175806284, 0.0476032570004, 0.0359184518456, 0.0125167677179, 0.0144743174314, 0.0090368213132, 0.0123732034117, 0.0196462292224, 0.0199407562613, 0.00600944366306, 0.0095326192677, 0.00486735068262, 0.00432500429451, 0.00419116718695, 0.00322151673026, 0.0035168970935, 0.00267563294619, 0.00111890106928, 0.00566649949178, 0.00116778479423, 0.00077136704931, 0.00109722977504, 0.000520549481735, 0.000256864208495, 0.000216549116885, 0.000183616459253, 6.95140188327e-05, 6.06157300354e-05, 5.46636074432e-05, 5.48039752175e-05, 4.01433244406e-05, 5.46638329979e-05, 4.97326182085e-05, 6.30723079666e-05, 7.5627467595e-05, 0.000101684359834, 5.90065574215e-05, 4.71784696856e-05, 3.58700599463e-05],
        "mean": [0.00232059531845, 0.00913633219898, 0.00805886555463, 0.00311536365189, 0.00133675860707, 0.00101634161547, 0.000611843483057, 0.000701684039086, 0.00091906246962, 0.000721566611901, 0.000167515390785, 0.000155384899699, 0.000108637941594, 0.000103315069282, 0.000102605154098, 0.000106953353679, 0.000100197241409, 9.46291547734e-05, 5.40113542229e-05, 0.000103722690255, 4.58929207525e-05, 3.12708652928e-05, 4.18005220126e-05, 2.47982534347e-05, 1.21174252854e-05, 7.66101857153e-06, 4.33036711911e-06, 2.99289058603e-06, 3.29742442773e-06, 2.29939814744e-06, 1.86605950603e-06, 1.82998007858e-06, 1.68587507687e-06, 1.26287272906e-06, 1.05858407551e-06, 8.53803669543e-07, 6.71311340739e-07, 4.55604720173e-07, 3.5158296896e-07, 3.00139504361e-07],