{
"metadata": {
    "version": {
        "essentia": "2.0.1",
        "extractor": "archive-music 1.0 mod ismir14"
    },
    "audio_properties": {
        "analysis_sample_rate": 44100,
        "bitrate": 96,
        "channels": 2,
        "equal_loudness": 0,
        "length": 30.0669155121,
        "replay_gain": -13.4122962952,
        "downmix": "mix"
    },
    "tags": {
        "track": 0,
        "year": 0,
        "album": "",
        "artist": "",
        "comment": "",
        "genre": "",
        "title": ""
    }
},
"rhythm": {
    "bpm": 88.2892990112,
    "bpm_histogram_first_peak": 89,
    "bpm_histogram_first_peak_spread": 0.333333313465,
    "bpm_histogram_first_peak_weight": 0.651162803173,
    "bpm_histogram_second_peak": 94,
    "bpm_histogram_second_peak_spread": 0,
    "bpm_histogram_second_peak_weight": 0.0232558138669
},
"tonal": {
    "tuning_frequency": {
        "dmean": 0.0903719738126,
        "dmean2": 0.169192314148,
        "dvar": 1.2419205904,
        "dvar2": 2.59277057648,
        "max": 454.465301514,
        "mean": 435.606140137,
        "median": 434.695007324,
        "min": 431.692352295,
        "var": 18.1044502258
    },
    "hpcp": {
        "dmean": [0.180400565267, 0.157929986715, 0.171202689409, 0.176018729806, 0.136806711555, 0.151884645224, 0.238100498915, 0.28490921855, 0.25712248683, 0.206182152033, 0.262457966805, 0.238344356418],
        "dmean2": [0.335449248552, 0.294836819172, 0.318690776825, 0.321848481894, 0.255506068468, 0.280597895384, 0.436316251755, 0.521140396595, 0.471086204052, 0.383402049541, 0.474300593138, 0.448191225529],
        "dvar": [0.0780504047871, 0.074059613049, 0.0864427238703, 0.082156650722, 0.0665827021003, 0.0662127435207, 0.0953119844198, 0.108294688165, 0.102683909237, 0.0931856930256, 0.0899795144796, 0.104982286692],
        "dvar2": [0.218719750643, 0.210436210036, 0.232367932796, 0.221656724811, 0.18402209878, 0.180575177073, 0.256040722132, 0.299276649952, 0.274171680212, 0.255336016417, 0.233398646116, 0.301881790161],
        "max": [1, 1, 1, 1, 1, 1, 1, 1, 1, 1, 1, 1],
        "mean": [0.161555707455, 0.124517209828, 0.137498989701, 0.170665770769, 0.103114843369, 0.138929873705, 0.2400264889, 0.273405641317, 0.24019433558, 0.163579672575, 0.336002737284, 0.169428214431],
        "median": [0.0314079374075, 0.019494889304, 0.0168617703021, 0.0244655199349, 0.0144599359483, 0.0234209373593, 0.0611199587584, 0.0780148655176, 0.0552927106619, 0.026135224849, 0.161149904132, 0.0267146155238],
        "min": [0, 0, 0, 0, 0, 0, 0, 0, 0, 0, 0, 0],
        "var": [0.0781306773424, 0.0604540631175, 0.0744654983282, 0.0908228009939, 0.0519441701472, 0.0690987482667, 0.115034781396, 0.125848293304, 0.116344481707, 0.0821944475174, 0.133221238852, 0.0853945612907]
    }
},
"lowlevel": {
    "melbands": {
        "dmean": [0.000214484985918, 0.000792710110545, 0.000976291135885, 0.000494387408253, 0.000282391352812, 0.00044098260696, 0.000546485825907, 0.000390997825889, 0.000422764191171, 0.000255956139881, 0.000131091903313, 8.09244593256e-05, 6.34895041003e-05, 4.4850181439e-05, 6.27707413514e-05, 4.11530927522e-05, 4.3701424147e-05, 3.64264051314e-05, 2.84510897473e-05, 2.39732289629e-05, 2.08801739063e-05, 2.03108538699e-05, 2.48273245234e-05, 2.55925060628e-05, 1.97525587282e-05, 1.57637623488e-05, 1.14623053378e-05, 7.56528652346e-06, 4.46295052825e-06, 3.46005617757e-06, 2.50429502557e-06, 1.60279626016e-06, 7.84057704095e-07, 6.0881779973e-07, 5.20349260569e-07, 3.90026173136e-07, 2.54389874499e-07, 1.02963404913e-07, 1.89312832077e-08, 1.01013386544e-09],
        "dmean2": [0.000369214365492, 0.00136488326825, 0.00169082090724, 0.000839725427795, 0.000474740460049, 0.000745395780541, 0.000969972810708, 0.000637686403934, 0.000711068219971, 0.000433016393799, 0.000203422358027, 0.000119675620226, 9.92909190245e-05, 7.00545351719e-05, 9.26726133912e-05, 6.59104262013e-05, 7.09116357029e-05, 5.94803132117e-05, 4.67133431812e-05, 3.97633848479e-05, 3.44901782228e-05, 3.20633116644e-05, 3.99659475079e-05, 4.12011468143e-05, 3.03891174553e-05, 2.53299076576e-05, 1.75704990397e-05, 1.17452846098e-05, 7.40318728276e-06, 5.50892855244e-06, 3.94178823626e-06, 2.61346099251e-06, 1.27777877879e-06, 1.01488285509e-06, 8.42736426421e-07, 6.35835647245e-07, 4.14353962697e-07, 1.66956453995e-07, 3.12263104263e-08, 1.70930536392e-09],
        "dvar": [9.04494825704e-08, 1.19962612644e-06, 1.60675369898e-06, 5.88696082104e-07, 1.69510244064e-07, 3.29108729602e-07, 8.74486204339e-07, 9.17118086363e-07, 5.34914534001e-07, 2.42023247665e-07, 8.68209824034e-08, 4.95631198305e-08, 3.93189125703e-08, 1.65867319879e-08, 4.92829386189e-08, 1.13847207217e-08, 1.95161842242e-08, 9.227568043e-09, 6.7185688124e-09, 6.44889341928e-09, 3.20344439864e-09, 3.02552227716e-09, 3.5080274241e-09, 4.05346645138e-09, 2.32631913732e-09, 1.06938891076e-09, 9.50198697502e-10, 4.64626170871e-10, 9.54374565487e-11, 6.35594771259e-11, 3.64676240594e-11, 1.31415728993e-11, 2.55336377042e-12, 1.07409513141e-12, 1.03973351196e-12, 4.63433761852e-13, 2.16515973444e-13, 5.47856844526e-14, 2.81530987657e-15, 4.42541379562e-18],
        "dvar2": [2.61786595956e-07, 3.11697181132e-06, 4.53748089058e-06, 1.69493853264e-06, 4.48900038919e-07, 8.7177079422e-07, 2.48399510383e-06, 2.26404222303e-06, 1.53108840095e-06, 6.66040989472e-07, 2.21090743935e-07, 8.71029541827e-08, 8.76810872796e-08, 3.86921357176e-08, 1.12015740683e-07, 2.7379009282e-08, 4.63937190887e-08, 2.32099743869e-08, 1.80055739207e-08, 1.73813639037e-08, 8.59482085502e-09, 8.20911960631e-09, 9.16413256391e-09, 1.01428012655e-08, 5.4674895722e-09, 2.57396726155e-09, 1.85692994314e-09, 9.70739155726e-10, 2.44285980333e-10, 1.38901237734e-10, 7.9042536405e-11, 3.16764392494e-11, 6.34905626337e-12, 2.95525019386e-12, 2.9292753119e-12, 1.23641949543e-12, 5.76649947411e-13, 1.44527212463e-13, 7.98719458492e-15, 1.25190865762e-17],
        "max": [0.00394865404814, 0.0144444648176, 0.0153813902289, 0.0122464057058, 0.00589785166085, 0.00630720891058, 0.0103947231546, 0.0111298887059, 0.0170154310763, 0.0120273856446, 0.00695563759655, 0.0057279067114, 0.00568413455039, 0.00364527897909, 0.00842123199254, 0.00280288560316, 0.0038082327228, 0.00176509213634, 0.00106674013659, 0.00173757562879, 0.000857817998622, 0.00141298444942, 0.00117382640019, 0.00123787729535, 0.000904675107449, 0.00076675566379, 0.000721231801435, 0.000664812803734, 0.000165118399309, 0.000279413623502, 0.000179260736331, 0.000101050231024, 3.59556142939e-05, 1.93609685084e-05, 1.82105013664e-05, 9.7557585832e-06, 8.94571712706e-06, 5.33229604116e-06, 1.14698320886e-06, 3.72298956108e-08],
        "mean": [0.000258114276221, 0.00107388419565, 0.00127146230079, 0.000725046149455, 0.000378453027224, 0.000653987750411, 0.000655666226521, 0.000505637610331, 0.000769564765505, 0.000442107586423, 0.000283325265627, 0.000157771108206, 0.00011020302918, 7.87469689385e-05, 0.000120346732729, 7.40917384974e-05, 7.59033791837e-05, 6.31002767477e-05, 4.4111176976e-05, 3.91921057599e-05, 3.64068655472e-05, 3.72114263882e-05, 5.66643830098e-05, 6.25479005976e-05, 4.0255865315e-05, 3.40504666383e-05, 2.78517545667e-05, 1.59771097969e-05, 8.52616904012e-06, 7.04393096385e-06, 5.65218215343e-06, 3.47803870682e-06, 1.71057286025e-06, 1.31582646645e-06, 1.20161712402e-06, 8.38390519675e-07, 5.15532349254e-07, 2.00076556212e-07, 3.45139596902e-08, 1.68806990608e-09],