{
"metadata": {
    "version": {
        "essentia": "2.0.1",
        "extractor": "archive-music 1.0 mod ismir14"
    },
    "audio_properties": {
        "analysis_sample_rate": 44100,
        "bitrate": 128,
        "channels": 2,
        "equal_loudness": 0,
        "length": 30.0669155121,
        "replay_gain": -13.8852882385,
        "downmix": "mix"
    },
    "tags": {
        "track": 0,
        "year": 0,
        "album": "",
        "artist": "",
        "comment": "",
        "genre": "",
        "title": ""
    }
},
"rhythm": {
    "bpm": 90.2942581177,
    "bpm_histogram_first_peak": 91,
    "bpm_histogram_first_peak_spread": 0.31707316637,
    "bpm_histogram_first_peak_weight": 0.651162803173,
    "bpm_histogram_second_peak": 83,
    "bpm_histogram_second_peak_spread": 0.5,
    "bpm_histogram_second_peak_weight": 0.0232558138669
},
"tonal": {
    "tuning_frequency": {
        "dmean": 0.0842027962208,
        "dmean2": 0.151223763824,
        "dvar": 1.01299607754,
        "dvar2": 1.84423398972,
        "max": 456.570251465,
        "mean": 446.119537354,
        "median": 446.91595459,
        "min": 431.193908691,
        "var": 33.7708892822
    },
    "hpcp": {
        "dmean": [0.181897744536, 0.175582289696, 0.167247802019, 0.131994858384, 0.177142247558, 0.197341188788, 0.206757515669, 0.244847282767, 0.182733133435, 0.167709946632, 0.190291777253, 0.1903077811],
        "dmean2": [0.340739250183, 0.334522396326, 0.308458149433, 0.246365100145, 0.325256228447, 0.369101017714, 0.389906048775, 0.447950422764, 0.34582233429, 0.313073068857, 0.360973358154, 0.350537270308],
        "dvar": [0.0921674519777, 0.101024657488, 0.082177631557, 0.0695920810103, 0.0825435444713, 0.0973634794354, 0.108651652932, 0.106177784503, 0.100310608745, 0.0860522091389, 0.099236920476, 0.0857477709651],
        "dvar2": [0.246189057827, 0.285033911467, 0.237812936306, 0.199038669467, 0.23083357513, 0.261650621891, 0.285765916109, 0.278142541647, 0.277420789003, 0.243037298322, 0.281306564808, 0.238488644361],
        "max": [1, 1, 1, 1, 1, 1, 1, 1, 1, 1, 1, 1],
        "mean": [0.163601770997, 0.126448214054, 0.146335080266, 0.110351093113, 0.167352929711, 0.200729995966, 0.162847921252, 0.284753918648, 0.130547434092, 0.127708733082, 0.135125011206, 0.16554902494],
        "median": [0.0248957648873, 0.00975982472301, 0.0232947040349, 0.011606532149, 0.0218329336494, 0.0265452042222, 0.012897927314, 0.0704814791679, 0.0130842830986, 0.0158758517355, 0.0133313108236, 0.0304151084274],
        "min": [0, 0, 0, 0, 0, 0, 0, 0, 0, 0, 0, 0],
        "var": [0.0906059294939, 0.0776758119464, 0.0749316886067, 0.0623904503882, 0.089270606637, 0.112354286015, 0.0960455983877, 0.141170158982, 0.0763160735369, 0.0681557804346, 0.0774161815643, 0.0817088335752]
    }
},
"lowlevel": {
    "melbands": {
        "dmean": [0.000748282473069, 0.00247359229252, 0.00121313601267, 0.000472093175631, 0.000330732524162, 0.000253569451161, 0.00027929895441, 0.000313927186653, 0.000455145258456, 0.00031094669248, 0.000141840224387, 0.000158502647537, 0.000139292314998, 9.64204446063e-05, 0.000137980256113, 0.000135976733873, 3.23012864101e-05, 2.51097026194e-05, 1.45173498822e-05, 1.75394870894e-05, 2.73709702014e-05, 2.050344483e-05, 3.51172893716e-05, 2.46983290708e-05, 1.46063630382e-05, 1.72721538547e-05, 1.32135974127e-05, 8.0255613284e-06, 3.87697355109e-06, 3.18861361848e-06, 1.73077671661e-06, 8.38507901335e-07, 4.90025115596e-07, 3.85871118169e-07, 3.56392405365e-07, 3.16270501344e-07, 1.61359992035e-07, 1.08103975549e-07, 2.99455997776e-08, 2.70512923173e-09],
        "dmean2": [0.00123046338558, 0.00449328962713, 0.00212688720785, 0.000802236259915, 0.000568191462662, 0.000432793225627, 0.000463528180262, 0.000491178070661, 0.000668496242724, 0.000425921432907, 0.000210363548831, 0.00022162940877, 0.00018407846801, 0.000152499749674, 0.000203854171559, 0.000195567467017, 4.69280603284e-05, 3.75435338356e-05, 2.33494738495e-05, 2.79534651781e-05, 4.43328208348e-05, 3.33841599058e-05, 5.57338134968e-05, 3.69079280063e-05, 2.19267203647e-05, 2.72685774689e-05, 1.94180120161e-05, 1.18839325296e-05, 5.97569987804e-06, 4.78103856949e-06, 2.67424366029e-06, 1.34286835873e-06, 7.91542447587e-07, 6.2428802039e-07, 5.68626774111e-07, 5.1334473028e-07, 2.57508162349e-07, 1.76001947239e-07, 4.73263135348e-08, 4.46318138003e-09],
        "dvar": [6.46526871151e-07, 8.15249131847e-06, 1.80268978056e-06, 4.57151628552e-07, 5.24509289335e-07, 1.90115699183e-07, 2.22738535172e-07, 3.69740320139e-07, 8.32982721022e-07, 1.00889292298e-06, 2.94635412956e-07, 2.21106390086e-07, 1.33806807412e-07, 9.44849531948e-08, 1.37255170785e-07, 1.70193189319e-07, 8.73902372689e-09, 4.1551233565e-09, 6.19706064242e-10, 8.80209349852e-10, 3.21219340016e-09, 2.03522509956e-09, 6.08723693674e-09, 2.85744516937e-09, 8.48133840936e-10, 1.12134934671e-09, 8.09467159968e-10, 2.93236157578e-10, 6.3948478457e-11, 5.16352724467e-11, 1.38895960705e-11, 2.34952205261e-12, 5.77393926941e-13, 3.19932421484e-13, 3.45435865242e-13, 2.07346523306e-13, 6.30980321161e-14, 3.28938604328e-14, 2.74384316571e-15, 2.6415463614e-17],
        "dvar2": [1.81167649771e-06, 2.70811688097e-05, 5.24417100678e-06, 1.18320986076e-06, 1.4730762814e-06, 5.28153123014e-07, 5.83474786708e-07, 8.60016143633e-07, 1.64087566645e-06, 1.77811148205e-06, 4.98864835663e-07, 3.47128690237e-07, 2.17905352429e-07, 2.23188806103e-07, 2.42427034891e-07, 2.92266605584e-07, 1.16040919096e-08, 8.51974579774e-09, 1.4332163234e-09, 2.17939133407e-09, 7.89118459465e-09, 5.35837640925e-09, 1.60157540563e-08, 5.81711923076e-09, 1.83926651687e-09, 2.83437096016e-09, 1.64466062991e-09, 5.64978785977e-10, 1.24587909434e-10, 9.88185297479e-11, 3.10798574377e-11, 5.71865341539e-12, 1.43823581517e-12, 7.32367508652e-13, 8.03355916946e-13, 5.01750930301e-13, 1.45683012637e-13, 8.53645564067e-14, 5.90220943273e-15, 6.73878567884e-17],
        "max": [0.00833459105343, 0.02478640154, 0.0125010814518, 0.00879207905382, 0.0113179516047, 0.00622351327911, 0.00989607907832, 0.01020427607, 0.0180094335228, 0.0195095539093, 0.0257298275828, 0.0170686114579, 0.0147490883246, 0.0078940866515, 0.00875533930957, 0.0125567326322, 0.00443885847926, 0.001686960808, 0.000413491186919, 0.000350421410985, 0.000899971462786, 0.000670378271025, 0.00114191300236, 0.00081125437282, 0.000581613101531, 0.000517115520779, 0.000512157217599, 0.0002963404404, 0.00015226053074, 0.000153401793796, 7.57282687118e-05, 3.72982722183e-05, 1.07560108518e-05, 1.01764990177e-05, 1.12261377581e-05, 6.59830811855e-06, 5.67504594073e-06, 3.66618883163e-06, 1.02022079318e-06, 1.19003310317e-07],
        "mean": [0.00127681647427, 0.00343483523466, 0.00180362467654, 0.00067621661583, 0.000437746028183, 0.000378976226784, 0.000440069037722, 0.000592851196416, 0.000894691795111, 0.000602306274232, 0.000234910141444, 0.000268458941719, 0.00031222900725, 0.00014489494788, 0.000230076257139, 0.000246027339017, 6.07651709288e-05, 4.23165329266e-05, 2.55518134509e-05, 3.00038791465e-05, 4.43398603238e-05, 3.41964550898e-05, 5.68883951928e-05, 4.50226471003e-05, 2.79547057289e-05, 3.09767929139e-05, 2.50470257015e-05, 1.51026042658e-05, 7.41959001971e-06, 5.76954244025e-06, 3.11986491397e-06, 1.61378113717e-06, 9.63619413596e-07, 8.34025058793e-07, 7.457252309e-07, 6.41212295704e-07, 3.48102616954e-07, 2.30933025591e-07, 6.7595578912e-08, 4.73910333199e-09],