{
"metadata": {
    "version": {
        "essentia": "2.0.1",
        "extractor": "archive-music 1.0 mod ismir14"
    },
    "audio_properties": {
        "analysis_sample_rate": 44100,
        "bitrate": 128,
        "channels": 2,
        "equal_loudness": 0,
        "length": 30.0669155121,
        "replay_gain": -8.42338752747,
        "downmix": "mix"
    },
    "tags": {
        "track": 7,
        "year": 0,
        "album": "The Cool Jazz Collection",
        "artist": "Astrud Gilberto",
        "comment": "",
        "genre": "Jazz",
        "title": "Girl From Ipanema"
    }
},
"rhythm": {
    "bpm": 130.002792358,
    "bpm_histogram_first_peak": 129,
    "bpm_histogram_first_peak_spread": 0.490909099579,
    "bpm_histogram_first_peak_weight": 0.444444447756,
    "bpm_histogram_second_peak": 136,
    "bpm_histogram_second_peak_spread": 0.199999988079,
    "bpm_histogram_second_peak_weight": 0.0634920671582
},
"tonal": {
    "tuning_frequency": {
        "dmean": 0.209969609976,
        "dmean2": 0.324762761593,
        "dvar": 3.54668974876,
        "dvar2": 9.15466022491,
        "max": 454.727905273,
        "mean": 436.584106445,
        "median": 436.456176758,
        "min": 436.456176758,
        "var": 2.07112383842
    },
    "hpcp": {
        "dmean": [0.0604824908078, 0.240152642131, 0.0782725736499, 0.256182819605, 0.152325436473, 0.0712191238999, 0.215674936771, 0.0567442700267, 0.196469113231, 0.122778125107, 0.174375385046, 0.185846015811],
        "dmean2": [0.115624576807, 0.419591426849, 0.141091436148, 0.471803694963, 0.269662886858, 0.131006240845, 0.36236178875, 0.1062149629, 0.357985019684, 0.228979170322, 0.31635966897, 0.326792925596],
        "dvar": [0.0227943360806, 0.0978596284986, 0.032004982233, 0.113549530506, 0.0610202327371, 0.025545258075, 0.0828477665782, 0.0218473449349, 0.0748050957918, 0.0555074959993, 0.0787412002683, 0.0766049847007],
        "dvar2": [0.0637365579605, 0.216615378857, 0.0867274180055, 0.244514465332, 0.127232894301, 0.0621903762221, 0.182900696993, 0.0493693500757, 0.191980391741, 0.158216923475, 0.219873219728, 0.176751539111],
        "max": [1, 1, 1, 1, 1, 1, 1, 1, 1, 1, 1, 1],
        "mean": [0.0426802970469, 0.313605487347, 0.0485908165574, 0.324396967888, 0.15269690752, 0.0745434239507, 0.278677225113, 0.0615686103702, 0.202830687165, 0.086204662919, 0.13275757432, 0.174496591091],
        "median": [0.00525867659599, 0.0997068285942, 0.00687781721354, 0.0661893188953, 0.0309975668788, 0.00944030098617, 0.0873748511076, 0.00728490715846, 0.038166757673, 0.0103967506438, 0.0311396382749, 0.0225199945271],
        "min": [6.96450006217e-05, 5.06471151311e-05, 2.68351595878e-05, 0.000296606332995, 3.63954823115e-05, 0.000181840994628, 3.08305898216e-05, 8.50100041134e-05, 9.79859578365e-06, 0.000108760221337, 6.92485918989e-05, 0.000406944483984],
        "var": [0.0165061186999, 0.146693050861, 0.0188186559826, 0.167152926326, 0.0714294835925, 0.0385184399784, 0.132942989469, 0.0356754288077, 0.10083014518, 0.0417619012296, 0.0677235275507, 0.088901437819]
    }
},
"lowlevel": {
    "melbands": {
        "dmean": [0.000129638268845, 0.00032157235546, 0.000323723244946, 0.000158627648489, 0.000106465624413, 3.43335705111e-05, 1.92997031263e-05, 2.59366788669e-05, 1.01389268821e-05, 7.97102711658e-06, 7.52890218791e-06, 8.29061445984e-06, 1.38217865242e-06, 1.02595606677e-06, 1.65446977007e-06, 1.16141814033e-06, 9.04825697035e-07, 2.78735939219e-07, 3.37382687121e-07, 2.9013719427e-07, 1.15764990483e-07, 1.76590347678e-07, 2.19751257191e-07, 1.90172428916e-07, 6.86193075694e-08, 5.16812548312e-08, 7.62473177929e-08, 1.22968387473e-07, 9.91820385821e-08, 1.39944475563e-07, 2.62771635562e-07, 4.61665621287e-07, 4.47603156317e-07, 2.38923576035e-07, 1.1872486283e-07, 6.31992023159e-08, 3.58272878032e-08, 1.25448851307e-08, 3.75074193926e-09, 3.7398009689e-10],
        "dmean2": [0.000211864040466, 0.00051321357023, 0.000516621104907, 0.000249938806519, 0.000168939121068, 5.73299803364e-05, 3.4609791328e-05, 4.85156961076e-05, 1.84595428436e-05, 1.48732269736e-05, 1.38116311064e-05, 1.46891843542e-05, 2.5118092708e-06, 1.91643039216e-06, 3.06920173898e-06, 2.19129537982e-06, 1.73886019184e-06, 5.15532235568e-07, 6.35591845821e-07, 5.31253760983e-07, 2.03453552672e-07, 3.28779805159e-07, 3.9592546841e-07, 3.55120533868e-07, 1.17464644234e-07, 9.0345011472e-08, 1.41173032375e-07, 2.3371360669e-07, 1.80244470016e-07, 2.6761688332e-07, 5.09048788899e-07, 8.88458941972e-07, 8.48745628446e-07, 4.58733040887e-07, 2.22038678999e-07, 1.20258548009e-07, 6.76663987065e-08, 2.37842812112e-08, 7.12954184579e-09, 7.01554148108e-10],
        "dvar": [6.83854750605e-08, 1.09942753568e-07, 1.25897116732e-07, 7.17857204791e-08, 1.73678884607e-08, 2.37097208533e-09, 1.93493576717e-09, 2.51801335338e-09, 4.604542303e-10, 4.59799559538e-10, 2.08558656456e-10, 1.45228351567e-09, 8.32646191579e-12, 3.43069821683e-12, 2.47763753958e-11, 9.36734630835e-12, 9.75907722689e-12, 2.97866765975e-13, 1.08610733254e-12, 8.00576781517e-13, 4.32891366525e-14, 1.00481878677e-13, 1.44426408766e-13, 1.63186155669e-13, 1.62629444959e-14, 9.21653754699e-15, 3.64721849998e-14, 1.62986594707e-13, 4.36951805305e-14, 1.39774896843e-13, 5.49256874791e-13, 1.71968201398e-12, 1.48982161243e-12, 4.41883617371e-13, 7.69985542882e-14, 1.58324484707e-14, 4.71571913802e-15, 6.7669838027e-16, 8.76058185553e-17, 9.21152776235e-19],
        "dvar2": [1.5406723719e-07, 2.56658182707e-07, 2.66208047606e-07, 1.65077835845e-07, 3.47366970743e-08, 4.87167151064e-09, 5.6177533736e-09, 7.79576847521e-09, 1.41554157285e-09, 1.47925882654e-09, 6.15164641449e-10, 4.01999500355e-09, 2.32472097128e-11, 9.84538579135e-12, 6.97905414015e-11, 2.75324381349e-11, 2.85634103175e-11, 8.34771162785e-13, 3.11397934348e-12, 2.19361443073e-12, 1.20600158007e-13, 2.7931921099e-13, 4.06855105162e-13, 4.55222448278e-13, 4.30934822061e-14, 2.43313737756e-14, 1.04354919888e-13, 4.76992577381e-13, 1.24433571628e-13, 4.14479214839e-13, 1.59105411138e-12, 4.93376259986e-12, 4.18453900003e-12, 1.03992877677e-12, 2.0971645373e-13, 4.39017447612e-14, 1.31033506663e-14, 1.88491004082e-15, 2.40686953061e-16, 2.52434678e-18],
        "max": [0.00182135158684, 0.00220112805255, 0.00278501166031, 0.00326320598833, 0.00093605852453, 0.000304841494653, 0.00029838073533, 0.000332213647198, 0.000138466217322, 0.00018164946232, 6.63000828354e-05, 0.000371925620129, 1.84746131708e-05, 1.10640239654e-05, 4.44428733317e-05, 2.09010358958e-05, 2.60185661318e-05, 3.72969179807e-06, 8.14989289211e-06, 5.58823376196e-06, 1.11310259854e-06, 2.27367445405e-06, 2.6265647648e-06, 2.64678510575e-06, 9.39328629102e-07, 8.17161549094e-07, 1.35023572057e-06, 3.30240982294e-06, 1.14959254915e-06, 2.42279111262e-06, 4.88118439534e-06, 7.10990798325e-06, 6.38994288238e-06, 4.69900624012e-06, 1.5401113842e-06, 5.67718814182e-07, 3.20148018318e-07, 1.6864311192e-07, 6.40162340915e-08, 6.56360654716e-09],
        "mean": [0.000112478024676, 0.000388563377783, 0.000496351451147, 0.000186734629096, 0.000138841394801, 4.04709753639e-05, 1.64224002219e-05, 2.01111506613e-05, 7.85891461419e-06, 5.41864665138e-06, 5.11645430379e-06, 5.61800743526e-06, 1.10085306915e-06, 7.97866618996e-07, 1.20126560432e-06, 7.50280946704e-07, 5.55874748898e-07, 2.08804806334e-07, 2.15076767063e-07, 2.06691893823e-07, 1.01572432243e-07, 1.59377748332e-07, 1.88713585203e-07, 1.53540966608e-07, 6.31172127896e-08, 4.52497346259e-08, 6.06443322226e-08, 8.48695194122e-08, 7.09412262268e-08, 8.89907241231e-08, 1.5783028573e-07, 2.67684100663e-07, 2.71992689704e-07, 1.66966628967e-07, 7.84500926443e-08, 4.3467316857e-08, 2.5023391359e-08, 9.09816222361e-09, 2.8365281235e-09, 2.74937017597e-10],