{
"metadata": {
    "version": {
        "essentia": "2.0.1",
        "extractor": "archive-music 1.0 mod ismir14"
    },
    "audio_properties": {
        "analysis_sample_rate": 44100,
        "bitrate": 128,
        "channels": 2,
        "equal_loudness": 0,
        "length": 30.0669155121,
        "replay_gain": -11.7153892517,
        "downmix": "mix"
    },
    "tags": {
        "track": 6,
        "year": 0,
        "album": "Swing Classics (Jazz & Tzaz 70)",
        "artist": "Benny Carter",
        "comment": "",
        "genre": "Jazz",
        "title": "Babalu"
    }
},
"rhythm": {
    "bpm": 92.6367721558,
    "bpm_histogram_first_peak": 94,
    "bpm_histogram_first_peak_spread": 0.555555582047,
    "bpm_histogram_first_peak_weight": 0.355555564165,
    "bpm_histogram_second_peak": 89,
    "bpm_histogram_second_peak_spread": 0,
    "bpm_histogram_second_peak_weight": 0.177777782083
},
"tonal": {
    "tuning_frequency": {
        "dmean": 0.283034533262,
        "dmean2": 0.514530539513,
        "dvar": 2.41229915619,
        "dvar2": 6.19554328918,
        "max": 455.779724121,
        "mean": 436.820251465,
        "median": 437.465789795,
        "min": 434.444000244,
        "var": 4.73327541351
    },
    "hpcp": {
        "dmean": [0.10577417165, 0.170768037438, 0.0840341225266, 0.224969834089, 0.151840761304, 0.106675006449, 0.20738747716, 0.0815504193306, 0.189186558127, 0.0997262746096, 0.139074414968, 0.219086796045],
        "dmean2": [0.18828612566, 0.291626244783, 0.15275387466, 0.396833091974, 0.269167602062, 0.19828286767, 0.358571916819, 0.151762515306, 0.320282638073, 0.179120495915, 0.232497438788, 0.369521915913],
        "dvar": [0.0432384423912, 0.05003875494, 0.0307501014322, 0.0746297463775, 0.0557988248765, 0.0230091251433, 0.0747877955437, 0.0208153743297, 0.0451363176107, 0.0243100188673, 0.033266376704, 0.0489879995584],
        "dvar2": [0.125779360533, 0.124450609088, 0.087588980794, 0.159659937024, 0.112794756889, 0.0675826221704, 0.125190496445, 0.0590124130249, 0.0976083502173, 0.0698788240552, 0.0766128897667, 0.113545835018],
        "max": [1, 1, 1, 1, 1, 1, 1, 0.740276455879, 1, 1, 1, 1],
        "mean": [0.0878944993019, 0.238501757383, 0.0680869296193, 0.459417760372, 0.267660528421, 0.113270662725, 0.359584718943, 0.0709483027458, 0.42551407218, 0.085308663547, 0.210753083229, 0.398312866688],
        "median": [0.026432512328, 0.118623949587, 0.0260578412563, 0.324907541275, 0.0933012589812, 0.0694168582559, 0.191858500242, 0.0336534194648, 0.297914415598, 0.0405076295137, 0.14129447937, 0.297216713428],
        "min": [0.00131726043765, 0.00214189616963, 0.00111806672066, 0.00124687887728, 0.00140106049366, 0.00391371548176, 0.00164084427524, 0.00217577838339, 0.0131825674325, 0.00231354264542, 0.00253430195153, 0.00376511691138],
        "var": [0.0284321121871, 0.0703918263316, 0.0201977919787, 0.138761669397, 0.120366662741, 0.0168468486518, 0.141107812524, 0.0132664963603, 0.116910383105, 0.0169508308172, 0.0465767644346, 0.111010998487]
    }
},
"lowlevel": {
    "melbands": {
        "dmean": [1.82331064025e-06, 1.01257273855e-05, 7.26198686607e-06, 1.61191928783e-05, 1.601796248e-05, 2.64027676167e-05, 2.10298385355e-05, 6.05862769589e-05, 3.32186282321e-05, 2.26196789299e-05, 1.50988116729e-05, 1.21366565509e-05, 9.29293855734e-06, 8.67622566147e-06, 1.78345835593e-05, 1.46882521221e-05, 7.8888851931e-06, 5.13217082698e-06, 4.74361786473e-06, 6.2356939452e-06, 1.7030449726e-06, 2.17586284634e-06, 1.04500475118e-06, 9.40172128594e-07, 1.35940183554e-06, 4.25158958706e-07, 2.69116100071e-07, 2.89941766596e-07, 2.84377108528e-07, 3.16306056902e-07, 1.46648616806e-07, 7.47661985656e-08, 5.19983451852e-08, 2.13140207705e-08, 8.77687611478e-09, 6.76053879545e-09, 1.29091259904e-09, 1.19910192886e-10, 1.08254724629e-11, 4.89155048931e-13],
        "dmean2": [3.22702089761e-06, 1.77278434421e-05, 1.31013093778e-05, 2.91530686809e-05, 2.79807482002e-05, 4.45397417934e-05, 3.26172994392e-05, 9.6404881333e-05, 5.2811767091e-05, 3.81850950362e-05, 2.35912939388e-05, 1.82623298315e-05, 1.45708754644e-05, 1.52355178216e-05, 2.99977291434e-05, 2.2976197215e-05, 1.22651817946e-05, 8.72820874065e-06, 7.67725668993e-06, 1.04867340269e-05, 2.85548367174e-06, 3.70855218534e-06, 1.75123011559e-06, 1.6399484366e-06, 2.33140690398e-06, 7.07343019712e-07, 4.65189657461e-07, 5.04705212734e-07, 4.76392614246e-07, 5.52200106085e-07, 2.51082497016e-07, 1.32216527504e-07, 9.1472017516e-08, 3.84927147934e-08, 1.56430246534e-08, 1.19114229591e-08, 2.24194951493e-09, 2.18741635916e-10, 1.92065183202e-11, 8.54772578673e-13],
        "dvar": [3.53825605967e-12, 1.45038550614e-10, 4.49273188097e-11, 2.63412236468e-10, 2.69718247736e-10, 9.52490308848e-10, 7.07360447993e-10, 1.08926156983e-08, 2.93133117779e-09, 9.43873867953e-10, 4.76793271531e-10, 3.3452418613e-10, 1.54522200591e-10, 2.17885348652e-10, 6.8480970894e-10, 6.82299661214e-10, 1.93346227917e-10, 7.71798805421e-11, 5.37914678078e-11, 1.33832056548e-10, 4.12997283941e-12, 9.59748166357e-12, 1.77589334297e-12, 1.50128401464e-12, 4.01885686188e-12, 6.97959864817e-13, 1.8365285692e-13, 2.66754283593e-13, 1.44940659409e-13, 1.8059871361e-13, 4.78815324521e-14, 1.76604522971e-14, 9.53700314522e-15, 1.91042966121e-15, 2.24222088404e-16, 1.34234512463e-16, 3.53248928157e-18, 4.46551579606e-20, 3.15213318187e-22, 5.93646525994e-25],
        "dvar2": [9.59221157365e-12, 4.12381490067e-10, 1.25064791856e-10, 7.97380494966e-10, 8.41425873421e-10, 2.96148150447e-09, 1.62621027755e-09, 2.57759307232e-08, 7.41505301605e-09, 2.67810329468e-09, 1.14813947238e-09, 8.21283707708e-10, 3.61419116857e-10, 6.33824825957e-10, 1.65259683715e-09, 1.35296285286e-09, 4.0591016659e-10, 2.36297259537e-10, 1.23592303058e-10, 3.47102513398e-10, 1.06844611283e-11, 2.4078423283e-11, 3.92949735251e-12, 4.17935954941e-12, 1.12824081674e-11, 1.84743279702e-12, 5.66894187842e-13, 6.95537377693e-13, 4.12045533327e-13, 5.18805267843e-13, 1.41689638538e-13, 5.17853683925e-14, 2.63433108064e-14, 5.52256206599e-15, 6.26147983374e-16, 3.43211953346e-16, 9.83231543834e-18, 1.15283735457e-19, 8.57705313912e-22, 1.66713308038e-24],
        "max": [1.05688186522e-05, 8.68284987519e-05, 4.49111394119e-05, 0.000115721311886, 9.64467253652e-05, 0.000176733083208, 0.000269876909442, 0.000737619295251, 0.000351205089828, 0.000191875282326, 0.000124933256302, 0.000135207374115, 8.06366078905e-05, 0.000107437168481, 0.000155247791554, 0.000179934708285, 0.000113203990622, 6.8689820182e-05, 6.00472922088e-05, 0.000100827586721, 1.32450140882e-05, 2.4947197744e-05, 1.04169193946e-05, 7.16621389074e-06, 1.26932454805e-05, 6.80649691276e-06, 2.39049495576e-06, 3.84440136258e-06, 1.98541647478e-06, 2.48840274253e-06, 1.29524050863e-06, 9.44361431721e-07, 5.28954899437e-07, 2.98297237578e-07, 7.97100838668e-08, 8.65699476549e-08, 1.26028796288e-08, 1.21513688001e-09, 9.72907795993e-11, 4.35165228505e-12],
        "mean": [2.48203969022e-06, 1.42911649164e-05, 9.35438856686e-06, 2.08354031201e-05, 2.61102486547e-05, 3.66994900105e-05, 3.43543724739e-05, 8.46646071295e-05, 4.64122604171e-05, 2.72585584753e-05, 1.82492058229e-05, 1.48376338984e-05, 1.20842742035e-05, 9.2398677225e-06, 1.92591287487e-05, 1.56068981596e-05, 1.1126319805e-05, 5.40977907804e-06, 4.62297930426e-06, 6.50979609418e-06, 1.86740919617e-06, 2.61244713329e-06, 1.28550630052e-06, 1.06083098217e-06, 1.44504747368e-06, 4.8362318239e-07, 2.56445304103e-07, 2.73898876912e-07, 2.87554428269e-07, 3.06101100023e-07, 1.4234228729e-07, 6.60353336457e-08, 4.2439811665e-08, 1.72237175633e-08, 7.28646298853e-09, 5.96173199696e-09, 1.27186483567e-09, 1.05809798423e-10, 1.03539295193e-11, 5.07153076045e-13],