{
"metadata": {
    "version": {
        "essentia": "2.0.1",
        "extractor": "archive-music 1.0 mod ismir14"
    },
    "audio_properties": {
        "analysis_sample_rate": 44100,
        "bitrate": 128,
        "channels": 2,
        "equal_loudness": 0,
        "length": 30.0669155121,
        "replay_gain": -12.9652671814,
        "downmix": "mix"
    },
    "tags": {
        "track": 0,
        "year": 0,
        "album": "",
        "artist": "",
        "comment": "",
        "genre": "",
        "title": ""
    }
},
"rhythm": {
    "bpm": 88.2881317139,
    "bpm_histogram_first_peak": 89,
    "bpm_histogram_first_peak_spread": 0.309523820877,
    "bpm_histogram_first_peak_weight": 0.674418628216,
    "bpm_histogram_second_peak": 94,
    "bpm_histogram_second_peak_spread": 0,
    "bpm_histogram_second_peak_weight": 0.0232558138669
},
"tonal": {
    "tuning_frequency": {
        "dmean": 0.297735899687,
        "dmean2": 0.574289441109,
        "dvar": 2.43287706375,
        "dvar2": 5.8303694725,
        "max": 443.828887939,
        "mean": 439.45892334,
        "median": 441.272583008,
        "min": 431.443084717,
        "var": 10.3032484055
    },
    "hpcp": {
        "dmean": [0.214581400156, 0.148632198572, 0.22445435822, 0.256759673357, 0.120330289006, 0.225710049272, 0.251185745001, 0.271157860756, 0.189550206065, 0.10622728616, 0.241848185658, 0.0825427174568],
        "dmean2": [0.367686182261, 0.26811003685, 0.406485170126, 0.451257228851, 0.210865616798, 0.37524408102, 0.43246653676, 0.473564535379, 0.332687199116, 0.184384688735, 0.42067861557, 0.152329742908],
        "dvar": [0.0411502420902, 0.0298447553068, 0.0587566792965, 0.060121614486, 0.0304145757109, 0.0639842003584, 0.0627328455448, 0.047470100224, 0.0491991490126, 0.019696040079, 0.0600300841033, 0.0147362090647],
        "dvar2": [0.0951551869512, 0.0806542262435, 0.162326991558, 0.178250297904, 0.0835007354617, 0.148677736521, 0.146913617849, 0.135269373655, 0.132785573602, 0.0480728894472, 0.157726854086, 0.0431011542678],
        "max": [1, 1, 1, 1, 1, 1, 1, 1, 1, 1, 1, 1],
        "mean": [0.302768856287, 0.170064046979, 0.235499635339, 0.304899096489, 0.132604256272, 0.319416224957, 0.347997784615, 0.391075134277, 0.245977714658, 0.130952805281, 0.77628582716, 0.0976199880242],
        "median": [0.226287722588, 0.109008021653, 0.138415187597, 0.202039942145, 0.0784241557121, 0.14817713201, 0.256916254759, 0.328188538551, 0.131281480193, 0.08132147789, 0.948085546494, 0.0675017535686],
        "min": [0.0187612883747, 0.00583476061001, 0.0058812093921, 0.00608121557161, 0.00296855252236, 0.025888806209, 0.0106157986447, 0.00858639832586, 0.00742257433012, 0.00419065635651, 0.0891854465008, 0.00453885411844],
        "var": [0.0656601637602, 0.0332562327385, 0.0653404667974, 0.0743553191423, 0.0288758799434, 0.108124434948, 0.0939631387591, 0.0835010483861, 0.0706819817424, 0.0244033187628, 0.0772799551487, 0.0105831120163]
    }
},
"lowlevel": {
    "melbands": {
        "dmean": [1.44441346492e-05, 6.60292862449e-05, 5.73076649744e-05, 3.79797311325e-05, 1.64627690538e-05, 2.85606074613e-05, 3.07208683807e-05, 3.82130638172e-05, 4.32219203503e-05, 2.44755374297e-05, 1.70017028722e-05, 1.09046741272e-05, 9.61757450568e-06, 5.29038061359e-06, 8.79643903318e-06, 5.22997606822e-06, 6.37632228973e-06, 3.90897321267e-06, 2.89808053822e-06, 3.02503235616e-06, 2.29794295592e-06, 2.44488342105e-06, 3.94811331716e-06, 4.12553026763e-06, 2.55580403064e-06, 1.66791483025e-06, 1.60981142017e-06, 9.84667281045e-07, 4.41835851461e-07, 4.15885011762e-07, 3.41583842101e-07, 1.71000550608e-07, 7.72790187398e-08, 4.97907350905e-08, 4.39193819091e-08, 3.0113316285e-08, 1.7274073727e-08, 7.67614327657e-09, 1.51934265169e-09, 7.06398134431e-11],
        "dmean2": [2.58916606981e-05, 0.000126137514599, 0.000104329592432, 6.75821720506e-05, 2.99825824186e-05, 5.11281796207e-05, 5.64803704037e-05, 6.86864514137e-05, 7.13575864211e-05, 4.38194365415e-05, 2.94926921924e-05, 1.99697751668e-05, 1.71789779415e-05, 9.4851529866e-06, 1.60420204338e-05, 9.49175318965e-06, 1.16389837785e-05, 7.00262762621e-06, 5.23016115039e-06, 5.24483539266e-06, 4.03699777962e-06, 4.23893789048e-06, 7.16291333447e-06, 6.84773567627e-06, 4.60146975456e-06, 2.90809452963e-06, 2.68409803539e-06, 1.65865833424e-06, 7.50350636736e-07, 7.18238823083e-07, 5.9426236021e-07, 2.9146548286e-07, 1.3059222681e-07, 8.57479918182e-08, 7.29643900854e-08, 5.09928383963e-08, 3.13706429722e-08, 1.34945130625e-08, 2.66982747021e-09, 1.27205482259e-10],
        "dvar": [4.28412694209e-10, 5.0975259569e-09, 3.35063532475e-09, 2.52605159012e-09, 2.66836497342e-10, 6.02247585135e-10, 8.09349920416e-10, 1.56517621086e-09, 7.01096780631e-09, 4.58055060548e-09, 5.82912551561e-10, 6.60525911744e-10, 5.6879112531e-10, 1.04023623049e-10, 3.31832589184e-10, 8.75676892109e-11, 2.20854154409e-10, 6.05841765644e-11, 1.73201904208e-11, 4.7776796408e-11, 1.06437844649e-11, 1.19714715571e-11, 4.49904002942e-11, 4.42974615322e-11, 1.86922474027e-11, 7.93132833715e-12, 9.13790744461e-12, 4.25403505824e-12, 4.01871515666e-13, 6.53046681402e-13, 4.32986844079e-13, 8.98499685569e-14, 1.47490543677e-14, 6.76355766031e-15, 4.38071125463e-15, 1.27462132002e-15, 3.85886002624e-16, 4.57948065148e-17, 1.809754341e-18, 5.63650684085e-21],
        "dvar2": [1.09072317844e-09, 1.63032218836e-08, 9.36116961725e-09, 6.82607703695e-09, 7.38091143759e-10, 1.97585703354e-09, 2.12354134277e-09, 4.2710497361e-09, 1.53151322735e-08, 1.2988249587e-08, 1.44287182202e-09, 1.86571980088e-09, 1.58079971335e-09, 2.95192648103e-10, 1.01135588793e-09, 2.50886700304e-10, 6.23719076387e-10, 1.57546031776e-10, 4.65929725357e-11, 1.26168145376e-10, 2.3707870736e-11, 3.40850472846e-11, 1.32003769027e-10, 1.20728996245e-10, 4.48727582869e-11, 2.18761311149e-11, 2.22144559692e-11, 1.10951161453e-11, 1.00312650981e-12, 1.60951742385e-12, 1.12419351172e-12, 2.43422957572e-13, 3.50328557938e-14, 1.61137210075e-14, 8.5502927709e-15, 2.70253950986e-15, 9.01964833829e-16, 1.26647651589e-16, 4.38480294985e-18, 1.59557598698e-20],
        "max": [0.000139672425576, 0.000443501747213, 0.000284057896351, 0.000293063640129, 0.000114152950118, 0.000141276352224, 0.000139451760333, 0.000169201841345, 0.000867397408001, 0.000559345935471, 0.000158648137585, 0.000159172224812, 0.000139765121276, 6.28897614661e-05, 0.000112310452096, 5.19029599673e-05, 9.57251832006e-05, 7.26338475943e-05, 2.08655001188e-05, 6.06524990872e-05, 2.19782050408e-05, 2.33827322518e-05, 3.50642221747e-05, 4.92583094456e-05, 2.85655514745e-05, 1.73801927303e-05, 2.4428622055e-05, 1.29467634906e-05, 5.38871063327e-06, 7.32109901946e-06, 4.01217675972e-06, 1.69982513398e-06, 8.58983980834e-07, 6.58622298033e-07, 6.11198174738e-07, 2.94637260367e-07, 1.48875088257e-07, 4.99379453345e-08, 1.14943539131e-08, 4.8524984031e-10],
        "mean": [1.89709717233e-05, 7.50316903577e-05, 8.03227085271e-05, 4.16584407503e-05, 2.26864558499e-05, 4.1431554564e-05, 4.1429153498e-05, 3.1588402635e-05, 4.89073827339e-05, 2.52041372732e-05, 1.96371838683e-05, 8.95045013749e-06, 7.31401769372e-06, 4.82029918203e-06, 7.71448412706e-06, 4.3772747631e-06, 4.9285708883e-06, 3.94159451389e-06, 2.72444799521e-06, 2.45772571361e-06, 2.1985042622e-06, 2.27447094403e-06, 3.59455725629e-06, 3.80645565201e-06, 2.48385981649e-06, 2.06631420951e-06, 1.66243387412e-06, 9.53182393459e-07, 5.26587484728e-07, 4.38575938233e-07, 3.53817767973e-07, 2.13931542703e-07, 1.05117699434e-07, 8.16153047367e-08, 7.38966861036e-08, 5.15402795997e-08, 3.16209280982e-08, 1.24139321045e-08, 2.11843831366e-09, 1.01698947874e-10],