{
"metadata": {
    "version": {
        "essentia": "2.0.1",
        "extractor": "archive-music 1.0 mod ismir14"
    },
    "audio_properties": {
        "analysis_sample_rate": 44100,
        "bitrate": 128,
        "channels": 2,
        "equal_loudness": 0,
        "length": 30.0669155121,
        "replay_gain": -12.156419754,
        "downmix": "mix"
    },
    "tags": {
        "track": 6,
        "year": 0,
        "album": "Swing Classics (Jazz & Tzaz 70)",
        "artist": "Benny Carter",
        "comment": "",
        "genre": "Jazz",
        "title": "Babalu"
    }
},
"rhythm": {
    "bpm": 92.6367721558,
    "bpm_histogram_first_peak": 94,
    "bpm_histogram_first_peak_spread": 0.555555582047,
    "bpm_histogram_first_peak_weight": 0.355555564165,
    "bpm_histogram_second_peak": 89,
    "bpm_histogram_second_peak_spread": 0,
    "bpm_histogram_second_peak_weight": 0.177777782083
},
"tonal": {
    "tuning_frequency": {
        "dmean": 0.386079400778,
        "dmean2": 0.697952926159,
        "dvar": 3.31531858444,
        "dvar2": 8.18026638031,
        "max": 455.779724121,
        "mean": 435.73916626,
        "median": 434.695007324,
        "min": 432.940917969,
        "var": 5.67623376846
    },
    "hpcp": {
        "dmean": [0.1092845276, 0.168956741691, 0.0819039791822, 0.227672040462, 0.159673184156, 0.112307079136, 0.21926510334, 0.106825403869, 0.194917082787, 0.114532127976, 0.140470847487, 0.211337566376],
        "dmean2": [0.191905423999, 0.294012784958, 0.150107100606, 0.411092400551, 0.288585096598, 0.209388360381, 0.374158531427, 0.189835503697, 0.326388567686, 0.209788545966, 0.23306748271, 0.362571269274],
        "dvar": [0.0390817411244, 0.0520782880485, 0.0285250619054, 0.0802701637149, 0.0572719089687, 0.0272257570177, 0.0733146741986, 0.0370073467493, 0.0481579080224, 0.0279276985675, 0.0343190990388, 0.0499583482742],
        "dvar2": [0.112051427364, 0.132746517658, 0.081645026803, 0.166279450059, 0.114662051201, 0.0790222734213, 0.139523074031, 0.102433390915, 0.107009612024, 0.0787924975157, 0.0848057493567, 0.117892175913],
        "max": [1, 1, 1, 1, 1, 1, 1, 1, 1, 1, 1, 1],
        "mean": [0.0928802341223, 0.228327587247, 0.0702118128538, 0.45742765069, 0.281071275473, 0.111170612276, 0.356467366219, 0.0948346406221, 0.417026400566, 0.0946871861815, 0.208485662937, 0.389717698097],
        "median": [0.0335904173553, 0.120940603316, 0.0261114016175, 0.321365147829, 0.123479686677, 0.0722507610917, 0.197152122855, 0.0369966030121, 0.287396162748, 0.0427243150771, 0.144638374448, 0.264510750771],
        "min": [0.00170410389546, 0.00316247297451, 0.000636157172266, 0.00158287212253, 0.00122133735567, 0.00412334501743, 0.00291179772466, 0.00207499437965, 0.0101483557373, 0.00251613231376, 0.00304262177087, 0.00237608794123],
        "var": [0.0277659520507, 0.0669748485088, 0.0189691986889, 0.143440440297, 0.121157005429, 0.0190106537193, 0.132980749011, 0.0304289311171, 0.119021080434, 0.0203676186502, 0.0442190878093, 0.102747432888]
    }
},
"lowlevel": {
    "melbands": {
        "dmean": [1.82400913218e-06, 1.01386322058e-05, 7.27153792468e-06, 1.61213392857e-05, 1.60343242896e-05, 2.64825939666e-05, 2.10417438211e-05, 6.06438297837e-05, 3.32549425366e-05, 2.26003812713e-05, 1.50553141793e-05, 1.2134838471e-05, 9.31215072342e-06, 8.67642029334e-06, 1.78678656084e-05, 1.46863603732e-05, 7.88639408711e-06, 5.1343135965e-06, 4.74743637824e-06, 6.23613732387e-06, 1.69812801687e-06, 2.17157298721e-06, 1.04823027414e-06, 9.42418409977e-07, 1.36837923037e-06, 4.25874247867e-07, 2.69759340199e-07, 2.90202621045e-07, 2.85880730644e-07, 3.17360104418e-07, 1.47594278133e-07, 7.52286624106e-08, 5.16019795782e-08, 2.11227160207e-08, 8.66555271983e-09, 6.65967370139e-09, 1.29596522402e-09, 1.15171885917e-10, 7.90121700706e-12, 3.6658995067e-13],
        "dmean2": [3.23199742525e-06, 1.76895227924e-05, 1.31197402879e-05, 2.91603573714e-05, 2.79751602648e-05, 4.46742014901e-05, 3.26507106365e-05, 9.65446815826e-05, 5.28813652636e-05, 3.81316822313e-05, 2.34990275203e-05, 1.82340099855e-05, 1.45909843923e-05, 1.52342781803e-05, 3.00558640447e-05, 2.29340894293e-05, 1.22589599414e-05, 8.72777218319e-06, 7.69129383116e-06, 1.04822966023e-05, 2.84628185909e-06, 3.69625695384e-06, 1.7572139086e-06, 1.6419704707e-06, 2.34701587942e-06, 7.12381847734e-07, 4.67482891509e-07, 5.04879665186e-07, 4.78247045521e-07, 5.54378800643e-07, 2.53707554521e-07, 1.33129120172e-07, 9.07891219981e-08, 3.81688529671e-08, 1.54105599393e-08, 1.17252252352e-08, 2.2757815632e-09, 2.10877676432e-10, 1.38089678581e-11, 6.41954913706e-13],
        "dvar": [3.53567305642e-12, 1.44633957588e-10, 4.50070397617e-11, 2.65028249347e-10, 2.69571698297e-10, 9.56903112304e-10, 7.10159764328e-10, 1.09009690163e-08, 2.93256374739e-09, 9.38335853462e-10, 4.71657657375e-10, 3.35111327576e-10, 1.53471874098e-10, 2.18341428271e-10, 6.86522116933e-10, 6.78318734515e-10, 1.92430585355e-10, 7.61961604923e-11, 5.38197195143e-11, 1.33855690421e-10, 4.08500793955e-12, 9.56412640057e-12, 1.7933535516e-12, 1.49839765162e-12, 4.03668027824e-12, 6.95138337083e-13, 1.83952516847e-13, 2.67091714414e-13, 1.47635349041e-13, 1.85614381937e-13, 4.9645177021e-14, 1.75498484289e-14, 9.29536073899e-15, 1.85612341435e-15, 2.17048116388e-16, 1.27664898454e-16, 3.68518930419e-18, 4.26017596381e-20, 2.26723723357e-22, 4.73160397977e-25],
        "dvar2": [9.5618044732e-12, 4.11510964193e-10, 1.25202584411e-10, 8.01297583841e-10, 8.40978064964e-10, 2.97686408857e-09, 1.63382163354e-09, 2.57775916168e-08, 7.41455030706e-09, 2.66210165023e-09, 1.13376130706e-09, 8.23609236367e-10, 3.58994917127e-10, 6.35577979136e-10, 1.65602087598e-09, 1.34533606477e-09, 4.02235106334e-10, 2.33123687021e-10, 1.23587362566e-10, 3.47408046775e-10, 1.05536378248e-11, 2.38722305812e-11, 3.98622194281e-12, 4.18869409644e-12, 1.13544867952e-11, 1.84213299996e-12, 5.66465494303e-13, 6.94871460719e-13, 4.21405152527e-13, 5.33706163031e-13, 1.47164995034e-13, 5.14876498641e-14, 2.55909049919e-14, 5.35226016271e-15, 6.08202690414e-16, 3.26723768813e-16, 1.02783113723e-17, 1.09924755385e-19, 6.18731401112e-22, 1.20039031238e-24],
        "max": [1.05460312625e-05, 8.71160591487e-05, 4.47945858468e-05, 0.000116357798106, 9.65556537267e-05, 0.000176706671482, 0.00027014722582, 0.000736830930691, 0.000350536458427, 0.000190537219169, 0.000124511600006, 0.000135071968543, 8.10566925793e-05, 0.000108094107418, 0.000155739879119, 0.000178322283318, 0.000113839640107, 6.79062140989e-05, 5.99098420935e-05, 0.000100918579847, 1.31997940116e-05, 2.50944667641e-05, 1.05001381598e-05, 7.05362208464e-06, 1.26655804706e-05, 6.79000140735e-06, 2.43124213739e-06, 3.84123632102e-06, 1.98748625735e-06, 2.53090365732e-06, 1.29129273319e-06, 9.35135460622e-07, 5.25943278262e-07, 2.91747852543e-07, 7.89436640503e-08, 8.30875563906e-08, 1.24550787461e-08, 1.16069032163e-09, 1.01053866663e-10, 3.9972847081e-12],
        "mean": [2.484073093e-06, 1.43223824125e-05, 9.37055574468e-06, 2.08570909308e-05, 2.61418899754e-05, 3.67554785043e-05, 3.43912943208e-05, 8.47546907607e-05, 4.64780569018e-05, 2.7261874493e-05, 1.82307794603e-05, 1.4837785784e-05, 1.20976128528e-05, 9.24432788452e-06, 1.92819516087e-05, 1.56042042363e-05, 1.11279041448e-05, 5.40871496924e-06, 4.62878870167e-06, 6.51243726679e-06, 1.86820250292e-06, 2.61088689513e-06, 1.2849217228e-06, 1.06105858322e-06, 1.44933221691e-06, 4.84690701796e-07, 2.57158234263e-07, 2.73829158459e-07, 2.88077103505e-07, 3.06379462245e-07, 1.4228575651e-07, 6.62298873522e-08, 4.22929176125e-08, 1.71470624366e-08, 7.21136039772e-09, 5.88510173927e-09, 1.27359323088e-09, 9.98867932811e-11, 7.02196720909e-12, 3.53193873887e-13],