{
"metadata": {
    "version": {
        "essentia": "2.0.1",
        "extractor": "archive-music 1.0 mod ismir14"
    },
    "audio_properties": {
        "analysis_sample_rate": 44100,
        "bitrate": 32,
        "channels": 2,
        "equal_loudness": 0,
        "length": 30.0408172607,
        "replay_gain": -13.2592163086,
        "downmix": "mix"
    },
    "tags": {
        "track": 0,
        "year": 0,
        "album": "",
        "artist": "",
        "comment": "",
        "genre": "",
        "title": ""
    }
},
"rhythm": {
    "bpm": 90.2956161499,
    "bpm_histogram_first_peak": 91,
    "bpm_histogram_first_peak_spread": 0.341463446617,
    "bpm_histogram_first_peak_weight": 0.62790697813,
    "bpm_histogram_second_peak": 85,
    "bpm_histogram_second_peak_spread": 0,
    "bpm_histogram_second_peak_weight": 0.0465116277337
},
"tonal": {
    "tuning_frequency": {
        "dmean": 0.104512423277,
        "dmean2": 0.185192242265,
        "dvar": 0.686647355556,
        "dvar2": 1.13634502888,
        "max": 456.306610107,
        "mean": 451.038085938,
        "median": 452.631469727,
        "min": 438.984558105,
        "var": 22.2501392365
    },
    "hpcp": {
        "dmean": [0.213298842311, 0.11704094708, 0.118788152933, 0.132037043571, 0.271634459496, 0.311283260584, 0.170776665211, 0.206270292401, 0.125538438559, 0.0939126014709, 0.0935537591577, 0.128831833601],
        "dmean2": [0.363145679235, 0.217136636376, 0.208651959896, 0.239868313074, 0.485637903214, 0.573546588421, 0.315185368061, 0.349631279707, 0.232526943088, 0.169367298484, 0.161204755306, 0.226517543197],
        "dvar": [0.0797517746687, 0.0450953654945, 0.0364798158407, 0.0520071610808, 0.0931921377778, 0.113779127598, 0.0811439454556, 0.0701770558953, 0.0524520352483, 0.0338623449206, 0.026643762365, 0.0391855724156],
        "dvar2": [0.171278133988, 0.127273276448, 0.0924209654331, 0.130611881614, 0.237103223801, 0.266813755035, 0.223965808749, 0.163608595729, 0.153650999069, 0.0920092836022, 0.0634633600712, 0.101705253124],
        "max": [1, 1, 1, 1, 1, 1, 1, 1, 1, 1, 1, 1],
        "mean": [0.439679890871, 0.0810189470649, 0.132509291172, 0.126140594482, 0.261415541172, 0.439460366964, 0.124485000968, 0.282149225473, 0.101006776094, 0.0847651138902, 0.0959596410394, 0.124949105084],
        "median": [0.218915954232, 0.0164855793118, 0.0431527867913, 0.0251530651003, 0.0944775640965, 0.276774644852, 0.0238757915795, 0.116021335125, 0.02761689201, 0.0275896824896, 0.0300688054413, 0.0450379960239],
        "min": [0.00114673515782, 0.000461835210444, 0.000405421538744, 0.00025607374846, 0.000952822854742, 0.00133962614927, 0.00020958717505, 0.00150830170605, 0.000347216584487, 0.000617291778326, 0.000676267489325, 0.000599104037974],
        "var": [0.173131391406, 0.0299392100424, 0.0472756586969, 0.0611066743731, 0.108278341591, 0.166227117181, 0.0621966123581, 0.114942878485, 0.0419963896275, 0.0298818275332, 0.0312564857304, 0.0400329083204]
    }
},
"lowlevel": {
    "melbands": {
        "dmean": [0.000235670639086, 0.000487374607474, 0.000175253808266, 0.000119650707347, 8.76733392943e-05, 6.21693980065e-05, 8.11287318356e-05, 0.000120524462545, 0.000194443506189, 0.000149121799041, 5.61549968552e-05, 6.94704795023e-05, 6.64770268486e-05, 3.45690168615e-05, 5.54199505132e-05, 6.51543232379e-05, 1.40095598908e-05, 1.03487373053e-05, 5.31168916496e-06, 6.18051080892e-06, 9.73633814283e-06, 7.33155047783e-06, 1.42224052979e-05, 1.21065540952e-05, 6.64707522446e-06, 6.69755218041e-06, 6.28752013654e-06, 3.88395665141e-06, 1.6383341972e-06, 1.47886782997e-06, 7.2342271551e-07, 3.05442853232e-07, 1.61147710287e-07, 1.43974787647e-07, 1.40378574542e-07, 1.32305643774e-07, 1.11034509587e-07, 1.45867886658e-07, 1.40062027754e-07, 1.14388264194e-07],
        "dmean2": [0.000385170569643, 0.000713428424206, 0.000273254932836, 0.000191949613509, 0.000141679687658, 9.57387819653e-05, 0.000125414750073, 0.000188419217011, 0.000317442056257, 0.000246877345489, 9.03614709387e-05, 0.000108493681182, 0.000100487261079, 5.86266687606e-05, 9.38142547966e-05, 0.000107784340798, 2.135212344e-05, 1.67778325704e-05, 8.47377305035e-06, 9.65395247476e-06, 1.53087985382e-05, 1.15153479783e-05, 2.33894952544e-05, 1.93808173208e-05, 1.06410434455e-05, 1.02054273157e-05, 1.00689712781e-05, 6.24009862804e-06, 2.59921489487e-06, 2.39183464146e-06, 1.16443391107e-06, 4.83232327042e-07, 2.502821701e-07, 2.26043724183e-07, 2.21851195192e-07, 2.11458228705e-07, 1.6999733532e-07, 2.28914288414e-07, 2.14850985003e-07, 1.78886679691e-07],
        "dvar": [6.00244831617e-08, 2.12589441162e-07, 3.34821734782e-08, 2.92988904249e-08, 2.25174918711e-08, 7.58921991917e-09, 1.79749282125e-08, 4.58212809917e-08, 1.45982070876e-07, 1.79698560032e-07, 7.88001770502e-08, 3.45489326037e-08, 3.1469873818e-08, 7.85970666328e-09, 1.75410015402e-08, 3.48273729855e-08, 2.46891818101e-09, 7.32989891006e-10, 7.1099862109e-11, 5.59431563574e-11, 2.07997008506e-10, 1.21739257564e-10, 5.5529220111e-10, 3.84112408547e-10, 1.01488407955e-10, 9.93271784266e-11, 1.24790511258e-10, 4.62621677078e-11, 6.90315036037e-12, 7.17525214591e-12, 1.25099128105e-12, 1.88633966303e-13, 3.98643385012e-14, 3.38530879761e-14, 3.60688516272e-14, 2.37018351723e-14, 1.79843966596e-14, 3.70705595669e-14, 4.01010435524e-14, 2.24580672391e-14],
        "dvar2": [1.63545038845e-07, 4.66702118729e-07, 6.90642707468e-08, 7.40738386185e-08, 5.63606050719e-08, 1.62360098699e-08, 3.70107748893e-08, 1.0651018556e-07, 3.57592739419e-07, 4.19157430542e-07, 1.62534661285e-07, 8.23892065682e-08, 6.86105678938e-08, 2.1306973963e-08, 4.57709106172e-08, 8.38100930878e-08, 4.03364008861e-09, 1.68075253715e-09, 1.66147734459e-10, 1.39685096823e-10, 4.98645014169e-10, 3.12066900099e-10, 1.40664913051e-09, 9.46790423839e-10, 2.43178310821e-10, 2.36413555399e-10, 3.24286153486e-10, 1.21393659014e-10, 1.57250636124e-11, 1.76909840943e-11, 3.1645127057e-12, 4.74920395978e-13, 9.10583660882e-14, 7.95968651233e-14, 8.82459321003e-14, 5.31042359609e-14, 3.94923317952e-14, 8.09503424579e-14, 9.38352517975e-14, 4.80370612537e-14],
        "max": [0.00216331519186, 0.00461620697752, 0.0024789115414, 0.00200390419923, 0.00144926749635, 0.00128574715927, 0.0022203377448, 0.00165976688731, 0.00444972328842, 0.00470333965495, 0.00594114046544, 0.00200771656819, 0.00266815489158, 0.000725112797227, 0.00132796401158, 0.00227415352128, 0.00110138242599, 0.000374381168513, 9.47034423007e-05, 4.90660459036e-05, 0.000140030810144, 8.91743184184e-05, 0.000213724662899, 0.000147096856381, 8.02303475211e-05, 9.52235568548e-05, 0.000103850827145, 7.57133602747e-05, 2.12979066418e-05, 2.84494835796e-05, 8.46064722282e-06, 4.78840547657e-06, 1.59476030603e-06, 1.46831848724e-06, 1.60507363489e-06, 1.52143934429e-06, 1.35022025916e-06, 1.88017065739e-06, 2.42779310611e-06, 1.5678009504e-06],
        "mean": [0.000416580354795, 0.00107807968743, 0.000352367496816, 0.000165950521477, 0.000111758628918, 9.1397901997e-05, 0.000119799529784, 0.000146393416799, 0.000241136091063, 0.000151855376316, 5.72295830352e-05, 7.17364964657e-05, 8.39717831695e-05, 3.53481264028e-05, 5.91805728618e-05, 6.45244217594e-05, 1.53094406414e-05, 1.12131183414e-05, 6.56408565192e-06, 7.79730635259e-06, 1.17681938718e-05, 8.62893557496e-06, 1.49207789946e-05, 1.16791134133e-05, 7.30747433408e-06, 8.06267871667e-06, 6.51987602396e-06, 3.96873792852e-06, 1.91637923308e-06, 1.50640039465e-06, 8.03220530088e-07, 4.16086635369e-07, 2.52895659969e-07, 2.25334133575e-07, 2.15372651269e-07, 2.21117772981e-07, 1.77461984663e-07, 2.4872244353e-07, 2.28088993026e-07, 1.87535476925e-07],