{
"metadata": {
    "version": {
        "essentia": "2.0.1",
        "extractor": "archive-music 1.0 mod ismir14"
    },
    "audio_properties": {
        "analysis_sample_rate": 44100,
        "bitrate": 96,
        "channels": 2,
        "equal_loudness": 0,
        "length": 30.0669155121,
        "replay_gain": -11.7147388458,
        "downmix": "mix"
    },
    "tags": {
        "track": 6,
        "year": 0,
        "album": "Swing Classics (Jazz & Tzaz 70)",
        "artist": "Benny Carter",
        "comment": "",
        "genre": "Jazz",
        "title": "Babalu"
    }
},
"rhythm": {
    "bpm": 92.6367721558,
    "bpm_histogram_first_peak": 94,
    "bpm_histogram_first_peak_spread": 0.555555582047,
    "bpm_histogram_first_peak_weight": 0.355555564165,
    "bpm_histogram_second_peak": 89,
    "bpm_histogram_second_peak_spread": 0,
    "bpm_histogram_second_peak_weight": 0.177777782083
},
"tonal": {
    "tuning_frequency": {
        "dmean": 0.0745771229267,
        "dmean2": 0.143521472812,
        "dvar": 0.942356705666,
        "dvar2": 2.09315752983,
        "max": 456.570251465,
        "mean": 438.0965271,
        "median": 437.213165283,
        "min": 433.441375732,
        "var": 7.93435382843
    },
    "hpcp": {
        "dmean": [0.147937893867, 0.144265621901, 0.149232342839, 0.204224228859, 0.146732166409, 0.126190021634, 0.148875251412, 0.124931409955, 0.194735601544, 0.136318385601, 0.18273511529, 0.184748321772],
        "dmean2": [0.273008167744, 0.26084920764, 0.280569374561, 0.368730545044, 0.272384881973, 0.237379461527, 0.25892663002, 0.232853651047, 0.350855439901, 0.255568623543, 0.330762535334, 0.332132488489],
        "dvar": [0.0668741390109, 0.0597166866064, 0.078752219677, 0.0867092907429, 0.0691107437015, 0.0594106540084, 0.0542608648539, 0.0571198686957, 0.0738941133022, 0.0619744621217, 0.072998598218, 0.0687933638692],
        "dvar2": [0.188848897815, 0.162825092673, 0.22691051662, 0.235500365496, 0.186975538731, 0.170126050711, 0.145175367594, 0.15524610877, 0.197534576058, 0.176485046744, 0.194570064545, 0.180924609303],
        "max": [1, 1, 1, 1, 1, 1, 1, 1, 1, 1, 1, 1],
        "mean": [0.113621197641, 0.152535244823, 0.106932878494, 0.401961475611, 0.167675182223, 0.102754183114, 0.2369235605, 0.100625194609, 0.288735449314, 0.100172273815, 0.195075139403, 0.227778285742],
        "median": [0.0129665574059, 0.0193908754736, 0.00399925978854, 0.198021709919, 0.0123362597078, 0.0121695064008, 0.0615146271884, 0.00774761615321, 0.1020790115, 0.00847479794174, 0.0633919835091, 0.0583132430911],
        "min": [0, 0, 0, 0, 0, 0, 0, 0, 0, 0, 0, 0],
        "var": [0.0557148382068, 0.0694006681442, 0.063140206039, 0.176059052348, 0.0977820828557, 0.0501014590263, 0.113026946783, 0.0506269820035, 0.129672497511, 0.0475420542061, 0.0814915895462, 0.103006377816]
    }
},
"lowlevel": {
    "melbands": {
        "dmean": [2.85770383925e-05, 0.000127289851662, 0.000141583383083, 0.000269447657047, 0.000319534476148, 0.000351800379576, 0.000270112184808, 0.000360402511433, 0.000258704152657, 0.000159892006195, 0.000120068456454, 0.000102650359622, 9.50720568653e-05, 8.06645693956e-05, 0.000147685335833, 0.000133045032271, 7.41020558053e-05, 3.8264766772e-05, 3.95341703552e-05, 4.41824704467e-05, 1.49885008796e-05, 2.24526993406e-05, 1.05605195131e-05, 6.98291478329e-06, 9.01037128642e-06, 3.10859536512e-06, 1.8500055603e-06, 2.22879566536e-06, 1.77806828106e-06, 1.70042585523e-06, 8.22581398552e-07, 3.97905381533e-07, 2.62512656946e-07, 1.08198037196e-07, 4.47820163174e-08, 3.65230725663e-08, 7.46411199515e-09, 7.7909029228e-10, 1.01416777754e-10, 2.34314252029e-11],
        "dmean2": [4.38987044618e-05, 0.000206506912946, 0.00024848114117, 0.000489608617499, 0.000583803514019, 0.000599372491706, 0.000418576324591, 0.000502283743117, 0.00035446183756, 0.000216126645682, 0.000187446275959, 0.000159463903401, 0.000145177225932, 0.000128020066768, 0.000226152129471, 0.000214955871343, 0.000111953937449, 5.4433796322e-05, 5.92992328166e-05, 6.59882134642e-05, 2.29996712733e-05, 3.58001780114e-05, 1.7062513507e-05, 1.06034831333e-05, 1.33293187901e-05, 4.71574458061e-06, 2.90247749035e-06, 3.42971247846e-06, 2.71439785138e-06, 2.41033899329e-06, 1.18579555419e-06, 5.88746331687e-07, 3.86434521715e-07, 1.58569307018e-07, 6.64930723815e-08, 5.43338707359e-08, 1.11816413906e-08, 1.18463849841e-09, 1.59995725002e-10, 4.27935187286e-11],
        "dvar": [1.39394851217e-09, 2.71454734246e-08, 5.99454494932e-08, 1.8069145824e-07, 2.26473019893e-07, 2.82364425175e-07, 1.4715962493e-07, 5.38787503501e-07, 2.16312528778e-07, 8.00081068064e-08, 8.4966863767e-08, 7.13010734898e-08, 5.54688384113e-08, 3.40032038082e-08, 9.27302181708e-08, 1.29505366431e-07, 4.02412290157e-08, 8.40336245034e-09, 1.25462831235e-08, 1.22740262398e-08, 7.33817895338e-10, 4.315886315e-09, 6.02897565205e-10, 2.02975927732e-10, 4.78796835512e-10, 6.54651610699e-11, 1.9389280112e-11, 5.12907563643e-11, 2.02840192559e-11, 1.63630255179e-11, 4.42841987039e-12, 1.29558841953e-12, 7.03468858686e-13, 1.29031605279e-13, 1.63371615227e-14, 1.1604805387e-14, 2.86560801647e-16, 5.29683368169e-18, 8.28103306677e-20, 2.36948006924e-21],
        "dvar2": [2.88089796463e-09, 7.04589098177e-08, 1.7739642999e-07, 5.45525381312e-07, 7.15244198091e-07, 8.08178469924e-07, 3.62379296348e-07, 1.15609873319e-06, 4.53236850717e-07, 1.54220458626e-07, 2.27457505275e-07, 1.94496749373e-07, 1.4499835288e-07, 9.51294509832e-08, 2.18141849473e-07, 3.33378011419e-07, 1.03547918684e-07, 1.64795661561e-08, 2.87652266451e-08, 2.71742788271e-08, 1.67977542986e-09, 1.16250262749e-08, 1.68344804763e-09, 4.66034211222e-10, 1.02311914496e-09, 1.47944739792e-10, 4.43234997316e-11, 1.18867637955e-10, 4.56589939468e-11, 3.44514174133e-11, 9.27190442479e-12, 2.69506444071e-12, 1.52552417313e-12, 2.74926809834e-13, 3.46355871772e-14, 2.64624493786e-14, 6.2364918324e-16, 1.18706712746e-17, 1.82434438529e-19, 7.08284143153e-21],
        "max": [0.000489663681947, 0.00242817727849, 0.00607295148075, 0.00947753805667, 0.00644479226321, 0.00840280484408, 0.00628061685711, 0.0179575160146, 0.00838381145149, 0.00558364996687, 0.0064460253343, 0.00569865154102, 0.00497004762292, 0.0036782133393, 0.00539311114699, 0.00557906553149, 0.00459657842293, 0.00231378199533, 0.00194814789575, 0.00246452516876, 0.000549484102521, 0.0014551676577, 0.000490267586429, 0.000298182392726, 0.000391923764255, 0.000198812776944, 8.65945548867e-05, 0.000130722226459, 8.12632351881e-05, 6.93945257808e-05, 5.05033058289e-05, 2.56655694102e-05, 2.29833713092e-05, 8.44403075462e-06, 2.69358156402e-06, 2.33789000958e-06, 2.82832388621e-07, 5.25848520283e-08, 5.61770452379e-09, 8.00662924849e-10],
        "mean": [4.04307393183e-05, 0.00018056940462, 0.000179782262421, 0.000332062627422, 0.000424017052865, 0.000575065903831, 0.000620514736511, 0.00125634577125, 0.000792171747889, 0.000442133314209, 0.000301992549794, 0.000249877979513, 0.000194671709323, 0.00014878611546, 0.00030099626747, 0.000244368042331, 0.00017970900808, 9.34284835239e-05, 7.37770751584e-05, 9.88161482383e-05, 3.13577475026e-05, 4.0858041757e-05, 2.22517173825e-05, 1.70982402778e-05, 2.42759288085e-05, 8.03004968475e-06, 4.09715994465e-06, 4.50461266155e-06, 4.65142784378e-06, 5.01227714267e-06, 2.33442824538e-06, 1.1208056776e-06, 7.13233134775e-07, 2.8410113373e-07, 1.20083399224e-07, 9.77040741645e-08, 2.04423873384e-08, 1.71978131736e-09, 1.92468332938e-10, 2.44477077471e-11],