{
"metadata": {
    "version": {
        "essentia": "2.0.1",
        "extractor": "archive-music 1.0 mod ismir14"
    },
    "audio_properties": {
        "analysis_sample_rate": 44100,
        "bitrate": 32,
        "channels": 2,
        "equal_loudness": 0,
        "length": 30.0408172607,
        "replay_gain": -13.6177768707,
        "downmix": "mix"
    },
    "tags": {
        "track": 0,
        "year": 0,
        "album": "",
        "artist": "",
        "comment": "",
        "genre": "",
        "title": ""
    }
},
"rhythm": {
    "bpm": 86.5640029907,
    "bpm_histogram_first_peak": 86,
    "bpm_histogram_first_peak_spread": 0.619047641754,
    "bpm_histogram_first_peak_weight": 0.380952388048,
    "bpm_histogram_second_peak": 0,
    "bpm_histogram_second_peak_spread": 0,
    "bpm_histogram_second_peak_weight": 0
},
"tonal": {
    "tuning_frequency": {
        "dmean": 0.153875499964,
        "dmean2": 0.305131047964,
        "dvar": 2.20428514481,
        "dvar2": 4.35021734238,
        "max": 456.306610107,
        "mean": 442.951629639,
        "median": 441.017791748,
        "min": 431.193908691,
        "var": 51.1983337402
    },
    "hpcp": {
        "dmean": [0.143358260393, 0.166308611631, 0.168018177152, 0.173329979181, 0.115298986435, 0.183233067393, 0.272596955299, 0.246854737401, 0.229649826884, 0.246890410781, 0.258902937174, 0.204509854317],
        "dmean2": [0.260700553656, 0.310950726271, 0.311163008213, 0.319504320621, 0.215537980199, 0.337813436985, 0.504971027374, 0.453486531973, 0.427876353264, 0.463116884232, 0.471504807472, 0.383743345737],
        "dvar": [0.0572641827166, 0.0848552882671, 0.0819124206901, 0.0809632614255, 0.0554992817342, 0.0740550756454, 0.105564132333, 0.099653288722, 0.100075051188, 0.10874338448, 0.0927007198334, 0.0938387364149],
        "dvar2": [0.152881607413, 0.227381691337, 0.225916668773, 0.217887252569, 0.155965134501, 0.201038569212, 0.295002639294, 0.261470943689, 0.269812881947, 0.298035621643, 0.258101671934, 0.26230430603],
        "max": [1, 1, 1, 1, 1, 1, 1, 1, 1, 1, 1, 1],
        "mean": [0.13491627574, 0.137986376882, 0.137953728437, 0.165183350444, 0.0830715671182, 0.200893759727, 0.272842943668, 0.243278771639, 0.190372794867, 0.187723472714, 0.317717939615, 0.152603924274],
        "median": [0.033287640661, 0.0126537531614, 0.0226545967162, 0.0241241659969, 0.0133585445583, 0.0465237982571, 0.0775162279606, 0.0622071325779, 0.0316231027246, 0.0347227267921, 0.141396030784, 0.0265255924314],
        "min": [0, 0, 0, 0, 0, 0, 0, 0, 0, 0, 0, 0],
        "var": [0.0583559572697, 0.0757139697671, 0.0714355930686, 0.087221480906, 0.03922662884, 0.0981956273317, 0.12654300034, 0.116804525256, 0.0955166369677, 0.0944088548422, 0.129336923361, 0.0766811221838]
    }
},
"lowlevel": {
    "melbands": {
        "dmean": [0.000203669071198, 0.000773943203967, 0.000915421696845, 0.000468374870252, 0.00027492310619, 0.000434490444604, 0.000531461613718, 0.000376233889256, 0.000419233751018, 0.000255946360994, 0.00012509568478, 7.68497193349e-05, 6.2196617364e-05, 4.28568819189e-05, 6.08472510066e-05, 3.86372557841e-05, 4.13278066844e-05, 3.4639135265e-05, 2.77999188256e-05, 2.45291139436e-05, 2.15676136577e-05, 2.07302728086e-05, 2.69234769803e-05, 2.74465455732e-05, 2.09921126952e-05, 1.63105924003e-05, 1.33682287924e-05, 8.25415736472e-06, 4.48128594144e-06, 3.48750427293e-06, 2.61188893091e-06, 1.62523292602e-06, 8.67335018029e-07, 6.81628989696e-07, 6.55687244944e-07, 5.63781838991e-07, 5.26457142769e-07, 4.17727676449e-07, 2.13860957388e-07, 1.15694092528e-07],
        "dmean2": [0.000348381145159, 0.00131981156301, 0.00157866207883, 0.000803282251582, 0.000466120080091, 0.000732006679755, 0.000943268125411, 0.0006005668547, 0.000699850206729, 0.000427347549703, 0.000190135513549, 0.000110837288958, 9.62652993621e-05, 6.69394939905e-05, 9.32164839469e-05, 6.12560252193e-05, 6.72432652209e-05, 5.67000170122e-05, 4.62545613118e-05, 4.11536821048e-05, 3.5141583794e-05, 3.38200843544e-05, 4.3599451601e-05, 4.45788064098e-05, 3.26815716107e-05, 2.63430247287e-05, 2.08728815778e-05, 1.33744642881e-05, 7.486659797e-06, 5.56866280021e-06, 4.2223600758e-06, 2.57233136836e-06, 1.39587905323e-06, 1.13371572752e-06, 1.05616879864e-06, 9.02292185856e-07, 8.41128837692e-07, 6.73576664667e-07, 3.45204256291e-07, 1.83901306627e-07],
        "dvar": [8.02555888413e-08, 1.11388328605e-06, 1.37067638661e-06, 4.84348618102e-07, 1.77632273335e-07, 3.09901167839e-07, 8.1565048049e-07, 8.3104555415e-07, 5.61181366265e-07, 2.48295663141e-07, 6.33765964153e-08, 4.56101254542e-08, 4.50805046626e-08, 1.52278314403e-08, 6.00601381961e-08, 9.4937586681e-09, 2.00788683458e-08, 9.01071572912e-09, 6.19349593833e-09, 7.57212248459e-09, 3.20926307751e-09, 3.12414627501e-09, 4.35904556895e-09, 4.95939023182e-09, 2.70840438965e-09, 1.24499099918e-09, 1.42168110617e-09, 6.60934085239e-10, 8.36235455881e-11, 5.81741148309e-11, 4.07353491216e-11, 1.10619907331e-11, 2.86239131356e-12, 1.26193489252e-12, 1.64174956182e-12, 9.56067473454e-13, 7.88467002192e-13, 1.04188879746e-12, 2.46714541158e-13, 4.56612185399e-14],
        "dvar2": [2.28367639465e-07, 2.93902257908e-06, 3.75044851353e-06, 1.38637165037e-06, 4.79687741972e-07, 8.30068529467e-07, 2.3065804271e-06, 1.99972441806e-06, 1.57635827236e-06, 6.91545153586e-07, 1.5063653791e-07, 7.98267691948e-08, 1.03530695128e-07, 3.57508014304e-08, 1.53514093881e-07, 2.24692602302e-08, 5.08647417519e-08, 2.31249988047e-08, 1.65566262922e-08, 2.03132763943e-08, 8.35093505458e-09, 8.42478975471e-09, 1.18884946332e-08, 1.27787602722e-08, 6.34268371158e-09, 3.08215164502e-09, 3.21477400256e-09, 1.64429403426e-09, 2.14369341722e-10, 1.19687634803e-10, 9.61498936025e-11, 2.34718772196e-11, 6.99900163867e-12, 3.35130729591e-12, 4.27848641932e-12, 2.48081611677e-12, 1.9902252589e-12, 2.80687235607e-12, 6.75070513812e-13, 1.20729340696e-13],
        "max": [0.0044789579697, 0.0130727943033, 0.0137459728867, 0.00994051247835, 0.00609875563532, 0.00698884529993, 0.00970346480608, 0.011394389905, 0.0169601943344, 0.0132517116144, 0.00474213110283, 0.00639727152884, 0.00666246889159, 0.0032284562476, 0.0090309176594, 0.00287930457853, 0.00439181737602, 0.00175670580938, 0.00115525419824, 0.00183433294296, 0.000817619205918, 0.00137095549144, 0.0013151250314, 0.00144367362373, 0.00107570842374, 0.00077327946201, 0.000801098940428, 0.000600542989559, 0.000159708913998, 0.000241659989115, 0.000192123945453, 0.000120636825159, 3.513712727e-05, 2.5530331186e-05, 2.54345613939e-05, 1.69694048964e-05, 1.56192018039e-05, 2.57557476289e-05, 8.28897464089e-06, 3.75936474484e-06],
        "mean": [0.000247033662163, 0.00103315652814, 0.00122157705482, 0.000693676585797, 0.000364838546375, 0.000634335854556, 0.000635780277662, 0.000491388957016, 0.00075237400597, 0.000432645145338, 0.000271357508609, 0.000151408763486, 0.000108232896309, 7.512227603e-05, 0.000113554284326, 6.98720905348e-05, 7.11560060154e-05, 5.88314178458e-05, 4.16221882915e-05, 3.71405039914e-05, 3.47739369317e-05, 3.56537420885e-05, 5.38795138709e-05, 6.11652285443e-05, 3.98064403271e-05, 3.31392220687e-05, 2.79407195194e-05, 1.58307520906e-05, 8.36539766169e-06, 6.91869945513e-06, 5.5131240515e-06, 3.52084293809e-06, 1.83034046586e-06, 1.4485825659e-06, 1.44756961618e-06, 1.1938100215e-06, 1.07671689875e-06, 7.82220411111e-07, 4.21026498998e-07, 2.22437108732e-07],