{
"metadata": {
    "version": {
        "essentia": "2.0.1",
        "extractor": "archive-music 1.0 mod ismir14"
    },
    "audio_properties": {
        "analysis_sample_rate": 44100,
        "bitrate": 32,
        "channels": 2,
        "equal_loudness": 0,
        "length": 30.0408172607,
        "replay_gain": -13.87408638,
        "downmix": "mix"
    },
    "tags": {
        "track": 0,
        "year": 0,
        "album": "",
        "artist": "",
        "comment": "",
        "genre": "",
        "title": ""
    }
},
"rhythm": {
    "bpm": 90.2968444824,
    "bpm_histogram_first_peak": 91,
    "bpm_histogram_first_peak_spread": 0.324999988079,
    "bpm_histogram_first_peak_weight": 0.62790697813,
    "bpm_histogram_second_peak": 85,
    "bpm_histogram_second_peak_spread": 0,
    "bpm_histogram_second_peak_weight": 0.0697674453259
},
"tonal": {
    "tuning_frequency": {
        "dmean": 0.0844840481877,
        "dmean2": 0.157485738397,
        "dvar": 1.29766738415,
        "dvar2": 2.51499319077,
        "max": 454.990661621,
        "mean": 451.165222168,
        "median": 454.727905273,
        "min": 431.193908691,
        "var": 50.06483078
    },
    "hpcp": {
        "dmean": [0.203051492572, 0.175080448389, 0.184822618961, 0.150672361255, 0.152372956276, 0.198191747069, 0.195164576173, 0.228850498796, 0.246182277799, 0.174121901393, 0.185423821211, 0.179658532143],
        "dmean2": [0.375863701105, 0.3292093575, 0.345141768456, 0.279001116753, 0.281248360872, 0.363890856504, 0.365721017122, 0.423281461, 0.453347355127, 0.330733567476, 0.345984965563, 0.337778329849],
        "dvar": [0.0910396426916, 0.0928772985935, 0.0964878797531, 0.0761519372463, 0.0728711336851, 0.0930110961199, 0.102115646005, 0.109041817486, 0.118156030774, 0.0968302860856, 0.0958385393023, 0.0934454426169],
        "dvar2": [0.253462463617, 0.255356729031, 0.277008503675, 0.220535725355, 0.19930498302, 0.25180926919, 0.273955196142, 0.289464354515, 0.294744610786, 0.277152448893, 0.276087641716, 0.268237918615],
        "max": [1, 1, 1, 1, 1, 1, 1, 1, 1, 1, 1, 1],
        "mean": [0.18596765399, 0.139466777444, 0.157014548779, 0.131510272622, 0.120726525784, 0.175221920013, 0.163436383009, 0.211710065603, 0.257474005222, 0.121460340917, 0.138017743826, 0.129914149642],
        "median": [0.0372187122703, 0.0147124966606, 0.0195871461183, 0.0159888844937, 0.0176469199359, 0.0243560131639, 0.0137652261183, 0.0331903770566, 0.0430299751461, 0.00972834415734, 0.0167166888714, 0.0172751005739],
        "min": [0, 0, 0, 0, 9.51989568421e-06, 0, 0, 0, 0, 0, 0, 0],
        "var": [0.092718757689, 0.0808304846287, 0.0872450992465, 0.0723258182406, 0.0595660097897, 0.09359510988, 0.0970139279962, 0.111780039966, 0.139255419374, 0.0727041214705, 0.0757354944944, 0.0720477327704]
    }
},
"lowlevel": {
    "melbands": {
        "dmean": [0.000766629818827, 0.00253353640437, 0.00122393469792, 0.000479272799566, 0.000338331912644, 0.000255653430941, 0.00028016010765, 0.000328723544953, 0.00046733795898, 0.000313882657792, 0.000142118733493, 0.000156188252731, 0.000139955489431, 9.91027627606e-05, 0.00013933115406, 0.000137740687933, 3.4435208363e-05, 2.51362835115e-05, 1.51649446707e-05, 1.89188940567e-05, 2.90118678095e-05, 2.20115343836e-05, 3.55749943992e-05, 2.70365526376e-05, 1.63039021572e-05, 1.75449113158e-05, 1.34988604259e-05, 9.02542433323e-06, 4.07849529438e-06, 3.47104924003e-06, 1.83235613349e-06, 9.09373341074e-07, 5.82356051382e-07, 4.71033303029e-07, 4.46491981165e-07, 4.77259789022e-07, 3.81076119993e-07, 5.20475396115e-07, 4.42062457751e-07, 3.76795554757e-07],
        "dmean2": [0.00126637064386, 0.00457651587203, 0.00214851880446, 0.000824599468615, 0.000583296292461, 0.000434436893556, 0.000469285878353, 0.000504661584273, 0.000677185540553, 0.000427183374995, 0.00021247069526, 0.000217840119149, 0.00018910264771, 0.000157387752552, 0.00020522842533, 0.000201022223337, 5.01362374052e-05, 3.73205584765e-05, 2.42469104705e-05, 3.03196120512e-05, 4.66124765808e-05, 3.59777986887e-05, 5.73663965042e-05, 4.08529740525e-05, 2.48362666753e-05, 2.78525403701e-05, 2.01391285373e-05, 1.36620692501e-05, 6.27076951787e-06, 5.27435486219e-06, 2.87378111352e-06, 1.45876651914e-06, 9.42020562889e-07, 7.4346371548e-07, 7.02702834587e-07, 7.52991468289e-07, 5.79231823394e-07, 8.3192492184e-07, 6.72316957662e-07, 6.01032354552e-07],
        "dvar": [6.61309854877e-07, 8.45485101308e-06, 1.96720952772e-06, 4.79913410345e-07, 4.52286258223e-07, 1.79038224246e-07, 2.30286786973e-07, 3.78351188601e-07, 8.5208961309e-07, 9.46539046254e-07, 2.88679501637e-07, 2.09553562058e-07, 1.39536666666e-07, 9.89268187368e-08, 1.36242562121e-07, 1.83279638577e-07, 1.15581011428e-08, 3.88065402035e-09, 6.89077628291e-10, 1.01008701403e-09, 3.78169495718e-09, 2.50632159471e-09, 6.00963945274e-09, 3.58654972388e-09, 9.8922603442e-10, 1.08009645672e-09, 7.50585815723e-10, 3.59777152514e-10, 7.04185112999e-11, 5.85994586189e-11, 1.37959062577e-11, 2.2251430299e-12, 7.78815000772e-13, 4.63129697353e-13, 4.92895221166e-13, 4.42952830448e-13, 3.5008123787e-13, 6.86010167943e-13, 5.54930179499e-13, 4.58183404412e-13],
        "dvar2": [1.8575226477e-06, 2.81540615106e-05, 5.68235964238e-06, 1.31108254209e-06, 1.27077339585e-06, 4.87887177769e-07, 5.94656455633e-07, 8.90905994311e-07, 1.64881646469e-06, 1.57823217251e-06, 4.64686621626e-07, 3.13674462404e-07, 2.16221053506e-07, 2.28084587661e-07, 2.37150729276e-07, 3.21708739648e-07, 1.73216108124e-08, 8.10159939135e-09, 1.6032035699e-09, 2.47803599862e-09, 9.50491951812e-09, 6.62007604291e-09, 1.5669749942e-08, 7.90931053984e-09, 2.1886481516e-09, 2.61080868036e-09, 1.50208356864e-09, 7.2940403717e-10, 1.42782355383e-10, 1.26208293816e-10, 3.18143913991e-11, 5.65947766082e-12, 1.93552856034e-12, 1.07754885743e-12, 1.11047651109e-12, 1.09183690734e-12, 8.01210660317e-13, 1.59624559664e-12, 1.21017215346e-12, 1.08364619361e-12],
        "max": [0.00848981179297, 0.0240580141544, 0.0140934893861, 0.0110956681892, 0.00939012505114, 0.00604527303949, 0.00977930985391, 0.00816854648292, 0.018131069839, 0.0190486311913, 0.0266499593854, 0.015690818429, 0.0148521065712, 0.00871311780065, 0.00836490001529, 0.0122747533023, 0.00501666916534, 0.00164198444691, 0.00049204408424, 0.000380412617233, 0.001124573173, 0.000821214867756, 0.00110252550803, 0.00100736203603, 0.000528065836988, 0.00050626922166, 0.000444412988145, 0.00038924330147, 0.000150417094119, 0.000152947992319, 6.40861180727e-05, 2.64031350525e-05, 1.37801325764e-05, 1.26326740428e-05, 1.31195383801e-05, 9.45866759139e-06, 1.28604015117e-05, 1.83183346962e-05, 1.60212894116e-05, 1.77979e-05],
        "mean": [0.00129868520889, 0.00346145802177, 0.00180850038305, 0.000679889228195, 0.000440684467321, 0.000383529986721, 0.000448295992101, 0.000604206637945, 0.000914039439522, 0.000613516836893, 0.000238070831983, 0.000271874829195, 0.000315822137054, 0.000146924445289, 0.000231248108321, 0.000250004668487, 6.15137687419e-05, 4.16910152126e-05, 2.5375504265e-05, 3.03810902551e-05, 4.48778810096e-05, 3.51246671926e-05, 5.69602088945e-05, 4.64954609924e-05, 2.92820805043e-05, 3.11219482683e-05, 2.51132369158e-05, 1.54899389599e-05, 7.54484472054e-06, 6.0490992837e-06, 3.24236452798e-06, 1.71234660229e-06, 1.11080703391e-06, 9.80881054602e-07, 9.43732004544e-07, 9.49398270222e-07, 7.91036768533e-07, 1.10021062483e-06, 1.01193450064e-06, 8.44657677135e-07],