{
"metadata": {
    "version": {
        "essentia": "2.0.1",
        "extractor": "archive-music 1.0 mod ismir14"
    },
    "audio_properties": {
        "analysis_sample_rate": 44100,
        "bitrate": 721,
        "channels": 2,
        "equal_loudness": 0,
        "length": 29.9995231628,
        "replay_gain": -10.2216567993,
        "downmix": "mix"
    },
    "tags": {
        "track": 0,
        "year": 0,
        "album": "",
        "artist": "",
        "comment": "",
        "genre": "",
        "title": ""
    }
},
"rhythm": {
    "bpm": 172.265563965,
    "bpm_histogram_first_peak": 172,
    "bpm_histogram_first_peak_spread": 0,
    "bpm_histogram_first_peak_weight": 0.517647087574,
    "bpm_histogram_second_peak": 178,
    "bpm_histogram_second_peak_spread": 0,
    "bpm_histogram_second_peak_weight": 0.29411765933
},
"tonal": {
    "tuning_frequency": {
        "dmean": 0.076924033463,
        "dmean2": 0.152927652001,
        "dvar": 1.60536873341,
        "dvar2": 3.19886684418,
        "max": 454.990661621,
        "mean": 435.814788818,
        "median": 433.191070557,
        "min": 431.692352295,
        "var": 55.4024353027
    },
    "hpcp": {
        "dmean": [0.12531773746, 0.117423683405, 0.168234989047, 0.135123372078, 0.0776629894972, 0.0796117708087, 0.0927747786045, 0.0904912427068, 0.103269323707, 0.0952711030841, 0.118251398206, 0.0832175463438],
        "dmean2": [0.232557862997, 0.219064965844, 0.312528640032, 0.249972358346, 0.148554265499, 0.149321675301, 0.172782257199, 0.171692326665, 0.195993617177, 0.172113746405, 0.214254692197, 0.155565470457],
        "dvar": [0.0743066743016, 0.0679491460323, 0.0887418687344, 0.0739279985428, 0.0472600311041, 0.0452526435256, 0.0602619722486, 0.0565384067595, 0.0660198330879, 0.0517827905715, 0.0583059415221, 0.0454749986529],
        "dvar2": [0.20982645452, 0.184682369232, 0.239077419043, 0.195503458381, 0.134239703417, 0.12408092618, 0.15946675837, 0.151625365019, 0.182703211904, 0.143860980868, 0.154663190246, 0.123966775835],
        "max": [1, 1, 1, 1, 1, 1, 1, 1, 1, 1, 1, 1],
        "mean": [0.116383217275, 0.136776283383, 0.152463182807, 0.29757475853, 0.0564354024827, 0.0892348513007, 0.125588029623, 0.116378434002, 0.0814001783729, 0.0929095074534, 0.244041383266, 0.0708092451096],
        "median": [0.0082120494917, 0.0072989477776, 0.0195650905371, 0.0168681163341, 0.000781378650572, 0.00610664580017, 0.000465843622806, 0.00208630296402, 0.00132659543306, 0.00206042756326, 0.0311676878482, 0.00264182104729],
        "min": [0, 0, 0, 0, 0, 1.02838384919e-07, 0, 0, 0, 0, 0, 0],
        "var": [0.0700140744448, 0.0849016979337, 0.0822621509433, 0.175690308213, 0.0365634560585, 0.0556366965175, 0.093479193747, 0.0837445482612, 0.0567170791328, 0.055798586458, 0.140030115843, 0.0399208068848]
    }
},
"lowlevel": {
    "melbands": {
        "dmean": [9.10762264539e-06, 0.000140320757055, 0.000358546472853, 0.00128368404694, 0.00144672195893, 0.000792048638687, 0.000269526819466, 0.000208065612242, 0.000110736822535, 7.4094372394e-05, 4.86405806441e-05, 3.68500222976e-05, 5.12395163241e-05, 2.54347105511e-05, 2.42417245317e-05, 1.91692633962e-05, 3.46144297509e-05, 2.06740205613e-05, 2.26359570661e-05, 6.63024047753e-06, 9.80882305157e-06, 8.73478711583e-06, 5.35764183951e-06, 6.24487302048e-06, 1.35807576953e-05, 1.27502671603e-05, 4.78355832456e-06, 2.74749982054e-06, 7.49895775698e-07, 5.2139807849e-07, 2.16014797161e-07, 3.49941196021e-08, 5.85395731889e-09, 1.32868238634e-09, 5.46014011782e-10, 2.40824415965e-10, 1.11332609798e-10, 6.04525110526e-11, 5.20258905401e-11, 4.51546786073e-11],
        "dmean2": [1.45022104334e-05, 0.000223522380111, 0.00061418133555, 0.00199601543136, 0.00222381739877, 0.00122438278049, 0.000381979189115, 0.00030818983214, 0.000144241683302, 8.97238496691e-05, 5.77723512833e-05, 4.5434841013e-05, 5.63820140087e-05, 2.96557682304e-05, 3.11015028274e-05, 2.66434872174e-05, 4.49753242719e-05, 2.90264088108e-05, 3.25410837831e-05, 9.52721620706e-06, 1.52310030899e-05, 1.25218930407e-05, 7.07483013684e-06, 8.62155593495e-06, 1.84287782758e-05, 1.60637573572e-05, 6.7384016802e-06, 4.10767233916e-06, 1.08104825358e-06, 7.21846504348e-07, 3.23043110484e-07, 5.12354638715e-08, 9.07886033019e-09, 1.87130089202e-09, 7.81232800673e-10, 3.55629026227e-10, 1.61148192013e-10, 8.81287959276e-11, 7.42550534949e-11, 6.47681214216e-11],
        "dvar": [2.90932444802e-10, 4.71109977696e-08, 5.69451799493e-07, 7.11216398486e-06, 8.03306920716e-06, 2.30537079915e-06, 3.16788629107e-07, 2.56671938814e-07, 1.72270119947e-07, 1.29832272933e-07, 4.40153371528e-08, 2.80802439079e-08, 4.72733212575e-08, 1.03629647086e-08, 1.87710984534e-08, 3.04239988758e-09, 1.21476464443e-08, 2.70699263005e-09, 3.10778003332e-09, 2.22984519738e-10, 9.66927093948e-10, 6.30941965341e-10, 2.87638884933e-10, 2.7098875921e-10, 1.99343763718e-09, 1.54250334727e-09, 2.41470843321e-10, 1.10163954348e-10, 7.99860178091e-12, 1.24876116392e-11, 2.61895626713e-12, 3.64634199028e-14, 3.30451587284e-15, 3.68867860017e-17, 4.76209905239e-18, 1.27916874626e-18, 7.53261581666e-19, 6.95586206661e-19, 8.09178680882e-19, 6.05319346834e-19],
        "dvar2": [7.59024287866e-10, 1.15839803527e-07, 1.79226958608e-06, 1.79722792382e-05, 2.02654664463e-05, 5.91534535488e-06, 5.89170213061e-07, 4.78937067783e-07, 2.82828182208e-07, 2.34341300143e-07, 7.17793326999e-08, 4.85697704278e-08, 5.65549633791e-08, 1.57706470105e-08, 3.39502790325e-08, 5.72585578951e-09, 2.1117525506e-08, 5.56726398315e-09, 6.38092112482e-09, 4.47671122394e-10, 2.41779574139e-09, 1.41254430375e-09, 4.61055110756e-10, 4.951062893e-10, 3.53025875199e-09, 2.75029266028e-09, 5.26804988521e-10, 2.76755951489e-10, 1.6102650463e-11, 2.51239636734e-11, 6.38075356441e-12, 7.98239038345e-14, 9.2214791372e-15, 6.15351899951e-17, 8.76899957632e-18, 1.68419535505e-18, 7.9982471572e-19, 7.04942911858e-19, 8.15835778753e-19, 6.10554831425e-19],
        "max": [0.000414340029238, 0.00770789850503, 0.0135519579053, 0.10080601275, 0.0770796239376, 0.0245009697974, 0.0112162772566, 0.0110924420878, 0.0125419776887, 0.0103613035753, 0.00832817330956, 0.00461378553882, 0.0067907650955, 0.00350567442365, 0.00480617908761, 0.00175781256985, 0.0050702393055, 0.00103572907392, 0.00197439524345, 0.000395593437133, 0.000480849499581, 0.000492654857226, 0.000379874370992, 0.00040518125752, 0.00169810536318, 0.00146285281517, 0.000416933908127, 0.000216392596485, 9.19285521377e-05, 0.00016411577235, 8.03463990451e-05, 5.99843770033e-06, 2.82047381006e-06, 2.25603486115e-07, 7.98075916464e-08, 3.3580374037e-08, 3.26164375508e-08, 3.17161052976e-08, 3.39100232338e-08, 2.93148563202e-08],
        "mean": [1.2464421161e-05, 0.000246434414294, 0.000572959601413, 0.00309358001687, 0.00345579371788, 0.00168923451565, 0.000673175265547, 0.000534576072823, 0.000282914959826, 0.000169457227457, 0.000154989771545, 8.96133497008e-05, 0.000145029567648, 6.19072525296e-05, 4.75049528177e-05, 4.07544430345e-05, 7.76988163125e-05, 4.01729666919e-05, 5.17466360179e-05, 1.51976655616e-05, 1.76088469743e-05, 1.55596662808e-05, 1.00803299574e-05, 1.34598658406e-05, 2.91174164886e-05, 3.1251944165e-05, 8.88172417035e-06, 4.29620604336e-06, 1.48409571921e-06, 8.93715707662e-07, 3.62400299991e-07, 6.00436109721e-08, 9.81365744224e-09, 2.73794698025e-09, 1.11536102576e-09, 4.78773021229e-10, 1.98181485112e-10, 7.96252161428e-11, 5.19059725756e-11, 4.07582405326e-11],