{
"metadata": {
    "version": {
        "essentia": "2.0.1",
        "extractor": "archive-music 1.0 mod ismir14"
    },
    "audio_properties": {
        "analysis_sample_rate": 44100,
        "bitrate": 721,
        "channels": 2,
        "equal_loudness": 0,
        "length": 29.9995231628,
        "replay_gain": -14.8590297699,
        "downmix": "mix"
    },
    "tags": {
        "track": 0,
        "year": 0,
        "album": "",
        "artist": "",
        "comment": "",
        "genre": "",
        "title": ""
    }
},
"rhythm": {
    "bpm": 109.404251099,
    "bpm_histogram_first_peak": 110,
    "bpm_histogram_first_peak_spread": 0.433962285519,
    "bpm_histogram_first_peak_weight": 0.566037714481,
    "bpm_histogram_second_peak": 0,
    "bpm_histogram_second_peak_spread": 0,
    "bpm_histogram_second_peak_weight": 0
},
"tonal": {
    "tuning_frequency": {
        "dmean": 0.0514882318676,
        "dmean2": 0.0962285846472,
        "dvar": 0.909939110279,
        "dvar2": 1.69757509232,
        "max": 456.04309082,
        "mean": 434.769500732,
        "median": 434.193115234,
        "min": 431.193908691,
        "var": 9.44995594025
    },
    "hpcp": {
        "dmean": [0.157514810562, 0.184423848987, 0.266359329224, 0.28116825223, 0.218920186162, 0.156372785568, 0.116658121347, 0.137131154537, 0.203157484531, 0.112027198076, 0.116853319108, 0.115677244961],
        "dmean2": [0.2984598279, 0.354040086269, 0.512402236462, 0.536144852638, 0.421944230795, 0.291465520859, 0.219162881374, 0.255875498056, 0.378131628036, 0.213507950306, 0.22151196003, 0.223081365228],
        "dvar": [0.0915008410811, 0.113404899836, 0.15489923954, 0.14981777966, 0.130065992475, 0.0855000764132, 0.0709222406149, 0.0800509005785, 0.096403747797, 0.0702819302678, 0.0690241754055, 0.0712135061622],
        "dvar2": [0.249421045184, 0.311199843884, 0.417994230986, 0.397084414959, 0.339523911476, 0.230633467436, 0.194784611464, 0.220994949341, 0.253571033478, 0.203907698393, 0.198658674955, 0.199322134256],
        "max": [1, 1, 1, 1, 1, 1, 1, 1, 1, 1, 1, 1],
        "mean": [0.121277600527, 0.121465615928, 0.184041053057, 0.245695471764, 0.147905379534, 0.128530412912, 0.0883452743292, 0.121244437993, 0.222743943334, 0.0735906586051, 0.0900063514709, 0.0765412002802],
        "median": [0.00761839188635, 0.00305450614542, 0.00543855829164, 0.0197022613138, 0.00316425575875, 0.00885435286909, 0.00214538234286, 0.00476199854165, 0.0247469507158, 0.00163671234623, 0.00435148179531, 0.00268812663853],
        "min": [0, 0, 0, 0, 0, 0, 0, 0, 0, 0, 0, 0],
        "var": [0.0739377364516, 0.0809594765306, 0.123658798635, 0.146813616157, 0.100472830236, 0.0751028880477, 0.0571393594146, 0.0773377269506, 0.122787341475, 0.0478620566428, 0.0540615692735, 0.0484264194965]
    }
},
"lowlevel": {
    "melbands": {
        "dmean": [0.001756277401, 0.00510923285037, 0.00505318306386, 0.00215227436274, 0.000930667098146, 0.000563137116842, 0.000336180557497, 0.000327924295561, 0.000407387124142, 0.000327998830471, 7.13074114174e-05, 8.73724347912e-05, 5.32732155989e-05, 4.84433330712e-05, 5.59507061553e-05, 5.69188887312e-05, 6.26110268058e-05, 4.81979659526e-05, 2.59540775005e-05, 5.24006027263e-05, 2.45795181399e-05, 1.70440216607e-05, 1.87298901437e-05, 1.15290013127e-05, 6.67915946906e-06, 4.35216497863e-06, 2.51364326687e-06, 1.74880483428e-06, 1.91833373719e-06, 1.32937907438e-06, 1.15039870252e-06, 9.53336950715e-07, 9.11639745027e-07, 6.32056355698e-07, 5.07044774167e-07, 3.46393846939e-07, 1.7621130155e-07, 6.59336265585e-08, 1.44702250182e-08, 1.79592241079e-09],
        "dmean2": [0.00285341637209, 0.00857551209629, 0.00845801085234, 0.00359121779911, 0.00155079050455, 0.000974053633399, 0.000565787253436, 0.000498371315189, 0.000592935539316, 0.000469019432785, 0.000105072627775, 0.000128250292619, 8.10635247035e-05, 7.02672623447e-05, 8.04792434792e-05, 8.42327644932e-05, 9.91560445982e-05, 7.45340439607e-05, 3.83464175684e-05, 8.19657579996e-05, 3.91232970287e-05, 2.67767354671e-05, 2.97163733194e-05, 1.82621006388e-05, 1.10043902168e-05, 6.95865264788e-06, 4.10858456235e-06, 2.8403790111e-06, 3.21862694364e-06, 2.12959548662e-06, 1.90628350083e-06, 1.53790881541e-06, 1.42795363445e-06, 9.90421085589e-07, 8.21147693841e-07, 5.61471210858e-07, 2.68093913292e-07, 9.05249635252e-08, 2.19148095226e-08, 2.56746957028e-09],
        "dvar": [1.84103610081e-05, 3.79028497264e-05, 2.60026827164e-05, 8.74395664141e-06, 1.70295936641e-06, 9.1021706794e-07, 2.93249740935e-07, 3.67823361103e-07, 6.79702850448e-07, 6.89915793828e-07, 2.2386320353e-08, 6.83781706812e-08, 2.02094465607e-08, 2.4080403449e-08, 2.5291059913e-08, 2.61215671316e-08, 3.77080553449e-08, 1.6465447672e-08, 4.27329371888e-09, 5.10999917935e-08, 3.33744964998e-09, 1.30730126724e-09, 2.46847098317e-09, 7.93390353415e-10, 2.18266169028e-10, 1.23490079273e-10, 4.71567750127e-11, 2.0026197714e-11, 2.04214804789e-11, 1.14054980738e-11, 9.53826601036e-12, 6.2397140406e-12, 5.83700839399e-12, 3.38958613781e-12, 2.8022074678e-12, 2.08781126068e-12, 6.74434195557e-13, 1.51234791834e-13, 3.43506567287e-15, 2.91938852057e-16],
        "dvar2": [3.97229014197e-05, 0.000112115601951, 7.58757450967e-05, 2.35752359004e-05, 4.5883821258e-06, 2.58248905993e-06, 7.79023764608e-07, 7.82844153946e-07, 1.29633576762e-06, 1.41137650189e-06, 4.30270681306e-08, 1.40909349966e-07, 3.81549263295e-08, 5.14891276282e-08, 4.34588933729e-08, 6.17013569126e-08, 1.02008257841e-07, 3.81022466911e-08, 8.77082761974e-09, 1.27725940047e-07, 8.04182143099e-09, 3.06949532458e-09, 6.58624443872e-09, 2.11360196012e-09, 5.88941895252e-10, 3.03943897828e-10, 1.2621523271e-10, 5.13562248283e-11, 5.29298931073e-11, 2.929207224e-11, 2.57412771654e-11, 1.51036422952e-11, 1.39326189474e-11, 7.71926793319e-12, 6.31411936625e-12, 4.50054490203e-12, 1.02023576219e-12, 2.76209068638e-13, 7.12312865213e-15, 4.0404673312e-16],
        "max": [0.0670617669821, 0.0601846501231, 0.0476101711392, 0.0359235145152, 0.0125185474753, 0.0144760422409, 0.00903785228729, 0.0123742911965, 0.0196476858109, 0.0199419315904, 0.00600957963616, 0.00953269004822, 0.00486720725894, 0.00432480126619, 0.00419087894261, 0.00322123570368, 0.00351657206193, 0.00267540360801, 0.00111880060285, 0.00566614512354, 0.00116771587636, 0.000771342602093, 0.0010972272139, 0.00052053964464, 0.00025686583831, 0.000216564920265, 0.000183644238859, 6.95306516718e-05, 6.06289140705e-05, 5.46752635273e-05, 5.48143070773e-05, 4.01432880608e-05, 5.44331196579e-05, 4.8480964324e-05, 5.71977798245e-05, 5.78583858442e-05, 4.80429152958e-05, 2.0708235752e-05, 2.61883610619e-06, 6.91742968684e-07],
        "mean": [0.002321225591, 0.00913760252297, 0.00805970653892, 0.00311564002186, 0.00133682868909, 0.00101623218507, 0.000611728988588, 0.000701686600223, 0.000918926787563, 0.000721538206562, 0.000167476609931, 0.000155362169608, 0.000108626074507, 0.00010330263467, 0.000102596692159, 0.000106942563434, 0.000100183591712, 9.46151194512e-05, 5.40027649549e-05, 0.000103713427961, 4.58894428448e-05, 3.12692427542e-05, 4.17987866967e-05, 2.47963944275e-05, 1.21154798762e-05, 7.66004723118e-06, 4.33044897363e-06, 2.99311068375e-06, 3.29760382556e-06, 2.29944316743e-06, 1.86612419384e-06, 1.82954306638e-06, 1.68001190559e-06, 1.23371000882e-06, 9.68283529801e-07, 6.54617167584e-07, 3.56740031293e-07, 1.24591352346e-07, 2.76266920451e-08, 2.71034461541e-09],