{
"metadata": {
    "version": {
        "essentia": "2.0.1",
        "extractor": "archive-music 1.0 mod ismir14"
    },
    "audio_properties": {
        "analysis_sample_rate": 44100,
        "bitrate": 721,
        "channels": 2,
        "equal_loudness": 0,
        "length": 29.9995231628,
        "replay_gain": -13.8808917999,
        "downmix": "mix"
    },
    "tags": {
        "track": 0,
        "year": 0,
        "album": "",
        "artist": "",
        "comment": "",
        "genre": "",
        "title": ""
    }
},
"rhythm": {
    "bpm": 90.231262207,
    "bpm_histogram_first_peak": 91,
    "bpm_histogram_first_peak_spread": 0.357142865658,
    "bpm_histogram_first_peak_weight": 0.62790697813,
    "bpm_histogram_second_peak": 85,
    "bpm_histogram_second_peak_spread": 0,
    "bpm_histogram_second_peak_weight": 0.0232558138669
},
"tonal": {
    "tuning_frequency": {
        "dmean": 0.0570939257741,
        "dmean2": 0.113741368055,
        "dvar": 0.705561757088,
        "dvar2": 1.55116021633,
        "max": 454.727905273,
        "mean": 440.104217529,
        "median": 441.527557373,
        "min": 431.193908691,
        "var": 50.0570526123
    },
    "hpcp": {
        "dmean": [0.199456304312, 0.157596588135, 0.171821579337, 0.131502240896, 0.166430696845, 0.181161135435, 0.19117449224, 0.229372173548, 0.229494154453, 0.169681236148, 0.166751384735, 0.198110148311],
        "dmean2": [0.369181543589, 0.300553619862, 0.319313287735, 0.247926428914, 0.306502491236, 0.333863586187, 0.362349510193, 0.417309165001, 0.422880113125, 0.319462895393, 0.313282191753, 0.370901197195],
        "dvar": [0.0887886509299, 0.0901781842113, 0.0827277526259, 0.0687015801668, 0.0776321217418, 0.0884256586432, 0.1058639884, 0.101026266813, 0.108863189816, 0.0942990481853, 0.0863443911076, 0.0956823676825],
        "dvar2": [0.240685254335, 0.256205677986, 0.24187913537, 0.19361717999, 0.214980348945, 0.240645214915, 0.278960734606, 0.267095386982, 0.284743309021, 0.27217784524, 0.253211259842, 0.276656240225],
        "max": [1, 1, 1, 1, 1, 1, 1, 1, 1, 1, 1, 1],
        "mean": [0.200434759259, 0.116501413286, 0.161144047976, 0.123056970537, 0.15653026104, 0.195774435997, 0.140186920762, 0.252826780081, 0.205287724733, 0.122529514134, 0.123816505075, 0.143334373832],
        "median": [0.0371760576963, 0.00899245869368, 0.0278425551951, 0.0106849260628, 0.0218104198575, 0.0262560397387, 0.0063875252381, 0.0615834705532, 0.0290581490844, 0.0119317574427, 0.0135788563639, 0.0220448058099],
        "min": [0, 0, 0, 0, 3.02186344925e-05, 2.22647668124e-05, 0, 0, 0, 0, 0, 0],
        "var": [0.102775432169, 0.0724922642112, 0.0817548707128, 0.0725397616625, 0.0799935162067, 0.109925664961, 0.0878056138754, 0.126630842686, 0.111616700888, 0.0699406713247, 0.0685933083296, 0.0739009454846]
    }
},
"lowlevel": {
    "melbands": {
        "dmean": [0.000754182110541, 0.00249240268022, 0.00117874215357, 0.000477704277728, 0.000339154386893, 0.000252560392255, 0.000273562996881, 0.000313661934342, 0.000441885436885, 0.000305325171212, 0.000136505797855, 0.000152427630383, 0.000138350034831, 9.92447749013e-05, 0.000134146510391, 0.000135526919621, 3.2781943446e-05, 2.53265443462e-05, 1.44869636642e-05, 1.77593919943e-05, 2.73451623798e-05, 2.09598529182e-05, 3.36316988978e-05, 2.62604498857e-05, 1.50375526573e-05, 1.74791475729e-05, 1.33658641062e-05, 8.27515941637e-06, 3.82891767003e-06, 3.2140537769e-06, 1.69940039996e-06, 8.20173170268e-07, 4.98017413975e-07, 3.98143100711e-07, 3.6755662336e-07, 3.1881378959e-07, 1.56191646283e-07, 1.0955140084e-07, 3.0668505957e-08, 2.98875546534e-09],
        "dmean2": [0.00123924866784, 0.00452281720936, 0.00206554937176, 0.000821778841782, 0.000592949683778, 0.000428792904131, 0.000455332221463, 0.000488835736178, 0.000630597176496, 0.000407763989642, 0.000194792548427, 0.000213953171624, 0.000192219522432, 0.000154591631144, 0.000199537607841, 0.000192231687834, 4.86941389681e-05, 3.79511220672e-05, 2.29427932936e-05, 2.78630432149e-05, 4.30666368629e-05, 3.39999169228e-05, 5.372690066e-05, 3.92761467083e-05, 2.24657269428e-05, 2.80207023025e-05, 1.96326454898e-05, 1.21922121252e-05, 5.88226976106e-06, 4.87689339934e-06, 2.59153080151e-06, 1.29622890199e-06, 8.08783283901e-07, 6.37101550183e-07, 5.96231075178e-07, 5.09988240083e-07, 2.45896842443e-07, 1.7704128652e-07, 4.80373039125e-08, 4.68387462149e-09],
        "dvar": [6.17187481566e-07, 8.07926608104e-06, 1.89979618881e-06, 5.23183189216e-07, 5.25371831372e-07, 1.81273492217e-07, 2.2007462519e-07, 3.54132907887e-07, 7.7449908531e-07, 9.74510385277e-07, 2.65227640739e-07, 2.02087463208e-07, 1.30619142169e-07, 9.29909944603e-08, 1.32680867182e-07, 1.64584022855e-07, 1.03778399207e-08, 5.01196595337e-09, 6.24571838692e-10, 8.09077971287e-10, 2.82425349774e-09, 2.20323093103e-09, 4.98131713655e-09, 3.38641403808e-09, 8.32032442943e-10, 1.09394482362e-09, 7.79506847959e-10, 3.42690875677e-10, 6.55658097259e-11, 5.33735104724e-11, 1.15685143756e-11, 1.79332232658e-12, 5.83175435026e-13, 3.45770043457e-13, 3.90347069988e-13, 2.03044734346e-13, 6.26165989176e-14, 2.61588219483e-14, 2.60693130121e-15, 5.12300845884e-17],
        "dvar2": [1.74737726866e-06, 2.69288993877e-05, 5.57785460842e-06, 1.50642574681e-06, 1.50462676629e-06, 4.90453999191e-07, 5.75075375764e-07, 8.23391928861e-07, 1.44622163134e-06, 1.6580022475e-06, 4.19846571731e-07, 2.91699819854e-07, 1.99014721147e-07, 2.13538712046e-07, 2.36527611719e-07, 2.80433937405e-07, 1.52830299527e-08, 1.11903011302e-08, 1.41512390694e-09, 1.91215354661e-09, 6.61962973325e-09, 5.74844394308e-09, 1.22522409995e-08, 7.76597985919e-09, 1.81343784433e-09, 2.63696264824e-09, 1.53532953018e-09, 6.52318810079e-10, 1.31167299244e-10, 1.05600812816e-10, 2.5115810473e-11, 4.50068498095e-12, 1.48401289087e-12, 8.38797239132e-13, 9.23269815635e-13, 5.01308575814e-13, 1.48241648449e-13, 6.52289637235e-14, 5.57033641828e-15, 7.98671468782e-17],
        "max": [0.00866710860282, 0.0214397013187, 0.0142604615539, 0.011242447421, 0.00767316576093, 0.00608217529953, 0.009407103993, 0.00982679054141, 0.0178313869983, 0.019562298432, 0.0252342987806, 0.0163189806044, 0.0131392246112, 0.00663156993687, 0.00882149767131, 0.0122459027916, 0.00479833269492, 0.00173298432492, 0.000446803431259, 0.000280846725218, 0.000877500220668, 0.000681688194163, 0.00101017626002, 0.00116705836263, 0.000477013294585, 0.00044731394155, 0.000506971904542, 0.000519961176906, 0.000163605000125, 0.000162655822351, 5.96854551986e-05, 2.20441688725e-05, 1.0421749721e-05, 9.80243567028e-06, 1.14562171802e-05, 6.28437965133e-06, 5.16747786605e-06, 2.55797908721e-06, 9.74241061158e-07, 2.5039872753e-07],
        "mean": [0.00128344295081, 0.00342341931537, 0.00177729525603, 0.000666646810714, 0.000437637965661, 0.00037893676199, 0.000442672084318, 0.000594908953644, 0.000892617565114, 0.000603702384979, 0.00023293850245, 0.000268831441645, 0.00031412136741, 0.000145492871525, 0.000228128701565, 0.000246405776124, 6.13986776443e-05, 4.24888894486e-05, 2.57950632658e-05, 3.05017347273e-05, 4.47298662039e-05, 3.42633466062e-05, 5.66752678424e-05, 4.55598310509e-05, 2.82293713099e-05, 3.12146803481e-05, 2.5084355002e-05, 1.51105177792e-05, 7.39242477721e-06, 5.77625678488e-06, 3.11109829454e-06, 1.5892776446e-06, 9.66706352301e-07, 8.35626281059e-07, 7.48167849451e-07, 6.44645922421e-07, 3.46939401652e-07, 2.33142841921e-07, 6.82327296886e-08, 5.71506442171e-09],