{
"metadata": {
    "version": {
        "essentia": "2.0.1",
        "extractor": "archive-music 1.0 mod ismir14"
    },
    "audio_properties": {
        "analysis_sample_rate": 44100,
        "bitrate": 128,
        "channels": 2,
        "equal_loudness": 0,
        "length": 30.0669155121,
        "replay_gain": -8.88451004028,
        "downmix": "mix"
    },
    "tags": {
        "track": 7,
        "year": 0,
        "album": "The Cool Jazz Collection",
        "artist": "Astrud Gilberto",
        "comment": "",
        "genre": "Jazz",
        "title": "Girl From Ipanema"
    }
},
"rhythm": {
    "bpm": 130.002792358,
    "bpm_histogram_first_peak": 129,
    "bpm_histogram_first_peak_spread": 0.490909099579,
    "bpm_histogram_first_peak_weight": 0.444444447756,
    "bpm_histogram_second_peak": 136,
    "bpm_histogram_second_peak_spread": 0.199999988079,
    "bpm_histogram_second_peak_weight": 0.0634920671582
},
"tonal": {
    "tuning_frequency": {
        "dmean": 0.255293667316,
        "dmean2": 0.417549282312,
        "dvar": 3.65482282639,
        "dvar2": 9.33737564087,
        "max": 454.727905273,
        "mean": 437.051513672,
        "median": 436.456176758,
        "min": 436.456176758,
        "var": 3.51141476631
    },
    "hpcp": {
        "dmean": [0.0587853044271, 0.236946702003, 0.0796437934041, 0.257388114929, 0.151118129492, 0.0710026472807, 0.215424954891, 0.0464124232531, 0.197331398726, 0.122941255569, 0.175799906254, 0.187808662653],
        "dmean2": [0.112823046744, 0.411423206329, 0.143948569894, 0.476453125477, 0.268754661083, 0.130589649081, 0.363132745028, 0.0864445194602, 0.359256863594, 0.230196982622, 0.320473223925, 0.330715835094],
        "dvar": [0.0229840762913, 0.0954586416483, 0.03359785676, 0.113972567022, 0.0601983889937, 0.0252246242017, 0.0824145972729, 0.0136741735041, 0.0746943503618, 0.055376496166, 0.0784738883376, 0.0772280618548],
        "dvar2": [0.0645300745964, 0.208118766546, 0.0911638215184, 0.2442124933, 0.125010639429, 0.0607129558921, 0.182330563664, 0.0272615849972, 0.191959545016, 0.158164665103, 0.216365322471, 0.179224997759],
        "max": [1, 1, 1, 1, 1, 1, 1, 1, 1, 1, 1, 1],
        "mean": [0.041795372963, 0.313383251429, 0.0493382774293, 0.326137363911, 0.152934208512, 0.0748917832971, 0.277330726385, 0.0567496791482, 0.203673258424, 0.085719153285, 0.134131014347, 0.176085844636],
        "median": [0.00511890184134, 0.103465661407, 0.00649286760017, 0.0755672976375, 0.0307094082236, 0.00950219295919, 0.0854078605771, 0.00759186688811, 0.0380123704672, 0.0100310733542, 0.0253644045442, 0.0254209730774],
        "min": [6.02218751737e-05, 9.84400394373e-05, 3.40105907526e-05, 0.00023637751292, 3.68249020539e-05, 0.000168244994711, 2.88987812382e-05, 3.62747305189e-05, 7.33582783141e-06, 0.000110641805804, 4.75462002214e-05, 0.000460503651993],
        "var": [0.0165665205568, 0.145461216569, 0.0197091959417, 0.167932882905, 0.0708969533443, 0.0382229872048, 0.131382003427, 0.0304035525769, 0.100998215377, 0.0417090393603, 0.0682397186756, 0.0895160064101]
    }
},
"lowlevel": {
    "melbands": {
        "dmean": [0.000129582855152, 0.000320674764225, 0.000323166983435, 0.000158045717399, 0.000106038649392, 3.40517617587e-05, 1.92811949091e-05, 2.58320105786e-05, 1.0097057384e-05, 7.85555039329e-06, 7.58366695663e-06, 8.16025112726e-06, 1.40106453728e-06, 1.04167304471e-06, 1.67629059433e-06, 1.16183787213e-06, 9.13303608741e-07, 2.83263261736e-07, 3.39950759098e-07, 2.78364638007e-07, 1.14442187282e-07, 1.79130353217e-07, 2.21620936713e-07, 1.91191105614e-07, 7.10345986477e-08, 5.49810259542e-08, 7.97713113343e-08, 1.276330579e-07, 1.06845980952e-07, 1.39210484917e-07, 2.68802324399e-07, 4.79835250644e-07, 4.46678313892e-07, 2.48875323905e-07, 1.27834539398e-07, 7.288931414e-08, 4.09450180427e-08, 1.46747893837e-08, 4.13261203036e-09, 3.07934483468e-10],
        "dmean2": [0.000212151397136, 0.000511483987793, 0.000515730353072, 0.000249262579018, 0.000168228871189, 5.68849754927e-05, 3.45816770277e-05, 4.83600488224e-05, 1.839784818e-05, 1.46602842506e-05, 1.3934436538e-05, 1.44366622408e-05, 2.54675728684e-06, 1.94165886569e-06, 3.1042734463e-06, 2.19408002522e-06, 1.75973957539e-06, 5.23293579135e-07, 6.39005406811e-07, 5.0859756584e-07, 1.99055293137e-07, 3.33839523137e-07, 4.00162065262e-07, 3.55478420033e-07, 1.20817588822e-07, 9.57802797075e-08, 1.48240886233e-07, 2.42938227757e-07, 1.94477053128e-07, 2.65336041139e-07, 5.21217884852e-07, 9.23338745906e-07, 8.40576717565e-07, 4.73238912946e-07, 2.39666064772e-07, 1.38251721182e-07, 7.73392230258e-08, 2.79260596869e-08, 7.84027243128e-09, 5.80858694477e-10],
        "dvar": [6.77737546084e-08, 1.08515862962e-07, 1.24722305372e-07, 7.12075305387e-08, 1.72234795315e-08, 2.36666775066e-09, 1.9445693944e-09, 2.50174148064e-09, 4.62835963999e-10, 4.38019065463e-10, 2.13796647053e-10, 1.33034616656e-09, 8.40883699477e-12, 3.48757177651e-12, 2.47680730092e-11, 9.34961830179e-12, 1.00673150372e-11, 3.11180822863e-13, 1.08750020707e-12, 7.11332034942e-13, 4.04279237312e-14, 1.01986649648e-13, 1.52491341494e-13, 1.56377501551e-13, 1.75833468879e-14, 1.08460087089e-14, 3.76915668544e-14, 1.6595253817e-13, 5.400057639e-14, 1.38180713074e-13, 5.54317659482e-13, 1.84456985276e-12, 1.42287928401e-12, 4.65724193151e-13, 8.64931837632e-14, 2.25342985103e-14, 6.42339515792e-15, 1.14074183347e-15, 1.25511727468e-16, 9.3866129467e-19],
        "dvar2": [1.53037845507e-07, 2.52887872421e-07, 2.62851727939e-07, 1.63867298397e-07, 3.4702466678e-08, 4.87110973779e-09, 5.63812019294e-09, 7.72844366281e-09, 1.41687950261e-09, 1.40606370991e-09, 6.31537655504e-10, 3.66845043231e-09, 2.36071266702e-11, 9.98059274115e-12, 6.95528981631e-11, 2.74728590571e-11, 2.94624880048e-11, 8.75521280908e-13, 3.12343553799e-12, 1.94543079562e-12, 1.11833536409e-13, 2.81653498267e-13, 4.29882881679e-13, 4.33813792181e-13, 4.77823008482e-14, 2.9220651235e-14, 1.07062497973e-13, 4.85089832886e-13, 1.5410256079e-13, 4.07951667239e-13, 1.60268846805e-12, 5.28688507903e-12, 3.99570784446e-12, 1.10205182653e-12, 2.36340271355e-13, 6.29903437353e-14, 1.8029575703e-14, 3.23841130405e-15, 3.48467448676e-16, 2.58129237491e-18],
        "max": [0.00181773630902, 0.0021794307977, 0.00276516890153, 0.00324531132355, 0.000934243144002, 0.000303512177197, 0.000299937586533, 0.000328474998241, 0.000136596310767, 0.000177078356501, 6.59379875287e-05, 0.000355258467607, 1.85821008927e-05, 1.11639756142e-05, 4.4427550165e-05, 2.08704987017e-05, 2.62604335148e-05, 3.71804981114e-06, 8.06671232567e-06, 5.45486818737e-06, 1.01142654785e-06, 2.2462418201e-06, 2.69706379186e-06, 2.38565712607e-06, 1.01967225419e-06, 8.47180501751e-07, 1.29784996261e-06, 3.20607659887e-06, 1.35077300456e-06, 2.53982489085e-06, 4.74615717394e-06, 7.61511910241e-06, 6.1689870563e-06, 4.98544659422e-06, 1.55798386459e-06, 7.29942428279e-07, 3.7902569261e-07, 2.29722616041e-07, 8.00566937187e-08, 7.18312298531e-09],
        "mean": [0.000112221227027, 0.000386969681131, 0.000494494801387, 0.000185831348062, 0.000138162926305, 4.0317492676e-05, 1.64336579473e-05, 2.00600024982e-05, 7.83798168413e-06, 5.350477295e-06, 5.12787755724e-06, 5.54272492082e-06, 1.10617463633e-06, 8.03712907782e-07, 1.21178527479e-06, 7.50725178023e-07, 5.60674607186e-07, 2.09112869243e-07, 2.1531131722e-07, 1.99625830533e-07, 1.00679493187e-07, 1.59901020425e-07, 1.89034665254e-07, 1.54436051503e-07, 6.4827844426e-08, 4.73526569067e-08, 6.33406571637e-08, 8.79565504874e-08, 7.59762173175e-08, 8.96508964843e-08, 1.62563111417e-07, 2.77677770555e-07, 2.73099999504e-07, 1.72101309204e-07, 8.44968255365e-08, 4.88972737855e-08, 2.81270633451e-08, 1.03678781116e-08, 3.0617630653e-09, 2.27017363241e-10],