{
"metadata": {
    "version": {
        "essentia": "2.0.1",
        "extractor": "archive-music 1.0 mod ismir14"
    },
    "audio_properties": {
        "analysis_sample_rate": 44100,
        "bitrate": 128,
        "channels": 2,
        "equal_loudness": 0,
        "length": 30.0669155121,
        "replay_gain": -12.179813385,
        "downmix": "mix"
    },
    "tags": {
        "track": 6,
        "year": 0,
        "album": "Swing Classics (Jazz & Tzaz 70)",
        "artist": "Benny Carter",
        "comment": "",
        "genre": "Jazz",
        "title": "Babalu"
    }
},
"rhythm": {
    "bpm": 92.6367721558,
    "bpm_histogram_first_peak": 94,
    "bpm_histogram_first_peak_spread": 0.555555582047,
    "bpm_histogram_first_peak_weight": 0.355555564165,
    "bpm_histogram_second_peak": 89,
    "bpm_histogram_second_peak_spread": 0,
    "bpm_histogram_second_peak_weight": 0.177777782083
},
"tonal": {
    "tuning_frequency": {
        "dmean": 0.45511880517,
        "dmean2": 0.833712399006,
        "dvar": 3.50898122787,
        "dvar2": 8.70323371887,
        "max": 455.779724121,
        "mean": 437.316864014,
        "median": 437.465789795,
        "min": 432.940917969,
        "var": 6.78846406937
    },
    "hpcp": {
        "dmean": [0.107800766826, 0.171058908105, 0.0848034918308, 0.225746244192, 0.149417772889, 0.109422527254, 0.206615075469, 0.0784988254309, 0.187724813819, 0.0973832756281, 0.141607135534, 0.21954870224],
        "dmean2": [0.192382767797, 0.292770445347, 0.154049351811, 0.39946231246, 0.264324814081, 0.20320160687, 0.35765042901, 0.145717069507, 0.316844791174, 0.172671124339, 0.2402382195, 0.369292229414],
        "dvar": [0.0446444265544, 0.0488386526704, 0.0312599241734, 0.0733148306608, 0.0544234663248, 0.0238962061703, 0.0749880373478, 0.0180925522, 0.0440022088587, 0.0237563960254, 0.0334928520024, 0.0480123497546],
        "dvar2": [0.129455730319, 0.120659373701, 0.0885465964675, 0.154695048928, 0.109857819974, 0.070048764348, 0.125284805894, 0.0511306338012, 0.0955043584108, 0.0678074359894, 0.0749363601208, 0.108391992748],
        "max": [1, 1, 1, 1, 1, 1, 1, 0.691016197205, 1, 1, 1, 1],
        "mean": [0.0894790664315, 0.242119774222, 0.0695116966963, 0.462692648172, 0.264417946339, 0.118113853037, 0.358658641577, 0.0687782391906, 0.428869456053, 0.0846105739474, 0.214899286628, 0.402316600084],
        "median": [0.0265609510243, 0.120051816106, 0.028104359284, 0.338759541512, 0.0864521563053, 0.0720785558224, 0.194013670087, 0.0325826667249, 0.313860028982, 0.0409458465874, 0.14600597322, 0.303155899048],
        "min": [0.00173375546001, 0.00307698943652, 0.00120901467744, 0.00141214590985, 0.00154737336561, 0.00383675610647, 0.00183464365546, 0.00236395560205, 0.0157642476261, 0.00212315563112, 0.00297651463188, 0.00481164781377],
        "var": [0.0294326245785, 0.0713276714087, 0.0209476109594, 0.136786267161, 0.118287406862, 0.0178050827235, 0.141356527805, 0.0116165382788, 0.116154111922, 0.01672552526, 0.0477309860289, 0.11241903156]
    }
},
"lowlevel": {
    "melbands": {
        "dmean": [1.81318659997e-06, 1.01078021544e-05, 7.2056600402e-06, 1.59784249263e-05, 1.58149669005e-05, 2.62658431893e-05, 2.09959052881e-05, 6.0517260863e-05, 3.34238648065e-05, 2.26252177526e-05, 1.49632769535e-05, 1.20534023154e-05, 9.30122951104e-06, 8.61632088345e-06, 1.77295241883e-05, 1.47722157635e-05, 7.8700195445e-06, 5.15398960488e-06, 4.71228531751e-06, 6.25101711194e-06, 1.69131794792e-06, 2.18326363211e-06, 1.04758055386e-06, 9.31286024297e-07, 1.35116965794e-06, 4.25305103136e-07, 2.76392853493e-07, 2.90654327273e-07, 2.87611840122e-07, 3.18434729252e-07, 1.46903971654e-07, 7.52017896843e-08, 5.11200681785e-08, 2.17757385457e-08, 8.98777852143e-09, 6.85794931954e-09, 1.23390941908e-09, 1.00190550301e-10, 9.99792262868e-12, 2.88181425338e-13],
        "dmean2": [3.19294281326e-06, 1.76570483745e-05, 1.29856016429e-05, 2.89285908366e-05, 2.76503196801e-05, 4.42111595476e-05, 3.27811067109e-05, 9.65055442066e-05, 5.30495817657e-05, 3.79665507353e-05, 2.33731843764e-05, 1.81436716957e-05, 1.44796349559e-05, 1.513330335e-05, 3.00074188999e-05, 2.30612313317e-05, 1.2135353245e-05, 8.76666035765e-06, 7.67059646023e-06, 1.05259632619e-05, 2.83800409306e-06, 3.73147577193e-06, 1.7542314481e-06, 1.61522700637e-06, 2.31374042414e-06, 7.13921565421e-07, 4.7806213388e-07, 4.99287125422e-07, 4.81891333948e-07, 5.54568430289e-07, 2.52964582614e-07, 1.33204508757e-07, 8.95153817737e-08, 3.96112476153e-08, 1.62543827287e-08, 1.2082467471e-08, 2.13466977428e-09, 1.83040804735e-10, 1.78792137345e-11, 5.13505796045e-13],
        "dvar": [3.34663850451e-12, 1.43721423651e-10, 4.46450584835e-11, 2.62640048598e-10, 2.62261823369e-10, 9.42117606151e-10, 7.12467695951e-10, 1.09488551558e-08, 2.94402635603e-09, 9.33214061583e-10, 4.63248411853e-10, 3.32441296713e-10, 1.54148083187e-10, 2.12341949579e-10, 6.73115396754e-10, 6.86905088365e-10, 1.93571617069e-10, 7.66106345029e-11, 5.26365132036e-11, 1.35933375667e-10, 4.07620595264e-12, 9.70580300158e-12, 1.77438912088e-12, 1.49298130282e-12, 3.83382475072e-12, 6.53508388897e-13, 2.04176627862e-13, 2.60316751878e-13, 1.46447442931e-13, 1.80877340016e-13, 4.96192069908e-14, 1.69724159043e-14, 8.86535768706e-15, 1.92743660049e-15, 2.4195654957e-16, 1.38559740624e-16, 3.51362170539e-18, 3.92996610951e-20, 4.67445045104e-22, 3.49196354792e-25],
        "dvar2": [8.96872506817e-12, 4.07047368034e-10, 1.25438756604e-10, 7.919093159e-10, 8.15604916937e-10, 2.92807245117e-09, 1.63671853848e-09, 2.60601336066e-08, 7.50077333578e-09, 2.64839838948e-09, 1.10640785422e-09, 8.13890177476e-10, 3.60391105847e-10, 6.17303153039e-10, 1.62141300386e-09, 1.37010858214e-09, 4.14597967069e-10, 2.33344621403e-10, 1.20358722988e-10, 3.51598916648e-10, 1.04526873268e-11, 2.42078926349e-11, 3.89907030274e-12, 4.1639222452e-12, 1.06555805846e-11, 1.71014613061e-12, 6.2811767506e-13, 6.78959980686e-13, 4.16442623658e-13, 5.18384760031e-13, 1.46044973532e-13, 4.95744091123e-14, 2.44013742724e-14, 5.56983963346e-15, 6.86065929392e-16, 3.5859978914e-16, 9.69688611973e-18, 1.01022385601e-19, 1.3210260175e-21, 9.19054114588e-25],
        "max": [9.22789240576e-06, 8.68236311362e-05, 4.36600093963e-05, 0.000117008472444, 9.37841541599e-05, 0.000179823633516, 0.000268331205007, 0.000744048214983, 0.000350224436261, 0.000187711164472, 0.000124182464788, 0.00013659169781, 8.15797175164e-05, 0.000105847386294, 0.000152313441504, 0.000181570401764, 0.000110227039841, 6.86836065142e-05, 5.79453007958e-05, 0.000101280798845, 1.33593202918e-05, 2.48023607128e-05, 1.02896201497e-05, 7.04703052179e-06, 1.20621407405e-05, 6.57712371321e-06, 2.44932675741e-06, 3.87784530176e-06, 2.09477548196e-06, 2.35929269365e-06, 1.32058744384e-06, 8.84536007106e-07, 5.32747492343e-07, 2.86350541501e-07, 7.21773787404e-08, 8.43904643943e-08, 1.34233868465e-08, 1.23199106472e-09, 1.45139122942e-10, 3.46037911866e-12],
        "mean": [2.49631420957e-06, 1.43070674312e-05, 9.30123496801e-06, 2.07241300814e-05, 2.59754287981e-05, 3.65874620911e-05, 3.43005012837e-05, 8.41857327032e-05, 4.63587421109e-05, 2.72864945146e-05, 1.81742707355e-05, 1.47972587001e-05, 1.21485272757e-05, 9.2129348559e-06, 1.91924846149e-05, 1.56144724315e-05, 1.11434055725e-05, 5.41090503248e-06, 4.61605804958e-06, 6.52734661344e-06, 1.8733228444e-06, 2.60972547039e-06, 1.28948340716e-06, 1.05841718323e-06, 1.43741578995e-06, 4.8492137239e-07, 2.5940076398e-07, 2.73439894727e-07, 2.90537968795e-07, 3.07406537559e-07, 1.41936169484e-07, 6.64689920882e-08, 4.20965591275e-08, 1.74605698788e-08, 7.32640170753e-09, 5.94592464154e-09, 1.22694343574e-09, 8.21128165462e-11, 7.44756513404e-12, 2.12723962794e-13],