{
"metadata": {
    "version": {
        "essentia": "2.0.1",
        "extractor": "archive-music 1.0 mod ismir14"
    },
    "audio_properties": {
        "analysis_sample_rate": 44100,
        "bitrate": 32,
        "channels": 2,
        "equal_loudness": 0,
        "length": 30.0408172607,
        "replay_gain": -13.5811634064,
        "downmix": "mix"
    },
    "tags": {
        "track": 0,
        "year": 0,
        "album": "",
        "artist": "",
        "comment": "",
        "genre": "",
        "title": ""
    }
},
"rhythm": {
    "bpm": 172.265625,
    "bpm_histogram_first_peak": 172,
    "bpm_histogram_first_peak_spread": 0,
    "bpm_histogram_first_peak_weight": 0.441860467196,
    "bpm_histogram_second_peak": 178,
    "bpm_histogram_second_peak_spread": 0,
    "bpm_histogram_second_peak_weight": 0.430232554674
},
"tonal": {
    "tuning_frequency": {
        "dmean": 0.196310847998,
        "dmean2": 0.364064127207,
        "dvar": 3.13107943535,
        "dvar2": 8.30887889862,
        "max": 456.306610107,
        "mean": 437.293304443,
        "median": 436.960693359,
        "min": 431.193908691,
        "var": 17.6775016785
    },
    "hpcp": {
        "dmean": [0.167065531015, 0.16093300283, 0.160856068134, 0.215919107199, 0.0947542190552, 0.157650575042, 0.198526144028, 0.257516801357, 0.160324186087, 0.109362795949, 0.26017549634, 0.0761588215828],
        "dmean2": [0.281683474779, 0.281983584166, 0.273974239826, 0.362214326859, 0.169462099671, 0.268604725599, 0.332906037569, 0.443294525146, 0.274680942297, 0.19248944521, 0.453894883394, 0.134567752481],
        "dvar": [0.0437794066966, 0.0570057220757, 0.0496725700796, 0.0633874386549, 0.0227734297514, 0.0522719547153, 0.0553900636733, 0.0721923857927, 0.0506297461689, 0.0298085417598, 0.0722792670131, 0.0192348789424],
        "dvar2": [0.112810447812, 0.144654601812, 0.123278558254, 0.135300055146, 0.0607444792986, 0.111480869353, 0.130484417081, 0.175212010741, 0.126063987613, 0.0771770775318, 0.144066110253, 0.0505365245044],
        "max": [1, 1, 1, 1, 1, 1, 1, 1, 1, 1, 1, 1],
        "mean": [0.235298112035, 0.150938346982, 0.161422416568, 0.272076040506, 0.0860722661018, 0.259047269821, 0.278179109097, 0.340420693159, 0.192416042089, 0.109433740377, 0.635791778564, 0.0758453980088],
        "median": [0.135948389769, 0.0397812500596, 0.0589575283229, 0.132530465722, 0.0314396843314, 0.0910689085722, 0.133905395865, 0.208438053727, 0.0660973414779, 0.0388613902032, 0.672106742859, 0.0309124663472],
        "min": [0.00172096758615, 0.000198969442863, 0.000579246145207, 0.000558335741516, 0.000566825619899, 0.00282037747093, 0.000600010331254, 0.000892176874913, 0.000433401757618, 0.000675564981066, 0.0107259899378, 0.000648391549475],
        "var": [0.0688715949655, 0.0587000623345, 0.0570676699281, 0.0965213924646, 0.0213277656585, 0.114156417549, 0.101929321885, 0.112831883132, 0.0782261937857, 0.0327248089015, 0.127988681197, 0.0176597721875]
    }
},
"lowlevel": {
    "melbands": {
        "dmean": [4.90368474857e-05, 0.000211315855267, 0.000192956518731, 0.000104937935248, 6.36165568721e-05, 0.000113834787044, 0.000114654256322, 0.000123102741782, 0.000128965373733, 6.80943776388e-05, 5.02709845023e-05, 2.9780128898e-05, 2.43464473897e-05, 1.58685706992e-05, 2.59352636931e-05, 1.35060345201e-05, 1.48867547978e-05, 1.12278403321e-05, 8.44655460241e-06, 7.46558771425e-06, 6.71329917168e-06, 6.69846713208e-06, 8.73840599525e-06, 8.70492203831e-06, 6.58189128444e-06, 5.07069808009e-06, 4.79178925161e-06, 2.9855948469e-06, 1.25379858673e-06, 1.08093297513e-06, 8.28829683996e-07, 5.0080160463e-07, 2.34308757285e-07, 1.82568285823e-07, 1.7541638897e-07, 1.52519859853e-07, 1.50428576262e-07, 1.13811978508e-07, 6.15620763256e-08, 3.21170503526e-08],
        "dmean2": [7.34179484425e-05, 0.000324524415191, 0.000302372180158, 0.00014615150576, 0.000102305442852, 0.000183150084922, 0.000185139258974, 0.000204773969017, 0.000193459360162, 0.00010197066149, 7.77286331868e-05, 4.52053754998e-05, 3.71889400412e-05, 2.34660456044e-05, 4.18148993049e-05, 2.09176378121e-05, 2.24203158723e-05, 1.72499476321e-05, 1.37119714054e-05, 1.08100821308e-05, 1.0243658835e-05, 1.03077054519e-05, 1.27571538542e-05, 1.24253801914e-05, 1.00211427707e-05, 7.62546142141e-06, 7.10923768565e-06, 4.74490616398e-06, 1.97508188648e-06, 1.64638618116e-06, 1.21213702187e-06, 7.64092419558e-07, 3.6019926597e-07, 2.77746551092e-07, 2.73296194564e-07, 2.38770411443e-07, 2.42347084622e-07, 1.85461544788e-07, 9.97764217914e-08, 5.04747212915e-08],
        "dvar": [4.42126291134e-09, 9.01579610968e-08, 5.48770309194e-08, 2.71210893743e-08, 6.79756073652e-09, 1.72615859384e-08, 2.44099780389e-08, 5.13625408871e-08, 5.29591837051e-08, 2.73615849977e-08, 7.79854492095e-09, 8.43016056962e-09, 6.84111878257e-09, 1.27356059032e-09, 7.68863817058e-09, 1.15769516196e-09, 1.64712143924e-09, 5.95026583561e-10, 2.77197265142e-10, 3.40797140508e-10, 1.57871507533e-10, 1.58874594036e-10, 3.14710285609e-10, 3.6180936025e-10, 2.02532768334e-10, 1.02266660418e-10, 1.3899918716e-10, 7.99158100806e-11, 4.09353150335e-12, 6.01680207393e-12, 4.34979005939e-12, 1.67539007841e-12, 1.99858440344e-13, 6.40669632688e-14, 5.52502549191e-14, 3.3380840003e-14, 4.17679061368e-14, 2.66354050361e-14, 8.03312240539e-15, 1.77877744781e-15],
        "dvar2": [8.95921914434e-09, 2.0726047012e-07, 1.13359732268e-07, 4.66484770811e-08, 1.67672844498e-08, 4.32751861013e-08, 6.19707805072e-08, 1.34491983772e-07, 9.66672928371e-08, 5.09639335178e-08, 1.81850179359e-08, 1.8607966723e-08, 1.67905955806e-08, 2.90036195061e-09, 1.95669649372e-08, 2.31705010734e-09, 3.31094196504e-09, 1.34515221184e-09, 6.06236283396e-10, 7.04102498528e-10, 3.51019269207e-10, 3.31669025577e-10, 5.83151971156e-10, 6.09527206485e-10, 4.7438469819e-10, 1.98928512551e-10, 3.26523280636e-10, 2.02290212359e-10, 9.75362585837e-12, 1.20197567177e-11, 8.57586224257e-12, 3.9671143974e-12, 4.22673506438e-13, 1.2755352601e-13, 1.09244298991e-13, 7.72785494992e-14, 1.06457248886e-13, 6.67933387094e-14, 2.07393391333e-14, 3.90752476898e-15],
        "max": [0.000908239861019, 0.0025348183699, 0.00170477142092, 0.00196787295863, 0.000915055396035, 0.000968777458183, 0.00116039125714, 0.00178501289338, 0.00415557436645, 0.00279016746208, 0.00107557582669, 0.00118054449558, 0.0010655419901, 0.000479633803479, 0.00131684797816, 0.000446013495093, 0.000633190153167, 0.000368422217434, 0.000142292192322, 0.000352143426426, 0.000124475976918, 0.000131323729875, 0.000199048066861, 0.000231682715821, 0.00021493496024, 0.000124690966913, 0.000135908747325, 0.000134090834763, 2.62568501057e-05, 4.79229929624e-05, 3.50269474438e-05, 2.27881646424e-05, 5.99849636274e-06, 4.40800613433e-06, 3.74434034711e-06, 2.05238961826e-06, 2.51689857578e-06, 2.03170566238e-06, 8.36425897432e-07, 5.99737177254e-07],
        "mean": [7.58751120884e-05, 0.000287010538159, 0.000307761423755, 0.000163501215866, 8.98080179468e-05, 0.000161117655807, 0.000156777430675, 0.000119260934298, 0.000190499267774, 9.77404197329e-05, 7.42180272937e-05, 3.35157601512e-05, 2.60996330326e-05, 1.8701693989e-05, 3.10402319883e-05, 1.71213996509e-05, 1.81066807272e-05, 1.47586088133e-05, 1.03909924292e-05, 9.08299352886e-06, 8.52453013067e-06, 8.83199754753e-06, 1.35491136461e-05, 1.52231605171e-05, 9.66679363046e-06, 8.16799092718e-06, 6.63389482725e-06, 3.8228554331e-06, 2.00643967219e-06, 1.64318862517e-06, 1.34451897793e-06, 8.46406237542e-07, 4.26502623441e-07, 3.35275245789e-07, 3.20655772157e-07, 2.65419458856e-07, 2.47240620865e-07, 1.7976154254e-07, 9.60013508688e-08, 5.31844079887e-08],