{
"metadata": {
    "version": {
        "essentia": "2.0.1",
        "extractor": "archive-music 1.0 mod ismir14"
    },
    "audio_properties": {
        "analysis_sample_rate": 44100,
        "bitrate": 32,
        "channels": 2,
        "equal_loudness": 0,
        "length": 30.0408172607,
        "replay_gain": -13.720664978,
        "downmix": "mix"
    },
    "tags": {
        "track": 0,
        "year": 0,
        "album": "",
        "artist": "",
        "comment": "",
        "genre": "",
        "title": ""
    }
},
"rhythm": {
    "bpm": 90.2956161499,
    "bpm_histogram_first_peak": 91,
    "bpm_histogram_first_peak_spread": 0.341463446617,
    "bpm_histogram_first_peak_weight": 0.62790697813,
    "bpm_histogram_second_peak": 85,
    "bpm_histogram_second_peak_spread": 0,
    "bpm_histogram_second_peak_weight": 0.0465116277337
},
"tonal": {
    "tuning_frequency": {
        "dmean": 0.15301951766,
        "dmean2": 0.278388112783,
        "dvar": 2.05412793159,
        "dvar2": 5.53111839294,
        "max": 456.570251465,
        "mean": 446.1640625,
        "median": 444.085327148,
        "min": 433.191070557,
        "var": 12.0655040741
    },
    "hpcp": {
        "dmean": [0.22872723639, 0.144595399499, 0.1159190014, 0.126412272453, 0.228150948882, 0.314986884594, 0.186006382108, 0.199793800712, 0.145120307803, 0.0880459994078, 0.0888580530882, 0.102091863751],
        "dmean2": [0.389597415924, 0.271095901728, 0.201165467501, 0.230240121484, 0.401816487312, 0.578461885452, 0.354879230261, 0.342718958855, 0.26397895813, 0.16008669138, 0.153784349561, 0.175090044737],
        "dvar": [0.0813394114375, 0.0648113489151, 0.0313538983464, 0.0486450232565, 0.081303037703, 0.115495935082, 0.0933986827731, 0.0695674419403, 0.0608692541718, 0.0307775251567, 0.0252419169992, 0.0288811326027],
        "dvar2": [0.178085610271, 0.182724103332, 0.0792986303568, 0.118862710893, 0.212483122945, 0.279389798641, 0.253247499466, 0.160343363881, 0.172745496035, 0.0849360749125, 0.0599906183779, 0.073593236506],
        "max": [1, 1, 1, 1, 1, 1, 1, 1, 1, 1, 1, 1],
        "mean": [0.433605343103, 0.0988056883216, 0.134773910046, 0.12621819973, 0.217585206032, 0.454562872648, 0.13583342731, 0.262721538544, 0.129671484232, 0.0788665637374, 0.0952703133225, 0.100288711488],
        "median": [0.226638555527, 0.0180530883372, 0.0479786545038, 0.0260955877602, 0.0693991109729, 0.293761312962, 0.0221990942955, 0.102517768741, 0.0306431502104, 0.0248036570847, 0.029797134921, 0.0335517898202],
        "min": [0.00198768684641, 0.000468983897008, 0.00114033510908, 0.000434817862697, 0.00125977885909, 0.000882095482666, 0.000323877262417, 0.0021096856799, 0.000413982925238, 0.000525314593688, 0.000551855599042, 0.000793537881691],
        "var": [0.167561307549, 0.043533552438, 0.0453625768423, 0.0602775029838, 0.0905489251018, 0.167947679758, 0.0747063159943, 0.107762150466, 0.0592703223228, 0.0252475943416, 0.0310930144042, 0.0294929500669]
    }
},
"lowlevel": {
    "melbands": {
        "dmean": [0.000235072933719, 0.000485490279971, 0.000175372508238, 0.000119718511996, 8.72712553246e-05, 6.20534847258e-05, 8.13162769191e-05, 0.000120942189824, 0.000194813794224, 0.000148795545101, 5.58530919079e-05, 6.91850073054e-05, 6.74447946949e-05, 3.47206550941e-05, 5.60484768357e-05, 6.48049244774e-05, 1.38279065141e-05, 1.01984805951e-05, 5.35675462743e-06, 6.0924517129e-06, 9.60956094787e-06, 7.34118884793e-06, 1.42384506034e-05, 1.21205011965e-05, 6.66123378323e-06, 6.78203332427e-06, 6.34692742096e-06, 3.89526030631e-06, 1.63804418207e-06, 1.50066091464e-06, 7.27961264602e-07, 2.99741799381e-07, 1.61256863862e-07, 1.45817594444e-07, 1.41238359674e-07, 1.38106273084e-07, 1.18347813327e-07, 1.49799518567e-07, 1.4854144581e-07, 1.19049154534e-07],
        "dmean2": [0.000384403363569, 0.000712349428795, 0.000273604819085, 0.000192548555788, 0.000140756223118, 9.55577706918e-05, 0.000124891288579, 0.000188949357835, 0.000317730795359, 0.00024809493334, 9.05377164599e-05, 0.000107409032353, 0.000101673111203, 5.88065850025e-05, 9.45495485212e-05, 0.000107879634015, 2.10095968214e-05, 1.64995853993e-05, 8.49902244227e-06, 9.58467353485e-06, 1.52707962116e-05, 1.15762713904e-05, 2.34306062339e-05, 1.96399978449e-05, 1.06607258203e-05, 1.03913307612e-05, 1.02469020931e-05, 6.31328066447e-06, 2.59778971667e-06, 2.43877275352e-06, 1.17310435144e-06, 4.74340993151e-07, 2.48970593475e-07, 2.27723390367e-07, 2.21680139134e-07, 2.19361538711e-07, 1.79890818686e-07, 2.32097733033e-07, 2.24760256629e-07, 1.86070508335e-07],
        "dvar": [5.95640194945e-08, 2.10494292219e-07, 3.32350111876e-08, 2.94525168698e-08, 2.17646629608e-08, 7.53627382721e-09, 1.83095476558e-08, 4.6398653808e-08, 1.45803852547e-07, 1.77981306138e-07, 7.68598127365e-08, 3.38562422542e-08, 3.27886127138e-08, 8.039680921e-09, 1.77258581147e-08, 3.43742208031e-08, 2.2701514002e-09, 7.15052683731e-10, 7.57102922022e-11, 5.60109909842e-11, 2.17736800812e-10, 1.18230217283e-10, 5.46711065308e-10, 4.00156630054e-10, 1.01428317134e-10, 1.08212376559e-10, 1.29289440265e-10, 4.4680568273e-11, 6.58271050516e-12, 7.53152748501e-12, 1.27977869187e-12, 1.70348557851e-13, 4.00176446884e-14, 3.49431550047e-14, 3.45725780903e-14, 2.56608224795e-14, 2.02795899783e-14, 3.51644406681e-14, 5.03107551821e-14, 2.58917016381e-14],
        "dvar2": [1.61883548344e-07, 4.62926379896e-07, 6.83431125026e-08, 7.42526466979e-08, 5.4243390224e-08, 1.6224232624e-08, 3.68839607745e-08, 1.08725345171e-07, 3.58723497129e-07, 4.16701396944e-07, 1.55210173602e-07, 8.02441064707e-08, 7.1661354184e-08, 2.17590834239e-08, 4.6024759115e-08, 8.13612999195e-08, 3.66957286779e-09, 1.6316699103e-09, 1.76963860232e-10, 1.39954159373e-10, 5.3115861709e-10, 3.0638289128e-10, 1.39459943593e-09, 9.87273929276e-10, 2.43548986534e-10, 2.63617738749e-10, 3.36946970325e-10, 1.16895881863e-10, 1.46840057474e-11, 1.87690488151e-11, 3.28301535263e-12, 4.24704650788e-13, 9.06645228728e-14, 8.17253504996e-14, 8.49322375667e-14, 5.78007422741e-14, 4.51199848154e-14, 7.30873288323e-14, 1.18689698911e-13, 5.38858271426e-14],
        "max": [0.00223740655929, 0.00457780249417, 0.00244404468685, 0.00202249153517, 0.00145319569856, 0.00129253638443, 0.00234146229923, 0.00165114330593, 0.00436427351087, 0.00459170667455, 0.00581398699433, 0.00195486913435, 0.00272993929684, 0.000761429895647, 0.00136063573882, 0.00224282685667, 0.00103458319791, 0.00035242078593, 9.68595049926e-05, 4.59719376522e-05, 0.00014880130766, 8.96204946912e-05, 0.000213676219573, 0.000143240467878, 7.80257032602e-05, 0.000104625032691, 0.000103234495327, 6.87903229846e-05, 1.92840907403e-05, 2.89147410513e-05, 9.28549707169e-06, 4.11118662669e-06, 1.70350006101e-06, 1.51416020344e-06, 1.52605309722e-06, 1.53655776103e-06, 1.50207677052e-06, 1.97834674509e-06, 2.70672285296e-06, 1.72142233623e-06],
        "mean": [0.000416000810219, 0.00107373960782, 0.000351687980583, 0.000165931400261, 0.000111269720946, 9.10072412807e-05, 0.000119828357128, 0.000146254431456, 0.000240257853875, 0.00015182455536, 5.7040109823e-05, 7.16906506568e-05, 8.44905516715e-05, 3.54833391611e-05, 5.95807468926e-05, 6.47780543659e-05, 1.52264028657e-05, 1.11461949928e-05, 6.53001052342e-06, 7.65410004533e-06, 1.15239590741e-05, 8.52226730785e-06, 1.47002228914e-05, 1.16362907647e-05, 7.29131670596e-06, 8.0807831182e-06, 6.54182804283e-06, 3.96351106247e-06, 1.91005983652e-06, 1.50683888478e-06, 8.02332067451e-07, 4.10592832623e-07, 2.55607886857e-07, 2.31151986441e-07, 2.19832600123e-07, 2.29743477576e-07, 1.89769082226e-07, 2.57410050608e-07, 2.38622988036e-07, 1.97870917873e-07],