{
"metadata": {
    "version": {
        "essentia": "2.0.1",
        "extractor": "archive-music 1.0 mod ismir14"
    },
    "audio_properties": {
        "analysis_sample_rate": 44100,
        "bitrate": 32,
        "channels": 2,
        "equal_loudness": 0,
        "length": 30.0408172607,
        "replay_gain": -11.8030014038,
        "downmix": "mix"
    },
    "tags": {
        "track": 6,
        "year": 0,
        "album": "Swing Classics (Jazz & Tzaz 70)",
        "artist": "Benny Carter",
        "comment": "",
        "genre": "Jazz",
        "title": "Babalu"
    }
},
"rhythm": {
    "bpm": 92.8061752319,
    "bpm_histogram_first_peak": 92,
    "bpm_histogram_first_peak_spread": 0.5,
    "bpm_histogram_first_peak_weight": 0.444444447756,
    "bpm_histogram_second_peak": 86,
    "bpm_histogram_second_peak_spread": 0,
    "bpm_histogram_second_peak_weight": 0.0666666701436
},
"tonal": {
    "tuning_frequency": {
        "dmean": 0.416663080454,
        "dmean2": 0.753764092922,
        "dvar": 3.91402173042,
        "dvar2": 6.74007129669,
        "max": 455.779724121,
        "mean": 437.055358887,
        "median": 438.224517822,
        "min": 433.191070557,
        "var": 11.5152740479
    },
    "hpcp": {
        "dmean": [0.0938211902976, 0.181915819645, 0.0777857005596, 0.22835509479, 0.14255310595, 0.101090699434, 0.21182872355, 0.0749321654439, 0.18219524622, 0.0879423543811, 0.140457853675, 0.213952928782],
        "dmean2": [0.166234195232, 0.319475531578, 0.141976132989, 0.406977772713, 0.250914633274, 0.181930169463, 0.370703667402, 0.135643452406, 0.296459764242, 0.157854050398, 0.237592443824, 0.361795783043],
        "dvar": [0.037442676723, 0.0536932647228, 0.0287111774087, 0.0750400349498, 0.0562855154276, 0.0169362146407, 0.076377697289, 0.0155416745692, 0.0391743965447, 0.0227755755186, 0.0353104434907, 0.051840081811],
        "dvar2": [0.109006583691, 0.130808308721, 0.0822232216597, 0.160089075565, 0.115778155625, 0.0490226522088, 0.12932421267, 0.043617233634, 0.082640632987, 0.0649774000049, 0.0846558734775, 0.120743237436],
        "max": [1, 1, 1, 1, 1, 1, 1, 0.659426987171, 1, 1, 1, 1],
        "mean": [0.0830494165421, 0.249437257648, 0.067250482738, 0.463331669569, 0.265074580908, 0.116195552051, 0.353381574154, 0.0691365152597, 0.42464864254, 0.0816475525498, 0.21488943696, 0.407333791256],
        "median": [0.028611721471, 0.116615824401, 0.0291828811169, 0.311570674181, 0.104132942855, 0.0771422386169, 0.176279917359, 0.0374310836196, 0.305229216814, 0.0417903624475, 0.153046488762, 0.321724623442],
        "min": [0.00175176397897, 0.00330133410171, 0.00190626177937, 0.00234492006712, 0.0013166439021, 0.00416648760438, 0.00226987805218, 0.00386726181023, 0.00992806814611, 0.00355476280674, 0.00351951573975, 0.00383917940781],
        "var": [0.024980276823, 0.0779596716166, 0.0183450151235, 0.140058800578, 0.123556241393, 0.0142495883629, 0.138776749372, 0.0104526504874, 0.11518650502, 0.0152485184371, 0.0480961166322, 0.113997146487]
    }
},
"lowlevel": {
    "melbands": {
        "dmean": [1.59456112669e-06, 9.4033739515e-06, 6.88466843712e-06, 1.52037300722e-05, 1.69255526998e-05, 2.84943744191e-05, 2.19432658923e-05, 6.26820983598e-05, 3.48822395608e-05, 2.53398557106e-05, 1.50569967445e-05, 1.19460137284e-05, 1.06858669824e-05, 9.43352551985e-06, 1.89591301023e-05, 1.36540402309e-05, 9.00423492567e-06, 5.72316457692e-06, 5.69055828237e-06, 6.72246596878e-06, 1.83225267847e-06, 2.32689171753e-06, 1.15834279768e-06, 1.03503509763e-06, 1.55274381086e-06, 4.54868626321e-07, 3.01711196471e-07, 3.34379336664e-07, 3.26035717535e-07, 3.4882646105e-07, 1.75172857553e-07, 9.30721881787e-08, 6.33038439446e-08, 2.71206772595e-08, 1.10317426305e-08, 8.94934260032e-09, 2.0565551484e-09, 2.24487622935e-10, 5.0068647145e-11, 1.72039084367e-11],
        "dmean2": [2.78376523966e-06, 1.66792797245e-05, 1.2589393009e-05, 2.72594825219e-05, 3.03306023852e-05, 4.88741352456e-05, 3.41144368576e-05, 0.000102236313978, 5.91267198615e-05, 4.34714347648e-05, 2.4901888537e-05, 1.92381467059e-05, 1.79319558811e-05, 1.73032076418e-05, 3.32569434249e-05, 2.28468979913e-05, 1.4370106328e-05, 1.01142113635e-05, 9.55520954449e-06, 1.12117832032e-05, 3.17332842314e-06, 4.04730235459e-06, 2.00314980248e-06, 1.83073632343e-06, 2.73041996479e-06, 8.19410558961e-07, 5.41431461443e-07, 5.83070686844e-07, 5.68559016756e-07, 6.34658306353e-07, 3.18256383025e-07, 1.71980829577e-07, 1.16266008376e-07, 4.97484577977e-08, 2.0308540627e-08, 1.53397525793e-08, 3.69528407873e-09, 3.90031645869e-10, 9.34503516237e-11, 3.29458231529e-11],
        "dvar": [2.52503139925e-12, 1.40601308374e-10, 4.09168463e-11, 2.48301601502e-10, 3.71204289529e-10, 1.10942843801e-09, 7.0705263866e-10, 1.2155863871e-08, 3.18548809553e-09, 1.10243358886e-09, 4.61380267325e-10, 2.96325103344e-10, 2.42834335973e-10, 2.41448500082e-10, 8.37233726791e-10, 5.79969017256e-10, 2.40100855864e-10, 9.64658908309e-11, 7.88140039343e-11, 1.54597140645e-10, 4.93969795623e-12, 1.19882714866e-11, 1.92507598404e-12, 1.93976171931e-12, 4.83507938548e-12, 8.69513228779e-13, 2.26475725651e-13, 3.24985372814e-13, 2.06106453519e-13, 2.31850454634e-13, 7.36131126758e-14, 2.76746890514e-14, 1.5816747868e-14, 2.88928867539e-15, 3.87445178522e-16, 2.30703796275e-16, 9.11837088856e-18, 2.22622504527e-19, 1.72450743352e-20, 2.95368930155e-21],
        "dvar2": [6.55716323253e-12, 3.95699917277e-10, 1.1519244586e-10, 7.80416453683e-10, 1.19988852187e-09, 3.64290730914e-09, 1.68523628385e-09, 3.02342542113e-08, 8.2616979924e-09, 3.22636184436e-09, 1.09680686755e-09, 7.38056615823e-10, 6.51617204639e-10, 7.17849613086e-10, 2.15745710186e-09, 9.77280811831e-10, 5.20562759565e-10, 2.93890939362e-10, 2.0579636606e-10, 4.17727602509e-10, 1.32224665245e-11, 3.34401950575e-11, 4.56142502242e-12, 5.85234985473e-12, 1.42715336077e-11, 2.42103082373e-12, 7.06505925811e-13, 9.00035417289e-13, 6.12502778531e-13, 6.66060847969e-13, 2.20737423023e-13, 8.24857827983e-14, 4.60604488849e-14, 8.70627981736e-15, 1.15237000765e-15, 6.30271075063e-16, 2.57050742864e-17, 5.78780187459e-19, 4.92891077626e-20, 8.16095019096e-21],
        "max": [8.07617652754e-06, 8.87846108526e-05, 4.63165706606e-05, 0.000116584968055, 0.000107543652121, 0.000161275122082, 0.000248040392762, 0.000723297416698, 0.000341132370522, 0.00019821357273, 0.000111308479973, 0.000115024471597, 9.59380922723e-05, 0.000106554696686, 0.00016828160733, 0.000144889898365, 0.000124866026454, 6.0193342506e-05, 6.05314962741e-05, 0.000115296119475, 1.13517726277e-05, 2.5263067073e-05, 1.03402462628e-05, 8.08056756796e-06, 1.29868813019e-05, 7.30828878659e-06, 2.51452911471e-06, 3.81843892683e-06, 2.13500629798e-06, 2.58768955064e-06, 1.56992246048e-06, 8.73480473729e-07, 7.08428785856e-07, 2.71301530574e-07, 8.85460877953e-08, 1.07273898209e-07, 1.90826341395e-08, 3.47877660012e-09, 8.30349233816e-10, 3.83255760461e-10],
        "mean": [2.40033159571e-06, 1.38610048452e-05, 9.23134666664e-06, 2.00895083253e-05, 2.54795450019e-05, 3.65252999472e-05, 3.36203665938e-05, 8.27723051771e-05, 4.51220184914e-05, 2.70469936368e-05, 1.77688089025e-05, 1.41535865623e-05, 1.21215889521e-05, 9.21253285924e-06, 1.89709116967e-05, 1.540770063e-05, 1.12320840344e-05, 5.57632120035e-06, 4.89898820888e-06, 6.46211310595e-06, 1.91805679606e-06, 2.60916613115e-06, 1.31744025111e-06, 1.09831694317e-06, 1.48422248003e-06, 5.03199714785e-07, 2.71539079222e-07, 2.90480500098e-07, 2.999230162e-07, 3.18944330502e-07, 1.52832456024e-07, 7.33080653958e-08, 4.72847148103e-08, 1.90834210656e-08, 8.27747204113e-09, 7.39600958255e-09, 1.8432491089e-09, 1.62023783279e-10, 3.08739110666e-11, 1.02912574296e-11],