{
"metadata": {
    "version": {
        "essentia": "2.0.1",
        "extractor": "archive-music 1.0 mod ismir14"
    },
    "audio_properties": {
        "analysis_sample_rate": 44100,
        "bitrate": 128,
        "channels": 2,
        "equal_loudness": 0,
        "length": 30.0669155121,
        "replay_gain": -8.88716506958,
        "downmix": "mix"
    },
    "tags": {
        "track": 7,
        "year": 0,
        "album": "The Cool Jazz Collection",
        "artist": "Astrud Gilberto",
        "comment": "",
        "genre": "Jazz",
        "title": "Girl From Ipanema"
    }
},
"rhythm": {
    "bpm": 130.002792358,
    "bpm_histogram_first_peak": 129,
    "bpm_histogram_first_peak_spread": 0.490909099579,
    "bpm_histogram_first_peak_weight": 0.444444447756,
    "bpm_histogram_second_peak": 136,
    "bpm_histogram_second_peak_spread": 0.199999988079,
    "bpm_histogram_second_peak_weight": 0.0634920671582
},
"tonal": {
    "tuning_frequency": {
        "dmean": 0.121762827039,
        "dmean2": 0.230296567082,
        "dvar": 1.71845400333,
        "dvar2": 3.84111571312,
        "max": 456.306610107,
        "mean": 435.026153564,
        "median": 434.193115234,
        "min": 431.443084717,
        "var": 10.7019996643
    },
    "hpcp": {
        "dmean": [0.107493303716, 0.128719985485, 0.166178703308, 0.178337454796, 0.153319209814, 0.123602434993, 0.145011767745, 0.152399972081, 0.238709375262, 0.135687321424, 0.126193985343, 0.114845484495],
        "dmean2": [0.208233401179, 0.248531639576, 0.322853118181, 0.339799255133, 0.296395868063, 0.239127635956, 0.277587145567, 0.294108867645, 0.458313733339, 0.264640688896, 0.241432353854, 0.222578570247],
        "dvar": [0.0722340494394, 0.0858617573977, 0.110611669719, 0.104192622006, 0.0975219383836, 0.0819032788277, 0.0892037674785, 0.0989116206765, 0.14083302021, 0.0953517705202, 0.0798182934523, 0.0807581841946],
        "dvar2": [0.200938925147, 0.243407383561, 0.311018288136, 0.287315785885, 0.281346589327, 0.237212702632, 0.255214482546, 0.277617514133, 0.396769076586, 0.272658526897, 0.222357347608, 0.23086412251],
        "max": [1, 1, 1, 1, 1, 1, 1, 1, 1, 1, 1, 1],
        "mean": [0.0681937411427, 0.114588297904, 0.11755464226, 0.202935293317, 0.112315937877, 0.094809025526, 0.133586674929, 0.116054594517, 0.207019194961, 0.0874340236187, 0.0968254357576, 0.087035804987],
        "median": [0.000340376282111, 0.00180303363595, 0.000747309182771, 0.00334166223183, 0.00110090302769, 0.00106503639836, 0.00154436181765, 0.0010292615043, 0.00487472908571, 0.000321557978168, 0.00177015864756, 0.000620222475845],
        "min": [0, 0, 0, 0, 0, 0, 0, 0, 0, 0, 0, 0],
        "var": [0.0486625693738, 0.0821058750153, 0.0868296325207, 0.132161512971, 0.0780447348952, 0.0690876990557, 0.0924428552389, 0.0828434675932, 0.136925518513, 0.0671957656741, 0.0635230988264, 0.0657628104091]
    }
},
"lowlevel": {
    "melbands": {
        "dmean": [0.000781442213338, 0.00343274325132, 0.00356409256347, 0.0018351363251, 0.000990859000012, 0.000365469226381, 0.000129417530843, 0.000119466501928, 5.06352444063e-05, 2.69366537395e-05, 2.68230451184e-05, 2.67328559858e-05, 8.33129070088e-06, 6.19574393568e-06, 7.78827779868e-06, 4.58753947896e-06, 3.71810688193e-06, 1.62779758739e-06, 1.63443746715e-06, 1.6028131995e-06, 1.02111584965e-06, 1.27954399431e-06, 1.43080967518e-06, 1.59213357165e-06, 6.14096052232e-07, 3.76398276103e-07, 5.77340756536e-07, 8.056807701e-07, 6.90387764735e-07, 8.96607730283e-07, 1.45919591432e-06, 2.18234686145e-06, 2.83651934296e-06, 1.72263287368e-06, 6.92762398558e-07, 3.26133374529e-07, 2.12251535459e-07, 8.21419590125e-08, 2.33496226798e-08, 3.40519545894e-09],
        "dmean2": [0.00131753319874, 0.00592530425638, 0.00618585851043, 0.00310505204834, 0.00163298123516, 0.000615040306002, 0.000191447426914, 0.000168055441463, 6.94348564139e-05, 3.57286262442e-05, 3.54255062121e-05, 3.52758615918e-05, 1.16513947432e-05, 9.05349952518e-06, 1.0860682778e-05, 6.60657087792e-06, 5.20481080457e-06, 2.42505575443e-06, 2.24916425395e-06, 2.31323133448e-06, 1.53451162532e-06, 1.9112053451e-06, 2.0258000859e-06, 2.38551933762e-06, 9.39933158861e-07, 5.71217128709e-07, 8.70808435138e-07, 1.30268233534e-06, 1.0633467582e-06, 1.30329783588e-06, 2.35456877817e-06, 3.46283422914e-06, 4.59408784081e-06, 2.65539142674e-06, 1.08167080271e-06, 4.70565197475e-07, 3.14332169182e-07, 1.25068680745e-07, 3.43881865206e-08, 5.44788569812e-09],
        "dvar": [2.242053597e-06, 3.02301559714e-05, 3.72835784219e-05, 9.28907502384e-06, 2.56649059338e-06, 3.87431811077e-07, 1.44333029084e-07, 1.34772747629e-07, 1.83946156085e-08, 9.59956736324e-09, 6.38959507526e-09, 1.76907146709e-08, 7.12786607515e-10, 3.13552211972e-10, 7.02954749965e-10, 4.65204347266e-10, 5.48067646822e-10, 4.59847611378e-11, 7.52803930304e-11, 7.4266294503e-11, 1.59713527126e-11, 1.7131280769e-11, 2.18131571833e-11, 5.81377307407e-11, 7.91204862044e-12, 1.23304871088e-12, 6.00003944098e-12, 1.44935643348e-11, 7.9195348196e-12, 2.52412604707e-11, 6.48322714958e-11, 1.56939822249e-10, 6.27374374673e-10, 1.52806919895e-10, 1.14050279637e-11, 1.11447157926e-12, 5.97711387763e-13, 1.08863635608e-13, 1.18003141438e-14, 7.07576860483e-16],
        "dvar2": [5.82565326113e-06, 9.12373798201e-05, 0.000120398894069, 2.57310712186e-05, 6.96609276929e-06, 1.06172865344e-06, 2.3243786984e-07, 1.96612845116e-07, 2.88987465069e-08, 1.21611014592e-08, 1.05465707279e-08, 1.93885973943e-08, 1.41008582588e-09, 6.34292507407e-10, 1.11530662483e-09, 8.72537986307e-10, 9.0521318219e-10, 8.95334154039e-11, 1.19400433984e-10, 1.46837306203e-10, 3.33469085678e-11, 3.46135932416e-11, 4.15463392855e-11, 1.5569882883e-10, 2.05721949892e-11, 2.68795402603e-12, 1.37965619831e-11, 3.58635066089e-11, 1.89478779888e-11, 5.45179665301e-11, 1.55256266177e-10, 3.61703805796e-10, 1.68618274898e-09, 3.25763693798e-10, 2.99740891829e-11, 2.36529611002e-12, 1.44041885624e-12, 2.66118155073e-13, 2.65121126143e-14, 2.04846003272e-15],
        "max": [0.0350739210844, 0.0811128020287, 0.0600321702659, 0.0808730050921, 0.0256314966828, 0.0112396394834, 0.00935320183635, 0.00866357795894, 0.00374141708016, 0.00427628681064, 0.00221794913523, 0.00944016873837, 0.000906428263988, 0.000650442671031, 0.00153642555233, 0.000817687134258, 0.00118605128955, 0.000266018294496, 0.000390757457353, 0.000319379818393, 0.000131226188387, 9.26228531171e-05, 0.000101417914266, 0.000174527755007, 0.000105699786218, 3.06688489218e-05, 8.70546136866e-05, 0.000136677976116, 7.81704584369e-05, 0.000163830438396, 0.000188659367268, 0.00026424555108, 0.000937500095461, 0.000593805685639, 9.96127200779e-05, 2.52001209446e-05, 2.17424258153e-05, 1.17613626571e-05, 4.00033877668e-06, 1.02546937342e-06],
        "mean": [0.00149910000619, 0.00612146127969, 0.0074046747759, 0.00363516993821, 0.00225662998855, 0.000808329263236, 0.000303370703477, 0.00029976980295, 0.00014104739239, 8.70099975145e-05, 8.46540788189e-05, 8.55225516716e-05, 2.23278584599e-05, 1.26054810607e-05, 1.95323427761e-05, 1.17628851513e-05, 8.13258156995e-06, 3.38743325301e-06, 3.28196347255e-06, 3.19593414133e-06, 1.7465252995e-06, 2.62853177446e-06, 3.07204209093e-06, 2.49173763223e-06, 1.08005178845e-06, 7.21908520518e-07, 1.02165381577e-06, 1.30661396724e-06, 1.1112501852e-06, 1.44675880165e-06, 2.41267412093e-06, 3.88036050936e-06, 4.15953581978e-06, 2.89612285087e-06, 1.34438073474e-06, 7.18199146377e-07, 4.26680628607e-07, 1.6314443485e-07, 5.08320745496e-08, 5.37229549735e-09],