{
"metadata": {
    "version": {
        "essentia": "2.0.1",
        "extractor": "archive-music 1.0 mod ismir14"
    },
    "audio_properties": {
        "analysis_sample_rate": 44100,
        "bitrate": 128,
        "channels": 2,
        "equal_loudness": 0,
        "length": 30.0669155121,
        "replay_gain": -12.1478862762,
        "downmix": "mix"
    },
    "tags": {
        "track": 6,
        "year": 0,
        "album": "Swing Classics (Jazz & Tzaz 70)",
        "artist": "Benny Carter",
        "comment": "",
        "genre": "Jazz",
        "title": "Babalu"
    }
},
"rhythm": {
    "bpm": 92.6367721558,
    "bpm_histogram_first_peak": 94,
    "bpm_histogram_first_peak_spread": 0.555555582047,
    "bpm_histogram_first_peak_weight": 0.355555564165,
    "bpm_histogram_second_peak": 89,
    "bpm_histogram_second_peak_spread": 0,
    "bpm_histogram_second_peak_weight": 0.177777782083
},
"tonal": {
    "tuning_frequency": {
        "dmean": 0.0357369221747,
        "dmean2": 0.0610233806074,
        "dvar": 0.338260889053,
        "dvar2": 0.727039515972,
        "max": 456.570251465,
        "mean": 438.863220215,
        "median": 439.745910645,
        "min": 433.691802979,
        "var": 1.58146774769
    },
    "hpcp": {
        "dmean": [0.146767824888, 0.145067676902, 0.154103323817, 0.206240624189, 0.144403576851, 0.128766387701, 0.147150427103, 0.128274977207, 0.194140911102, 0.136583074927, 0.182783663273, 0.183320313692],
        "dmean2": [0.271848201752, 0.26499569416, 0.289354383945, 0.374361634254, 0.268807440996, 0.240409448743, 0.25603812933, 0.238655313849, 0.349853187799, 0.25456365943, 0.330068826675, 0.327351570129],
        "dvar": [0.066890142858, 0.0602199584246, 0.0799079239368, 0.0874404385686, 0.0689918920398, 0.0599163509905, 0.0530107580125, 0.0592237450182, 0.0740556493402, 0.0618719756603, 0.0716133490205, 0.0693673789501],
        "dvar2": [0.188871830702, 0.163238570094, 0.230099216104, 0.236479923129, 0.187376394868, 0.170479983091, 0.140503615141, 0.160405814648, 0.196200340986, 0.177494063973, 0.191215053201, 0.181542724371],
        "max": [1, 1, 1, 1, 1, 1, 1, 1, 1, 1, 1, 1],
        "mean": [0.112242661417, 0.15394102037, 0.110977128148, 0.403031498194, 0.165117055178, 0.105817586184, 0.237344026566, 0.100783094764, 0.289496809244, 0.100278288126, 0.198289230466, 0.227920800447],
        "median": [0.0123008526862, 0.0213905368, 0.00344231445342, 0.200106218457, 0.0118014113978, 0.0121712265536, 0.0628684833646, 0.00811145175248, 0.100322417915, 0.00765068922192, 0.0675154477358, 0.0630004033446],
        "min": [0, 0, 0, 0, 0, 0, 0, 0, 0, 0, 0, 0],
        "var": [0.0556982681155, 0.0694470256567, 0.0654911026359, 0.175678342581, 0.097102150321, 0.0520029589534, 0.11338122189, 0.0508605651557, 0.130061894655, 0.047298964113, 0.0809906572104, 0.104110568762]
    }
},
"lowlevel": {
    "melbands": {
        "dmean": [2.85407240881e-05, 0.000127249935758, 0.000141091441037, 0.00027037927066, 0.000320957100485, 0.00035202971776, 0.000270442920737, 0.000360950012691, 0.000259864755208, 0.000160294948728, 0.000120555618196, 0.000103239406599, 9.53491326072e-05, 8.14058003016e-05, 0.000147057609865, 0.000132999601192, 7.42507982068e-05, 3.83092519769e-05, 3.93531481677e-05, 4.47506899945e-05, 1.49327761392e-05, 2.26074389502e-05, 1.05456347228e-05, 6.94474374541e-06, 8.96238543646e-06, 3.03908791466e-06, 1.89281149687e-06, 2.26613724408e-06, 1.81781115316e-06, 1.72325098902e-06, 8.25384972813e-07, 4.0156763248e-07, 2.70689525905e-07, 1.03859548517e-07, 4.39910934347e-08, 3.6505742429e-08, 7.97820831622e-09, 8.25738311061e-10, 1.02409136726e-10, 2.34455926895e-11],
        "dmean2": [4.39872565039e-05, 0.000206463286304, 0.000247642485192, 0.000492385355756, 0.000586630718317, 0.000598486571107, 0.000419895543018, 0.000502673734445, 0.000355203868821, 0.000215999752982, 0.000188339225133, 0.000161316231242, 0.000146179721924, 0.000128437983221, 0.000226402640692, 0.00021461849974, 0.000113294227049, 5.42891903024e-05, 5.89931842114e-05, 6.71455854899e-05, 2.30982095673e-05, 3.59885889338e-05, 1.69500235643e-05, 1.05590852399e-05, 1.3388116713e-05, 4.60155160908e-06, 2.95960148833e-06, 3.44085810866e-06, 2.78761422123e-06, 2.47708067036e-06, 1.19731862469e-06, 5.95473807152e-07, 3.92342059286e-07, 1.55670534241e-07, 6.55532446103e-08, 5.35834452364e-08, 1.18898633161e-08, 1.22546039982e-09, 1.56677185115e-10, 4.26157338584e-11],
        "dvar": [1.38380351622e-09, 2.7033937755e-08, 5.8389570512e-08, 1.8520120193e-07, 2.29626394344e-07, 2.81496056687e-07, 1.48620941332e-07, 5.3864914662e-07, 2.18404409225e-07, 8.09118816392e-08, 8.76685390949e-08, 7.3975336079e-08, 5.56062111912e-08, 3.44407773412e-08, 9.2270767027e-08, 1.28825220713e-07, 4.0337077678e-08, 8.35034885682e-09, 1.2285705786e-08, 1.26026282743e-08, 7.26282645136e-10, 4.41420500152e-09, 5.69916502879e-10, 2.01072575257e-10, 4.76870209987e-10, 6.21594303807e-11, 2.12028571783e-11, 5.39912385633e-11, 2.13857005021e-11, 1.69661888705e-11, 4.56320398134e-12, 1.32042575658e-12, 7.6595831457e-13, 1.18437527038e-13, 1.5825795874e-14, 1.12661556855e-14, 3.63665972607e-16, 5.29531952758e-18, 8.00617904379e-20, 2.36943038993e-21],
        "dvar2": [2.87013990352e-09, 7.03288804971e-08, 1.71732708054e-07, 5.5738928495e-07, 7.26145003682e-07, 8.04493197393e-07, 3.65159110061e-07, 1.15198190542e-06, 4.61619123371e-07, 1.56009249963e-07, 2.34512611996e-07, 2.02385564307e-07, 1.43418802168e-07, 9.57588426331e-08, 2.17797705204e-07, 3.32771861622e-07, 1.05019907437e-07, 1.65633942117e-08, 2.75668163852e-08, 2.79866121389e-08, 1.6583601159e-09, 1.18572547336e-08, 1.57752733099e-09, 4.58136917292e-10, 1.02789088352e-09, 1.37047775906e-10, 4.98321002518e-11, 1.26375493403e-10, 4.95029399417e-11, 3.68638071457e-11, 9.74424187172e-12, 2.83765242207e-12, 1.71242219623e-12, 2.40040680475e-13, 3.36803339124e-14, 2.50697866058e-14, 8.43066662539e-16, 1.20204670661e-17, 1.74830231782e-19, 7.05051353298e-21],
        "max": [0.000471186736831, 0.00239885062911, 0.00594129879028, 0.009840272367, 0.00639334972948, 0.0083015197888, 0.00633304798976, 0.0181194394827, 0.00843292474747, 0.0055813328363, 0.00669761840254, 0.00566454930231, 0.0050172964111, 0.00386291509494, 0.00550675252452, 0.00566268945113, 0.00462848367169, 0.0024588520173, 0.00197949726135, 0.00254213856533, 0.000550379452761, 0.00154763949104, 0.000494596897624, 0.000304285553284, 0.000415006332332, 0.000201517803362, 8.73967437656e-05, 0.000150989129907, 8.01696514827e-05, 8.2305909018e-05, 4.81198367197e-05, 2.66725182883e-05, 2.21155278268e-05, 7.56135841584e-06, 2.49634604188e-06, 2.19040634875e-06, 3.08232586121e-07, 4.07537363856e-08, 5.51131495996e-09, 7.78221487252e-10],
        "mean": [4.04267630074e-05, 0.000180399991223, 0.000179685099283, 0.000332304072799, 0.00042512989603, 0.000576300837565, 0.000621291575953, 0.00125871109776, 0.00079392263433, 0.000443875440396, 0.000303480715957, 0.000250349054113, 0.000195428059669, 0.000149608400534, 0.000301450229017, 0.000244515162194, 0.000180720395292, 9.43597115111e-05, 7.38965609344e-05, 9.97517418e-05, 3.14703393087e-05, 4.10050197388e-05, 2.21914142458e-05, 1.70846924448e-05, 2.42485111812e-05, 8.0341087596e-06, 4.09221229347e-06, 4.50333482149e-06, 4.68454845759e-06, 5.02951297676e-06, 2.33838591157e-06, 1.11800920877e-06, 7.15007161034e-07, 2.82654838202e-07, 1.19893002193e-07, 9.6890417467e-08, 2.05729531189e-08, 1.65733493596e-09, 1.89314036669e-10, 2.30211787133e-11],