{
"metadata": {
    "version": {
        "essentia": "2.0.1",
        "extractor": "archive-music 1.0 mod ismir14"
    },
    "audio_properties": {
        "analysis_sample_rate": 44100,
        "bitrate": 32,
        "channels": 2,
        "equal_loudness": 0,
        "length": 30.0408172607,
        "replay_gain": -8.35384559631,
        "downmix": "mix"
    },
    "tags": {
        "track": 7,
        "year": 0,
        "album": "The Cool Jazz Collection",
        "artist": "Astrud Gilberto",
        "comment": "",
        "genre": "Jazz",
        "title": "Girl From Ipanema"
    }
},
"rhythm": {
    "bpm": 130.358261108,
    "bpm_histogram_first_peak": 129,
    "bpm_histogram_first_peak_spread": 0.55172419548,
    "bpm_histogram_first_peak_weight": 0.412698417902,
    "bpm_histogram_second_peak": 123,
    "bpm_histogram_second_peak_spread": 0,
    "bpm_histogram_second_peak_weight": 0.047619048506
},
"tonal": {
    "tuning_frequency": {
        "dmean": 0.0906231030822,
        "dmean2": 0.12902520597,
        "dvar": 0.588909447193,
        "dvar2": 0.991494119167,
        "max": 451.326080322,
        "mean": 438.169708252,
        "median": 437.971466064,
        "min": 433.691802979,
        "var": 4.88562583923
    },
    "hpcp": {
        "dmean": [0.0829899683595, 0.138759225607, 0.0811071395874, 0.142931863666, 0.107011452317, 0.0677928328514, 0.133077576756, 0.0482115894556, 0.127290919423, 0.0946713387966, 0.119421765208, 0.105047352612],
        "dmean2": [0.156215772033, 0.237735554576, 0.153039082885, 0.258413791656, 0.190152823925, 0.122617952526, 0.228109121323, 0.0916617885232, 0.229220226407, 0.17419283092, 0.21867954731, 0.191003531218],
        "dvar": [0.0387161634862, 0.0666184276342, 0.050990562886, 0.0739583447576, 0.053273241967, 0.0355035029352, 0.0621752552688, 0.0262515787035, 0.0648646727204, 0.0576811172068, 0.0626321136951, 0.0486052110791],
        "dvar2": [0.111641317606, 0.140507727861, 0.14254643023, 0.161305934191, 0.127737417817, 0.0930168032646, 0.136351659894, 0.0731146857142, 0.146823197603, 0.142757236958, 0.155454814434, 0.120896823704],
        "max": [1, 1, 1, 1, 1, 1, 1, 1, 1, 1, 1, 1],
        "mean": [0.05295875296, 0.256276518106, 0.0523266270757, 0.272612273693, 0.127084746957, 0.0740556195378, 0.236997157335, 0.0615918263793, 0.170759394765, 0.0793409720063, 0.111984334886, 0.136761918664],
        "median": [0.00165172864217, 0.0412711575627, 0.000986221479252, 0.0195045024157, 0.00645122909918, 0.00296191032976, 0.0363775119185, 0.00127296941355, 0.0138571374118, 0.00136303901672, 0.00746233761311, 0.0067489715293],
        "min": [1.50349626438e-06, 6.31174862065e-06, 1.92504467122e-06, 1.06832549136e-05, 1.29875411403e-06, 4.40414987679e-06, 4.22180892201e-06, 3.27911175191e-06, 1.13943656288e-06, 1.46544323343e-06, 4.58362683275e-06, 4.5631491048e-06],
        "var": [0.0261987783015, 0.142152562737, 0.03390718624, 0.16356061399, 0.0759377554059, 0.0484248697758, 0.134154543281, 0.0442800149322, 0.102067150176, 0.0552787259221, 0.0636872947216, 0.0804551467299]
    }
},
"lowlevel": {
    "melbands": {
        "dmean": [0.00025875409483, 0.000733971013688, 0.000863729976118, 0.000457282643765, 0.00025752291549, 9.61300756899e-05, 5.80110390729e-05, 7.09941741661e-05, 2.53158286796e-05, 1.68089063664e-05, 1.64890552696e-05, 1.61354237207e-05, 3.43550823345e-06, 2.42560577135e-06, 3.59524233318e-06, 2.35402171711e-06, 2.02759724743e-06, 8.25112920211e-07, 8.79607284787e-07, 8.02280055723e-07, 4.59126681562e-07, 6.08373454725e-07, 7.40837492685e-07, 6.24304561825e-07, 2.56633683193e-07, 1.60094558055e-07, 2.33031713037e-07, 3.30124549919e-07, 3.07149718992e-07, 3.73663226583e-07, 6.35100207091e-07, 1.11914812351e-06, 1.09171116947e-06, 7.71454665482e-07, 3.48863778754e-07, 2.19965372139e-07, 1.73141614823e-07, 1.4252134406e-07, 1.93593280073e-07, 2.53121527294e-07],
        "dmean2": [0.000362284306902, 0.00106109993067, 0.00131230347324, 0.000659716548398, 0.000382578815334, 0.000144638936035, 8.89610455488e-05, 0.00011183010065, 3.58723009413e-05, 2.4566805223e-05, 2.31983649428e-05, 1.98963643925e-05, 4.99972293255e-06, 3.51988023795e-06, 4.75770730191e-06, 3.38839845426e-06, 3.0115336358e-06, 1.24598659568e-06, 1.43181603107e-06, 1.16017270102e-06, 7.42390056985e-07, 9.23258482999e-07, 1.14987926736e-06, 9.82623419077e-07, 3.93470941162e-07, 2.32990515769e-07, 3.46947587104e-07, 5.14777582339e-07, 4.84057409267e-07, 5.91262676153e-07, 9.57053657658e-07, 1.70530654486e-06, 1.67941334439e-06, 1.30858791181e-06, 4.95608560414e-07, 3.29414206135e-07, 2.65877844186e-07, 2.05622839644e-07, 2.82989020661e-07, 3.56720704531e-07],
        "dvar": [3.95686498678e-07, 1.22438154904e-06, 1.3182600469e-06, 6.07510230566e-07, 2.17257735358e-07, 3.74017616878e-08, 3.59182052989e-08, 4.76801247373e-08, 4.39851444156e-09, 4.08830436172e-09, 2.15533946246e-09, 8.67233129753e-09, 7.14757419917e-11, 3.00466179715e-11, 1.71717126629e-10, 7.6029467444e-11, 9.81361103491e-11, 6.80468138434e-12, 2.05958236577e-11, 1.35076247063e-11, 2.57768502723e-12, 1.77818296112e-12, 4.04142518062e-12, 3.65940437674e-12, 6.36009040572e-13, 1.60914277779e-13, 5.14420049526e-13, 1.82474456552e-12, 1.02799702344e-12, 2.14956481434e-12, 8.67233281715e-12, 2.93906600446e-11, 2.43201587341e-11, 2.82850947525e-11, 1.66649658483e-12, 4.56886481773e-13, 2.54016398844e-13, 1.9669599879e-13, 5.94664074927e-13, 9.52806410159e-13],
        "dvar2": [7.56075962727e-07, 2.27672194342e-06, 2.55084455603e-06, 1.17801482702e-06, 4.71644881372e-07, 7.96008876591e-08, 7.53673958798e-08, 1.0845106857e-07, 7.28768601022e-09, 7.51523732134e-09, 4.44005321398e-09, 1.33868214292e-08, 1.31991001462e-10, 6.30151070213e-11, 2.3468399446e-10, 1.38299163788e-10, 2.11807002493e-10, 1.70532962751e-11, 5.62751095723e-11, 2.97660264492e-11, 6.83819580821e-12, 4.02840131045e-12, 9.13496014943e-12, 8.61677743047e-12, 1.53606966556e-12, 3.09753362283e-13, 9.6758408577e-13, 3.57170890086e-12, 2.47180140939e-12, 4.40006668254e-12, 1.92847335323e-11, 6.51348905367e-11, 5.59574747649e-11, 8.00059324346e-11, 2.87056012641e-12, 8.99162146649e-13, 4.7277524777e-13, 3.3115402239e-13, 1.15560653494e-12, 1.59146177139e-12],
        "max": [0.00986457336694, 0.0117965070531, 0.0120342802256, 0.0201411508024, 0.00534752104431, 0.00245761242695, 0.00219612126239, 0.00198128516786, 0.000988344894722, 0.000954564544372, 0.000519061053637, 0.00257899332792, 0.000114927257528, 8.20572458906e-05, 0.000313379248837, 0.000140896241646, 0.000176266607014, 4.16183138441e-05, 7.7512821008e-05, 5.71384443901e-05, 2.59212483797e-05, 1.41987375173e-05, 1.98690049729e-05, 2.32808270084e-05, 1.35350528581e-05, 5.90034778725e-06, 9.21288392419e-06, 2.35264324147e-05, 1.36507496791e-05, 1.65643632499e-05, 3.91615794797e-05, 7.09375162842e-05, 6.25509564998e-05, 0.000106067971501, 2.28274329857e-05, 8.15047224023e-06, 5.2198688536e-06, 6.74547618473e-06, 1.04472119347e-05, 1.34402680487e-05],
        "mean": [0.000467856414616, 0.00157982390374, 0.00202327710576, 0.000771539984271, 0.000575780810323, 0.000169120758073, 6.91636887495e-05, 8.23143564048e-05, 3.3339842048e-05, 2.24571394938e-05, 2.09939953493e-05, 2.18982786464e-05, 4.66861956738e-06, 3.13116424877e-06, 5.07047116116e-06, 2.99743760479e-06, 2.19498519982e-06, 8.58657131175e-07, 8.56652093262e-07, 8.38331004616e-07, 4.52973097254e-07, 6.83640053012e-07, 8.19018509901e-07, 6.2963624714e-07, 2.73657377647e-07, 1.91704259578e-07, 2.6148572374e-07, 3.43920135037e-07, 2.99579738794e-07, 3.78879803975e-07, 6.51669211038e-07, 1.08629774331e-06, 1.0469497056e-06, 7.46004843677e-07, 3.80793892418e-07, 2.50469412322e-07, 2.06498683042e-07, 1.66102381627e-07, 2.08588772921e-07, 2.78682392718e-07],