{
"metadata": {
    "version": {
        "essentia": "2.0.1",
        "extractor": "archive-music 1.0 mod ismir14"
    },
    "audio_properties": {
        "analysis_sample_rate": 44100,
        "bitrate": 32,
        "channels": 2,
        "equal_loudness": 0,
        "length": 30.0408172607,
        "replay_gain": -12.206199646,
        "downmix": "mix"
    },
    "tags": {
        "track": 6,
        "year": 0,
        "album": "Swing Classics (Jazz & Tzaz 70)",
        "artist": "Benny Carter",
        "comment": "",
        "genre": "Jazz",
        "title": "Babalu"
    }
},
"rhythm": {
    "bpm": 92.4049606323,
    "bpm_histogram_first_peak": 92,
    "bpm_histogram_first_peak_spread": 0.613636374474,
    "bpm_histogram_first_peak_weight": 0.377777785063,
    "bpm_histogram_second_peak": 99,
    "bpm_histogram_second_peak_spread": 0,
    "bpm_histogram_second_peak_weight": 0.0222222227603
},
"tonal": {
    "tuning_frequency": {
        "dmean": 0.0613785386086,
        "dmean2": 0.0963325127959,
        "dvar": 0.817242980003,
        "dvar2": 1.22944915295,
        "max": 456.04309082,
        "mean": 441.910827637,
        "median": 441.017791748,
        "min": 437.465789795,
        "var": 23.338766098
    },
    "hpcp": {
        "dmean": [0.088346555829, 0.132246464491, 0.0706225559115, 0.191554740071, 0.131684184074, 0.110792584717, 0.145710840821, 0.0640168115497, 0.197747379541, 0.103140220046, 0.191179588437, 0.19878397882],
        "dmean2": [0.158861577511, 0.225241273642, 0.128021478653, 0.333654552698, 0.222596302629, 0.189141750336, 0.239650025964, 0.110881052911, 0.335273683071, 0.182204395533, 0.332031428814, 0.33553019166],
        "dvar": [0.0307219587266, 0.0425197333097, 0.0297750439495, 0.0666833594441, 0.0488007031381, 0.0290023833513, 0.0444331355393, 0.0192590598017, 0.0586049742997, 0.0399760007858, 0.0568750910461, 0.0623751953244],
        "dvar2": [0.0779574587941, 0.108402974904, 0.0754133164883, 0.146873727441, 0.109017506242, 0.0702839121222, 0.0922390818596, 0.0508183278143, 0.1417735219, 0.10630723834, 0.144290804863, 0.13896727562],
        "max": [1, 1, 1, 1, 1, 1, 1, 1, 1, 1, 1, 1],
        "mean": [0.0839870870113, 0.225701525807, 0.0647744759917, 0.433265179396, 0.221800819039, 0.122744515538, 0.308357715607, 0.0586378909647, 0.374172270298, 0.0823874250054, 0.252103596926, 0.343992978334],
        "median": [0.0159157067537, 0.0708698034286, 0.0086786095053, 0.278801679611, 0.0384370200336, 0.0458251833916, 0.132875725627, 0.015333481133, 0.252697944641, 0.0191315896809, 0.132425040007, 0.218753919005],
        "min": [0.000205311182071, 9.75290677161e-05, 6.15750032011e-05, 0.000212911108974, 6.22865845799e-05, 0.000374106981326, 0.000599157006945, 5.40351175005e-05, 0.000379142584279, 7.58478054195e-05, 6.09434609942e-05, 0.000244444730924],
        "var": [0.0312434919178, 0.085426427424, 0.0310983303934, 0.157592907548, 0.113733835518, 0.0393322296441, 0.129770249128, 0.0171090792865, 0.122149795294, 0.0304000489414, 0.0869113951921, 0.125242426991]
    }
},
"lowlevel": {
    "melbands": {
        "dmean": [8.68389270181e-06, 3.98720476369e-05, 2.36856412812e-05, 5.23646776855e-05, 5.22876616742e-05, 8.13810402178e-05, 6.31380244158e-05, 0.000139567011502, 9.05742854229e-05, 6.7101791501e-05, 4.16645925725e-05, 3.49311958416e-05, 3.07485061057e-05, 2.46235176746e-05, 5.03109258716e-05, 3.98660595238e-05, 2.45325445576e-05, 1.63649947353e-05, 1.41284108395e-05, 1.55758989422e-05, 5.04092759002e-06, 7.01431281414e-06, 2.98951090372e-06, 2.74321064353e-06, 3.73731040781e-06, 1.17031402169e-06, 6.58819203636e-07, 8.09734615359e-07, 7.66612913594e-07, 7.74943771376e-07, 3.6826125438e-07, 1.9597928258e-07, 1.27083623624e-07, 5.22851202334e-08, 2.27940279984e-08, 1.83517130381e-08, 4.94446483756e-09, 9.15771125598e-10, 3.81577408559e-10, 1.91398424887e-10],
        "dmean2": [1.40128340718e-05, 6.70205554343e-05, 3.59377590939e-05, 7.93057770352e-05, 7.66942685004e-05, 0.000124750789837, 9.95316513581e-05, 0.000217612410779, 0.000136135480716, 0.000102097488707, 6.42147570034e-05, 5.33268503204e-05, 4.6535540605e-05, 3.72335634893e-05, 7.83505383879e-05, 6.39824284008e-05, 3.72473623429e-05, 2.38425836869e-05, 2.06201802939e-05, 2.47617481364e-05, 7.77993864176e-06, 1.08216254375e-05, 4.50254401585e-06, 3.99890041081e-06, 5.75563626626e-06, 1.75783372924e-06, 9.62565309237e-07, 1.23864265333e-06, 1.13177441108e-06, 1.15392606403e-06, 5.34529135621e-07, 2.70320612117e-07, 1.82608900445e-07, 7.452294426e-08, 3.23912807687e-08, 2.60074539682e-08, 7.42660155595e-09, 1.469071087e-09, 6.03249006303e-10, 3.00314939583e-10],
        "dvar": [1.03692984754e-10, 2.30574137561e-09, 1.47138778939e-09, 6.86954360063e-09, 4.87328577492e-09, 1.90795432786e-08, 8.30860269474e-09, 9.24032121929e-08, 2.50025689041e-08, 1.22027152827e-08, 6.26877660892e-09, 5.07591213506e-09, 3.68377017779e-09, 1.87873805402e-09, 9.05387498307e-09, 1.01444204148e-08, 3.33013061571e-09, 1.33260691371e-09, 1.1190603999e-09, 1.18663479043e-09, 6.66303123786e-11, 3.21048410079e-10, 2.5205951909e-11, 2.43289537821e-11, 6.02603522637e-11, 6.7577506091e-12, 1.90296606598e-12, 4.55473072453e-12, 2.30328408256e-12, 2.0344208089e-12, 5.94943528037e-13, 2.0639417367e-13, 1.17892972945e-13, 2.06306749706e-14, 2.93955288103e-15, 1.75230862112e-15, 9.83509079473e-17, 5.84674128496e-18, 9.08952482585e-19, 1.6553044695e-19],
        "dvar2": [2.31701019482e-10, 5.425558669e-09, 3.54861495744e-09, 1.62399587111e-08, 9.98147786646e-09, 4.1747412638e-08, 1.78934573825e-08, 1.85632529792e-07, 4.94586664956e-08, 2.44483953082e-08, 1.40354332601e-08, 1.18098917312e-08, 7.8093584932e-09, 3.63646823764e-09, 2.00667003014e-08, 2.60375330186e-08, 7.82476305972e-09, 2.67118216435e-09, 2.57994470232e-09, 2.52060439188e-09, 1.47238901627e-10, 7.55596418767e-10, 5.36753766434e-11, 4.99840897838e-11, 1.23617033276e-10, 1.25959537939e-11, 3.91297541244e-12, 1.02514689446e-11, 4.47361548847e-12, 3.72006548829e-12, 9.92783654764e-13, 3.44159596655e-13, 2.05786031119e-13, 3.71821917331e-14, 5.54008378954e-15, 3.13150452292e-15, 1.93101502352e-16, 1.36513628316e-17, 2.25309523199e-18, 3.84703789268e-19],
        "max": [9.09524824237e-05, 0.000642093073111, 0.000621711893473, 0.00118897552602, 0.000782432965934, 0.0013134398032, 0.00121742510237, 0.00409851921722, 0.00181510369293, 0.00102428672835, 0.000805426097941, 0.000821876397822, 0.000844134483486, 0.000508570927195, 0.0008418278303, 0.0014081147965, 0.000708466104697, 0.000420410826337, 0.00035313834087, 0.000535335566383, 0.000111937653855, 0.000242035908741, 5.38103995495e-05, 6.06797366345e-05, 6.92761532264e-05, 3.64635598089e-05, 1.43623710755e-05, 2.35188708757e-05, 1.29494601424e-05, 1.39673311423e-05, 9.09036498342e-06, 5.77442006033e-06, 3.52168285644e-06, 1.55859072493e-06, 5.11087421273e-07, 5.22265281688e-07, 8.97482195228e-08, 2.51344456359e-08, 1.00693657856e-08, 3.80424580726e-09],
        "mean": [1.12195148176e-05, 5.38086387678e-05, 3.87618565583e-05, 8.40307475301e-05, 0.00010383791232, 0.000147310856846, 0.000140483520227, 0.000332385068759, 0.000182080882951, 0.000108248648758, 7.16423674021e-05, 5.78017934458e-05, 4.79218833789e-05, 3.60186240869e-05, 7.58854366723e-05, 6.16053293925e-05, 4.4612603233e-05, 2.22971830226e-05, 1.90663104149e-05, 2.47845237027e-05, 7.49220998841e-06, 1.05309482024e-05, 5.26732856088e-06, 4.20215746999e-06, 5.96148902332e-06, 1.94465155801e-06, 1.01058594737e-06, 1.10013297672e-06, 1.15464376904e-06, 1.22929418467e-06, 5.73464944864e-07, 2.7379542189e-07, 1.76282696884e-07, 7.16075803098e-08, 3.18105080055e-08, 3.01089073673e-08, 8.38905034328e-09, 1.25531507411e-09, 4.69770777833e-10, 2.68962213612e-10],