{
"metadata": {
    "version": {
        "essentia": "2.0.1",
        "extractor": "archive-music 1.0 mod ismir14"
    },
    "audio_properties": {
        "analysis_sample_rate": 44100,
        "bitrate": 721,
        "channels": 2,
        "equal_loudness": 0,
        "length": 29.9995231628,
        "replay_gain": -13.4567604065,
        "downmix": "mix"
    },
    "tags": {
        "track": 0,
        "year": 0,
        "album": "",
        "artist": "",
        "comment": "",
        "genre": "",
        "title": ""
    }
},
"rhythm": {
    "bpm": 87.6592712402,
    "bpm_histogram_first_peak": 89,
    "bpm_histogram_first_peak_spread": 0.444444477558,
    "bpm_histogram_first_peak_weight": 0.476190507412,
    "bpm_histogram_second_peak": 82,
    "bpm_histogram_second_peak_spread": 0,
    "bpm_histogram_second_peak_weight": 0.142857149243
},
"tonal": {
    "tuning_frequency": {
        "dmean": 0.130063280463,
        "dmean2": 0.219304054976,
        "dvar": 0.577438235283,
        "dvar2": 0.858042001724,
        "max": 443.572570801,
        "mean": 441.759094238,
        "median": 441.782684326,
        "min": 434.695007324,
        "var": 3.80614829063
    },
    "hpcp": {
        "dmean": [0.219498157501, 0.152982845902, 0.233385816216, 0.229152068496, 0.113212525845, 0.214535281062, 0.267659455538, 0.269512474537, 0.176584616303, 0.114128828049, 0.252792328596, 0.0846153646708],
        "dmean2": [0.373330920935, 0.269413411617, 0.428523093462, 0.40672942996, 0.206069096923, 0.374284744263, 0.461166232824, 0.469716519117, 0.29760825634, 0.199002802372, 0.464473694563, 0.150820732117],
        "dvar": [0.045208428055, 0.0330354273319, 0.0557240620255, 0.049648437649, 0.0263271834701, 0.0652844235301, 0.0655741244555, 0.0481801182032, 0.0419575944543, 0.0201498549432, 0.0670139268041, 0.0169586353004],
        "dvar2": [0.125138044357, 0.0778697505593, 0.165685161948, 0.134720668197, 0.0718956515193, 0.143050312996, 0.146845623851, 0.125666737556, 0.104316107929, 0.053538504988, 0.165100976825, 0.0485802330077],
        "max": [1, 1, 1, 1, 1, 1, 1, 1, 1, 1, 1, 1],
        "mean": [0.306732594967, 0.179900750518, 0.233232304454, 0.2999766469, 0.135894149542, 0.323695063591, 0.3551633358, 0.39832291007, 0.248068451881, 0.137199789286, 0.775538742542, 0.100794926286],
        "median": [0.248306438327, 0.10563827306, 0.128801226616, 0.217930316925, 0.0830159410834, 0.157331928611, 0.234737291932, 0.336995869875, 0.143306940794, 0.0804847031832, 0.952651560307, 0.0767412334681],
        "min": [0.0168027915061, 0.00542807905003, 0.0156728792936, 0.00848424900323, 0.00437318021432, 0.0284786652774, 0.00503362482414, 0.0113412924111, 0.00532416952774, 0.0075502153486, 0.132071450353, 0.00602663867176],
        "var": [0.0636019408703, 0.0418946444988, 0.0605649203062, 0.0675633177161, 0.0253511648625, 0.112891681492, 0.0987264513969, 0.0837800130248, 0.068684861064, 0.0229874178767, 0.0763552188873, 0.0122062442824]
    }
},
"lowlevel": {
    "melbands": {
        "dmean": [1.54511253641e-05, 6.27611880191e-05, 6.09882226854e-05, 4.07041115977e-05, 1.65881774592e-05, 2.99075782095e-05, 3.02816479234e-05, 3.48361863871e-05, 4.37711751147e-05, 2.25929652515e-05, 1.73958178493e-05, 9.91016167973e-06, 8.51261575008e-06, 5.23830021848e-06, 8.67324342835e-06, 5.03413821207e-06, 6.21665867584e-06, 3.82620100936e-06, 2.54246242548e-06, 2.07706466426e-06, 2.51688015851e-06, 2.22749326895e-06, 3.42983730661e-06, 3.81780364478e-06, 2.4442524591e-06, 1.55640418598e-06, 1.68691428826e-06, 1.07531604954e-06, 4.58923693714e-07, 4.21811250817e-07, 3.71113003439e-07, 1.90778976616e-07, 7.30852391939e-08, 4.61911042748e-08, 4.29051105755e-08, 2.84224412894e-08, 1.65593263546e-08, 6.9026309113e-09, 1.39634614982e-09, 7.85249296142e-11],
        "dmean2": [2.71958579106e-05, 0.000119446216559, 0.000112036737846, 7.5014999311e-05, 2.97289934679e-05, 5.55850565434e-05, 5.28457348992e-05, 6.42731974949e-05, 7.20670213923e-05, 3.81677091355e-05, 2.94586825476e-05, 1.73719763552e-05, 1.51801286847e-05, 9.18708519748e-06, 1.54552781169e-05, 8.94491313375e-06, 1.13973183034e-05, 6.47724164082e-06, 4.42383588961e-06, 3.46081378666e-06, 4.4856014938e-06, 4.05297942052e-06, 6.07065248914e-06, 6.5121521402e-06, 3.97257372242e-06, 2.77606636701e-06, 2.94567848869e-06, 1.89394427252e-06, 8.09555785963e-07, 7.27507824649e-07, 6.34615162198e-07, 3.32964788186e-07, 1.27785256154e-07, 8.20735550633e-08, 7.43251575841e-08, 4.85958508989e-08, 3.02209421932e-08, 1.23655237161e-08, 2.43599873606e-09, 1.40352160449e-10],
        "dvar": [5.53111556556e-10, 4.3320977916e-09, 2.97698488083e-09, 3.86963217025e-09, 2.19941218016e-10, 6.9429006988e-10, 6.31379171168e-10, 1.2686183215e-09, 8.2247222366e-09, 3.13644510364e-09, 5.65607394254e-10, 5.67313529487e-10, 4.46722603353e-10, 1.2262557636e-10, 3.20834553369e-10, 8.70801486474e-11, 1.93101618029e-10, 4.07984895867e-11, 1.26720196836e-11, 1.65734335977e-11, 1.53591687979e-11, 1.01999537289e-11, 3.41566670781e-11, 4.77728863413e-11, 1.74132444575e-11, 9.01642302487e-12, 1.38373262501e-11, 6.36201594878e-12, 4.86148122626e-13, 7.22678969618e-13, 5.50671108105e-13, 1.46653888577e-13, 1.36345580618e-14, 4.90833824187e-15, 5.95735635979e-15, 1.0433717963e-15, 3.62398678969e-16, 5.00627110597e-17, 2.54149444089e-18, 9.14818621307e-21],
        "dvar2": [1.49468093458e-09, 1.37946098988e-08, 8.44423375668e-09, 1.09068425402e-08, 6.35230756885e-10, 2.15546824833e-09, 1.82958181938e-09, 3.3126497101e-09, 1.76977330568e-08, 8.39707414713e-09, 1.51387180569e-09, 1.55551471703e-09, 1.24742693952e-09, 3.49216322526e-10, 9.23813525677e-10, 2.45277353983e-10, 5.40777644886e-10, 9.93244375636e-11, 3.32249401602e-11, 3.2702198588e-11, 4.07072014985e-11, 2.72234595977e-11, 9.62630947177e-11, 1.22528584501e-10, 4.02642814923e-11, 2.34970654045e-11, 3.5376583607e-11, 1.62087409467e-11, 1.15299859504e-12, 1.89910066839e-12, 1.58861725857e-12, 4.13571059994e-13, 3.17892752595e-14, 1.08204596541e-14, 1.31942754181e-14, 1.92081110877e-15, 9.11239738722e-16, 1.28551239024e-16, 6.40069711016e-18, 2.61025162565e-20],
        "max": [0.000191831059055, 0.000345978798578, 0.000257042353041, 0.000346037530107, 9.06645000214e-05, 0.000156587513629, 0.000155515779625, 0.00014149051276, 0.000901796796825, 0.000436590547906, 0.000160643437994, 0.000138915813295, 0.000146077625686, 8.12479556771e-05, 0.000113692418381, 5.48504831386e-05, 7.76783272158e-05, 6.42266095383e-05, 2.61072473222e-05, 3.90166205761e-05, 2.35266725213e-05, 2.06356908166e-05, 3.34162650688e-05, 4.9655107432e-05, 3.77868236683e-05, 2.25077783398e-05, 2.58318905253e-05, 1.69739705598e-05, 4.75086471852e-06, 7.18174987924e-06, 4.82530958834e-06, 2.87081979877e-06, 7.35083801828e-07, 5.11465259478e-07, 5.91080095091e-07, 2.910907142e-07, 1.85801781072e-07, 5.64049891238e-08, 1.37850717508e-08, 7.63057894648e-10],
        "mean": [1.92363004317e-05, 7.34076602384e-05, 8.01554560894e-05, 4.21440709033e-05, 2.27845521295e-05, 4.15183312725e-05, 4.04456841352e-05, 3.01441941701e-05, 4.95590065839e-05, 2.48255400948e-05, 1.90436803678e-05, 8.71486918186e-06, 6.69851669954e-06, 4.81767847305e-06, 7.82012557465e-06, 4.28152043241e-06, 4.80045491713e-06, 3.90350578527e-06, 2.66572055807e-06, 2.23989832193e-06, 2.23559936785e-06, 2.25427834266e-06, 3.44515797224e-06, 3.86924466511e-06, 2.46828972195e-06, 2.08916276279e-06, 1.77673030066e-06, 1.03425361431e-06, 5.34644414074e-07, 4.3632667257e-07, 3.53596618652e-07, 2.21444082626e-07, 1.04381769006e-07, 8.16070269138e-08, 7.41949435223e-08, 5.16557996377e-08, 3.18512860531e-08, 1.23518670847e-08, 2.14445416979e-09, 1.16446172149e-10],