{
"metadata": {
    "version": {
        "essentia": "2.0.1",
        "extractor": "archive-music 1.0 mod ismir14"
    },
    "audio_properties": {
        "analysis_sample_rate": 44100,
        "bitrate": 721,
        "channels": 2,
        "equal_loudness": 0,
        "length": 29.9995231628,
        "replay_gain": -13.8808917999,
        "downmix": "mix"
    },
    "tags": {
        "track": 0,
        "year": 0,
        "album": "",
        "artist": "",
        "comment": "",
        "genre": "",
        "title": ""
    }
},
"rhythm": {
    "bpm": 90.231262207,
    "bpm_histogram_first_peak": 91,
    "bpm_histogram_first_peak_spread": 0.357142865658,
    "bpm_histogram_first_peak_weight": 0.62790697813,
    "bpm_histogram_second_peak": 85,
    "bpm_histogram_second_peak_spread": 0,
    "bpm_histogram_second_peak_weight": 0.0232558138669
},
"tonal": {
    "tuning_frequency": {
        "dmean": 0.324242115021,
        "dmean2": 0.64440882206,
        "dvar": 3.27183318138,
        "dvar2": 6.37008523941,
        "max": 452.37008667,
        "mean": 449.531005859,
        "median": 450.544708252,
        "min": 435.448913574,
        "var": 12.0561475754
    },
    "hpcp": {
        "dmean": [0.278848469257, 0.0862502977252, 0.159388765693, 0.164199411869, 0.402409911156, 0.296184957027, 0.152231037617, 0.311692118645, 0.141457304358, 0.107387378812, 0.124465756118, 0.155196323991],
        "dmean2": [0.490061700344, 0.147490501404, 0.258668005466, 0.297108888626, 0.721225082874, 0.520131409168, 0.271506726742, 0.512559115887, 0.251346766949, 0.195465922356, 0.218241110444, 0.27976539731],
        "dvar": [0.0947371348739, 0.010455683805, 0.0315067283809, 0.0447317436337, 0.0927726179361, 0.077255487442, 0.0342481210828, 0.0873048603535, 0.0302489679307, 0.0253101065755, 0.0253051742911, 0.0337546691298],
        "dvar2": [0.163150265813, 0.0232023447752, 0.0842685624957, 0.127570018172, 0.24219532311, 0.19374576211, 0.0897285044193, 0.183135658503, 0.0826320946217, 0.0713457465172, 0.0701873525977, 0.0999474525452],
        "max": [1, 0.614698290825, 1, 1, 1, 1, 1, 1, 1, 1, 1, 1],
        "mean": [0.54604524374, 0.0909915789962, 0.185609996319, 0.15465298295, 0.432472079992, 0.376321941614, 0.151552066207, 0.431397557259, 0.126027852297, 0.107082381845, 0.120554916561, 0.155075281858],
        "median": [0.438113629818, 0.0530480183661, 0.120231725276, 0.0772989839315, 0.318555921316, 0.218500375748, 0.0696963295341, 0.287409305573, 0.0749366283417, 0.0706805437803, 0.0665762200952, 0.0829250365496],
        "min": [0.0112179955468, 0.00229734694585, 0.00795582402498, 0.00501046469435, 0.0225229635835, 0.00594686856493, 0.00764732295647, 0.00531653640792, 0.0017003917601, 0.0047751404345, 0.00408252095804, 0.00449194852263],
        "var": [0.154601186514, 0.0132522536442, 0.0421579964459, 0.0446495003998, 0.124052584171, 0.129106462002, 0.0349803566933, 0.143879622221, 0.0266960617155, 0.0193384997547, 0.0218296721578, 0.0310227833688]
    }
},
"lowlevel": {
    "melbands": {
        "dmean": [6.55953481328e-05, 0.000161496078363, 4.59871007479e-05, 3.18438433169e-05, 2.66321931122e-05, 2.10392336157e-05, 2.66121114691e-05, 4.25269354309e-05, 6.92852627253e-05, 5.49785363546e-05, 2.18719760596e-05, 2.60670094576e-05, 2.92415661534e-05, 9.83417703537e-06, 1.71469491761e-05, 2.18581426452e-05, 5.25172617927e-06, 3.63840558748e-06, 1.51550329974e-06, 1.76813171038e-06, 3.26358849634e-06, 2.29429974752e-06, 4.35890569861e-06, 3.62058267456e-06, 1.93822984329e-06, 2.21159803004e-06, 1.88516071375e-06, 1.19688968425e-06, 5.13656686962e-07, 4.44606314431e-07, 2.08488728504e-07, 8.0282468673e-08, 4.4166391433e-08, 3.9835541088e-08, 3.47459803152e-08, 2.62305430709e-08, 1.55692649884e-08, 1.05220170354e-08, 3.34251959444e-09, 2.58163046496e-10],
        "dmean2": [0.000104244565591, 0.000254447426414, 8.16276588012e-05, 5.57558305445e-05, 4.77248177049e-05, 3.75132003683e-05, 4.453586007e-05, 8.11448990135e-05, 0.000128463769215, 0.000104791812191, 4.23355741077e-05, 5.03675146319e-05, 5.30257129867e-05, 1.84292184713e-05, 3.11334188154e-05, 4.11844630435e-05, 9.83088011708e-06, 6.85772511133e-06, 2.74574313153e-06, 3.18425122714e-06, 5.91208072365e-06, 4.22273569711e-06, 8.21441608423e-06, 6.70961662763e-06, 3.53304199052e-06, 4.06828030464e-06, 3.47662285094e-06, 2.21902632802e-06, 9.59264752964e-07, 8.35149080558e-07, 3.87590489481e-07, 1.45184202438e-07, 8.21381576088e-08, 7.27898878949e-08, 6.34185681747e-08, 4.75499248864e-08, 2.85884951268e-08, 1.93706561902e-08, 6.17256956659e-09, 4.76095829427e-10],
        "dvar": [2.05349826032e-09, 1.42148186555e-08, 2.41596787021e-09, 8.92279028442e-10, 9.7845775926e-10, 5.37618560781e-10, 1.24291421599e-09, 3.43726513918e-09, 7.11391123787e-09, 1.70007563582e-08, 9.90608395313e-09, 2.370786234e-09, 2.79557732519e-09, 2.07960246246e-10, 6.22922269322e-10, 1.68652192212e-09, 3.36583011462e-10, 6.47752823602e-11, 2.97498722705e-12, 1.85418303975e-12, 9.46228512211e-12, 4.85663549307e-12, 1.97577197658e-11, 9.85057434927e-12, 2.40065194286e-12, 4.200752593e-12, 3.45855332221e-12, 1.27962126572e-12, 2.39442526136e-13, 2.14938987832e-13, 3.01683794591e-14, 6.76845266371e-15, 1.65280946075e-15, 1.09861189698e-15, 7.76430580579e-16, 5.76458860166e-16, 2.11479324746e-16, 1.16818853323e-16, 1.02217735774e-17, 6.60631092013e-20],
        "dvar2": [4.82556794523e-09, 3.93675030352e-08, 6.70782718259e-09, 2.59213051024e-09, 2.3850572628e-09, 1.30774702178e-09, 2.99718427854e-09, 9.9495549577e-09, 2.08009645064e-08, 4.84801851997e-08, 2.98100459872e-08, 6.98355995254e-09, 7.8058768338e-09, 6.0620175546e-10, 1.66947533575e-09, 4.72662886608e-09, 1.00525032742e-09, 1.88756954511e-10, 8.7386044581e-12, 5.06746684545e-12, 2.55506622804e-11, 1.39752636547e-11, 5.53390493152e-11, 2.65294505114e-11, 7.04637997256e-12, 1.16055021496e-11, 9.59956506646e-12, 3.44644950599e-12, 6.69512188745e-13, 6.21797264285e-13, 9.08600113008e-14, 2.16776144696e-14, 4.88271295412e-15, 3.12767572224e-15, 2.21956386444e-15, 1.74325669765e-15, 6.61668362956e-16, 3.60956631846e-16, 3.16131125499e-17, 1.97260875528e-19],
        "max": [0.000261018023593, 0.000799422268756, 0.000389614346204, 0.000235094223171, 0.000275250698905, 0.000181717929081, 0.000360515783541, 0.000287945906166, 0.00043436489068, 0.000980195007287, 0.000907148758415, 0.000287905306323, 0.000277926999843, 7.03552432242e-05, 0.00013190068421, 0.000251236866461, 0.000166519545019, 5.55168844585e-05, 1.445027101e-05, 6.56062866256e-06, 1.69291070051e-05, 9.73621445155e-06, 2.11532078538e-05, 1.4608796846e-05, 8.05785930424e-06, 1.21865350593e-05, 1.05659300971e-05, 6.79946424498e-06, 2.38168399846e-06, 2.61544778368e-06, 9.4579462484e-07, 6.72587816553e-07, 2.53947888496e-07, 2.42822920882e-07, 1.85285756515e-07, 1.42982329976e-07, 8.06402766784e-08, 6.49632312388e-08, 1.69301728192e-08, 1.70536840205e-09],
        "mean": [9.80338154477e-05, 0.000259920110693, 8.33277081256e-05, 4.00776625611e-05, 2.60397591774e-05, 2.18009336095e-05, 2.81571174128e-05, 3.52350944013e-05, 5.8400342823e-05, 3.78610748157e-05, 1.49946645251e-05, 1.85862554645e-05, 2.07117791433e-05, 8.33473859529e-06, 1.42156304719e-05, 1.56998448801e-05, 3.89487695429e-06, 2.85946521217e-06, 1.58531099714e-06, 1.91328877008e-06, 2.82255564343e-06, 2.07242510442e-06, 3.63189064956e-06, 2.91545052278e-06, 1.78380969373e-06, 1.95124698621e-06, 1.56832754783e-06, 9.6994665455e-07, 4.67752158784e-07, 3.67043838878e-07, 1.96160527821e-07, 1.00556938776e-07, 6.10287500535e-08, 5.26749026619e-08, 4.71472176855e-08, 4.00500468345e-08, 2.16296456301e-08, 1.43508600559e-08, 4.16082324151e-09, 3.43247263945e-10],