{
"metadata": {
    "version": {
        "essentia": "2.0.1",
        "extractor": "archive-music 1.0 mod ismir14"
    },
    "audio_properties": {
        "analysis_sample_rate": 44100,
        "bitrate": 32,
        "channels": 2,
        "equal_loudness": 0,
        "length": 30.0408172607,
        "replay_gain": -13.4732723236,
        "downmix": "mix"
    },
    "tags": {
        "track": 0,
        "year": 0,
        "album": "",
        "artist": "",
        "comment": "",
        "genre": "",
        "title": ""
    }
},
"rhythm": {
    "bpm": 178.205886841,
    "bpm_histogram_first_peak": 178,
    "bpm_histogram_first_peak_spread": 0,
    "bpm_histogram_first_peak_weight": 0.453488379717,
    "bpm_histogram_second_peak": 172,
    "bpm_histogram_second_peak_spread": 0,
    "bpm_histogram_second_peak_weight": 0.430232554674
},
"tonal": {
    "tuning_frequency": {
        "dmean": 0.0716284811497,
        "dmean2": 0.133505254984,
        "dvar": 0.956163644791,
        "dvar2": 1.7392963171,
        "max": 454.990661621,
        "mean": 440.898895264,
        "median": 434.695007324,
        "min": 431.193908691,
        "var": 76.0535964966
    },
    "hpcp": {
        "dmean": [0.170837134123, 0.157148256898, 0.168911859393, 0.178177282214, 0.143550246954, 0.143620714545, 0.227752327919, 0.278366923332, 0.268586248159, 0.210828110576, 0.26371473074, 0.246935382485],
        "dmean2": [0.316438943148, 0.288523882627, 0.313209474087, 0.326207637787, 0.268888533115, 0.262096315622, 0.417218714952, 0.51393866539, 0.49733453989, 0.390037685633, 0.473945707083, 0.466651678085],
        "dvar": [0.0737268105149, 0.0714965388179, 0.0844712927938, 0.0817726552486, 0.0706364512444, 0.0624925754964, 0.0907351225615, 0.107346206903, 0.108322992921, 0.0941374152899, 0.0900349244475, 0.112181246281],
        "dvar2": [0.204395458102, 0.201492711902, 0.229205384851, 0.222067087889, 0.199215233326, 0.168859407306, 0.238417387009, 0.29752612114, 0.28382986784, 0.265642046928, 0.22957251966, 0.326214909554],
        "max": [1, 1, 1, 1, 1, 1, 1, 1, 1, 1, 1, 1],
        "mean": [0.151720479131, 0.128579750657, 0.134916543961, 0.176582276821, 0.10248554498, 0.131610572338, 0.231172651052, 0.267535060644, 0.244949311018, 0.163229584694, 0.331267058849, 0.174923062325],
        "median": [0.0290881581604, 0.0189531818032, 0.0167690142989, 0.0238828584552, 0.0137068312615, 0.0227909702808, 0.0609212145209, 0.0759665891528, 0.0577246546745, 0.0252371951938, 0.161366671324, 0.0274855084717],
        "min": [0, 0, 0, 0, 0, 0, 0, 0, 0, 0, 0, 0],
        "var": [0.0728087201715, 0.0617565847933, 0.0727944597602, 0.0926388949156, 0.0518490821123, 0.0654868707061, 0.110674396157, 0.124584920704, 0.120573468506, 0.081409201026, 0.130860030651, 0.0913028419018]
    }
},
"lowlevel": {
    "melbands": {
        "dmean": [0.000208200814086, 0.000799659406766, 0.000944378087297, 0.000480755436001, 0.000282056425931, 0.000442911608843, 0.000545368413441, 0.000384987244615, 0.000412838155171, 0.000253958249232, 0.0001245381427, 7.9415323853e-05, 6.20579812676e-05, 4.37156159023e-05, 6.21639555902e-05, 4.09891763411e-05, 4.23419660365e-05, 3.55234078597e-05, 2.85176320176e-05, 2.37116946664e-05, 2.14143856283e-05, 2.038979801e-05, 2.50803750532e-05, 2.57141437032e-05, 1.88778030861e-05, 1.57336708071e-05, 1.09151442302e-05, 7.45882380215e-06, 4.31246917287e-06, 3.35163235832e-06, 2.49597519542e-06, 1.5423718196e-06, 7.77164416377e-07, 6.28587542906e-07, 5.83487519634e-07, 5.18627189194e-07, 5.02103148392e-07, 3.7459858504e-07, 2.005242834e-07, 1.01516086204e-07],
        "dmean2": [0.000357027136488, 0.00137084454764, 0.00163557799533, 0.000825678289402, 0.000477400579257, 0.000747011450585, 0.000970136898104, 0.00061817211099, 0.000688208267093, 0.000423925637733, 0.00019105442334, 0.000115179573186, 9.58803429967e-05, 6.83700127411e-05, 9.31164322537e-05, 6.46581902402e-05, 6.78826327203e-05, 5.85173729633e-05, 4.70380364277e-05, 3.97464245907e-05, 3.50193258782e-05, 3.2623847801e-05, 4.03831218136e-05, 4.03118647228e-05, 2.90996213153e-05, 2.5268389436e-05, 1.62986070791e-05, 1.14964341265e-05, 7.03476734998e-06, 5.27871679878e-06, 3.82510324926e-06, 2.49443223765e-06, 1.27654243443e-06, 1.04552702851e-06, 9.50763990204e-07, 8.47925264225e-07, 8.10426058706e-07, 6.10714494087e-07, 3.27908395548e-07, 1.63648977036e-07],
        "dvar": [8.09087765674e-08, 1.19925141462e-06, 1.47744754031e-06, 5.22016307514e-07, 1.86233862109e-07, 3.19087490652e-07, 8.50406649988e-07, 8.82799895408e-07, 5.13487407261e-07, 2.37726254682e-07, 6.66427339979e-08, 4.8899018168e-08, 4.11033020953e-08, 1.56569743837e-08, 6.99346855981e-08, 1.1515067122e-08, 1.81846093739e-08, 9.29694099483e-09, 6.72603572838e-09, 7.74658381886e-09, 3.48939210859e-09, 2.97279911798e-09, 3.76388697987e-09, 4.05354150246e-09, 2.21274532031e-09, 1.03561614839e-09, 8.69055549746e-10, 4.82649809008e-10, 7.78104664034e-11, 5.26321798644e-11, 3.53365808836e-11, 1.05699164699e-11, 2.2635521929e-12, 1.0406196304e-12, 1.31102962687e-12, 9.11411679634e-13, 8.54640577058e-13, 9.28764769086e-13, 2.88038391966e-13, 4.27813404006e-14],
        "dvar2": [2.31095867775e-07, 3.16264936373e-06, 4.06878734793e-06, 1.49516847614e-06, 5.06133346789e-07, 8.56252484027e-07, 2.41279826696e-06, 2.13565681406e-06, 1.45640638038e-06, 6.68060124553e-07, 1.58908164849e-07, 9.00814924876e-08, 9.1829335247e-08, 3.60229570617e-08, 1.805403258e-07, 2.86972348107e-08, 4.45073489175e-08, 2.40288677844e-08, 1.80482082612e-08, 2.13812150207e-08, 9.38717192867e-09, 8.03139688088e-09, 1.01920756279e-08, 1.03581321298e-08, 5.01647479112e-09, 2.5554696137e-09, 1.61698687773e-09, 1.02819075476e-09, 1.96773167205e-10, 1.09547912408e-10, 7.45080525055e-11, 2.24508432678e-11, 5.54357428018e-12, 2.8031721909e-12, 3.65629445123e-12, 2.41432806906e-12, 2.24547182064e-12, 2.56978574704e-12, 8.25178087752e-13, 1.08317028307e-13],
        "max": [0.00392951443791, 0.0150899384171, 0.0135382581502, 0.00984485819936, 0.00655924947932, 0.00603547180071, 0.0100136250257, 0.0123110935092, 0.0163429565728, 0.0117306290194, 0.00487287715077, 0.00591721804813, 0.00615759473294, 0.0036045901943, 0.0100306868553, 0.00296744517982, 0.00397587800398, 0.00166583235841, 0.00128741376102, 0.00198293663561, 0.00115221540909, 0.00133581343107, 0.00122439034749, 0.00124754477292, 0.000866353453603, 0.000699089257978, 0.000706127088051, 0.000693737412803, 0.00014748259855, 0.000262209417997, 0.000199787318707, 0.000104613573058, 2.70791624644e-05, 1.82253661478e-05, 2.06184377021e-05, 1.84525888471e-05, 1.75363420567e-05, 2.47785064857e-05, 9.98855466605e-06, 5.89035289522e-06],
        "mean": [0.000254380138358, 0.00106473267078, 0.00125553482212, 0.000714242225513, 0.000375266361516, 0.000650598900393, 0.000650825968478, 0.000500453461427, 0.000758288777433, 0.000435467576608, 0.000276154751191, 0.000154888286488, 0.000109008607978, 7.77179375291e-05, 0.000118655247206, 7.29929597583e-05, 7.47558369767e-05, 6.17542900727e-05, 4.35627553088e-05, 3.86457359127e-05, 3.63663275493e-05, 3.70145608031e-05, 5.56819541089e-05, 6.14945965935e-05, 3.94391499867e-05, 3.36943303409e-05, 2.7525031328e-05, 1.57475133165e-05, 8.39577296574e-06, 6.93074571245e-06, 5.60998296351e-06, 3.44626687365e-06, 1.69322970578e-06, 1.34091601467e-06, 1.30762055051e-06, 1.0836004094e-06, 9.92239279185e-07, 7.07600179339e-07, 3.84065714343e-07, 2.02611204259e-07],