{
"metadata": {
    "version": {
        "essentia": "2.0.1",
        "extractor": "archive-music 1.0 mod ismir14"
    },
    "audio_properties": {
        "analysis_sample_rate": 44100,
        "bitrate": 32,
        "channels": 2,
        "equal_loudness": 0,
        "length": 30.0408172607,
        "replay_gain": -13.7347183228,
        "downmix": "mix"
    },
    "tags": {
        "track": 0,
        "year": 0,
        "album": "",
        "artist": "",
        "comment": "",
        "genre": "",
        "title": ""
    }
},
"rhythm": {
    "bpm": 90.2956161499,
    "bpm_histogram_first_peak": 91,
    "bpm_histogram_first_peak_spread": 0.341463446617,
    "bpm_histogram_first_peak_weight": 0.62790697813,
    "bpm_histogram_second_peak": 85,
    "bpm_histogram_second_peak_spread": 0,
    "bpm_histogram_second_peak_weight": 0.0465116277337
},
"tonal": {
    "tuning_frequency": {
        "dmean": 0.118936412036,
        "dmean2": 0.222851321101,
        "dvar": 1.88379073143,
        "dvar2": 4.44623184204,
        "max": 456.306610107,
        "mean": 445.759185791,
        "median": 452.37008667,
        "min": 431.193908691,
        "var": 70.7105636597
    },
    "hpcp": {
        "dmean": [0.196083545685, 0.161539927125, 0.172142505646, 0.129081636667, 0.160387814045, 0.176757544279, 0.186516091228, 0.236427128315, 0.225263595581, 0.169655159116, 0.181137338281, 0.18238042295],
        "dmean2": [0.364066630602, 0.310199975967, 0.318058311939, 0.242908075452, 0.295947819948, 0.327555954456, 0.348722547293, 0.43696898222, 0.414453238249, 0.320510476828, 0.340247511864, 0.341309577227],
        "dvar": [0.0897937864065, 0.09448094666, 0.0846347287297, 0.0664001554251, 0.0744281932712, 0.0860033556819, 0.101987019181, 0.104509346187, 0.107055932283, 0.0923986211419, 0.095636099577, 0.088492564857],
        "dvar2": [0.24590139091, 0.260438859463, 0.238978236914, 0.188354551792, 0.1984398067, 0.232578411698, 0.266975462437, 0.280408978462, 0.279851049185, 0.26408302784, 0.269712120295, 0.247757360339],
        "max": [1, 1, 1, 1, 1, 1, 1, 1, 1, 1, 1, 1],
        "mean": [0.193404331803, 0.117749944329, 0.162760421634, 0.118659958243, 0.156375035644, 0.197462320328, 0.143323153257, 0.256609082222, 0.186891749501, 0.121166527271, 0.133096292615, 0.140637695789],
        "median": [0.0351153761148, 0.00825480278581, 0.0269149076194, 0.00982102937996, 0.0213837102056, 0.0272297952324, 0.00678375456482, 0.0614585876465, 0.0242085680366, 0.0122070489451, 0.0137531720102, 0.022429715842],
        "min": [0, 0, 0, 0, 0, 0, 0, 0, 0, 0, 0, 0],
        "var": [0.099470756948, 0.0750390440226, 0.0849622711539, 0.0690555721521, 0.0818821117282, 0.111125700176, 0.0900078117847, 0.128952935338, 0.101946875453, 0.0673842281103, 0.0755471810699, 0.0727493166924]
    }
},
"lowlevel": {
    "melbands": {
        "dmean": [0.000779379741289, 0.00257914280519, 0.00123739370611, 0.000493497413117, 0.00034499267349, 0.00026046927087, 0.000285988033284, 0.000329909147695, 0.000470386119559, 0.000315681449138, 0.000144456193084, 0.000161687290529, 0.000142694698297, 0.000101409481431, 0.000141226439155, 0.000141065509524, 3.38866011589e-05, 2.60841206909e-05, 1.50201676661e-05, 1.86395045603e-05, 2.8571123039e-05, 2.12670456676e-05, 3.56585951522e-05, 2.65886810666e-05, 1.53286218847e-05, 1.78209702426e-05, 1.37600809467e-05, 8.3426511992e-06, 3.93508435081e-06, 3.3188348425e-06, 1.80228732916e-06, 8.64095227371e-07, 5.21249148733e-07, 4.23175890774e-07, 4.07338376363e-07, 4.28301234479e-07, 3.18722783277e-07, 4.63462129119e-07, 3.93864667103e-07, 3.37218494906e-07],
        "dmean2": [0.00128076539841, 0.00467250449583, 0.00217380723916, 0.000848242780194, 0.000598077953327, 0.000440481962869, 0.00047970545711, 0.000512055063155, 0.000682668585796, 0.000431098073022, 0.000214066152694, 0.000227919736062, 0.000191719838767, 0.000162146578077, 0.000209312827792, 0.000208796060178, 4.93089319207e-05, 3.92236797779e-05, 2.3863347451e-05, 2.96483049169e-05, 4.54151413578e-05, 3.45316111634e-05, 5.68970972381e-05, 3.96139803343e-05, 2.27860346058e-05, 2.82118289761e-05, 2.04788593692e-05, 1.22006249512e-05, 5.98982614974e-06, 5.04594436279e-06, 2.76174932878e-06, 1.36531946282e-06, 8.45697570639e-07, 6.77463333432e-07, 6.55907456348e-07, 6.89926935138e-07, 4.95602193951e-07, 7.50235415126e-07, 6.13309225628e-07, 5.47340846424e-07],
        "dvar": [6.80294647282e-07, 8.56597034726e-06, 1.98584143618e-06, 5.01505326156e-07, 4.87549186801e-07, 1.85426145549e-07, 2.45592303827e-07, 3.99753844249e-07, 8.80425773175e-07, 1.03916727312e-06, 2.99645193991e-07, 2.33436153962e-07, 1.35800533485e-07, 9.92061615079e-08, 1.41730978953e-07, 1.88405891777e-07, 1.02299155813e-08, 4.96742869061e-09, 6.50635156862e-10, 9.77705805205e-10, 3.29704374913e-09, 2.29423458009e-09, 5.89198823064e-09, 3.33350302917e-09, 8.77031391955e-10, 1.10751008364e-09, 7.90735865674e-10, 3.19722442965e-10, 7.08602967969e-11, 5.95017854432e-11, 1.40101376681e-11, 2.14948263182e-12, 6.42691520662e-13, 3.7300799385e-13, 4.3825753031e-13, 3.55239926017e-13, 2.38373828055e-13, 5.37400419304e-13, 5.08026888786e-13, 3.5372185324e-13],
        "dvar2": [1.9192302716e-06, 2.85063561023e-05, 5.73497845835e-06, 1.37817721679e-06, 1.37300730785e-06, 4.99240172758e-07, 6.35932394744e-07, 9.52319965108e-07, 1.71814826899e-06, 1.7590726884e-06, 4.98040094499e-07, 3.54045141648e-07, 1.97866626195e-07, 2.27756316917e-07, 2.52504236187e-07, 3.38037352776e-07, 1.43920519946e-08, 1.0845552012e-08, 1.47313683474e-09, 2.38718111945e-09, 7.93886201222e-09, 5.93955373773e-09, 1.53604133857e-08, 7.42492201056e-09, 1.92773019769e-09, 2.68833000305e-09, 1.51275403315e-09, 6.14715611746e-10, 1.41518283203e-10, 1.1783357623e-10, 3.12897936727e-11, 5.25850847241e-12, 1.60618274323e-12, 8.8069222054e-13, 1.00129811127e-12, 8.50764825342e-13, 5.34713170009e-13, 1.35051410159e-12, 1.12121336521e-12, 8.75244213043e-13],
        "max": [0.00847952067852, 0.0243182200938, 0.0147197833285, 0.0105243418366, 0.00946539733559, 0.00590578140691, 0.0102446610108, 0.00988437607884, 0.0184710863978, 0.0202147196978, 0.0259396936744, 0.0166715923697, 0.0143810911104, 0.00785283185542, 0.0091008124873, 0.0122600616887, 0.00490415096283, 0.00169447809458, 0.000449460465461, 0.000370923691662, 0.000990724074654, 0.000734628178179, 0.00119638512842, 0.000881168525666, 0.000532002653927, 0.000523392867763, 0.000465080112917, 0.000412974477513, 0.000178912669071, 0.00015611499839, 6.64289909764e-05, 3.08081653202e-05, 1.18698299048e-05, 1.03308821053e-05, 1.29484678837e-05, 8.65809488459e-06, 1.19264859677e-05, 1.32917248266e-05, 1.47616428876e-05, 1.20077256724e-05],
        "mean": [0.00132275442593, 0.00354518904351, 0.00185336673167, 0.000695931143127, 0.000452739186585, 0.000392978457967, 0.000456857145764, 0.000614969350863, 0.000929498637561, 0.000624829088338, 0.000242524460191, 0.000279138010228, 0.000325022643665, 0.000150705163833, 0.000237019150518, 0.000254830170888, 6.32980809314e-05, 4.3784162699e-05, 2.64340069407e-05, 3.12058182317e-05, 4.59384100395e-05, 3.55969241355e-05, 5.9010082623e-05, 4.66273486381e-05, 2.88755236397e-05, 3.19569662679e-05, 2.58223972196e-05, 1.55009402079e-05, 7.63099069445e-06, 5.96422660237e-06, 3.22142386722e-06, 1.65915139405e-06, 1.00522640878e-06, 8.85025940534e-07, 8.44754652007e-07, 8.73021861025e-07, 7.0691351084e-07, 9.77238187261e-07, 9.00432610251e-07, 7.46720559164e-07],