{
"metadata": {
    "version": {
        "essentia": "2.0.1",
        "extractor": "archive-music 1.0 mod ismir14"
    },
    "audio_properties": {
        "analysis_sample_rate": 44100,
        "bitrate": 32,
        "channels": 2,
        "equal_loudness": 0,
        "length": 30.0408172607,
        "replay_gain": -13.0509872437,
        "downmix": "mix"
    },
    "tags": {
        "track": 0,
        "year": 0,
        "album": "",
        "artist": "",
        "comment": "",
        "genre": "",
        "title": ""
    }
},
"rhythm": {
    "bpm": 172.265625,
    "bpm_histogram_first_peak": 172,
    "bpm_histogram_first_peak_spread": 0,
    "bpm_histogram_first_peak_weight": 0.441860467196,
    "bpm_histogram_second_peak": 178,
    "bpm_histogram_second_peak_spread": 0,
    "bpm_histogram_second_peak_weight": 0.430232554674
},
"tonal": {
    "tuning_frequency": {
        "dmean": 0.268033057451,
        "dmean2": 0.416456699371,
        "dvar": 3.35448241234,
        "dvar2": 4.28844499588,
        "max": 454.990661621,
        "mean": 440.347717285,
        "median": 440.763122559,
        "min": 433.441375732,
        "var": 17.8072242737
    },
    "hpcp": {
        "dmean": [0.229322299361, 0.153738051653, 0.230906963348, 0.252108812332, 0.115878231823, 0.211347132921, 0.261176496744, 0.275314331055, 0.17774836719, 0.11445800215, 0.245803430676, 0.0829449445009],
        "dmean2": [0.39295014739, 0.27444088459, 0.425730645657, 0.446106106043, 0.204735577106, 0.341228157282, 0.451425820589, 0.485418766737, 0.302312910557, 0.198609665036, 0.453239113092, 0.148513868451],
        "dvar": [0.0447864308953, 0.0326949432492, 0.0592494420707, 0.060389842838, 0.0282164178789, 0.0591564960778, 0.0643833428621, 0.0481034219265, 0.0404516123235, 0.0202285796404, 0.067682005465, 0.0149196358398],
        "dvar2": [0.123426623642, 0.0844176188111, 0.171105325222, 0.179641991854, 0.0790753290057, 0.140116080642, 0.147033706307, 0.121234245598, 0.099945306778, 0.0513489544392, 0.171447813511, 0.0438468009233],
        "max": [1, 1, 1, 1, 1, 1, 1, 1, 1, 1, 1, 1],
        "mean": [0.307349205017, 0.178542152047, 0.234663113952, 0.305396169424, 0.131860017776, 0.325018972158, 0.350544571877, 0.401089727879, 0.248093768954, 0.136748194695, 0.782735943794, 0.100043535233],
        "median": [0.24991735816, 0.115379996598, 0.1338391155, 0.212065294385, 0.0785110369325, 0.140547052026, 0.247923523188, 0.348834425211, 0.143857613206, 0.0825267881155, 0.999815225601, 0.0733527764678],
        "min": [0.0171419810504, 0.00619249697775, 0.00847410876304, 0.00818431377411, 0.00611038692296, 0.0202280320227, 0.0080040358007, 0.0137076610699, 0.00620723562315, 0.00421063927934, 0.142019629478, 0.00513958092779],
        "var": [0.0652536973357, 0.0380549244583, 0.0610345713794, 0.0719006508589, 0.025739999488, 0.110894382, 0.095352858305, 0.086418248713, 0.0672703459859, 0.0248143896461, 0.077797934413, 0.0109322071075]
    }
},
"lowlevel": {
    "melbands": {
        "dmean": [1.48730587171e-05, 6.32469309494e-05, 5.83770852245e-05, 3.86430547223e-05, 1.59157279995e-05, 2.87650327664e-05, 2.95161935355e-05, 3.60226767953e-05, 4.21981130785e-05, 2.33394439419e-05, 1.62039614224e-05, 1.06257757579e-05, 9.31983595365e-06, 5.16874115419e-06, 8.37987045088e-06, 4.95924041388e-06, 6.46791249892e-06, 3.89279057345e-06, 2.56542125499e-06, 2.37771723732e-06, 2.32931211031e-06, 2.31436024478e-06, 3.69266172129e-06, 3.90796549254e-06, 2.48602623287e-06, 1.55302132043e-06, 1.63966979017e-06, 1.0419469163e-06, 4.61490145653e-07, 4.12215484857e-07, 3.6378708046e-07, 1.82882516242e-07, 7.08802474492e-08, 4.78705750595e-08, 4.49737562747e-08, 3.65964609728e-08, 3.05897103203e-08, 2.64635175995e-08, 1.60875668342e-08, 7.76663267033e-09],
        "dmean2": [2.62857811322e-05, 0.000118853778986, 0.000104877493868, 7.02058168827e-05, 2.88244791591e-05, 5.20361209055e-05, 5.25111136085e-05, 6.5842665208e-05, 7.00775199221e-05, 4.13752677559e-05, 2.77015024039e-05, 1.92170264199e-05, 1.69077557075e-05, 8.99063797988e-06, 1.54044646479e-05, 8.82969470695e-06, 1.19055348478e-05, 6.85423037794e-06, 4.6431341616e-06, 3.89753904528e-06, 4.12149393014e-06, 4.09850463257e-06, 6.69266137265e-06, 6.65969037073e-06, 4.22655421062e-06, 2.63922834165e-06, 2.78802372122e-06, 1.78584014066e-06, 7.98748544639e-07, 7.45009060665e-07, 6.19561262738e-07, 3.19336209031e-07, 1.25412526586e-07, 8.40642613298e-08, 7.80878295359e-08, 6.19208364583e-08, 5.55518866463e-08, 4.59889655247e-08, 2.84194658917e-08, 1.43170577616e-08],
        "dvar": [4.68478034144e-10, 4.83612039304e-09, 2.87136159294e-09, 3.14950443503e-09, 2.08734363127e-10, 5.99938931867e-10, 7.23878845754e-10, 1.48663537036e-09, 6.675053843e-09, 3.77753828218e-09, 5.21333642922e-10, 6.32868812911e-10, 5.27501153869e-10, 1.13061261742e-10, 3.21785653679e-10, 7.40654412801e-11, 2.23981708181e-10, 5.26315518945e-11, 1.50598006288e-11, 2.68968475964e-11, 1.20070195106e-11, 1.00504075548e-11, 3.89518660382e-11, 4.49749334996e-11, 1.77097034953e-11, 7.80235338144e-12, 1.10016943472e-11, 5.24343762853e-12, 4.53579909092e-13, 6.42085451648e-13, 5.18650552193e-13, 1.23609957448e-13, 1.2332156814e-14, 5.2769767214e-15, 5.47150757861e-15, 1.77250961575e-15, 1.34513427178e-15, 5.97665971127e-16, 2.91277028157e-16, 1.05767323293e-16],
        "dvar2": [1.22268262182e-09, 1.58778608039e-08, 8.33048918736e-09, 8.72240768501e-09, 5.64987334695e-10, 1.93385463199e-09, 1.98055882805e-09, 3.93608345917e-09, 1.41072993287e-08, 1.04507780208e-08, 1.30455501957e-09, 1.74429293232e-09, 1.45760969961e-09, 3.2481001222e-10, 9.45147404785e-10, 2.11293954555e-10, 6.36182662106e-10, 1.32103536443e-10, 4.00257986477e-11, 6.43975359149e-11, 3.00041415324e-11, 2.82834190096e-11, 1.11977475903e-10, 1.19624310457e-10, 4.19939638618e-11, 2.09712889415e-11, 2.77654340491e-11, 1.36952784183e-11, 1.1197434039e-12, 1.59981121232e-12, 1.47869086767e-12, 3.45596598214e-13, 2.7262517737e-14, 1.14703312834e-14, 1.06285372349e-14, 3.37595463161e-15, 3.24631179211e-15, 1.5108953373e-15, 7.57964627054e-16, 2.71791644011e-16],
        "max": [0.000169229198946, 0.000417451985413, 0.000270974473096, 0.000337665929692, 8.64144603838e-05, 0.000148790306412, 0.000154797395226, 0.00015186163364, 0.000871928408742, 0.000512706872541, 0.000153672590386, 0.000141117605381, 0.000144169374835, 7.59791873861e-05, 0.000121186763863, 4.68688267574e-05, 9.17751458474e-05, 7.07838044036e-05, 2.49788754445e-05, 5.09976525791e-05, 2.24551349675e-05, 2.11742099054e-05, 3.1619470974e-05, 4.86899771204e-05, 3.36896118824e-05, 1.95674438146e-05, 2.51853998634e-05, 1.3932199181e-05, 4.95626318298e-06, 5.67708411836e-06, 4.77910862173e-06, 2.41727821049e-06, 7.00428699929e-07, 5.309374842e-07, 6.13314796283e-07, 3.68236186432e-07, 3.13878018687e-07, 2.07115363082e-07, 1.52809647602e-07, 1.01845664346e-07],
        "mean": [1.88477097254e-05, 7.32918560971e-05, 7.90086851339e-05, 4.1425719246e-05, 2.23335155169e-05, 4.08481355407e-05, 4.03797275794e-05, 3.0563922337e-05, 4.84559423057e-05, 2.46231284109e-05, 1.89779020729e-05, 8.90371666173e-06, 7.04887543179e-06, 4.78992069475e-06, 7.66569610278e-06, 4.2322558329e-06, 4.87755369249e-06, 3.91210596717e-06, 2.64263144345e-06, 2.2671329134e-06, 2.17167576011e-06, 2.22053222387e-06, 3.48351863977e-06, 3.78101640308e-06, 2.44729244514e-06, 2.04201592169e-06, 1.69328814081e-06, 9.90035118775e-07, 5.27138638517e-07, 4.34790109693e-07, 3.52592451236e-07, 2.17304972239e-07, 1.03875855473e-07, 8.35639610841e-08, 8.0826502824e-08, 6.66481412281e-08, 6.15256254832e-08, 4.40331504592e-08, 2.41136479673e-08, 1.28194432847e-08],