{
"metadata": {
    "version": {
        "essentia": "2.0.1",
        "extractor": "archive-music 1.0 mod ismir14"
    },
    "audio_properties": {
        "analysis_sample_rate": 44100,
        "bitrate": 32,
        "channels": 2,
        "equal_loudness": 0,
        "length": 30.0408172607,
        "replay_gain": -13.2441959381,
        "downmix": "mix"
    },
    "tags": {
        "track": 0,
        "year": 0,
        "album": "",
        "artist": "",
        "comment": "",
        "genre": "",
        "title": ""
    }
},
"rhythm": {
    "bpm": 90.2969741821,
    "bpm_histogram_first_peak": 91,
    "bpm_histogram_first_peak_spread": 0.365853667259,
    "bpm_histogram_first_peak_weight": 0.604651153088,
    "bpm_histogram_second_peak": 85,
    "bpm_histogram_second_peak_spread": 0,
    "bpm_histogram_second_peak_weight": 0.0465116277337
},
"tonal": {
    "tuning_frequency": {
        "dmean": 0.05645243451,
        "dmean2": 0.0990371257067,
        "dvar": 0.121202550828,
        "dvar2": 0.206341266632,
        "max": 454.465301514,
        "mean": 452.280059814,
        "median": 452.37008667,
        "min": 450.024475098,
        "var": 0.958593904972
    },
    "hpcp": {
        "dmean": [0.28402787447, 0.0920883640647, 0.14929112792, 0.171802580357, 0.43091455102, 0.299518734217, 0.140106022358, 0.317297339439, 0.129349648952, 0.0997460484505, 0.114621564746, 0.162723183632],
        "dmean2": [0.49091348052, 0.15489384532, 0.24178622663, 0.319016754627, 0.76937097311, 0.533737659454, 0.233808293939, 0.517475605011, 0.222799673676, 0.178609266877, 0.201769098639, 0.288474410772],
        "dvar": [0.092855244875, 0.0166357010603, 0.0243437085301, 0.0598128326237, 0.0921584591269, 0.0869493111968, 0.0207068882883, 0.0851846560836, 0.0246173497289, 0.0173216108233, 0.0249484889209, 0.0350854210556],
        "dvar2": [0.157473027706, 0.0382742956281, 0.0595429800451, 0.169070988894, 0.249611988664, 0.226900875568, 0.0523497648537, 0.190678432584, 0.0747102871537, 0.0493302568793, 0.0687511563301, 0.0998220145702],
        "max": [1, 0.91569018364, 1, 1, 1, 1, 0.8200725317, 1, 1, 1, 1, 1],
        "mean": [0.538169264793, 0.0983893051744, 0.182199195027, 0.154052495956, 0.466502010822, 0.345723450184, 0.150625273585, 0.434605181217, 0.117358736694, 0.101538725197, 0.113340437412, 0.159942522645],
        "median": [0.467227131128, 0.0532724075019, 0.116094827652, 0.0697963163257, 0.322803080082, 0.192036688328, 0.0883184075356, 0.316044181585, 0.0658812075853, 0.0647099539638, 0.0683594718575, 0.0964013561606],
        "min": [0.00850517768413, 0.00258984509856, 0.00902714766562, 0.00503216683865, 0.0121245207265, 0.00561610981822, 0.00575499143451, 0.00595857249573, 0.00160201103427, 0.00410025194287, 0.00420669745654, 0.00477790646255],
        "var": [0.15753890574, 0.0185347758234, 0.0380304902792, 0.0507984869182, 0.130324795842, 0.126996189356, 0.028348185122, 0.145992845297, 0.0212253108621, 0.014344680123, 0.0200491454452, 0.0325736664236]
    }
},
"lowlevel": {
    "melbands": {
        "dmean": [6.9198460551e-05, 0.000176763962372, 5.04858071508e-05, 3.15973993565e-05, 2.85616661131e-05, 2.12468294194e-05, 2.77878752968e-05, 4.28415914939e-05, 7.39911265555e-05, 5.54245343665e-05, 2.25133826461e-05, 2.58679192484e-05, 3.13564341923e-05, 1.03877273432e-05, 1.78005029738e-05, 2.18916957238e-05, 5.64586980545e-06, 3.71130431631e-06, 1.55971338245e-06, 1.80660049409e-06, 3.35800132234e-06, 2.41241286858e-06, 4.50170500699e-06, 3.56797681889e-06, 1.90850619219e-06, 2.29739521274e-06, 2.02035698749e-06, 1.23437416732e-06, 5.20237733781e-07, 4.59522539131e-07, 2.12312173176e-07, 8.25103469992e-08, 4.62115110622e-08, 4.16361913835e-08, 3.93366192952e-08, 3.64659271668e-08, 3.37509646897e-08, 4.62421674285e-08, 4.51659509793e-08, 3.3514474751e-08],
        "dmean2": [0.000109105953015, 0.000282883556793, 9.00485756574e-05, 5.56136546948e-05, 5.1730996347e-05, 3.86255051126e-05, 4.74896805827e-05, 8.09820121503e-05, 0.000136833623401, 0.000103100159322, 4.37663838966e-05, 4.88277837576e-05, 5.71317577851e-05, 1.95486045413e-05, 3.22739797411e-05, 3.97907424485e-05, 1.06211664388e-05, 6.89409807819e-06, 2.81992720375e-06, 3.17916101267e-06, 6.10066263107e-06, 4.44237321062e-06, 8.49931984703e-06, 6.58965109324e-06, 3.50039317709e-06, 4.27484292231e-06, 3.72249451175e-06, 2.24754853662e-06, 9.66035713645e-07, 8.70666667652e-07, 3.91349487927e-07, 1.50184419567e-07, 8.68968328405e-08, 7.62270602195e-08, 7.12358385613e-08, 6.56232543861e-08, 6.25033393931e-08, 8.41313507749e-08, 8.29782180745e-08, 6.14701320956e-08],
        "dvar": [2.27124652419e-09, 1.69587295318e-08, 2.73983724597e-09, 6.20789808448e-10, 1.40208300525e-09, 4.44442760372e-10, 1.97973526461e-09, 3.54224671817e-09, 7.67986296779e-09, 1.58596140665e-08, 1.0035183351e-08, 2.01136796107e-09, 3.46856743327e-09, 2.30530136647e-10, 6.03162686463e-10, 1.32343080939e-09, 4.11024020375e-10, 6.37767616496e-11, 2.98589928824e-12, 1.86523019252e-12, 1.00795908078e-11, 5.69481137594e-12, 2.29637246718e-11, 9.5753491941e-12, 2.85337899142e-12, 4.93558796263e-12, 4.10345065219e-12, 1.55021113134e-12, 2.72374191344e-13, 2.42380036397e-13, 3.6868569314e-14, 6.21077252399e-15, 1.82147955505e-15, 1.24520640686e-15, 1.02476502354e-15, 1.28628782244e-15, 1.1445724341e-15, 2.52025314917e-15, 2.23377495971e-15, 1.49035214135e-15],
        "dvar2": [5.66856250828e-09, 4.94806400297e-08, 7.5267960753e-09, 1.66905655963e-09, 3.63422403282e-09, 1.0072722656e-09, 5.02201480401e-09, 1.03859099099e-08, 2.2333548344e-08, 4.49756285548e-08, 3.01959630633e-08, 5.95417315452e-09, 9.7239780672e-09, 6.70236754985e-10, 1.57832491521e-09, 3.67911967558e-09, 1.23061472124e-09, 1.85862311652e-10, 8.69882464671e-12, 5.36199600346e-12, 2.61216256958e-11, 1.6408669562e-11, 6.40677302877e-11, 2.54813531386e-11, 8.25248203107e-12, 1.34323359727e-11, 1.14187756473e-11, 4.40619025641e-12, 7.68849122822e-13, 6.79452371102e-13, 1.11989878363e-13, 1.98510539875e-14, 5.43261436677e-15, 3.53964501922e-15, 2.9781498431e-15, 3.8158762276e-15, 3.63318053824e-15, 7.83890791498e-15, 6.87863132136e-15, 4.54237850404e-15],
        "max": [0.000273112091236, 0.000837167608552, 0.000427112128818, 0.000188152713235, 0.00031738623511, 0.000164141660207, 0.000442315329565, 0.000299531850033, 0.000504873634782, 0.000971947098151, 0.000911549606826, 0.000273911951808, 0.000344604224665, 8.0792378867e-05, 0.000133328896482, 0.000169855731656, 0.000183704469237, 5.26470685145e-05, 1.40552165249e-05, 6.6530692493e-06, 1.73934877239e-05, 1.15951679618e-05, 2.3703190891e-05, 1.64595585375e-05, 9.17330362427e-06, 1.35721256811e-05, 1.17028694149e-05, 8.21768026071e-06, 2.94370579468e-06, 3.24239817928e-06, 1.19245999031e-06, 6.52701089621e-07, 2.55908275903e-07, 2.38586380874e-07, 1.86416002634e-07, 2.0909952525e-07, 1.70938193378e-07, 2.98909981211e-07, 2.90513298751e-07, 2.87475046434e-07],
        "mean": [0.000102843994682, 0.000272138568107, 8.76358026289e-05, 4.15322538174e-05, 2.79444593616e-05, 2.26859410759e-05, 2.93391094601e-05, 3.66414169548e-05, 6.15234457655e-05, 3.87991676689e-05, 1.55726902449e-05, 1.90151567949e-05, 2.17703072849e-05, 8.68608003657e-06, 1.49031393448e-05, 1.60760209837e-05, 4.09367885368e-06, 2.95587824439e-06, 1.63877348314e-06, 1.97226700038e-06, 2.94963865599e-06, 2.17226852328e-06, 3.80964002034e-06, 2.97952078654e-06, 1.82848043551e-06, 2.0438676529e-06, 1.65374001426e-06, 1.0097124914e-06, 4.84013639834e-07, 3.83264989523e-07, 2.04512730306e-07, 1.04275109436e-07, 6.47326459102e-08, 5.79048595739e-08, 5.56525101558e-08, 5.65858080392e-08, 4.56303723695e-08, 6.26798666303e-08, 5.73356686573e-08, 4.7575639428e-08],