{
"metadata": {
    "version": {
        "essentia": "2.0.1",
        "extractor": "archive-music 1.0 mod ismir14"
    },
    "audio_properties": {
        "analysis_sample_rate": 44100,
        "bitrate": 32,
        "channels": 2,
        "equal_loudness": 0,
        "length": 30.0408172607,
        "replay_gain": -10.0283546448,
        "downmix": "mix"
    },
    "tags": {
        "track": 0,
        "year": 0,
        "album": "",
        "artist": "",
        "comment": "",
        "genre": "",
        "title": ""
    }
},
"rhythm": {
    "bpm": 172.265594482,
    "bpm_histogram_first_peak": 172,
    "bpm_histogram_first_peak_spread": 0,
    "bpm_histogram_first_peak_weight": 0.529411792755,
    "bpm_histogram_second_peak": 178,
    "bpm_histogram_second_peak_spread": 0,
    "bpm_histogram_second_peak_weight": 0.282352954149
},
"tonal": {
    "tuning_frequency": {
        "dmean": 0.0217392537743,
        "dmean2": 0.0359305627644,
        "dvar": 0.0409209802747,
        "dvar2": 0.0721702128649,
        "max": 436.456176758,
        "mean": 434.254272461,
        "median": 434.193115234,
        "min": 434.193115234,
        "var": 0.128062188625
    },
    "hpcp": {
        "dmean": [0.120642505586, 0.202869549394, 0.187278389931, 0.277908056974, 0.0478152409196, 0.148115247488, 0.158506810665, 0.280541926622, 0.0951692014933, 0.105999059975, 0.261044204235, 0.0853486731648],
        "dmean2": [0.214665383101, 0.37700510025, 0.323290318251, 0.487882375717, 0.0878221020103, 0.262609630823, 0.280502825975, 0.497402697802, 0.171175256371, 0.18482029438, 0.474891275167, 0.153689026833],
        "dvar": [0.0466147996485, 0.073124140501, 0.0561183467507, 0.110005684197, 0.0150339324027, 0.0749655142426, 0.0836981758475, 0.11901127547, 0.0412793718278, 0.0425034686923, 0.0954460576177, 0.0226014573127],
        "dvar2": [0.119817130268, 0.155942857265, 0.147590011358, 0.251214802265, 0.043798353523, 0.169291257858, 0.187214046717, 0.313690602779, 0.116481177509, 0.11243378371, 0.192331925035, 0.0658792629838],
        "max": [1, 1, 1, 1, 0.793704509735, 1, 1, 1, 1, 1, 1, 1],
        "mean": [0.10040024668, 0.239208295941, 0.170962497592, 0.396164000034, 0.0362554229796, 0.150144651532, 0.18268455565, 0.234697118402, 0.0683449432254, 0.0824327021837, 0.383302032948, 0.069157011807],
        "median": [0.0292140766978, 0.104904361069, 0.0730397850275, 0.177980363369, 0.00643627950922, 0.0300092995167, 0.0109223229811, 0.0469503626227, 0.012165652588, 0.0171267539263, 0.18928180635, 0.0225597787648],
        "min": [0.000849221192766, 0.0032799243927, 0.00100947869942, 0.000130537722725, 9.10304879653e-05, 0.000681734411046, 7.21964388504e-05, 0.000272025179584, 0.000293388060527, 0.00011348141561, 0.000211696140468, 0.000399459066102],
        "var": [0.0391068607569, 0.102457851171, 0.0579290986061, 0.170661360025, 0.0100276656449, 0.0852070227265, 0.114761665463, 0.119795806706, 0.0297581702471, 0.0336352661252, 0.153714194894, 0.0167062804103]
    }
},
"lowlevel": {
    "melbands": {
        "dmean": [3.1602419881e-07, 1.42338012665e-05, 1.81088926183e-05, 0.000199162925128, 0.000155661138706, 8.02124413894e-05, 3.82587531931e-05, 3.29118811351e-05, 2.09982426895e-05, 1.56292389875e-05, 1.39038411362e-05, 8.98418238648e-06, 1.38031691677e-05, 5.22207528775e-06, 4.43005728812e-06, 3.19418063555e-06, 7.00856389813e-06, 2.82188284473e-06, 3.78261370315e-06, 8.66380958087e-07, 1.11203223696e-06, 9.63568027146e-07, 6.89932392106e-07, 1.08719711989e-06, 2.49000936492e-06, 3.00799592878e-06, 6.44759893476e-07, 3.66940668073e-07, 1.54251665663e-07, 1.09296294681e-07, 4.39020304555e-08, 6.52438592041e-09, 1.25133292617e-09, 2.89824442223e-10, 7.62524002274e-11, 3.36294256331e-11, 1.73457324892e-11, 6.65271527103e-12, 3.97264209376e-12, 2.64454365524e-12],
        "dmean2": [5.01817851273e-07, 2.46447179961e-05, 2.96529124171e-05, 0.000340415048413, 0.000265529146418, 0.000138159608468, 6.58667195239e-05, 5.60090265935e-05, 3.90826280636e-05, 2.94467736239e-05, 2.64492682618e-05, 1.72074978764e-05, 2.6518753657e-05, 9.86641589407e-06, 8.32566092868e-06, 5.98145197728e-06, 1.30368134705e-05, 4.97755490869e-06, 6.88323098075e-06, 1.52186316882e-06, 1.92199399862e-06, 1.72022259903e-06, 1.24308871818e-06, 1.91560843632e-06, 4.50927564088e-06, 5.67195183976e-06, 1.1529934909e-06, 6.66495509449e-07, 2.90864136332e-07, 2.08596418361e-07, 8.67639329272e-08, 1.23759953397e-08, 2.44017495099e-09, 5.61254764886e-10, 1.41512732088e-10, 6.27748755755e-11, 3.01561796368e-11, 1.03836678839e-11, 5.74906225057e-12, 3.33834587578e-12],
        "dvar": [1.34026985473e-13, 1.55568669058e-09, 5.53695755912e-10, 2.78688276012e-07, 2.88216313038e-08, 6.36139452226e-09, 1.94997373804e-09, 2.47875098225e-09, 3.08048875297e-09, 1.17638065955e-09, 1.21717103063e-09, 6.52822018665e-10, 1.78721482058e-09, 1.52796650332e-10, 1.77388742584e-10, 4.29634661181e-11, 6.60112409179e-10, 1.96306599448e-11, 5.66799558677e-11, 1.59164857943e-12, 2.36672161903e-12, 1.69243221868e-12, 1.94172846205e-12, 2.65730167905e-12, 3.41881488397e-11, 5.88732812501e-11, 8.36104406196e-13, 4.65979576973e-13, 1.35627132355e-13, 1.27267581239e-13, 3.45318120886e-14, 4.70360095528e-16, 4.3028611976e-17, 1.10495582386e-18, 2.6079830182e-20, 8.81379602707e-21, 2.44914689224e-21, 2.90559307063e-22, 2.63816139826e-22, 2.37160214294e-22],
        "dvar2": [3.20214883255e-13, 3.20190496339e-09, 1.35097610876e-09, 7.38667040423e-07, 7.91645788922e-08, 1.81168040569e-08, 5.27423438257e-09, 5.63245494689e-09, 8.77494343854e-09, 3.57731244627e-09, 3.72430619677e-09, 1.95666616243e-09, 5.28519272791e-09, 4.49632719945e-10, 5.31614252619e-10, 1.21085655391e-10, 1.9738297663e-09, 5.53418560978e-11, 1.6360854338e-10, 4.56873731555e-12, 6.5498440005e-12, 4.8469392562e-12, 5.65171217118e-12, 7.57961835657e-12, 1.00922666058e-10, 1.75687214776e-10, 2.19744339912e-12, 1.32143157094e-12, 3.82310773751e-13, 3.61688326858e-13, 1.03671587916e-13, 1.36647749034e-15, 1.28102046865e-16, 3.4557835826e-18, 7.66708863014e-20, 2.57946871308e-20, 6.88422680384e-21, 3.63585208666e-22, 2.81934192226e-22, 2.26034978367e-22],
        "max": [2.42986425292e-06, 0.00039667103556, 0.000191502360394, 0.00522693339735, 0.00114287354518, 0.000480867311126, 0.000222371338168, 0.000378347496735, 0.000373355636839, 0.000203660951229, 0.00019181452808, 0.000151266416651, 0.000316305580782, 8.25004244689e-05, 9.35474818107e-05, 5.85618290643e-05, 0.00023463195248, 3.20927902067e-05, 7.07898507244e-05, 1.1618825738e-05, 9.99491021503e-06, 7.01189310348e-06, 8.96969777386e-06, 8.88337399374e-06, 3.92672300222e-05, 6.13794618403e-05, 4.43792396254e-06, 3.84159193345e-06, 2.61321611106e-06, 2.99386965708e-06, 1.68100655173e-06, 1.95231351086e-07, 5.96612750314e-08, 7.52173434648e-09, 1.19288534606e-09, 8.37489244621e-10, 4.40531694457e-10, 1.82114212599e-10, 1.73724076791e-10, 1.69420158458e-10],
        "mean": [4.57809420595e-07, 1.91380186152e-05, 2.62345947704e-05, 0.000223879280384, 0.00020717389998, 9.84288853942e-05, 3.79876910301e-05, 3.72135727957e-05, 1.64096127264e-05, 1.11119506983e-05, 1.03703932837e-05, 5.77459559281e-06, 9.83515474218e-06, 3.59456021215e-06, 3.24468669533e-06, 2.45350406658e-06, 5.31182922714e-06, 2.50981338468e-06, 3.52815595761e-06, 9.58059445111e-07, 1.10922326257e-06, 9.56225903792e-07, 6.45712589176e-07, 8.85377971827e-07, 1.93819641936e-06, 2.18182776734e-06, 5.56188240353e-07, 2.82273532548e-07, 1.03304735433e-07, 6.6760001971e-08, 2.70920388346e-08, 4.26675983434e-09, 7.66969765476e-10, 2.06717309936e-10, 7.68880792368e-11, 3.69488814544e-11, 1.97884278408e-11, 9.58221176017e-12, 5.89702375473e-12, 3.95710330822e-12],