{
"metadata": {
    "version": {
        "essentia": "2.0.1",
        "extractor": "archive-music 1.0 mod ismir14"
    },
    "audio_properties": {
        "analysis_sample_rate": 44100,
        "bitrate": 32,
        "channels": 2,
        "equal_loudness": 0,
        "length": 30.0408172607,
        "replay_gain": -14.819978714,
        "downmix": "mix"
    },
    "tags": {
        "track": 0,
        "year": 0,
        "album": "",
        "artist": "",
        "comment": "",
        "genre": "",
        "title": ""
    }
},
"rhythm": {
    "bpm": 109.314041138,
    "bpm_histogram_first_peak": 110,
    "bpm_histogram_first_peak_spread": 0.396226406097,
    "bpm_histogram_first_peak_weight": 0.603773593903,
    "bpm_histogram_second_peak": 0,
    "bpm_histogram_second_peak_spread": 0,
    "bpm_histogram_second_peak_weight": 0
},
"tonal": {
    "tuning_frequency": {
        "dmean": 0.176548525691,
        "dmean2": 0.326677799225,
        "dvar": 0.647966444492,
        "dvar2": 1.43600690365,
        "max": 446.142181396,
        "mean": 441.214294434,
        "median": 441.782684326,
        "min": 438.224517822,
        "var": 2.24634599686
    },
    "hpcp": {
        "dmean": [0.107955500484, 0.0901639908552, 0.0374496765435, 0.151974752545, 0.0385250262916, 0.139598339796, 0.0349154286087, 0.0993316546082, 0.126261383295, 0.0310263577849, 0.172286599874, 0.0663376972079],
        "dmean2": [0.202725216746, 0.160338610411, 0.0688218548894, 0.257754176855, 0.0672433152795, 0.229251384735, 0.0629121288657, 0.16598598659, 0.226524233818, 0.0583212673664, 0.289483338594, 0.124654404819],
        "dvar": [0.0392747782171, 0.0545459315181, 0.00252640713006, 0.0677540972829, 0.0102805122733, 0.044986858964, 0.00661269016564, 0.0312653183937, 0.0332639999688, 0.00386896543205, 0.0685316175222, 0.0206397268921],
        "dvar2": [0.0955919623375, 0.105715461075, 0.00632193079218, 0.156777381897, 0.0277678444982, 0.0988173484802, 0.0181102734059, 0.0800603181124, 0.0691798701882, 0.0111712962389, 0.146121740341, 0.0573566630483],
        "max": [1, 1, 0.232234761119, 1, 1, 1, 0.718537151814, 1, 1, 0.512636780739, 1, 0.928831338882],
        "mean": [0.159633845091, 0.246867075562, 0.0298094954342, 0.461739569902, 0.0312731750309, 0.251757234335, 0.0278836824, 0.101142697036, 0.228597655892, 0.0235439222306, 0.222076788545, 0.0448277778924],
        "median": [0.0399153567851, 0.0181131660938, 0.0110587906092, 0.286682367325, 0.00972095038742, 0.070562466979, 0.00983006879687, 0.0235718097538, 0.107556737959, 0.00972441025078, 0.0844413712621, 0.00997910555452],
        "min": [9.10585586098e-05, 0.000229426674196, 0.00011906351574, 0.00081414100714, 0.000176225992618, 0.00047955752234, 9.85320075415e-05, 0.000893675489351, 0.000692812376656, 7.36584406695e-05, 0.000460589799332, 0.000391342473449],
        "var": [0.0760713294148, 0.165498375893, 0.0021406612359, 0.19370611012, 0.00780740613118, 0.123293146491, 0.00431536324322, 0.0365279093385, 0.0918569415808, 0.00226091011427, 0.099909901619, 0.0129911545664]
    }
},
"lowlevel": {
    "melbands": {
        "dmean": [0.000141506199725, 0.000269128941, 0.00017058463709, 0.000108424450445, 4.40308249381e-05, 5.81923268328e-05, 2.58219442912e-05, 3.86195024475e-05, 5.83491710131e-05, 4.34779503848e-05, 1.02131461972e-05, 1.09436105049e-05, 7.78369030741e-06, 7.59627801017e-06, 6.35192327536e-06, 6.85516170051e-06, 6.31767352388e-06, 6.92488902132e-06, 3.77348737857e-06, 5.366527148e-06, 2.3785544272e-06, 1.6184458218e-06, 1.79912694875e-06, 1.11327517516e-06, 6.46667729143e-07, 4.45584305453e-07, 2.84781350501e-07, 2.10917278309e-07, 2.38101065975e-07, 1.68679164858e-07, 1.42208577358e-07, 1.46371348819e-07, 1.39964996038e-07, 1.06709769909e-07, 8.90718965252e-08, 7.86519009921e-08, 6.59587939822e-08, 4.19980388244e-08, 3.21852198226e-08, 2.6612154258e-08],
        "dmean2": [0.000261751614744, 0.000453240092611, 0.000280662003206, 0.000185186916497, 7.00734599377e-05, 0.000101932157122, 4.3851458031e-05, 6.46065745968e-05, 9.70173277892e-05, 7.05735947122e-05, 1.85528060683e-05, 2.02476749109e-05, 1.41382161019e-05, 1.38071900437e-05, 1.10434521048e-05, 1.21427874546e-05, 1.11855488285e-05, 1.22172996271e-05, 6.6056813921e-06, 7.86337022873e-06, 4.02101250074e-06, 2.86532508653e-06, 2.7271307772e-06, 1.7181430394e-06, 1.14876502266e-06, 8.03911177627e-07, 5.25743814705e-07, 3.89871075868e-07, 4.29834102533e-07, 3.07606143224e-07, 2.59975308836e-07, 2.71276206831e-07, 2.59441776507e-07, 1.98548008257e-07, 1.66061980167e-07, 1.51077387045e-07, 1.28101035557e-07, 8.1018903586e-08, 6.18149726961e-08, 5.07899109436e-08],
        "dvar": [4.23651940196e-08, 8.50687271736e-08, 3.66151127196e-08, 1.14509388638e-08, 1.49820256201e-09, 7.55149898168e-09, 1.1148315604e-09, 4.27460200569e-09, 1.10798961117e-08, 7.50456674581e-09, 6.3948152329e-10, 1.0463836464e-09, 3.9247491368e-10, 1.73850975282e-10, 1.54850535172e-10, 1.92844018532e-10, 1.39723663195e-10, 2.19392393142e-10, 4.41496179893e-11, 2.22262985794e-10, 1.5496968292e-11, 5.23695540058e-12, 1.06348350265e-11, 3.15251861074e-12, 7.88349691517e-13, 3.07629654172e-13, 9.23103620994e-14, 5.76510207303e-14, 8.64491516025e-14, 4.37130258206e-14, 3.29936781834e-14, 4.45615834272e-14, 5.07261841852e-14, 4.03647757309e-14, 5.85580845966e-14, 7.92376689436e-14, 7.1074222896e-14, 2.25117267763e-14, 1.05858239045e-14, 8.19677340596e-15],
        "dvar2": [1.14691289355e-07, 2.15187469621e-07, 8.63981810539e-08, 3.09642693708e-08, 3.61900442947e-09, 2.01692547108e-08, 2.32375763076e-09, 1.0858285826e-08, 3.31529079745e-08, 1.82489880984e-08, 1.90955873336e-09, 3.05578962134e-09, 1.11945896997e-09, 4.97108076924e-10, 4.37494485084e-10, 5.08774744556e-10, 3.58241214471e-10, 5.97991878237e-10, 1.20494766942e-10, 3.18002485455e-10, 3.40401318244e-11, 1.60864516152e-11, 1.89861893568e-11, 5.48703790737e-12, 1.98425260597e-12, 8.24716759728e-13, 2.54361825656e-13, 1.43960228937e-13, 2.18242741587e-13, 1.05706438882e-13, 8.59986317185e-14, 1.20209940092e-13, 1.40605273735e-13, 1.16034772394e-13, 1.72303631866e-13, 2.35326650744e-13, 2.11214495872e-13, 6.64675766141e-14, 3.11432906644e-14, 2.40901642032e-14],
        "max": [0.000885804416612, 0.00184411706869, 0.00176854303572, 0.000651011767332, 0.00025448112865, 0.000459739792859, 0.000174172077095, 0.000431039981777, 0.000791130878497, 0.000681151286699, 0.000181407274795, 0.000282266642898, 0.000158403345267, 8.45106478664e-05, 9.72501657088e-05, 9.42243859754e-05, 8.1843638327e-05, 0.000125841834233, 4.0636783524e-05, 0.000201113289222, 4.36224145233e-05, 1.29419368022e-05, 2.69987758656e-05, 1.67309899552e-05, 4.96634629599e-06, 3.68612268176e-06, 1.38803943628e-06, 1.15243972232e-06, 1.95169627659e-06, 9.22979097595e-07, 8.60725663188e-07, 1.19657295272e-06, 1.59272929068e-06, 1.5819696273e-06, 2.17798174162e-06, 2.57861574937e-06, 2.4474620659e-06, 1.37618030749e-06, 9.3973494586e-07, 8.40539541969e-07],
        "mean": [0.000151309010107, 0.000662360980641, 0.000475837819977, 0.000176481684321, 7.37785885576e-05, 6.78798969602e-05, 3.4392640373e-05, 4.20554752054e-05, 6.0389880673e-05, 4.32807828474e-05, 9.13481289899e-06, 9.79961623671e-06, 6.35973492535e-06, 6.323274647e-06, 5.89380761085e-06, 6.53168854114e-06, 6.19786897005e-06, 6.1650389398e-06, 3.41676900462e-06, 6.5386143433e-06, 2.82077644442e-06, 1.9596434413e-06, 2.5971580726e-06, 1.52774009621e-06, 7.61818000683e-07, 4.76981654174e-07, 2.64437034048e-07, 1.80367138114e-07, 2.05310087154e-07, 1.41873798043e-07, 1.13146015224e-07, 1.13548907166e-07, 1.05600335587e-07, 7.93045984437e-08, 6.75166020869e-08, 5.52906200824e-08, 4.42298890846e-08, 2.8391699658e-08, 2.21782521237e-08, 1.88207831542e-08],