{
"metadata": {
    "version": {
        "essentia": "2.0.1",
        "extractor": "archive-music 1.0 mod ismir14"
    },
    "audio_properties": {
        "analysis_sample_rate": 44100,
        "bitrate": 112,
        "channels": 2,
        "equal_loudness": 0,
        "length": 30.0669155121,
        "replay_gain": -10.2259140015,
        "downmix": "mix"
    },
    "tags": {
        "track": 0,
        "year": 0,
        "album": "",
        "artist": "",
        "comment": "",
        "genre": "",
        "title": ""
    }
},
"rhythm": {
    "bpm": 172.265594482,
    "bpm_histogram_first_peak": 172,
    "bpm_histogram_first_peak_spread": 0,
    "bpm_histogram_first_peak_weight": 0.5,
    "bpm_histogram_second_peak": 178,
    "bpm_histogram_second_peak_spread": 0,
    "bpm_histogram_second_peak_weight": 0.27380952239
},
"tonal": {
    "tuning_frequency": {
        "dmean": 0.0306707080454,
        "dmean2": 0.0554242841899,
        "dvar": 0.27234479785,
        "dvar2": 0.764852881432,
        "max": 451.84777832,
        "mean": 434.218933105,
        "median": 434.193115234,
        "min": 431.193908691,
        "var": 0.573552489281
    },
    "hpcp": {
        "dmean": [0.135971829295, 0.117545038462, 0.162478208542, 0.134378448129, 0.0804797559977, 0.0752790644765, 0.0978744775057, 0.0900627747178, 0.106493800879, 0.0939792692661, 0.109530970454, 0.083431750536],
        "dmean2": [0.256078183651, 0.219912990928, 0.299353182316, 0.250241458416, 0.152312576771, 0.139370650053, 0.186678215861, 0.168729126453, 0.199483588338, 0.170850738883, 0.198094800115, 0.155308663845],
        "dvar": [0.079764097929, 0.0664956942201, 0.085653193295, 0.0741106048226, 0.0503908731043, 0.0428254269063, 0.0679025575519, 0.055034250021, 0.0663673356175, 0.0511598624289, 0.0549628548324, 0.045138284564],
        "dvar2": [0.228206068277, 0.176201120019, 0.228519424796, 0.199511766434, 0.139717623591, 0.116147182882, 0.183537989855, 0.146106660366, 0.184735953808, 0.147242188454, 0.142515525222, 0.124858304858],
        "max": [1, 1, 1, 1, 1, 1, 1, 1, 1, 1, 1, 1],
        "mean": [0.122226901352, 0.133730560541, 0.1519857198, 0.294500917196, 0.0580353364348, 0.0884214192629, 0.13129901886, 0.113733865321, 0.0810699909925, 0.0911446660757, 0.243909746408, 0.072730332613],
        "median": [0.00864007510245, 0.00720058241859, 0.0193653330207, 0.0168069116771, 0.000702622579411, 0.005792807322, 0.00045088090701, 0.00202043843456, 0.00139441515785, 0.00228529889137, 0.026612456888, 0.00266494927928],
        "min": [0, 0, 0, 0, 0, 0, 0, 0, 0, 0, 0, 0],
        "var": [0.0731998756528, 0.0822812244296, 0.0825329124928, 0.174257412553, 0.0384485013783, 0.0559029318392, 0.0996872782707, 0.0816602036357, 0.0554181560874, 0.0544630587101, 0.141597002745, 0.0409724004567]
    }
},
"lowlevel": {
    "melbands": {
        "dmean": [8.6287236627e-06, 0.000140699470649, 0.000363896688214, 0.00130620063283, 0.0014896444045, 0.000776931119617, 0.000266254093731, 0.000203886665986, 0.000111665656732, 7.38808012102e-05, 4.74965527246e-05, 3.6125718907e-05, 5.10983991262e-05, 2.56969797192e-05, 2.40611207118e-05, 1.87036530406e-05, 3.41458544426e-05, 2.05065443879e-05, 2.24135437747e-05, 6.76368790664e-06, 9.5261102615e-06, 8.75873320183e-06, 5.57849762117e-06, 6.67894846629e-06, 1.38636605698e-05, 1.3038785255e-05, 4.94933919981e-06, 2.62185449174e-06, 7.78873072704e-07, 4.93957884373e-07, 2.10390012967e-07, 3.78009339386e-08, 5.73434322249e-09, 1.44716405526e-09, 6.03591787662e-10, 2.67867839021e-10, 1.24555213366e-10, 7.26036661347e-11, 5.60318041964e-11, 2.87087749407e-11],
        "dmean2": [1.37289671329e-05, 0.000226400356041, 0.000632543873508, 0.00202481588349, 0.00231005437672, 0.00120101612993, 0.000383479666198, 0.000301092281006, 0.000150539679453, 9.38160519581e-05, 5.39196480531e-05, 4.48931641586e-05, 5.72900717088e-05, 3.12274605676e-05, 3.1250903703e-05, 2.58296295215e-05, 4.44046672783e-05, 2.97418628179e-05, 3.28446658386e-05, 9.90664466372e-06, 1.44166415339e-05, 1.27485445773e-05, 7.53026779421e-06, 9.51387028181e-06, 1.92391817109e-05, 1.7356556782e-05, 7.19690251572e-06, 3.88789976569e-06, 1.12043710487e-06, 6.95736162015e-07, 3.14618660013e-07, 5.5101438079e-08, 7.97351962234e-09, 2.1514712234e-09, 9.54252898921e-10, 4.21443574483e-10, 2.08236913823e-10, 1.33501945609e-10, 1.04903398468e-10, 5.28235580277e-11],
        "dvar": [2.56013571454e-10, 4.74564032515e-08, 5.98000269747e-07, 6.86212069922e-06, 8.66202208272e-06, 2.1544426545e-06, 2.98658704878e-07, 2.58056815028e-07, 1.84359322475e-07, 1.28945075062e-07, 3.45368000865e-08, 2.4881597227e-08, 5.01269603603e-08, 1.08470574745e-08, 2.11533617289e-08, 2.95788704641e-09, 1.15653007171e-08, 2.70659672452e-09, 2.92789370526e-09, 2.90827195659e-10, 7.09458047865e-10, 6.46959874562e-10, 3.58584273386e-10, 3.41988548591e-10, 2.25419860556e-09, 2.21450457971e-09, 3.05501068887e-10, 1.20924645297e-10, 9.10455218162e-12, 9.63997284775e-12, 2.81914162154e-12, 6.5920183266e-14, 2.48045212977e-15, 5.59863168623e-17, 6.12593045813e-18, 1.63930374622e-18, 8.82702939822e-19, 7.68604386162e-19, 5.21735485971e-19, 1.71085943809e-20],
        "dvar2": [6.67796984377e-10, 1.16993248866e-07, 1.87685793662e-06, 1.75228178705e-05, 2.31812009588e-05, 5.41876261195e-06, 5.51038738195e-07, 4.73538676715e-07, 3.26038474441e-07, 2.33570645491e-07, 4.36058158471e-08, 3.93892847228e-08, 6.47894324857e-08, 1.73482934684e-08, 4.12029095287e-08, 5.26889376573e-09, 1.90791986654e-08, 5.77161562987e-09, 6.0111928768e-09, 6.9201555597e-10, 1.69985159282e-09, 1.50396650689e-09, 6.56177612246e-10, 6.96425306312e-10, 4.25122115288e-09, 4.74905670345e-09, 7.40242811492e-10, 2.8992408474e-10, 1.80304868258e-11, 2.04602012416e-11, 6.83322886122e-12, 1.6102421588e-13, 4.31099917252e-15, 1.05910385834e-16, 1.4169759403e-17, 4.27307855965e-18, 2.54823451532e-18, 2.26454279128e-18, 1.52967656906e-18, 5.02079987944e-20],
        "max": [0.000374052207917, 0.00767151638865, 0.015276575461, 0.0994464457035, 0.0717201828957, 0.0184871256351, 0.010670138523, 0.0115280821919, 0.0124429641291, 0.0105983354151, 0.00737524824217, 0.00451938435435, 0.00683811027557, 0.00333104562014, 0.00541224796325, 0.00191682996228, 0.00514680333436, 0.000989758060314, 0.00183957885019, 0.000436369387899, 0.000451730244095, 0.000553423946258, 0.000436792935943, 0.000482053408632, 0.00183774577454, 0.00136867398396, 0.000466943078209, 0.00026218322455, 9.77855161182e-05, 0.000131138105644, 7.68645113567e-05, 1.01769355751e-05, 2.82915561911e-06, 2.60966714904e-07, 7.66935670526e-08, 3.4541397298e-08, 2.89718471436e-08, 2.76044129777e-08, 2.24895515544e-08, 3.39124150983e-09],
        "mean": [1.20208906083e-05, 0.000243461996433, 0.00057253689738, 0.00309708039276, 0.00345521327108, 0.00168980378658, 0.000671731831972, 0.000533674901817, 0.000282719382085, 0.000169556748006, 0.000153948174557, 8.86845227797e-05, 0.000144104662468, 6.1658793129e-05, 4.7019791964e-05, 4.04880665883e-05, 7.73009596742e-05, 4.00065146096e-05, 5.15893443662e-05, 1.51348403961e-05, 1.74595061253e-05, 1.54090412252e-05, 1.00808265415e-05, 1.35924401548e-05, 2.9144131986e-05, 3.11436851916e-05, 8.91687977855e-06, 4.3262066356e-06, 1.50934249632e-06, 8.90201135917e-07, 3.5285304989e-07, 6.25371754381e-08, 1.00309405227e-08, 2.84501133763e-09, 1.15180431859e-09, 4.93720675454e-10, 1.97876437458e-10, 7.82462081239e-11, 4.34205796318e-11, 2.24393698067e-11],