{
"metadata": {
    "version": {
        "essentia": "2.0.1",
        "extractor": "archive-music 1.0 mod ismir14"
    },
    "audio_properties": {
        "analysis_sample_rate": 44100,
        "bitrate": 128,
        "channels": 2,
        "equal_loudness": 0,
        "length": 30.0669155121,
        "replay_gain": -14.8216972351,
        "downmix": "mix"
    },
    "tags": {
        "track": 0,
        "year": 0,
        "album": "",
        "artist": "",
        "comment": "",
        "genre": "",
        "title": ""
    }
},
"rhythm": {
    "bpm": 109.27457428,
    "bpm_histogram_first_peak": 110,
    "bpm_histogram_first_peak_spread": 0.490566015244,
    "bpm_histogram_first_peak_weight": 0.509433984756,
    "bpm_histogram_second_peak": 0,
    "bpm_histogram_second_peak_spread": 0,
    "bpm_histogram_second_peak_weight": 0
},
"tonal": {
    "tuning_frequency": {
        "dmean": 0.0305109098554,
        "dmean2": 0.0604574084282,
        "dvar": 0.32875290513,
        "dvar2": 1.0905482769,
        "max": 448.208557129,
        "mean": 434.354553223,
        "median": 434.193115234,
        "min": 432.690917969,
        "var": 1.59053182602
    },
    "hpcp": {
        "dmean": [0.150257155299, 0.188380032778, 0.256765425205, 0.282441735268, 0.220278635621, 0.154571935534, 0.119909964502, 0.136056065559, 0.207392469049, 0.113883800805, 0.135757029057, 0.14100240171],
        "dmean2": [0.285399407148, 0.361220479012, 0.493791729212, 0.538678765297, 0.42467841506, 0.286498278379, 0.223701626062, 0.253484517336, 0.387947320938, 0.217863842845, 0.259184837341, 0.271685063839],
        "dvar": [0.0833146944642, 0.116139248013, 0.151421070099, 0.146381318569, 0.130527958274, 0.085641913116, 0.0718145743012, 0.0762869566679, 0.0999579504132, 0.0716585814953, 0.0809202343225, 0.0860334336758],
        "dvar2": [0.229706689715, 0.315831303596, 0.412361472845, 0.38432225585, 0.344040513039, 0.231076359749, 0.196955576539, 0.210433676839, 0.27280151844, 0.208087310195, 0.24313570559, 0.241205304861],
        "max": [1, 1, 1, 1, 1, 1, 1, 1, 1, 1, 1, 1],
        "mean": [0.116209968925, 0.127837955952, 0.186211943626, 0.24296221137, 0.149000227451, 0.131953313947, 0.0903890654445, 0.11831060797, 0.221821054816, 0.0716174989939, 0.0976730212569, 0.0893528535962],
        "median": [0.00718892458826, 0.00335294753313, 0.00593987200409, 0.021368579939, 0.00303640239872, 0.00962297618389, 0.00220308848657, 0.00480664009228, 0.0241174716502, 0.0019355926197, 0.00442164996639, 0.00293450383469],
        "min": [0, 0, 0, 0, 0, 0, 0, 0, 0, 0, 0, 0],
        "var": [0.0682367831469, 0.0850291848183, 0.125597923994, 0.142935395241, 0.101273387671, 0.078996039927, 0.0580540969968, 0.0726264789701, 0.123561516404, 0.0457331985235, 0.0598822198808, 0.0573046803474]
    }
},
"lowlevel": {
    "melbands": {
        "dmean": [0.00174843007699, 0.00554297212511, 0.00513082928956, 0.00214860890992, 0.000913311145268, 0.000599839258939, 0.000355589058017, 0.000332926108968, 0.000427311140811, 0.000322191248415, 7.41140902392e-05, 8.59141873661e-05, 5.54541584279e-05, 4.91694991069e-05, 5.52086239622e-05, 5.58456849831e-05, 6.23002270004e-05, 4.99022171425e-05, 2.59375774476e-05, 5.1981798606e-05, 2.37751773966e-05, 1.64516131917e-05, 1.98033503693e-05, 1.15586908578e-05, 6.41360884401e-06, 4.44279521616e-06, 2.41451698457e-06, 1.68929761912e-06, 1.86297722848e-06, 1.31446563501e-06, 1.05748267742e-06, 1.02545550362e-06, 9.66820380199e-07, 6.53717222576e-07, 5.40007306427e-07, 3.71344100358e-07, 1.98037369614e-07, 6.00379053139e-08, 1.5320610558e-08, 1.72737257831e-09],
        "dmean2": [0.00288455095142, 0.00934705510736, 0.00854144245386, 0.00354543095455, 0.00150871707592, 0.00104466592893, 0.000606934481766, 0.000503211689647, 0.000619569560513, 0.000473320746096, 0.000109417698695, 0.000128277417389, 8.18572734715e-05, 7.05160200596e-05, 8.07202522992e-05, 8.25683964649e-05, 9.88517713267e-05, 7.56019944674e-05, 3.8433696318e-05, 7.81037451816e-05, 3.63771250704e-05, 2.53618454735e-05, 3.13408381771e-05, 1.87347213796e-05, 1.021078333e-05, 7.11676011633e-06, 3.91163666791e-06, 2.78397533293e-06, 3.05655112243e-06, 2.1349931103e-06, 1.68609710727e-06, 1.68507335729e-06, 1.54887402459e-06, 1.02415083347e-06, 8.92422747256e-07, 5.95451922436e-07, 3.19641316082e-07, 8.82349766584e-08, 2.35207462396e-08, 2.57643750778e-09],
        "dvar": [1.88008598343e-05, 4.34579378634e-05, 2.83293193206e-05, 8.2793767433e-06, 1.61851380653e-06, 9.71183226284e-07, 2.99254054426e-07, 4.07893395504e-07, 7.57262171192e-07, 6.50156266602e-07, 3.10044292462e-08, 6.38514521256e-08, 2.20299991582e-08, 2.14772519769e-08, 2.78578404789e-08, 2.41329178863e-08, 3.1497556563e-08, 1.55917323497e-08, 4.53491999508e-09, 5.01144796772e-08, 3.24867599488e-09, 1.55045354333e-09, 2.79046075136e-09, 8.70138516795e-10, 1.59225993501e-10, 1.49178461251e-10, 3.26733640144e-11, 1.96546962733e-11, 2.00478852269e-11, 1.34317400952e-11, 8.16057638131e-12, 9.50295137719e-12, 7.52712996099e-12, 4.93845936367e-12, 5.71857318443e-12, 3.36378169243e-12, 1.79954792387e-12, 8.55579306404e-14, 5.19640610042e-15, 1.51873880945e-16],
        "dvar2": [3.89040142181e-05, 0.000130862812512, 8.24677481432e-05, 2.09403278859e-05, 4.26465885539e-06, 3.03752972286e-06, 8.39351855575e-07, 8.52976199894e-07, 1.48604169681e-06, 1.22475296394e-06, 6.18492279614e-08, 1.21094473116e-07, 4.44564278723e-08, 4.25999395759e-08, 5.20198213394e-08, 5.46717551231e-08, 8.12095990455e-08, 3.50196742716e-08, 9.49147160867e-09, 1.22506520484e-07, 7.44805550568e-09, 3.76349396092e-09, 7.67893126863e-09, 2.43673059508e-09, 3.92349958078e-10, 4.01225608293e-10, 7.90551027419e-11, 5.24158112747e-11, 5.1531133527e-11, 3.48009052131e-11, 1.97055167322e-11, 2.4416210373e-11, 1.88554692693e-11, 1.18638224245e-11, 1.53582008222e-11, 8.07929591284e-12, 4.86280850656e-12, 1.80228133307e-13, 1.10921488601e-14, 2.8292737441e-16],
        "max": [0.0673862546682, 0.0678965374827, 0.0474824123085, 0.0322834886611, 0.012639882043, 0.0119238365442, 0.00706488965079, 0.0125845465809, 0.0214446615428, 0.0180587377399, 0.00722139701247, 0.00891656056046, 0.00468433648348, 0.0040467409417, 0.00384895456955, 0.00278816348873, 0.00335816270672, 0.00264994474128, 0.00123522244394, 0.00633384101093, 0.00127459340729, 0.00103594549, 0.00118657294661, 0.000506063341163, 0.000179010792635, 0.000309291557642, 9.32528855628e-05, 8.91116433195e-05, 7.15044225217e-05, 7.01013486832e-05, 6.8004555942e-05, 6.31152506685e-05, 6.99297161191e-05, 6.33909803582e-05, 0.00010614778148, 8.40505599626e-05, 5.52626406716e-05, 1.38312016134e-05, 3.13079999614e-06, 6.4226583163e-07],
        "mean": [0.00232720794156, 0.00918086338788, 0.00808896217495, 0.00315223890357, 0.00136262562592, 0.00102860678453, 0.000621518935077, 0.00070486596087, 0.000928301655222, 0.000730064697564, 0.000171242310898, 0.00015644657833, 0.00010827054939, 0.000103895079519, 0.00010251373169, 0.000106780338683, 0.000100502642454, 9.57341253525e-05, 5.39441352885e-05, 0.000104031991214, 4.65128359792e-05, 3.15012111969e-05, 4.20766446041e-05, 2.49202021223e-05, 1.21841130749e-05, 7.74808722781e-06, 4.36159007222e-06, 2.94385949928e-06, 3.26441568177e-06, 2.33133368965e-06, 1.88541127955e-06, 1.89139177564e-06, 1.72874297277e-06, 1.2691948541e-06, 9.99344365482e-07, 6.64257299832e-07, 3.68605185486e-07, 1.22930018165e-07, 2.90398549652e-08, 2.55818854988e-09],