{
"metadata": {
    "version": {
        "essentia": "2.0.1",
        "extractor": "archive-music 1.0 mod ismir14"
    },
    "audio_properties": {
        "analysis_sample_rate": 44100,
        "bitrate": 96,
        "channels": 2,
        "equal_loudness": 0,
        "length": 30.0669155121,
        "replay_gain": -13.5051937103,
        "downmix": "mix"
    },
    "tags": {
        "track": 0,
        "year": 0,
        "album": "",
        "artist": "",
        "comment": "",
        "genre": "",
        "title": ""
    }
},
"rhythm": {
    "bpm": 88.3256530762,
    "bpm_histogram_first_peak": 89,
    "bpm_histogram_first_peak_spread": 0.357142865658,
    "bpm_histogram_first_peak_weight": 0.62790697813,
    "bpm_histogram_second_peak": 94,
    "bpm_histogram_second_peak_spread": 0,
    "bpm_histogram_second_peak_weight": 0.0232558138669
},
"tonal": {
    "tuning_frequency": {
        "dmean": 0.0806373134255,
        "dmean2": 0.145873963833,
        "dvar": 1.03968179226,
        "dvar2": 2.84760260582,
        "max": 453.940612793,
        "mean": 449.939788818,
        "median": 452.631469727,
        "min": 431.692352295,
        "var": 33.7090301514
    },
    "hpcp": {
        "dmean": [0.155976697803, 0.160020977259, 0.182598799467, 0.157697305083, 0.137158274651, 0.231429949403, 0.298216104507, 0.258165419102, 0.206954166293, 0.267216324806, 0.28368088603, 0.194476813078],
        "dmean2": [0.287829399109, 0.297714501619, 0.338230907917, 0.290467679501, 0.252281695604, 0.426227748394, 0.550171434879, 0.471507698298, 0.385127961636, 0.493099838495, 0.52697968483, 0.361673504114],
        "dvar": [0.0677008628845, 0.0823146998882, 0.083554379642, 0.0745591968298, 0.062852807343, 0.0921878442168, 0.113863840699, 0.103360772133, 0.0916956886649, 0.104017846286, 0.112015217543, 0.0837805345654],
        "dvar2": [0.190733760595, 0.212502062321, 0.224612981081, 0.205214604735, 0.17958855629, 0.252918809652, 0.313599020243, 0.272485822439, 0.239337146282, 0.286813437939, 0.321038961411, 0.239065229893],
        "max": [1, 1, 1, 1, 1, 1, 1, 1, 1, 1, 1, 1],
        "mean": [0.131838366389, 0.135230347514, 0.154933840036, 0.132403075695, 0.103566706181, 0.226571217179, 0.283518671989, 0.249323099852, 0.17801527679, 0.243499130011, 0.246369317174, 0.158851861954],
        "median": [0.029856570065, 0.0154042523354, 0.0240555834025, 0.0204570833594, 0.0185766778886, 0.0537681169808, 0.0810736492276, 0.0612893104553, 0.0288429092616, 0.0789596363902, 0.0699357837439, 0.0288786720484],
        "min": [0, 0, 0, 0, 0, 0, 0, 0, 0, 0, 0, 0],
        "var": [0.0599473714828, 0.0758193060756, 0.0792248249054, 0.0685501620173, 0.0483184792101, 0.108328178525, 0.133174747229, 0.121125303209, 0.0894222781062, 0.11101205647, 0.113696709275, 0.0767301097512]
    }
},
"lowlevel": {
    "melbands": {
        "dmean": [0.000212557250052, 0.00078166736057, 0.000960398523603, 0.000481790833874, 0.000271803350188, 0.000433585955761, 0.000540064298548, 0.000388372864109, 0.000426531623816, 0.000258293177467, 0.000130333224661, 8.0531812273e-05, 6.20608116151e-05, 4.45571822638e-05, 6.29751302768e-05, 4.24606878369e-05, 4.3637559429e-05, 3.6205365177e-05, 2.85410660581e-05, 2.58221789409e-05, 2.19443263632e-05, 2.16259068111e-05, 2.72573543043e-05, 2.81510492641e-05, 2.11127007788e-05, 1.66076679307e-05, 1.2803536265e-05, 8.3052300397e-06, 4.83054918732e-06, 3.81619292966e-06, 2.74442027148e-06, 1.80099300451e-06, 8.92679906883e-07, 6.59338695641e-07, 5.85740849601e-07, 4.23163811547e-07, 2.64928672777e-07, 1.1171940173e-07, 1.90435063274e-08, 5.10698594525e-10],
        "dmean2": [0.000363474275218, 0.00134053057991, 0.00166396971326, 0.000818033411633, 0.00045726459939, 0.000732272863388, 0.000959687808063, 0.000636652344838, 0.000721729360521, 0.000437548063928, 0.000200630063773, 0.000118353025755, 9.66340157902e-05, 7.00057134964e-05, 9.4399198133e-05, 6.9095294748e-05, 7.11747052264e-05, 5.86168280279e-05, 4.67108548037e-05, 4.31456173828e-05, 3.61620077456e-05, 3.45052103512e-05, 4.46293706773e-05, 4.42564960395e-05, 3.28768510371e-05, 2.69334741461e-05, 1.94375497813e-05, 1.3080415556e-05, 7.87608860264e-06, 6.11622863289e-06, 4.24835297963e-06, 2.89160630018e-06, 1.43969236888e-06, 1.07150879103e-06, 9.3926308864e-07, 6.74091040764e-07, 4.24945767463e-07, 1.76799389351e-07, 3.0619109026e-08, 7.17791714955e-10],
        "dvar": [8.98428638152e-08, 1.15778630061e-06, 1.62043272667e-06, 5.34416017217e-07, 1.55943610025e-07, 3.27907173414e-07, 8.6179278469e-07, 9.14281599762e-07, 5.61646231745e-07, 2.76008449873e-07, 8.24338002303e-08, 4.8767429206e-08, 4.00056237027e-08, 1.77686896308e-08, 4.95119820698e-08, 1.27631389901e-08, 1.93799554182e-08, 9.57862500428e-09, 6.58833165801e-09, 7.44845518597e-09, 3.50489615109e-09, 3.71507447028e-09, 4.39217728854e-09, 4.70574468281e-09, 2.72698708059e-09, 1.1938323663e-09, 1.22866505858e-09, 6.39526653856e-10, 1.06654976517e-10, 9.13790085266e-11, 4.59642809925e-11, 1.49174769759e-11, 3.95588466498e-12, 1.34937319565e-12, 1.32523972265e-12, 5.10775829184e-13, 2.00232991537e-13, 6.13890990993e-14, 3.12102778416e-15, 1.87745121593e-18],
        "dvar2": [2.58380907781e-07, 3.03751630781e-06, 4.62209118268e-06, 1.52018481003e-06, 4.11863737781e-07, 8.70940766617e-07, 2.45511023422e-06, 2.28502813115e-06, 1.59670923949e-06, 7.31114027985e-07, 2.01723523219e-07, 8.93234854971e-08, 8.83928237272e-08, 4.31638902398e-08, 1.16972181274e-07, 3.0613588109e-08, 4.64454785742e-08, 2.36453985281e-08, 1.70528391408e-08, 2.01977794489e-08, 9.42487154987e-09, 1.02071826547e-08, 1.19149765609e-08, 1.1727026461e-08, 6.72509736788e-09, 2.87157075896e-09, 2.60079380254e-09, 1.36435440723e-09, 2.57363852452e-10, 2.00914937465e-10, 1.04451065852e-10, 3.56872829899e-11, 1.00684660262e-11, 3.67036782911e-12, 3.74053305691e-12, 1.3324738448e-12, 5.0550340823e-13, 1.54710676236e-13, 8.64107945625e-15, 4.04993790402e-18],
        "max": [0.00379522959702, 0.0140648959205, 0.0164332352579, 0.0107022533193, 0.00513156224042, 0.00701319193467, 0.00996585004032, 0.0105015458539, 0.0165174100548, 0.0140607655048, 0.00700293760747, 0.00580128654838, 0.00629995390773, 0.00336530478671, 0.00817928276956, 0.00287284585647, 0.00390087463893, 0.00217877724208, 0.00110826618038, 0.00186981796287, 0.000840570544824, 0.00152636051644, 0.00137220718898, 0.00152679160237, 0.00120519858319, 0.000647158129141, 0.000843496178277, 0.000784752715845, 0.00018233305309, 0.000312825519359, 0.000221227106522, 0.00011193590035, 4.40971380158e-05, 3.2053772884e-05, 2.22792787099e-05, 1.26598224597e-05, 8.55866437632e-06, 6.69908331474e-06, 1.39984967973e-06, 2.62953250285e-08],
        "mean": [0.000254773360211, 0.00105266913306, 0.00124907365534, 0.000711461703759, 0.000368281383999, 0.000639691250399, 0.000645643274765, 0.000497989705764, 0.000759543501772, 0.000441734795459, 0.000276643870166, 0.000153680317453, 0.000107239255158, 7.62782510719e-05, 0.000117843832413, 7.43027194403e-05, 7.54362336011e-05, 6.19842903689e-05, 4.35247166024e-05, 3.89129963878e-05, 3.64472034562e-05, 3.8014666643e-05, 5.70861520828e-05, 6.30473223282e-05, 4.08289633924e-05, 3.46688211721e-05, 2.89519120997e-05, 1.67216439877e-05, 9.02681676962e-06, 7.4130516623e-06, 5.9876965679e-06, 3.75315880774e-06, 1.94069775716e-06, 1.44624266341e-06, 1.3638037899e-06, 9.35410980674e-07, 5.62793559311e-07, 2.15958934291e-07, 3.24709752419e-08, 6.51333986745e-10],