{
"metadata": {
    "version": {
        "essentia": "2.0.1",
        "extractor": "archive-music 1.0 mod ismir14"
    },
    "audio_properties": {
        "analysis_sample_rate": 44100,
        "bitrate": 721,
        "channels": 2,
        "equal_loudness": 0,
        "length": 29.9995231628,
        "replay_gain": -8.87201309204,
        "downmix": "mix"
    },
    "tags": {
        "track": 0,
        "year": 0,
        "album": "",
        "artist": "",
        "comment": "",
        "genre": "",
        "title": ""
    }
},
"rhythm": {
    "bpm": 131.233383179,
    "bpm_histogram_first_peak": 133,
    "bpm_histogram_first_peak_spread": 0.5,
    "bpm_histogram_first_peak_weight": 0.428571432829,
    "bpm_histogram_second_peak": 126,
    "bpm_histogram_second_peak_spread": 0.375,
    "bpm_histogram_second_peak_weight": 0.0793650820851
},
"tonal": {
    "tuning_frequency": {
        "dmean": 0.0423625074327,
        "dmean2": 0.081652469933,
        "dvar": 0.443974554539,
        "dvar2": 0.963820099831,
        "max": 455.253540039,
        "mean": 435.483276367,
        "median": 434.193115234,
        "min": 434.193115234,
        "var": 20.1306819916
    },
    "hpcp": {
        "dmean": [0.109260700643, 0.117400296032, 0.158812731504, 0.169678539038, 0.151404052973, 0.131685048342, 0.134601831436, 0.166296124458, 0.23271740973, 0.139908373356, 0.136960938573, 0.114103361964],
        "dmean2": [0.212541103363, 0.224394470453, 0.307198315859, 0.320782184601, 0.29317522049, 0.255995243788, 0.256554931402, 0.322771370411, 0.445906072855, 0.273059338331, 0.262354820967, 0.222351551056],
        "dvar": [0.0778020173311, 0.076965495944, 0.104207091033, 0.101429656148, 0.0983797386289, 0.0867108404636, 0.083324380219, 0.108188711107, 0.135589942336, 0.0971124172211, 0.0882515311241, 0.0813762694597],
        "dvar2": [0.223334908485, 0.220579430461, 0.294037699699, 0.281466066837, 0.279453486204, 0.243804916739, 0.236084699631, 0.310339957476, 0.375810027122, 0.269607692957, 0.248867914081, 0.235967934132],
        "max": [1, 1, 1, 1, 1, 1, 1, 1, 1, 1, 1, 1],
        "mean": [0.0680624544621, 0.108521252871, 0.115380421281, 0.202518448234, 0.107119530439, 0.101579993963, 0.128304049373, 0.116979695857, 0.204041913152, 0.096159286797, 0.0967658832669, 0.0815274789929],
        "median": [0.000362355291145, 0.00169882515911, 0.000746195379179, 0.00318649993278, 0.00104351225309, 0.00117765343748, 0.00156541622709, 0.00106376106851, 0.00476283859462, 0.000343343621353, 0.00180948362686, 0.000569544616155],
        "min": [0, 0, 1.16722395638e-10, 0, 0, 3.48012889617e-07, 0, 0, 0, 0, 0, 0],
        "var": [0.0507717803121, 0.0775480568409, 0.084458693862, 0.133333593607, 0.0759232267737, 0.0740787386894, 0.0894010290504, 0.0846240669489, 0.134153857827, 0.0733131244779, 0.064094632864, 0.061667855829]
    }
},
"lowlevel": {
    "melbands": {
        "dmean": [0.000826945877634, 0.00335273775272, 0.00346269039437, 0.00180856860243, 0.00100410671439, 0.000369622342987, 0.000123416335555, 0.000120018114103, 5.0501235819e-05, 2.58771215158e-05, 2.72032975772e-05, 2.82350829366e-05, 8.86157431523e-06, 6.71542329655e-06, 7.8083594417e-06, 4.51208416052e-06, 3.6078215544e-06, 1.62713149621e-06, 1.52196366798e-06, 1.43965075949e-06, 9.58690861808e-07, 1.26639952214e-06, 1.52935695041e-06, 1.37936842748e-06, 6.04662602655e-07, 3.49711228864e-07, 5.79252798616e-07, 7.85724466823e-07, 7.16347301477e-07, 8.06335833659e-07, 1.4358606677e-06, 2.74200715467e-06, 2.75061302091e-06, 1.6544911432e-06, 7.26729126654e-07, 3.26889391999e-07, 1.9089308978e-07, 7.27100015752e-08, 2.47489833072e-08, 3.51143691901e-09],
        "dmean2": [0.00141126173548, 0.00579357752576, 0.00587775604799, 0.00301340618171, 0.00166614016052, 0.000625695392955, 0.000182423638762, 0.000168758168002, 6.77640855429e-05, 3.36353914463e-05, 3.56856762664e-05, 3.70545130863e-05, 1.26336517496e-05, 1.03978927655e-05, 1.09555057861e-05, 6.50556330584e-06, 4.99857696923e-06, 2.37891231336e-06, 2.13272028304e-06, 2.11960627894e-06, 1.38421421525e-06, 1.90998525795e-06, 2.25367489293e-06, 2.03824288292e-06, 9.25505219129e-07, 5.21962022049e-07, 8.79709261881e-07, 1.28331066662e-06, 1.14316628697e-06, 1.21517985008e-06, 2.20276319851e-06, 4.39411132902e-06, 4.1061198317e-06, 2.56447196989e-06, 1.16560727292e-06, 5.05067191625e-07, 2.87276463951e-07, 1.10476847226e-07, 3.60584095915e-08, 5.46181055938e-09],
        "dvar": [2.76474520433e-06, 2.90035823127e-05, 3.2313666452e-05, 9.05924025574e-06, 2.61537275037e-06, 4.4567087798e-07, 1.41365021022e-07, 1.50680335764e-07, 1.83984383284e-08, 1.03660786621e-08, 6.94358170961e-09, 1.86050588269e-08, 1.49150514162e-09, 5.67533131601e-10, 6.84259759964e-10, 4.37228975247e-10, 5.20141707483e-10, 3.91075921646e-11, 6.34604660488e-11, 6.50505829758e-11, 1.52637815581e-11, 2.25020679173e-11, 3.41450062669e-11, 2.96455499038e-11, 5.73290633715e-12, 9.19974057871e-13, 5.24042614858e-12, 1.23880445832e-11, 7.89030906584e-12, 2.14822326594e-11, 6.40208719371e-11, 3.60098867391e-10, 5.28471044703e-10, 1.67001731888e-10, 1.46451184513e-11, 1.28981905451e-12, 4.54992922679e-13, 7.75123305927e-14, 1.21920541764e-14, 3.90987549716e-16],
        "dvar2": [7.50983326725e-06, 8.72556629474e-05, 0.000104928061774, 2.44930179178e-05, 7.21832248018e-06, 1.24073199004e-06, 2.10823827729e-07, 2.38486933313e-07, 2.82872463231e-08, 1.41409985943e-08, 1.2176363029e-08, 2.16650697382e-08, 3.80891762575e-09, 1.40339562194e-09, 1.09173614593e-09, 8.44546821366e-10, 9.13516318146e-10, 7.43261424629e-11, 9.75633185352e-11, 1.28873148264e-10, 2.75274178452e-11, 5.35494600051e-11, 8.31173949112e-11, 6.11259029504e-11, 1.28671960239e-11, 1.90271171215e-12, 1.14596526712e-11, 3.3079858297e-11, 1.91751736017e-11, 5.29882734912e-11, 1.46935741352e-10, 9.55357570831e-10, 1.2626650836e-09, 3.43467088104e-10, 4.09150283098e-11, 2.95682879223e-12, 1.11189323807e-12, 1.86119159364e-13, 3.01691011311e-14, 9.95394156098e-16],
        "max": [0.0332657806575, 0.0591877922416, 0.0701642334461, 0.0832480341196, 0.0256985612214, 0.0115316212177, 0.00985258538276, 0.0100017888471, 0.0036476275418, 0.00396139919758, 0.00206447206438, 0.00989578105509, 0.00107550586108, 0.000643492850941, 0.00144551263656, 0.000850756769069, 0.00101904151961, 0.000266183866188, 0.000326398236211, 0.000312162941555, 0.000132940200274, 0.000128486179165, 0.000144588761032, 0.000135576294269, 8.49580465001e-05, 2.72710094578e-05, 6.94908812875e-05, 0.000116482769954, 6.56186239212e-05, 0.000149481376866, 0.000227524884394, 0.000495990389027, 0.000901930325199, 0.000581116764806, 0.000117315357784, 2.82828623313e-05, 1.28327856146e-05, 9.69401753537e-06, 3.23127210322e-06, 7.40231996588e-07],
        "mean": [0.00150804384612, 0.00614535436034, 0.00744232675061, 0.00361305545084, 0.00225195614621, 0.000812785176095, 0.000301304797176, 0.000299728504615, 0.000141812255606, 8.66024347488e-05, 8.49436255521e-05, 8.63790774019e-05, 2.26457232202e-05, 1.27339935716e-05, 1.96329783648e-05, 1.15620086945e-05, 8.0487525338e-06, 3.39808434546e-06, 3.27116777044e-06, 3.1887602745e-06, 1.74331034941e-06, 2.61336299445e-06, 3.12558881888e-06, 2.44957095674e-06, 1.05987612642e-06, 7.13205679403e-07, 9.96830976874e-07, 1.29292004658e-06, 1.12577777145e-06, 1.3604732203e-06, 2.42044529841e-06, 4.08319147027e-06, 4.17072033088e-06, 2.9016202916e-06, 1.30232092488e-06, 7.01928001945e-07, 3.99765383463e-07, 1.47603913092e-07, 4.82660134082e-08, 5.92424020951e-09],