{
"metadata": {
    "version": {
        "essentia": "2.0.1",
        "extractor": "archive-music 1.0 mod ismir14"
    },
    "audio_properties": {
        "analysis_sample_rate": 44100,
        "bitrate": 721,
        "channels": 2,
        "equal_loudness": 0,
        "length": 29.9995231628,
        "replay_gain": -12.2078838348,
        "downmix": "mix"
    },
    "tags": {
        "track": 0,
        "year": 0,
        "album": "",
        "artist": "",
        "comment": "",
        "genre": "",
        "title": ""
    }
},
"rhythm": {
    "bpm": 92.4695205688,
    "bpm_histogram_first_peak": 92,
    "bpm_histogram_first_peak_spread": 0.54545456171,
    "bpm_histogram_first_peak_weight": 0.444444447756,
    "bpm_histogram_second_peak": 99,
    "bpm_histogram_second_peak_spread": 0,
    "bpm_histogram_second_peak_weight": 0.0222222227603
},
"tonal": {
    "tuning_frequency": {
        "dmean": 0.0435777083039,
        "dmean2": 0.0770234242082,
        "dvar": 0.425656586885,
        "dvar2": 0.718499362469,
        "max": 452.892974854,
        "mean": 437.119537354,
        "median": 436.708374023,
        "min": 431.692352295,
        "var": 5.60643863678
    },
    "hpcp": {
        "dmean": [0.162048503757, 0.143586084247, 0.14394210279, 0.19311247766, 0.159917026758, 0.119813725352, 0.147934705019, 0.129499167204, 0.20315296948, 0.131162643433, 0.189798355103, 0.200486630201],
        "dmean2": [0.302523881197, 0.261795163155, 0.270780801773, 0.345669299364, 0.294470012188, 0.224010691047, 0.2615891397, 0.242122545838, 0.361709237099, 0.244323894382, 0.343364447355, 0.357876509428],
        "dvar": [0.0732484385371, 0.0623311214149, 0.0763371512294, 0.080413877964, 0.0729150027037, 0.0569124259055, 0.0534474886954, 0.0616636313498, 0.0743674486876, 0.0593900121748, 0.0739385858178, 0.0772270783782],
        "dvar2": [0.211754634976, 0.171361193061, 0.214882344007, 0.212215900421, 0.195721566677, 0.164015263319, 0.142888486385, 0.170440137386, 0.196536511183, 0.165339589119, 0.199404910207, 0.218612328172],
        "max": [1, 1, 1, 1, 1, 1, 1, 1, 1, 1, 1, 1],
        "mean": [0.120908014476, 0.144931033254, 0.104725770652, 0.388787835836, 0.188864260912, 0.0983478352427, 0.228689879179, 0.107995003462, 0.292867660522, 0.0997472628951, 0.193616986275, 0.231895089149],
        "median": [0.0132502550259, 0.0197246074677, 0.0042018587701, 0.172993704677, 0.0177246350795, 0.0116753457114, 0.0589512847364, 0.00741477683187, 0.113207243383, 0.00977897550911, 0.0632142350078, 0.0605511814356],
        "min": [0, 0, 0, 0, 0, 0, 0, 0, 0, 0, 0, 0],
        "var": [0.05979578197, 0.0661397203803, 0.0615309290588, 0.173338547349, 0.106468111277, 0.0477778911591, 0.10843295604, 0.057548455894, 0.127520695329, 0.0472263433039, 0.0802136734128, 0.104862272739]
    }
},
"lowlevel": {
    "melbands": {
        "dmean": [2.71510834864e-05, 0.000121710145322, 0.000138180635986, 0.000255439663306, 0.000317353493301, 0.000346799846739, 0.000262175366515, 0.000340116297593, 0.000246655545197, 0.000162744676345, 0.000116333518235, 9.48655360844e-05, 9.34808776947e-05, 7.86203017924e-05, 0.000149663261254, 0.000130775792059, 7.06972641638e-05, 3.81322388421e-05, 3.9893649955e-05, 4.34361099906e-05, 1.48624258145e-05, 2.18519653572e-05, 1.00431507235e-05, 6.97245013725e-06, 8.57735631143e-06, 2.98491795547e-06, 1.85015767329e-06, 2.28006933867e-06, 1.76101571014e-06, 1.61417108302e-06, 8.1126160012e-07, 3.85615294363e-07, 2.63843247694e-07, 1.06792384713e-07, 4.08158946641e-08, 3.11851380275e-08, 6.71769351257e-09, 6.62584487277e-10, 9.13488451548e-11, 2.50606011637e-11],
        "dmean2": [4.18689414801e-05, 0.000198824709514, 0.000238977270783, 0.000461065152194, 0.000575533718802, 0.000599897175562, 0.000400485849241, 0.000486064905999, 0.000340249214787, 0.000222855553147, 0.000179920985829, 0.000140137417475, 0.000143524623127, 0.000123025602079, 0.000222648945055, 0.000206457087188, 0.000107348714664, 5.40547480341e-05, 5.83967848797e-05, 6.44277388346e-05, 2.33125138038e-05, 3.48622124875e-05, 1.64156717801e-05, 1.09457960207e-05, 1.22333958643e-05, 4.46747117167e-06, 2.85435976366e-06, 3.52265465153e-06, 2.62809930973e-06, 2.28378621614e-06, 1.17883485018e-06, 5.50771289909e-07, 3.78974249315e-07, 1.53749894594e-07, 5.63883375548e-08, 4.32379856363e-08, 9.61253121545e-09, 9.88181536599e-10, 1.38976705144e-10, 4.34297320329e-11],
        "dvar": [1.19367393747e-09, 2.34879706795e-08, 4.42930243594e-08, 1.34203403945e-07, 2.20993015887e-07, 2.84482524648e-07, 1.31430269334e-07, 5.37617040663e-07, 2.21451770699e-07, 9.63111546071e-08, 5.98713825184e-08, 4.92603788871e-08, 4.86641766884e-08, 2.97371407498e-08, 8.79966677303e-08, 1.19028165102e-07, 3.1553479829e-08, 7.88761322923e-09, 1.14436229381e-08, 1.05765858294e-08, 7.76806841074e-10, 3.55606277758e-09, 5.07060504695e-10, 2.17927662027e-10, 4.18135082114e-10, 5.71982010367e-11, 2.01540641814e-11, 5.54975405909e-11, 1.94236918216e-11, 1.47141639151e-11, 4.80178830725e-12, 1.20619183044e-12, 6.55623992596e-13, 1.36436109806e-13, 1.29216045009e-14, 8.19153704828e-15, 2.49819847587e-16, 3.24683031524e-18, 6.55198130976e-20, 1.36966019855e-20],
        "dvar2": [2.50680920466e-09, 5.7689291566e-08, 1.21426282362e-07, 4.03375935321e-07, 7.16329907391e-07, 8.28054908197e-07, 3.03401577639e-07, 1.16840749342e-06, 4.91098546718e-07, 2.08756105735e-07, 1.4424384176e-07, 1.23763555848e-07, 1.1494916663e-07, 8.20706134164e-08, 2.07597807389e-07, 3.05039662862e-07, 7.63727570074e-08, 1.58225343938e-08, 2.5813982063e-08, 2.21483311691e-08, 1.90685978119e-09, 9.24702359129e-09, 1.41427025646e-09, 5.36388045091e-10, 8.61613558278e-10, 1.19152007705e-10, 5.04557402803e-11, 1.3813002131e-10, 4.65368195368e-11, 3.12649940659e-11, 1.11772518324e-11, 2.60671735933e-12, 1.44977844833e-12, 3.14619749524e-13, 2.55094288927e-14, 1.76684245712e-14, 4.99535351303e-16, 6.687938473e-18, 1.22765907214e-19, 1.68983418713e-20],
        "max": [0.00041977094952, 0.00214098370634, 0.00470126094297, 0.00739352731034, 0.0054022478871, 0.00722928810865, 0.00779630802572, 0.0176251977682, 0.00837663374841, 0.00595954386517, 0.00510181067511, 0.00505795888603, 0.00516159506515, 0.0042577078566, 0.0061288587749, 0.00552898971364, 0.00368100614287, 0.0022036342416, 0.00193968764506, 0.00272490619682, 0.000511437479872, 0.0014472946059, 0.000351819500793, 0.000302949018078, 0.000354547373718, 0.000199873757083, 7.95817031758e-05, 0.000140684860526, 6.30425638519e-05, 6.49770372547e-05, 5.2776245866e-05, 3.14139106194e-05, 2.09071167774e-05, 8.35699120216e-06, 2.3218590286e-06, 2.19889830078e-06, 2.70192344942e-07, 3.61046055275e-08, 6.45041176028e-09, 5.616889176e-09],
        "mean": [3.85799612559e-05, 0.000175982539076, 0.000174911110662, 0.000324792345054, 0.00041452809819, 0.00056910852436, 0.000619562750217, 0.00124520808458, 0.000768895202782, 0.000427719089203, 0.000298121070955, 0.000240509121795, 0.000192806837731, 0.00014696647122, 0.000297485879855, 0.000242679729126, 0.000178721762495, 9.22970939428e-05, 7.43764758226e-05, 9.85062069958e-05, 3.15014549415e-05, 4.06229009968e-05, 2.16449880099e-05, 1.67695907294e-05, 2.38044776779e-05, 7.85562951933e-06, 4.04562797485e-06, 4.43516546511e-06, 4.59116563434e-06, 4.93483230457e-06, 2.30564296544e-06, 1.08328572423e-06, 7.00507712281e-07, 2.82842137267e-07, 1.15710740545e-07, 9.41907387642e-08, 1.99565413084e-08, 1.64843816375e-09, 1.85341256231e-10, 2.84678981777e-11],