{
"metadata": {
    "version": {
        "essentia": "2.0.1",
        "extractor": "archive-music 1.0 mod ismir14"
    },
    "audio_properties": {
        "analysis_sample_rate": 44100,
        "bitrate": 64,
        "channels": 2,
        "equal_loudness": 0,
        "length": 30.0669155121,
        "replay_gain": -11.7818088531,
        "downmix": "mix"
    },
    "tags": {
        "track": 6,
        "year": 0,
        "album": "Swing Classics (Jazz & Tzaz 70)",
        "artist": "Benny Carter",
        "comment": "",
        "genre": "Jazz",
        "title": "Babalu"
    }
},
"rhythm": {
    "bpm": 92.63256073,
    "bpm_histogram_first_peak": 94,
    "bpm_histogram_first_peak_spread": 0.540540575981,
    "bpm_histogram_first_peak_weight": 0.377777785063,
    "bpm_histogram_second_peak": 89,
    "bpm_histogram_second_peak_spread": 0,
    "bpm_histogram_second_peak_weight": 0.155555561185
},
"tonal": {
    "tuning_frequency": {
        "dmean": 0.325649499893,
        "dmean2": 0.568808972836,
        "dvar": 3.10422682762,
        "dvar2": 5.62558889389,
        "max": 455.779724121,
        "mean": 439.130706787,
        "median": 437.718536377,
        "min": 434.444000244,
        "var": 15.4051103592
    },
    "hpcp": {
        "dmean": [0.105403900146, 0.180107027292, 0.100782357156, 0.224639818072, 0.151001632214, 0.133391112089, 0.212424784899, 0.0770865157247, 0.185735985637, 0.105833888054, 0.162273675203, 0.216972067952],
        "dmean2": [0.188322558999, 0.315293103456, 0.180607795715, 0.404842495918, 0.275788098574, 0.246793374419, 0.353028565645, 0.141924753785, 0.32145512104, 0.18610009551, 0.281486093998, 0.368120193481],
        "dvar": [0.0384749732912, 0.0533423013985, 0.0350265279412, 0.0727943181992, 0.0617525801063, 0.0309434942901, 0.0679850131273, 0.0146148176864, 0.0442743226886, 0.0239210911095, 0.0389527529478, 0.0482889711857],
        "dvar2": [0.111072778702, 0.130567237735, 0.0962616577744, 0.152820497751, 0.128719031811, 0.0906939804554, 0.121901407838, 0.0399833358824, 0.0940043330193, 0.0647338107228, 0.0814919471741, 0.10393024236],
        "max": [1, 1, 1, 1, 1, 1, 1, 0.559335947037, 1, 1, 1, 1],
        "mean": [0.0943196862936, 0.254272401333, 0.087599940598, 0.472362399101, 0.257167756557, 0.149440377951, 0.354593396187, 0.0743852183223, 0.440232127905, 0.101747758687, 0.243617102504, 0.419087648392],
        "median": [0.0298725664616, 0.126321688294, 0.0394273661077, 0.353672891855, 0.079156383872, 0.086978957057, 0.192814216018, 0.0387005396187, 0.335527300835, 0.059680853039, 0.149302735925, 0.335018277168],
        "min": [0.00214900681749, 0.00259923981503, 0.00128345820121, 0.00119884579908, 0.000609072798397, 0.00641295546666, 0.00139776105061, 0.00407996680588, 0.00842245295644, 0.00306427665055, 0.00414212746546, 0.00677856151015],
        "var": [0.0269530527294, 0.078507989645, 0.026920678094, 0.13156709075, 0.117394790053, 0.0264903027564, 0.134630933404, 0.0103221619502, 0.115597762167, 0.0203734952956, 0.0610731579363, 0.11584854126]
    }
},
"lowlevel": {
    "melbands": {
        "dmean": [1.7964118797e-06, 9.87876410363e-06, 7.09374762664e-06, 1.60552699526e-05, 1.6065167074e-05, 2.63551864919e-05, 2.05385877052e-05, 5.94036173425e-05, 3.27917041432e-05, 2.22549224418e-05, 1.49045117723e-05, 1.19445685414e-05, 9.3372846095e-06, 8.55086727825e-06, 1.7593449229e-05, 1.45289122884e-05, 7.91063575889e-06, 4.9883083193e-06, 4.66988831249e-06, 6.22056495558e-06, 1.70322960003e-06, 2.15437103179e-06, 1.0591870705e-06, 9.56813096309e-07, 1.34087872539e-06, 4.27192503594e-07, 2.72533128509e-07, 2.89447882551e-07, 2.82340494095e-07, 3.13127202389e-07, 1.47981396026e-07, 7.60748051221e-08, 5.3247152465e-08, 2.09129140671e-08, 8.82238815336e-09, 6.63364474462e-09, 1.18670417937e-09, 8.58916618385e-11, 8.86676409378e-12, 3.18039377386e-13],
        "dmean2": [3.16897512675e-06, 1.73454773176e-05, 1.28395122374e-05, 2.90267471428e-05, 2.82778637484e-05, 4.44514880655e-05, 3.16288460454e-05, 9.49525492615e-05, 5.2202725783e-05, 3.74994087906e-05, 2.33655609918e-05, 1.78952213901e-05, 1.45991070895e-05, 1.49926408994e-05, 2.95479039778e-05, 2.25941184908e-05, 1.22508154163e-05, 8.48678791954e-06, 7.56000599722e-06, 1.04488408397e-05, 2.89119520858e-06, 3.65163850802e-06, 1.77203025942e-06, 1.66969289239e-06, 2.3138288725e-06, 7.24303617972e-07, 4.72581717759e-07, 5.02588875406e-07, 4.69269394898e-07, 5.44307226846e-07, 2.53880301671e-07, 1.36228777592e-07, 9.50870813199e-08, 3.78661297873e-08, 1.57431472303e-08, 1.16300400421e-08, 2.0471342399e-09, 1.5440088097e-10, 1.5505274148e-11, 5.51940925689e-13],
        "dvar": [3.39753832707e-12, 1.3835654844e-10, 4.34467392618e-11, 2.57914384294e-10, 2.69448019452e-10, 9.73505942525e-10, 6.7532507364e-10, 1.05013651108e-08, 2.83708212478e-09, 8.94160578913e-10, 4.66989447112e-10, 3.17301074304e-10, 1.5683536414e-10, 2.07103320604e-10, 6.44623299184e-10, 6.61658117185e-10, 1.90345558759e-10, 7.0962125065e-11, 5.19295613455e-11, 1.34368405291e-10, 4.19915144323e-12, 9.4885540397e-12, 1.81341519492e-12, 1.58857551679e-12, 3.95569124331e-12, 7.17725737783e-13, 1.86878873379e-13, 2.63843092339e-13, 1.42263059514e-13, 1.74518616247e-13, 4.65390258882e-14, 1.84706731924e-14, 1.01389310156e-14, 1.69753671789e-15, 2.23732238663e-16, 1.24486566139e-16, 3.06896497684e-18, 2.57408299181e-20, 3.11978180682e-22, 2.70203743396e-25],
        "dvar2": [9.26868824747e-12, 3.91546683964e-10, 1.18513698855e-10, 7.8187495367e-10, 8.30127411255e-10, 3.05165204217e-09, 1.57187729499e-09, 2.48240166201e-08, 7.20202297799e-09, 2.53836907049e-09, 1.12640574645e-09, 7.76434028182e-10, 3.78189646266e-10, 6.03728955717e-10, 1.53644086343e-09, 1.31557464922e-09, 3.97680222086e-10, 2.14491910344e-10, 1.17658688348e-10, 3.52832207895e-10, 1.06848392981e-11, 2.33817878253e-11, 4.0633737694e-12, 4.48215596582e-12, 1.1102445352e-11, 1.87745413834e-12, 5.71844709172e-13, 6.79611748822e-13, 4.00375912979e-13, 4.99516389623e-13, 1.36254302654e-13, 5.44682469971e-14, 2.83706079327e-14, 4.8204869492e-15, 6.18594249429e-16, 3.08374282319e-16, 8.35948313456e-18, 6.06089581231e-20, 8.6954675981e-22, 6.7020242001e-25],
        "max": [1.06922598206e-05, 8.44923997647e-05, 4.49011822639e-05, 0.000113550006063, 9.51092006289e-05, 0.000171091334778, 0.000263578345766, 0.000726530037355, 0.000336254015565, 0.0001824349456, 0.000123740552226, 0.000130967717269, 8.84219552972e-05, 0.000106640683953, 0.000151101921801, 0.000176560541149, 0.000116444170999, 6.61877711536e-05, 5.89399787714e-05, 0.000101124242065, 1.30966209326e-05, 2.5111476134e-05, 1.06077914097e-05, 6.94234131515e-06, 1.28637548187e-05, 7.08834841134e-06, 2.42725513999e-06, 4.0308818825e-06, 2.18804234464e-06, 2.48906667366e-06, 1.21514131024e-06, 9.25588835798e-07, 5.56079726266e-07, 2.47883605198e-07, 7.93832484192e-08, 8.67216769507e-08, 1.34835005383e-08, 1.1463414662e-09, 1.15443668514e-10, 3.00825380231e-12],
        "mean": [2.47151342592e-06, 1.40784250107e-05, 9.17946363188e-06, 2.06291952054e-05, 2.59451935563e-05, 3.63187173207e-05, 3.38380632456e-05, 8.3161983639e-05, 4.58933063783e-05, 2.67883569904e-05, 1.79853941518e-05, 1.46306001625e-05, 1.20111044453e-05, 9.13830808713e-06, 1.90217724594e-05, 1.54410208779e-05, 1.10293431135e-05, 5.28329655936e-06, 4.56942143501e-06, 6.47675369692e-06, 1.86967133686e-06, 2.58827867583e-06, 1.29098373236e-06, 1.06980508008e-06, 1.42490034705e-06, 4.88766772833e-07, 2.58908983142e-07, 2.73057082723e-07, 2.86048560838e-07, 3.04218389147e-07, 1.42857089713e-07, 6.66766837298e-08, 4.30791473605e-08, 1.71694374274e-08, 7.39162819841e-09, 5.96470828285e-09, 1.20444942908e-09, 7.75489741867e-11, 7.73754151029e-12, 2.79443352139e-13],