{
"metadata": {
    "version": {
        "essentia": "2.0.1",
        "extractor": "archive-music 1.0 mod ismir14"
    },
    "audio_properties": {
        "analysis_sample_rate": 44100,
        "bitrate": 32,
        "channels": 2,
        "equal_loudness": 0,
        "length": 30.0408172607,
        "replay_gain": -9.60221099854,
        "downmix": "mix"
    },
    "tags": {
        "track": 0,
        "year": 0,
        "album": "",
        "artist": "",
        "comment": "",
        "genre": "",
        "title": ""
    }
},
"rhythm": {
    "bpm": 172.265594482,
    "bpm_histogram_first_peak": 172,
    "bpm_histogram_first_peak_spread": 0,
    "bpm_histogram_first_peak_weight": 0.529411792755,
    "bpm_histogram_second_peak": 178,
    "bpm_histogram_second_peak_spread": 0,
    "bpm_histogram_second_peak_weight": 0.258823543787
},
"tonal": {
    "tuning_frequency": {
        "dmean": 0.039242349565,
        "dmean2": 0.07083517313,
        "dvar": 0.0921579748392,
        "dvar2": 0.211026057601,
        "max": 437.971466064,
        "mean": 433.143798828,
        "median": 432.940917969,
        "min": 432.940917969,
        "var": 0.398240029812
    },
    "hpcp": {
        "dmean": [0.0831548571587, 0.145750150084, 0.159229680896, 0.15693347156, 0.0392805896699, 0.074687153101, 0.0962172523141, 0.125336736441, 0.0599187463522, 0.0596292242408, 0.138627663255, 0.0725832208991],
        "dmean2": [0.150212049484, 0.267320841551, 0.296417593956, 0.278519570827, 0.0732118934393, 0.125186786056, 0.180316954851, 0.215817689896, 0.108814135194, 0.106225349009, 0.226524278522, 0.129541173577],
        "dvar": [0.0425627157092, 0.0667723789811, 0.0797799453139, 0.0827612578869, 0.0238357726485, 0.0369332134724, 0.0591817311943, 0.066805228591, 0.0315644927323, 0.0246033612639, 0.0548815466464, 0.0364156328142],
        "dvar2": [0.100444920361, 0.167656511068, 0.212100312114, 0.163065925241, 0.0651511773467, 0.0830182656646, 0.139744371176, 0.14128819108, 0.0759231671691, 0.0572137609124, 0.10743740201, 0.0962627828121],
        "max": [1, 1, 1, 1, 1, 1, 1, 1, 1, 1, 1, 1],
        "mean": [0.0802834630013, 0.183765739202, 0.141871362925, 0.319355636835, 0.0286502987146, 0.105640895665, 0.131490170956, 0.188390761614, 0.0565281622112, 0.0612363927066, 0.332089751959, 0.0577352009714],
        "median": [0.00950162485242, 0.0316856950521, 0.0312307402492, 0.0554025694728, 0.00113482796587, 0.0112088900059, 0.00139352388214, 0.0112462379038, 0.00260032108054, 0.00363565748557, 0.110224798322, 0.00332636293024],
        "min": [8.10199253465e-06, 1.61412535817e-05, 6.86509747538e-06, 1.62600042586e-06, 2.13559314943e-06, 2.5695264867e-06, 3.89110573451e-06, 3.71339501726e-06, 2.05814103538e-06, 2.80621839011e-06, 1.00895829291e-06, 1.59259725478e-05],
        "var": [0.0437122136354, 0.0994951799512, 0.0667090713978, 0.17210419476, 0.0175371225923, 0.0656480044127, 0.0942019447684, 0.117129482329, 0.037322498858, 0.0327554345131, 0.157740607858, 0.0295653697103]
    }
},
"lowlevel": {
    "melbands": {
        "dmean": [2.17891579268e-06, 4.48303217127e-05, 5.87776121392e-05, 0.000484547810629, 0.000508883735165, 0.000277113722404, 0.000111721987196, 9.43817358348e-05, 5.53471036255e-05, 3.93313312088e-05, 3.4184758988e-05, 1.84446998901e-05, 3.25647124555e-05, 1.25356536955e-05, 1.37885363074e-05, 8.77660477272e-06, 1.80107472261e-05, 8.6859199655e-06, 1.04084319901e-05, 2.93015432362e-06, 4.06836898037e-06, 3.80515257348e-06, 2.82132623397e-06, 3.10930386149e-06, 6.82501558913e-06, 7.00760938344e-06, 2.32848924497e-06, 1.2230102584e-06, 3.84813489518e-07, 2.50212366382e-07, 1.13914111921e-07, 1.97257712387e-08, 3.11789216667e-09, 8.19182555123e-10, 2.58646742912e-10, 1.14260136075e-10, 5.1847019733e-11, 1.88781108801e-11, 1.02396814985e-11, 5.47525306344e-12],
        "dmean2": [3.78198319595e-06, 6.8844499765e-05, 8.62539018271e-05, 0.000739820185117, 0.000764815020375, 0.000422541430453, 0.000172549829585, 0.000142866410897, 8.48083145684e-05, 6.33347299299e-05, 4.80714188598e-05, 2.75256916211e-05, 4.88742880407e-05, 1.79691141966e-05, 2.36579635384e-05, 1.31915776365e-05, 2.58286345343e-05, 1.3638913515e-05, 1.57315243996e-05, 4.45615614808e-06, 6.56313886793e-06, 6.25372285867e-06, 4.77248113384e-06, 4.91687978865e-06, 1.08075246317e-05, 1.06288816824e-05, 3.80597543881e-06, 1.97019312509e-06, 6.351256161e-07, 4.18973115757e-07, 1.80689369245e-07, 3.11298791189e-08, 4.86693085833e-09, 1.26970911563e-09, 4.0824107983e-10, 1.75696734939e-10, 7.93267465604e-11, 2.7478637421e-11, 1.45666586432e-11, 8.26406217763e-12],
        "dvar": [1.21305058012e-11, 9.52846956892e-09, 1.3213127481e-08, 1.47310413467e-06, 7.6207766142e-07, 1.48680669554e-07, 3.66282009168e-08, 4.62292994996e-08, 3.26030438202e-08, 1.43017455656e-08, 1.25601582468e-08, 4.51648007882e-09, 1.30353265959e-08, 1.74870673497e-09, 4.17253431806e-09, 4.19295959064e-10, 2.79783352042e-09, 2.54055748661e-10, 5.28359689334e-10, 2.89475006465e-11, 6.07288663801e-11, 6.21487167285e-11, 6.10598169248e-11, 5.14634689031e-11, 3.34897110044e-10, 3.00314134671e-10, 2.91973528688e-11, 1.00024962271e-11, 1.47205056304e-12, 1.37235004177e-12, 4.12570232968e-13, 7.08459119413e-15, 5.47606906279e-16, 1.70270414165e-17, 7.01527069519e-19, 1.26895102359e-19, 2.22492940901e-20, 1.54864740146e-21, 1.1100448781e-21, 2.45621473254e-22],
        "dvar2": [3.27757682106e-11, 1.53286414672e-08, 2.5945372073e-08, 2.44275975092e-06, 1.55681016167e-06, 3.37567030329e-07, 8.29825026472e-08, 1.01610559966e-07, 6.50166356309e-08, 3.44583170886e-08, 2.71488698189e-08, 8.11535105782e-09, 2.67162576506e-08, 3.30298322027e-09, 1.14944871399e-08, 9.19593567961e-10, 4.14055278952e-09, 5.64395807867e-10, 1.01790065266e-09, 6.8065469927e-11, 1.49137424632e-10, 1.45697384712e-10, 1.68595803984e-10, 1.16872025946e-10, 6.72200572982e-10, 5.24702503668e-10, 7.53269044362e-11, 2.35932523518e-11, 2.90677703262e-12, 2.80265459278e-12, 9.08857461946e-13, 1.61849869715e-14, 1.29611541633e-15, 4.1395744212e-17, 1.68099178794e-18, 2.84023345915e-19, 4.15860173888e-20, 1.76607927736e-21, 8.42539141154e-22, 2.00609208842e-22],
        "max": [3.81228528568e-05, 0.00255871005356, 0.00148140871897, 0.0296740587801, 0.00961743574589, 0.00323325232603, 0.001870982931, 0.00262594176456, 0.00255637685768, 0.00124855770264, 0.00146636902355, 0.000807380420156, 0.00168920273427, 0.00060927728191, 0.000826103729196, 0.000372172740754, 0.00136709341314, 0.000184184027603, 0.000420171796577, 8.87379428605e-05, 6.65713523631e-05, 7.81884446042e-05, 8.92561802175e-05, 0.00010555278277, 0.000248098571319, 0.000322276930092, 5.27977608726e-05, 3.28287605953e-05, 1.71561223397e-05, 1.90921946341e-05, 1.28353403852e-05, 1.58469424605e-06, 5.02920215695e-07, 6.28528979973e-08, 1.31694006811e-08, 5.41858824477e-09, 2.53115772786e-09, 1.15472664763e-09, 1.13296871884e-09, 5.35336441843e-10],
        "mean": [2.50409061664e-06, 7.56682420615e-05, 0.000110907851194, 0.000906534667592, 0.000873688666616, 0.000405499595217, 0.00015465177421, 0.000151986983838, 6.87159626978e-05, 4.20175711042e-05, 4.17878727603e-05, 2.22896978812e-05, 3.81098761864e-05, 1.43368806675e-05, 1.29229183585e-05, 9.7332012956e-06, 2.10370071727e-05, 1.00549095805e-05, 1.36119979288e-05, 3.8928419599e-06, 4.60144883618e-06, 4.05055925512e-06, 2.66166716756e-06, 3.58693864655e-06, 7.59915974413e-06, 8.17605632619e-06, 2.29291890719e-06, 1.13827650239e-06, 3.96692740878e-07, 2.36919973418e-07, 9.95747910792e-08, 1.74295848865e-08, 2.63426991332e-09, 8.04752819938e-10, 3.25192789363e-10, 1.55178730976e-10, 7.78646522259e-11, 3.33810444564e-11, 1.77902397674e-11, 8.71432266625e-12],