{
"metadata": {
    "version": {
        "essentia": "2.0.1",
        "extractor": "archive-music 1.0 mod ismir14"
    },
    "audio_properties": {
        "analysis_sample_rate": 44100,
        "bitrate": 32,
        "channels": 2,
        "equal_loudness": 0,
        "length": 30.0408172607,
        "replay_gain": -8.39121818542,
        "downmix": "mix"
    },
    "tags": {
        "track": 7,
        "year": 0,
        "album": "The Cool Jazz Collection",
        "artist": "Astrud Gilberto",
        "comment": "",
        "genre": "Jazz",
        "title": "Girl From Ipanema"
    }
},
"rhythm": {
    "bpm": 130.063034058,
    "bpm_histogram_first_peak": 129,
    "bpm_histogram_first_peak_spread": 0.509090900421,
    "bpm_histogram_first_peak_weight": 0.428571432829,
    "bpm_histogram_second_peak": 136,
    "bpm_histogram_second_peak_spread": 0.199999988079,
    "bpm_histogram_second_peak_weight": 0.0634920671582
},
"tonal": {
    "tuning_frequency": {
        "dmean": 0.0873555094004,
        "dmean2": 0.127871721983,
        "dvar": 0.525792241096,
        "dvar2": 0.905835211277,
        "max": 451.84777832,
        "mean": 437.683349609,
        "median": 437.718536377,
        "min": 433.441375732,
        "var": 0.781926810741
    },
    "hpcp": {
        "dmean": [0.0906338989735, 0.141768395901, 0.0848445445299, 0.144327491522, 0.102246448398, 0.079778701067, 0.128460988402, 0.042671635747, 0.128951251507, 0.0945238173008, 0.124473325908, 0.0993179827929],
        "dmean2": [0.171080380678, 0.245710462332, 0.163614615798, 0.261610865593, 0.183221653104, 0.147474437952, 0.219771683216, 0.0813683196902, 0.231439501047, 0.173745542765, 0.229196205735, 0.177757546306],
        "dvar": [0.0473954156041, 0.0691185072064, 0.0540752485394, 0.0748281702399, 0.0482220612466, 0.042786244303, 0.0615369640291, 0.0221043340862, 0.0651092752814, 0.0564307160676, 0.0663275644183, 0.0467854738235],
        "dvar2": [0.136827379465, 0.147117301822, 0.149262428284, 0.160197272897, 0.115852437913, 0.110145010054, 0.129804447293, 0.0616251118481, 0.148004308343, 0.139382317662, 0.159938052297, 0.116907469928],
        "max": [1, 1, 1, 1, 1, 1, 1, 1, 1, 1, 1, 1],
        "mean": [0.0586915500462, 0.256839692593, 0.0544163919985, 0.27316352725, 0.120914787054, 0.0837852880359, 0.22849367559, 0.0582006312907, 0.17125031352, 0.0806196779013, 0.121603928506, 0.131607994437],
        "median": [0.00187711848412, 0.0405607372522, 0.000971401575953, 0.0223342832178, 0.006472684443, 0.00360418437049, 0.0314505696297, 0.00127420155331, 0.0138203389943, 0.00122789829038, 0.00798692647368, 0.0067759132944],
        "min": [2.24415020966e-06, 2.09280051422e-06, 1.78138270712e-06, 1.16101127787e-05, 1.24693258385e-06, 4.40251233158e-06, 6.66200094201e-06, 8.97944391909e-06, 6.1012048036e-07, 1.20142772175e-06, 3.78039590032e-06, 3.29637464347e-06],
        "var": [0.0322293154895, 0.142018333077, 0.0348578356206, 0.163564324379, 0.0701523274183, 0.0547441206872, 0.131336122751, 0.0418646298349, 0.102256424725, 0.0554484017193, 0.0708667784929, 0.078401863575]
    }
},
"lowlevel": {
    "melbands": {
        "dmean": [0.000256309518591, 0.000726262107491, 0.000863465771545, 0.000453057902632, 0.000258718588157, 9.54419083428e-05, 5.69610347156e-05, 6.96422939654e-05, 2.49484273809e-05, 1.63618678926e-05, 1.6185331333e-05, 1.59363880812e-05, 3.39434336638e-06, 2.392921715e-06, 3.58065722139e-06, 2.33793957705e-06, 1.94198855752e-06, 7.95591233782e-07, 8.82853214534e-07, 8.10226083559e-07, 4.55033926983e-07, 6.03609066729e-07, 7.33689319077e-07, 6.32383034826e-07, 2.60416896936e-07, 1.63219070259e-07, 2.4261490239e-07, 3.38770490771e-07, 3.24925480299e-07, 3.97550394382e-07, 6.59046861529e-07, 1.13929684176e-06, 1.21178527479e-06, 8.70075893999e-07, 3.72957174477e-07, 2.26879407705e-07, 1.86100351129e-07, 1.43351272186e-07, 1.76842064548e-07, 2.97336924859e-07],
        "dmean2": [0.000356060423655, 0.00105678103864, 0.00131579919253, 0.000650322821457, 0.00038071317249, 0.00014336509048, 8.71911834111e-05, 0.000109723419882, 3.55432275683e-05, 2.35697825701e-05, 2.30252535403e-05, 1.88928097486e-05, 4.87140596306e-06, 3.48285266227e-06, 4.6814311645e-06, 3.36545440405e-06, 2.86033787233e-06, 1.18645732528e-06, 1.44927753354e-06, 1.20069194054e-06, 7.29530711396e-07, 9.29248813009e-07, 1.11615293008e-06, 1.00142608517e-06, 3.86904019933e-07, 2.3903805868e-07, 3.54845241191e-07, 5.10490906436e-07, 5.16151430929e-07, 6.58645319618e-07, 1.00548845694e-06, 1.75678349024e-06, 1.88619776509e-06, 1.42465648878e-06, 5.18880256095e-07, 3.18343666095e-07, 2.87166500357e-07, 2.02034087238e-07, 2.63360306008e-07, 4.19289193587e-07],
        "dvar": [3.70777939906e-07, 1.22064125208e-06, 1.31047625018e-06, 5.71487817069e-07, 2.11206341305e-07, 3.61459697729e-08, 3.36618732888e-08, 4.52371011761e-08, 4.32716484866e-09, 3.92901622348e-09, 2.04986494445e-09, 8.11302136583e-09, 6.72790156919e-11, 2.80336708708e-11, 1.701393193e-10, 7.69598620942e-11, 9.02288729843e-11, 5.50334170596e-12, 2.10887678848e-11, 1.39338332539e-11, 2.48278697948e-12, 1.76189152244e-12, 3.66850907291e-12, 3.63206730317e-12, 6.48076264962e-13, 1.69691599097e-13, 6.11395157592e-13, 1.8148845057e-12, 1.08232010593e-12, 2.61139330646e-12, 8.80289764693e-12, 2.87694468942e-11, 3.59975591002e-11, 4.03461292153e-11, 1.74158072946e-12, 4.29855017683e-13, 3.2058172306e-13, 2.07774159748e-13, 4.76452807329e-13, 1.41865653339e-12],
        "dvar2": [7.06722062205e-07, 2.28987096307e-06, 2.53386610893e-06, 1.09756661004e-06, 4.57439369939e-07, 7.64211307569e-08, 6.95372577297e-08, 1.02273801872e-07, 7.25423898729e-09, 7.03237068578e-09, 4.1861309974e-09, 1.12222062754e-08, 1.20083706867e-10, 5.81346706885e-11, 2.28658356138e-10, 1.45902304127e-10, 1.94659871555e-10, 1.34787181416e-11, 5.77830457094e-11, 3.1404819717e-11, 6.62194561338e-12, 4.0590916045e-12, 8.12932707261e-12, 8.2332647644e-12, 1.43372022154e-12, 3.21006269526e-13, 1.24342387515e-12, 3.79252271948e-12, 2.58242277389e-12, 5.24472913016e-12, 2.02019980605e-11, 6.23564533342e-11, 8.66527682941e-11, 1.09371123269e-10, 2.79981181468e-12, 7.92596023536e-13, 5.59261296128e-13, 3.58159736678e-13, 8.66723088699e-13, 2.50367088173e-12],
        "max": [0.00899506174028, 0.0115712825209, 0.0124054839835, 0.0194342229515, 0.00548146199435, 0.00233108154498, 0.00220747315325, 0.00197959179059, 0.00095382949803, 0.000954885152169, 0.000485501310322, 0.00250736856833, 0.000111335597467, 7.87517274148e-05, 0.000316270714393, 0.000147775936057, 0.00018153792189, 3.72047506971e-05, 7.97004686319e-05, 5.9594753111e-05, 2.55029390246e-05, 1.15941047625e-05, 1.90315186046e-05, 2.18978202611e-05, 1.42959961522e-05, 6.50249421597e-06, 1.12493253255e-05, 2.39814926317e-05, 1.25153756017e-05, 2.15487289097e-05, 3.8876223698e-05, 6.10813440289e-05, 9.33012779569e-05, 0.000131396242068, 2.38108495978e-05, 7.39237748348e-06, 6.06671665082e-06, 6.75438968756e-06, 9.33051796892e-06, 1.82072180905e-05],
        "mean": [0.000461194198579, 0.00156335497741, 0.00200800155289, 0.000764712342061, 0.000571681011934, 0.000167835314642, 6.82662648614e-05, 8.12250436866e-05, 3.30062430294e-05, 2.22561338887e-05, 2.07497032534e-05, 2.18668974412e-05, 4.61501440441e-06, 3.09755910166e-06, 5.04731542605e-06, 2.94953247248e-06, 2.12093254959e-06, 8.43227610403e-07, 8.58861142206e-07, 8.35737864691e-07, 4.50883987924e-07, 6.83937059875e-07, 8.10602045931e-07, 6.4926905452e-07, 2.86160769747e-07, 1.97033514837e-07, 2.66976400098e-07, 3.4437024965e-07, 3.10612335852e-07, 4.06067016456e-07, 6.69807604936e-07, 1.13796852474e-06, 1.13246062483e-06, 8.38149901483e-07, 4.15755323502e-07, 2.58021145783e-07, 2.25028728096e-07, 1.64811694958e-07, 1.95555529103e-07, 3.1631100228e-07],