{
"metadata": {
    "version": {
        "essentia": "2.0.1",
        "extractor": "archive-music 1.0 mod ismir14"
    },
    "audio_properties": {
        "analysis_sample_rate": 44100,
        "bitrate": 1444,
        "channels": 2,
        "equal_loudness": 0,
        "length": 30,
        "replay_gain": -13.4583263397,
        "downmix": "mix"
    },
    "tags": {
        "track": 0,
        "year": 0,
        "album": "",
        "artist": "",
        "comment": "",
        "genre": "",
        "title": ""
    }
},
"rhythm": {
    "bpm": 178.205886841,
    "bpm_histogram_first_peak": 178,
    "bpm_histogram_first_peak_spread": 0,
    "bpm_histogram_first_peak_weight": 0.453488379717,
    "bpm_histogram_second_peak": 172,
    "bpm_histogram_second_peak_spread": 0,
    "bpm_histogram_second_peak_weight": 0.441860467196
},
"tonal": {
    "tuning_frequency": {
        "dmean": 0.108378879726,
        "dmean2": 0.21627651155,
        "dvar": 1.52227556705,
        "dvar2": 3.03078699112,
        "max": 456.570251465,
        "mean": 444.964447021,
        "median": 440.763122559,
        "min": 435.448913574,
        "var": 27.584936142
    },
    "hpcp": {
        "dmean": [0.168580174446, 0.151672154665, 0.174534380436, 0.232779458165, 0.0877195000648, 0.147017225623, 0.200865730643, 0.239953368902, 0.158218935132, 0.12313939631, 0.254886180162, 0.0701659470797],
        "dmean2": [0.283605992794, 0.268095195293, 0.305867761374, 0.407867848873, 0.154824122787, 0.248758882284, 0.342517852783, 0.405651062727, 0.27450376749, 0.219779342413, 0.427686601877, 0.1229185462],
        "dvar": [0.0419512167573, 0.052118703723, 0.0624759085476, 0.0760971307755, 0.0199523866177, 0.0502982549369, 0.0581263899803, 0.0659253820777, 0.049244042486, 0.0356477685273, 0.0703547000885, 0.0159397870302],
        "dvar2": [0.102502726018, 0.135246381164, 0.155499652028, 0.18232947588, 0.0546698272228, 0.104665711522, 0.135649099946, 0.149291738868, 0.11715529114, 0.10107139498, 0.151511311531, 0.042931843549],
        "max": [1, 1, 1, 1, 1, 1, 1, 1, 1, 1, 1, 1],
        "mean": [0.236563697457, 0.136065810919, 0.169312089682, 0.279047101736, 0.0795095264912, 0.250097155571, 0.278922587633, 0.331720948219, 0.194305449724, 0.110068380833, 0.62419039011, 0.069694980979],
        "median": [0.131282404065, 0.0441360473633, 0.0560292378068, 0.128872096539, 0.0293333251029, 0.0840696692467, 0.142260685563, 0.200533375144, 0.0707177519798, 0.0388878285885, 0.668298900127, 0.0286736246198],
        "min": [0.00148139114026, 0.000207371005672, 0.000885533401743, 0.000969832937699, 0.000506088719703, 0.00179170619231, 0.000629069225397, 0.00181164918467, 0.000419975724071, 0.000440652715042, 0.0074066882953, 0.000663602142595],
        "var": [0.0692562162876, 0.0473005622625, 0.0672906562686, 0.104427911341, 0.0175580047071, 0.110733188689, 0.104062147439, 0.109462469816, 0.0747734755278, 0.0321712717414, 0.129126891494, 0.0141617851332]
    }
},
"lowlevel": {
    "melbands": {
        "dmean": [4.69633450848e-05, 0.000211636070162, 0.000217472581426, 0.000104657374322, 6.68258871883e-05, 0.000115786708193, 0.00012813648209, 0.000130160377012, 0.000129440421006, 6.85284758219e-05, 5.00749592902e-05, 2.94841556752e-05, 2.3467329811e-05, 1.50073610712e-05, 2.39896289713e-05, 1.41438749779e-05, 1.62020933203e-05, 1.22312294479e-05, 9.50061530602e-06, 8.57716077007e-06, 7.04025933373e-06, 7.1261388257e-06, 8.57422219269e-06, 9.39224446483e-06, 6.81128312863e-06, 5.41448389413e-06, 4.51749883723e-06, 2.46961781158e-06, 1.3691269487e-06, 1.18483558254e-06, 8.51228094234e-07, 5.16224531566e-07, 2.46748072641e-07, 1.8659798684e-07, 1.88424337466e-07, 1.67676844853e-07, 1.53284204885e-07, 1.1758728391e-07, 6.44036646236e-08, 3.2481434431e-08],
        "dmean2": [7.02340621501e-05, 0.000330176815623, 0.000343356834492, 0.000140259231557, 0.000107544314233, 0.000187557627214, 0.00020837012562, 0.000221410839004, 0.000191079700016, 0.000101520672615, 7.26600483176e-05, 4.71046951134e-05, 3.63757098967e-05, 2.30224577535e-05, 3.63718972949e-05, 2.03540166694e-05, 2.45950795943e-05, 1.88337671716e-05, 1.48159588207e-05, 1.28721758301e-05, 1.12533516585e-05, 1.09636903289e-05, 1.23872187032e-05, 1.34500796776e-05, 1.03803522506e-05, 7.87214958109e-06, 6.83324924466e-06, 3.82430744139e-06, 2.16470834857e-06, 1.89288857655e-06, 1.31351850996e-06, 8.25325173537e-07, 3.91860254467e-07, 2.99239474089e-07, 3.015168204e-07, 2.67413639676e-07, 2.49719164458e-07, 1.97925089651e-07, 1.06309691716e-07, 5.24986276673e-08],
        "dvar": [3.65851082762e-09, 9.50625249629e-08, 7.55790807716e-08, 2.8487347592e-08, 9.0282945564e-09, 2.02651708747e-08, 3.18868202953e-08, 5.54210970449e-08, 4.99124510611e-08, 2.37507613576e-08, 6.55321619192e-09, 1.04754311891e-08, 6.27982155166e-09, 1.41720701841e-09, 4.3151535678e-09, 1.21069976267e-09, 2.51667575668e-09, 6.7311228813e-10, 4.24038831826e-10, 5.41087341599e-10, 1.96879318404e-10, 2.05305689116e-10, 3.04537117746e-10, 4.04886790761e-10, 1.85063006586e-10, 1.08252601327e-10, 1.28551017053e-10, 4.46836283252e-11, 5.67332032048e-12, 7.77214230474e-12, 4.65399680599e-12, 1.60537338631e-12, 2.05427390593e-13, 7.2838768708e-14, 7.81228380597e-14, 4.47171393339e-14, 4.64727540304e-14, 4.27310198673e-14, 1.04646592295e-14, 2.8353532172e-15],
        "dvar2": [6.00544147744e-09, 2.12075775607e-07, 1.71499337398e-07, 4.96347674073e-08, 2.32402381783e-08, 4.92133480634e-08, 8.26648616226e-08, 1.47679102724e-07, 7.83150326811e-08, 3.66052823608e-08, 1.2883223377e-08, 2.47128628672e-08, 1.31167343653e-08, 2.82233614257e-09, 9.66217239551e-09, 2.17845985695e-09, 6.1287246389e-09, 1.55453705464e-09, 1.03426900377e-09, 1.2980005959e-09, 4.3182205034e-10, 4.67594518661e-10, 5.14595255297e-10, 8.61726245915e-10, 4.02237881891e-10, 2.29259625173e-10, 2.84898493685e-10, 7.62554672185e-11, 1.37762665858e-11, 1.67046584898e-11, 1.00574487974e-11, 3.75930623436e-12, 4.68945466226e-13, 1.56181382931e-13, 1.83997931366e-13, 1.08247456409e-13, 1.2292868546e-13, 1.13259411344e-13, 2.70234494639e-14, 7.34333943073e-15],
        "max": [0.000885647546966, 0.00328014581464, 0.00260084099136, 0.00231820927002, 0.00126002449542, 0.00120112183504, 0.00136302167084, 0.00149595877156, 0.00388065050356, 0.002582318848, 0.00113609118853, 0.00112087035086, 0.00108407624066, 0.000510793644935, 0.000908069312572, 0.000577063998207, 0.000739574141335, 0.000335781194735, 0.000202647875994, 0.000386001134757, 0.00014279934112, 0.000139292242238, 0.000189164667972, 0.000289040937787, 0.000190831313375, 0.000128048341139, 0.000159138988238, 9.63387792581e-05, 2.57064184552e-05, 5.22996706422e-05, 3.44917680195e-05, 2.19727953663e-05, 6.68787970426e-06, 4.33939158029e-06, 4.09338417739e-06, 2.16435114453e-06, 2.79539335679e-06, 2.80860331259e-06, 9.68315134742e-07, 8.76868682553e-07],
        "mean": [7.92411228758e-05, 0.00029254128458, 0.000323281507008, 0.000167781501659, 9.17653378565e-05, 0.00016646469885, 0.000165006000316, 0.000123418212752, 0.000199317146325, 0.000101403209555, 7.69686812419e-05, 3.47473760485e-05, 2.71071039606e-05, 1.90807822946e-05, 3.05509529426e-05, 1.77535366674e-05, 1.89588117792e-05, 1.54601038957e-05, 1.09256434371e-05, 9.9652688732e-06, 9.11136794457e-06, 9.27426026465e-06, 1.40501788337e-05, 1.54555109475e-05, 9.84012149274e-06, 8.41659766593e-06, 6.94777236276e-06, 3.9024544094e-06, 2.12323880078e-06, 1.7568390831e-06, 1.40161944273e-06, 8.62511740252e-07, 4.24488774797e-07, 3.35649474437e-07, 3.27271948208e-07, 2.70850335937e-07, 2.48066555741e-07, 1.78160888709e-07, 9.70740288153e-08, 5.01398496056e-08],