{
"metadata": {
    "version": {
        "essentia": "2.0.1",
        "extractor": "archive-music 1.0 mod ismir14"
    },
    "audio_properties": {
        "analysis_sample_rate": 44100,
        "bitrate": 1444,
        "channels": 2,
        "equal_loudness": 0,
        "length": 30,
        "replay_gain": -13.8820514679,
        "downmix": "mix"
    },
    "tags": {
        "track": 0,
        "year": 0,
        "album": "",
        "artist": "",
        "comment": "",
        "genre": "",
        "title": ""
    }
},
"rhythm": {
    "bpm": 90.2672195435,
    "bpm_histogram_first_peak": 91,
    "bpm_histogram_first_peak_spread": 0.357142865658,
    "bpm_histogram_first_peak_weight": 0.62790697813,
    "bpm_histogram_second_peak": 83,
    "bpm_histogram_second_peak_spread": 0,
    "bpm_histogram_second_peak_weight": 0.0232558138669
},
"tonal": {
    "tuning_frequency": {
        "dmean": 0.192557647824,
        "dmean2": 0.370179772377,
        "dvar": 2.03275084496,
        "dvar2": 4.25997400284,
        "max": 456.04309082,
        "mean": 449.080963135,
        "median": 451.84777832,
        "min": 435.448913574,
        "var": 23.1976490021
    },
    "hpcp": {
        "dmean": [0.228678226471, 0.144170299172, 0.121269546449, 0.135398477316, 0.232331246138, 0.282254397869, 0.185978159308, 0.215611726046, 0.124995052814, 0.0888529196382, 0.104303874075, 0.114760056138],
        "dmean2": [0.39959102869, 0.272564947605, 0.210748314857, 0.243744537234, 0.417937427759, 0.509280741215, 0.351603716612, 0.382543712854, 0.229021787643, 0.162138849497, 0.179378122091, 0.208280339837],
        "dvar": [0.0864422768354, 0.0626247152686, 0.0386272408068, 0.0551249906421, 0.0870246589184, 0.105041943491, 0.0892641171813, 0.0778241977096, 0.0533671714365, 0.0319796614349, 0.0316957570612, 0.0401843301952],
        "dvar2": [0.185374349356, 0.17754252255, 0.102192543447, 0.140209570527, 0.228797242045, 0.228082418442, 0.25587284565, 0.199249669909, 0.142672434449, 0.0880398750305, 0.0817659497261, 0.110729403794],
        "max": [1, 1, 1, 1, 1, 1, 1, 1, 1, 1, 1, 1],
        "mean": [0.445240288973, 0.0943405330181, 0.136422142386, 0.131163537502, 0.223155498505, 0.448276907206, 0.133919075131, 0.264176875353, 0.123885117471, 0.0762981697917, 0.0968696177006, 0.102980032563],
        "median": [0.248961985111, 0.0179278440773, 0.0426365621388, 0.0270849876106, 0.06365211308, 0.287634789944, 0.0189092103392, 0.108333930373, 0.0299542099237, 0.0257872175425, 0.0279970392585, 0.0329822003841],
        "min": [0.00183681421913, 0.000394104310544, 0.00125530711375, 0.000201562099392, 0.00185370421968, 0.000942009501159, 0.000344611442415, 0.00105545809492, 0.000423654564656, 0.000372362468624, 0.000417947041569, 0.000788195873611],
        "var": [0.173413455486, 0.0408249758184, 0.0496019497514, 0.0638256147504, 0.0950671955943, 0.167583867908, 0.0704785510898, 0.106621056795, 0.0573818720877, 0.0229032561183, 0.0319454483688, 0.0334716849029]
    }
},
"lowlevel": {
    "melbands": {
        "dmean": [0.000233158381889, 0.000508898345288, 0.000176656933036, 0.000116724047984, 8.08028053143e-05, 5.89660630794e-05, 8.13904116512e-05, 0.000106714964204, 0.000183480035048, 0.000139878655318, 5.39039356227e-05, 6.94489208399e-05, 5.88906877965e-05, 2.86812228296e-05, 5.15119063493e-05, 6.24043022981e-05, 1.40900237966e-05, 9.57457723416e-06, 4.74561784358e-06, 6.08184564044e-06, 9.15499731491e-06, 6.90171646056e-06, 1.33194926093e-05, 1.15785560411e-05, 6.37050243313e-06, 6.32788623989e-06, 5.62534978599e-06, 3.65604705621e-06, 1.65357960213e-06, 1.38320717724e-06, 6.51758170989e-07, 2.74888918739e-07, 1.55985020456e-07, 1.29755207467e-07, 1.32654051299e-07, 1.20954354088e-07, 1.10098383743e-07, 1.44324076246e-07, 1.38095685998e-07, 1.11575715778e-07],
        "dmean2": [0.000395685434341, 0.000785591779277, 0.000285241025267, 0.000184498174349, 0.000131677661557, 8.76032063388e-05, 0.000125698046759, 0.0001602723205, 0.00028283658321, 0.000237319225562, 8.57259219629e-05, 0.000111037137685, 8.6161235231e-05, 4.70860395581e-05, 8.47144037834e-05, 9.7924079455e-05, 2.29957331612e-05, 1.52686934598e-05, 7.3561973295e-06, 9.68324184214e-06, 1.45355152199e-05, 1.08115227704e-05, 2.0976367523e-05, 1.85565040738e-05, 1.00632078102e-05, 9.62671310845e-06, 8.88845443114e-06, 5.9485400925e-06, 2.60561887444e-06, 2.19278058466e-06, 1.06276092993e-06, 4.25461593068e-07, 2.44489626766e-07, 1.94919635987e-07, 2.0596378647e-07, 1.90124183064e-07, 1.69256253457e-07, 2.25374193974e-07, 2.08578171623e-07, 1.73670144932e-07],
        "dvar": [6.96026631886e-08, 2.10743564821e-07, 3.59043710318e-08, 2.15702886663e-08, 1.57713380133e-08, 7.20999171477e-09, 1.8425865278e-08, 3.33272005548e-08, 1.09639358925e-07, 1.70722202597e-07, 6.19140436697e-08, 4.54294593055e-08, 2.16610658299e-08, 4.18277856795e-09, 1.92812290578e-08, 3.20313553459e-08, 2.87673063148e-09, 6.26733998033e-10, 4.31402101542e-11, 6.35086983003e-11, 1.81158005264e-10, 1.03580269362e-10, 3.97701982457e-10, 3.47411294177e-10, 9.53949488847e-11, 8.74202168988e-11, 8.38434044415e-11, 4.15515469254e-11, 9.09092939816e-12, 7.35774288718e-12, 1.35928811609e-12, 1.22852411837e-13, 3.69738046874e-14, 2.76830746775e-14, 3.5425123528e-14, 1.98368915966e-14, 2.11244816263e-14, 3.6946696245e-14, 4.25708323844e-14, 3.06011895782e-14],
        "dvar2": [1.97559643311e-07, 4.99322482028e-07, 7.94197703158e-08, 5.21178407098e-08, 3.85802536584e-08, 1.44835814453e-08, 3.65013761439e-08, 6.9064306274e-08, 2.40047342004e-07, 4.03891903034e-07, 1.08039095892e-07, 1.16998535304e-07, 3.96736865582e-08, 1.0386841609e-08, 5.00298185102e-08, 7.37527372507e-08, 5.55335999408e-09, 1.25560517539e-09, 9.40820824025e-11, 1.66273772528e-10, 4.36181674113e-10, 2.5094462619e-10, 9.24826826232e-10, 8.53807802237e-10, 2.38945419007e-10, 1.92813209843e-10, 1.92514976183e-10, 1.08046009639e-10, 2.34815309558e-11, 1.8145726241e-11, 3.45278710137e-12, 2.82168629824e-13, 8.89606042911e-14, 6.60705350023e-14, 8.95567189743e-14, 4.39508150739e-14, 5.2625130409e-14, 8.78806440596e-14, 1.04089195488e-13, 7.69392958632e-14],
        "max": [0.00222111516632, 0.00397274596617, 0.0021464151796, 0.00191517022904, 0.00153654732276, 0.00125897221733, 0.00249771075323, 0.00160880095791, 0.00371527485549, 0.0044769840315, 0.005547685083, 0.00297228968702, 0.00178938882891, 0.000669680594001, 0.00155213219114, 0.00264053978026, 0.00101282505784, 0.000370357709471, 8.11077406979e-05, 5.48257812625e-05, 0.000124467653222, 8.84591281647e-05, 0.000158266702783, 0.000130144922878, 7.39015231375e-05, 8.47419287311e-05, 8.15617968328e-05, 6.16949255345e-05, 2.86010563286e-05, 2.8938477044e-05, 1.14488257168e-05, 4.09956646763e-06, 1.83039719559e-06, 1.7462427877e-06, 2.20745391744e-06, 1.44629473198e-06, 1.53817506998e-06, 1.68986275639e-06, 2.33904870584e-06, 2.39086284637e-06],
        "mean": [0.000402705249144, 0.00104764266871, 0.00034324862645, 0.000160650495673, 0.000105891303974, 8.77718266565e-05, 0.000117032905109, 0.000139199357363, 0.000229766053963, 0.000145403624629, 5.46059854969e-05, 6.97689756635e-05, 7.97178436187e-05, 3.24665415974e-05, 5.68829309486e-05, 6.20876162429e-05, 1.47202126755e-05, 1.08079048005e-05, 6.21653771304e-06, 7.52960431782e-06, 1.12098350655e-05, 8.36535855342e-06, 1.43280149132e-05, 1.12366606118e-05, 7.01300086803e-06, 7.80874506745e-06, 6.23832238489e-06, 3.77436390409e-06, 1.84364694178e-06, 1.45093406445e-06, 7.72636610691e-07, 3.96256439217e-07, 2.42152651708e-07, 2.11714663578e-07, 2.04484550181e-07, 2.0857046934e-07, 1.68608153217e-07, 2.3460644627e-07, 2.16206345272e-07, 1.78311012178e-07],