{
"metadata": {
    "version": {
        "essentia": "2.0.1",
        "extractor": "archive-music 1.0 mod ismir14"
    },
    "audio_properties": {
        "analysis_sample_rate": 44100,
        "bitrate": 160,
        "channels": 2,
        "equal_loudness": 0,
        "length": 30.0669155121,
        "replay_gain": -14.3330078125,
        "downmix": "mix"
    },
    "tags": {
        "track": 0,
        "year": 0,
        "album": "",
        "artist": "",
        "comment": "",
        "genre": "",
        "title": ""
    }
},
"rhythm": {
    "bpm": 109.27457428,
    "bpm_histogram_first_peak": 110,
    "bpm_histogram_first_peak_spread": 0.490566015244,
    "bpm_histogram_first_peak_weight": 0.509433984756,
    "bpm_histogram_second_peak": 0,
    "bpm_histogram_second_peak_spread": 0,
    "bpm_histogram_second_peak_weight": 0
},
"tonal": {
    "tuning_frequency": {
        "dmean": 0.0884050875902,
        "dmean2": 0.154166921973,
        "dvar": 0.521582126617,
        "dvar2": 1.06616449356,
        "max": 450.024475098,
        "mean": 441.876525879,
        "median": 441.527557373,
        "min": 435.197479248,
        "var": 1.07242405415
    },
    "hpcp": {
        "dmean": [0.13492526114, 0.0777634233236, 0.0690616965294, 0.130261287093, 0.0727805495262, 0.110505849123, 0.0556395500898, 0.0829659923911, 0.110549867153, 0.0500274039805, 0.119682192802, 0.0783871635795],
        "dmean2": [0.240388020873, 0.142674833536, 0.122902266681, 0.221261799335, 0.135242268443, 0.194228246808, 0.105261966586, 0.143522322178, 0.183638632298, 0.091162070632, 0.203479394317, 0.145477160811],
        "dvar": [0.0706817507744, 0.0431063659489, 0.0320362374187, 0.056947119534, 0.0372280217707, 0.046189557761, 0.0262165218592, 0.0312664359808, 0.0449972748756, 0.0234518311918, 0.0516137592494, 0.0405503064394],
        "dvar2": [0.18531653285, 0.108162760735, 0.0858406946063, 0.122075855732, 0.0986499637365, 0.119988210499, 0.0752095580101, 0.0781556069851, 0.111739218235, 0.0634244382381, 0.131589710712, 0.11007694155],
        "max": [1, 1, 1, 1, 1, 1, 1, 1, 1, 1, 1, 1],
        "mean": [0.170808181167, 0.21126063168, 0.050027590245, 0.414009302855, 0.0518143847585, 0.217729091644, 0.0338851287961, 0.101633936167, 0.205776378512, 0.0341068543494, 0.218334764242, 0.051550373435],
        "median": [0.022910926491, 0.0047230925411, 0.00357737787999, 0.164202511311, 0.00267366459593, 0.0371228158474, 0.00246586999856, 0.0106912562624, 0.0588605739176, 0.00233800569549, 0.0530313551426, 0.00240857712924],
        "min": [1.06008474177e-06, 1.08757194539e-05, 3.84539816878e-06, 0, 3.38545783052e-06, 9.51100901148e-07, 8.78715013641e-07, 2.83352746919e-05, 0, 2.1981595637e-06, 5.19075456396e-06, 1.79201924766e-06],
        "var": [0.0965916737914, 0.146229073405, 0.0234081391245, 0.189604669809, 0.0285091307014, 0.119144365191, 0.0152871552855, 0.0501754172146, 0.100242860615, 0.0152098229155, 0.107705280185, 0.0271774865687]
    }
},
"lowlevel": {
    "melbands": {
        "dmean": [0.000509254459757, 0.000872065429576, 0.000631249218713, 0.000399554759497, 0.000165305056726, 0.000152577034896, 8.79143190105e-05, 0.000122447003378, 0.000169629260199, 0.000113833339128, 2.74871727015e-05, 3.30666771333e-05, 1.998175685e-05, 2.21441350732e-05, 2.16859116335e-05, 2.09400786844e-05, 1.95704742509e-05, 1.6850852262e-05, 9.53119342739e-06, 1.5355353753e-05, 7.03658815837e-06, 4.95361018693e-06, 5.11277085025e-06, 3.3673031794e-06, 1.98194038603e-06, 1.39257804221e-06, 8.58403893744e-07, 6.09507367244e-07, 6.56589691062e-07, 4.86628948693e-07, 4.08820426401e-07, 4.03583982234e-07, 3.69620437368e-07, 2.60070180502e-07, 2.08209925745e-07, 1.5141665699e-07, 8.55490327467e-08, 2.78670331255e-08, 6.81442990924e-09, 6.25592799786e-10],
        "dmean2": [0.00087468221318, 0.00142130407039, 0.000963396858424, 0.000658269040287, 0.000266629678663, 0.000229790253798, 0.000140535586979, 0.000186740740901, 0.000262343179202, 0.000181398543646, 4.16137918364e-05, 5.54105790798e-05, 3.03261258523e-05, 3.53637879016e-05, 3.45161352016e-05, 3.32878589688e-05, 3.23221356666e-05, 2.64353748207e-05, 1.48361268657e-05, 2.31327885558e-05, 1.11124691102e-05, 7.77167224442e-06, 8.12945836515e-06, 5.3399112403e-06, 3.17849639941e-06, 2.23092456508e-06, 1.33516118694e-06, 9.13591179597e-07, 9.82428332463e-07, 7.33713989121e-07, 6.16687657384e-07, 5.80198445732e-07, 5.4019773188e-07, 3.71903666974e-07, 2.84158517161e-07, 2.07568874089e-07, 1.20659635172e-07, 3.95329031733e-08, 9.78118119832e-09, 9.57087187281e-10],
        "dvar": [1.86382669654e-06, 1.50375058183e-06, 5.69061114675e-07, 5.40133157756e-07, 4.63365843473e-08, 7.30939433424e-08, 2.19051301542e-08, 6.29890877235e-08, 1.00185445717e-07, 7.76633797273e-08, 4.49788917223e-09, 1.01966142196e-08, 2.8833315735e-09, 3.14312309513e-09, 3.89695742342e-09, 2.45775444441e-09, 1.6487415877e-09, 1.74641090478e-09, 4.449571267e-10, 2.3535637883e-09, 2.04264632986e-10, 7.64818694488e-11, 1.25714424981e-10, 4.25279429728e-11, 1.14330090534e-11, 8.60491886079e-12, 2.51033547248e-12, 1.28860041127e-12, 1.39901371737e-12, 8.92044142546e-13, 7.10556017237e-13, 6.91377619218e-13, 6.1787228979e-13, 4.03832701871e-13, 3.68394496766e-13, 3.29173103705e-13, 1.66800370716e-13, 1.22041997818e-14, 6.41527825295e-16, 1.18271235241e-17],
        "dvar2": [5.04998888573e-06, 3.78944605472e-06, 1.43334011682e-06, 1.52590655489e-06, 1.26170405679e-07, 1.54581002221e-07, 5.18996081667e-08, 1.36044477017e-07, 2.13271817984e-07, 1.80255867122e-07, 7.7872739368e-09, 2.40717685784e-08, 6.51131237817e-09, 7.70860175692e-09, 9.12551190169e-09, 5.65668578645e-09, 4.13305256686e-09, 3.54642426537e-09, 9.60041823816e-10, 5.58941914974e-09, 5.02895503018e-10, 2.08821224201e-10, 2.99138547266e-10, 1.04240185927e-10, 2.67091071482e-11, 2.23213808548e-11, 6.09797065274e-12, 2.9824749441e-12, 3.05367536813e-12, 2.03261127547e-12, 1.59352836916e-12, 1.41089830791e-12, 1.18498646225e-12, 7.58927859792e-13, 6.25311705627e-13, 5.85649747014e-13, 3.34508679437e-13, 2.00929784557e-14, 1.21724076707e-15, 2.94044542876e-17],
        "max": [0.00984797812998, 0.00929221138358, 0.00858385208994, 0.00584729248658, 0.00170512974728, 0.00248283031397, 0.00146118935663, 0.00262184534222, 0.00370929273777, 0.00421799253672, 0.00120425678324, 0.00155235768761, 0.000876999925822, 0.000515181920491, 0.000653734605294, 0.000506938085891, 0.000392211746657, 0.000622329942416, 0.000225568335736, 0.00114437041339, 0.000257844832959, 9.85830265563e-05, 0.000174697110197, 9.02727260836e-05, 3.2967000152e-05, 3.86479187e-05, 1.87623845704e-05, 1.00864217529e-05, 1.06486995719e-05, 8.85252666194e-06, 8.2869983089e-06, 7.6481146607e-06, 1.05085555333e-05, 9.45916144701e-06, 1.37694942168e-05, 1.38550476549e-05, 9.63823458733e-06, 2.54761130236e-06, 5.64126878544e-07, 7.31360572104e-08],
        "mean": [0.000649634515867, 0.00266679935157, 0.00193207652774, 0.000728547922336, 0.000304717046674, 0.000267495575827, 0.000142465112731, 0.000175680368557, 0.000240742199821, 0.000179097740329, 3.79733792215e-05, 3.92049187212e-05, 2.64793889073e-05, 2.62513840426e-05, 2.55816721619e-05, 2.77414510492e-05, 2.4873563234e-05, 2.38113661908e-05, 1.31666465677e-05, 2.72868073807e-05, 1.15004440886e-05, 7.89610112406e-06, 1.05927001641e-05, 6.31169132248e-06, 3.07221785079e-06, 1.94512244889e-06, 1.08423080292e-06, 7.38889980312e-07, 8.22669505851e-07, 5.7748115978e-07, 4.78049798858e-07, 4.73689993896e-07, 4.34801535221e-07, 3.18578571523e-07, 2.47109710472e-07, 1.67249112337e-07, 9.10877773208e-08, 3.06534104766e-08, 7.14306080951e-09, 5.62573820861e-10],