{
"metadata": {
    "version": {
        "essentia": "2.0.1",
        "extractor": "archive-music 1.0 mod ismir14"
    },
    "audio_properties": {
        "analysis_sample_rate": 44100,
        "bitrate": 32,
        "channels": 2,
        "equal_loudness": 0,
        "length": 30.0408172607,
        "replay_gain": -9.58625411987,
        "downmix": "mix"
    },
    "tags": {
        "track": 0,
        "year": 0,
        "album": "",
        "artist": "",
        "comment": "",
        "genre": "",
        "title": ""
    }
},
"rhythm": {
    "bpm": 172.265594482,
    "bpm_histogram_first_peak": 172,
    "bpm_histogram_first_peak_spread": 0,
    "bpm_histogram_first_peak_weight": 0.529411792755,
    "bpm_histogram_second_peak": 178,
    "bpm_histogram_second_peak_spread": 0,
    "bpm_histogram_second_peak_weight": 0.258823543787
},
"tonal": {
    "tuning_frequency": {
        "dmean": 0.0210095830262,
        "dmean2": 0.0362349003553,
        "dvar": 0.0561955310404,
        "dvar2": 0.129212141037,
        "max": 437.971466064,
        "mean": 435.356719971,
        "median": 435.448913574,
        "min": 432.940917969,
        "var": 0.148735463619
    },
    "hpcp": {
        "dmean": [0.0834204182029, 0.152006357908, 0.152356013656, 0.152797669172, 0.0385095179081, 0.0798096582294, 0.103040806949, 0.120361730456, 0.0504718832672, 0.0602194555104, 0.135566055775, 0.064940482378],
        "dmean2": [0.149930387735, 0.277013838291, 0.281816482544, 0.278311908245, 0.0724769458175, 0.139127269387, 0.19154548645, 0.204904302955, 0.0889385268092, 0.107740595937, 0.228279829025, 0.115920998156],
        "dvar": [0.0427437499166, 0.0730513259768, 0.0783909037709, 0.0832425951958, 0.0220874045044, 0.0430462323129, 0.0623322054744, 0.063722640276, 0.0240515451878, 0.0253646504134, 0.0555966049433, 0.0328326784074],
        "dvar2": [0.101320192218, 0.184043884277, 0.20790950954, 0.165778085589, 0.0602399557829, 0.10121845454, 0.154993206263, 0.133405447006, 0.0556982047856, 0.0590476207435, 0.107814542949, 0.0851203352213],
        "max": [1, 1, 1, 1, 1, 1, 1, 1, 1, 1, 1, 1],
        "mean": [0.0822161063552, 0.188925817609, 0.136468634009, 0.303373068571, 0.0274662300944, 0.110989265144, 0.128774911165, 0.188207834959, 0.0492752492428, 0.0626773908734, 0.330702662468, 0.0529231242836],
        "median": [0.00959643814713, 0.03452219069, 0.027301017195, 0.04766163975, 0.00110974465497, 0.0108075682074, 0.00127992569469, 0.00982859730721, 0.00227067107335, 0.00391316227615, 0.106202080846, 0.00331480614841],
        "min": [2.08712281164e-05, 2.1299420041e-05, 7.52587629904e-06, 2.63225160779e-06, 3.20013327837e-07, 3.89292608816e-06, 3.56479540642e-06, 3.59644809578e-06, 3.92036326957e-06, 2.55153850048e-06, 4.95038079862e-07, 1.40352067319e-05],
        "var": [0.045088019222, 0.104327216744, 0.0660275742412, 0.16741463542, 0.0160243548453, 0.0715059414506, 0.09191968292, 0.116344384849, 0.0308358985931, 0.0334956347942, 0.159005776048, 0.0271389484406]
    }
},
"lowlevel": {
    "melbands": {
        "dmean": [2.14201145354e-06, 4.4581531256e-05, 5.8984667703e-05, 0.000487076293211, 0.000510438287165, 0.000277070823358, 0.000112014378828, 9.44705461734e-05, 5.51544653717e-05, 3.94467460865e-05, 3.43674910255e-05, 1.84475557035e-05, 3.25219625665e-05, 1.25316091726e-05, 1.37975684993e-05, 8.7871312644e-06, 1.79597227543e-05, 8.63137211127e-06, 1.03572110675e-05, 2.90964840133e-06, 4.08605774282e-06, 3.78755476049e-06, 2.82151495412e-06, 3.16283399115e-06, 6.9010061452e-06, 7.02127954355e-06, 2.27628038374e-06, 1.18945297345e-06, 3.8605685404e-07, 2.42645086246e-07, 1.08963348566e-07, 1.82671975324e-08, 2.86594969978e-09, 7.27884530427e-10, 2.5201196685e-10, 1.09015060867e-10, 5.28144611378e-11, 2.05090840144e-11, 1.01670867905e-11, 6.51612661398e-12],
        "dmean2": [3.73043963009e-06, 6.83735634084e-05, 8.63628883963e-05, 0.000743974291254, 0.000765396922361, 0.000421140895924, 0.000172359519638, 0.000143480778206, 8.48265117384e-05, 6.34803363937e-05, 4.80669004901e-05, 2.74149679171e-05, 4.89530757477e-05, 1.80120659934e-05, 2.35648567468e-05, 1.31749720822e-05, 2.57232932199e-05, 1.36448788908e-05, 1.55490743055e-05, 4.41400788986e-06, 6.54797349853e-06, 6.23779442321e-06, 4.77255116493e-06, 5.02491229781e-06, 1.09834882096e-05, 1.05716890175e-05, 3.74050364371e-06, 1.91769822777e-06, 6.26127985015e-07, 4.09966332882e-07, 1.7604635616e-07, 2.91066459823e-08, 4.47616921306e-09, 1.11813502901e-09, 4.01603778011e-10, 1.66044830663e-10, 8.20093160048e-11, 2.97134990224e-11, 1.45232020854e-11, 9.18633398517e-12],
        "dvar": [1.14451972205e-11, 9.45095735005e-09, 1.33340964936e-08, 1.48592368987e-06, 7.70756969359e-07, 1.49305378727e-07, 3.71484283335e-08, 4.6204142734e-08, 3.23341460273e-08, 1.43326088775e-08, 1.26571393366e-08, 4.44887104933e-09, 1.31601591846e-08, 1.75397407709e-09, 4.11276923629e-09, 4.07731681751e-10, 2.80535483732e-09, 2.51961146391e-10, 4.95018859237e-10, 2.87729059328e-11, 6.18423923182e-11, 6.24663168414e-11, 6.07738720459e-11, 5.41866204684e-11, 3.45048406514e-10, 3.02510405614e-10, 2.73624924801e-11, 9.66450097034e-12, 1.52781563442e-12, 1.32106174958e-12, 4.0156414435e-13, 5.95893649976e-15, 4.26774850557e-16, 1.20442584348e-17, 7.38973329054e-19, 1.15998781397e-19, 2.75167156074e-20, 2.80590629576e-21, 1.38626918149e-21, 1.13469924263e-21],
        "dvar2": [3.09471094584e-11, 1.49526009352e-08, 2.60550603315e-08, 2.47599814429e-06, 1.5784335119e-06, 3.38667547339e-07, 8.43061442879e-08, 1.01543768949e-07, 6.45254658593e-08, 3.47249269339e-08, 2.72348774644e-08, 7.96432431116e-09, 2.71215903069e-08, 3.30428995277e-09, 1.13069340557e-08, 8.71519079126e-10, 4.07629396904e-09, 5.58051660438e-10, 9.66443258754e-10, 6.78004874466e-11, 1.51205020726e-10, 1.44817019487e-10, 1.68357786046e-10, 1.23604765312e-10, 6.93397173013e-10, 5.23137921871e-10, 7.04915292804e-11, 2.28466412455e-11, 3.08932176715e-12, 2.6678167054e-12, 8.42593898299e-13, 1.38393943454e-14, 1.00019217423e-15, 2.86067279223e-17, 1.75224295456e-18, 2.64439663967e-19, 5.60930625041e-20, 4.42492069581e-21, 1.64612718333e-21, 1.30482188049e-21],
        "max": [3.64823827113e-05, 0.00256857462227, 0.00148779340088, 0.0296941827983, 0.0096671404317, 0.00316089461558, 0.00188961729873, 0.00257675629109, 0.00255689187907, 0.00124121410772, 0.0014642260503, 0.000805496354587, 0.001696973457, 0.000608531350736, 0.000821161840577, 0.000368034350686, 0.00137487810571, 0.00018762362015, 0.000402090459829, 8.50717624417e-05, 7.24987694412e-05, 8.11291974969e-05, 8.62402666826e-05, 0.000108863430796, 0.000250652636169, 0.000321978528518, 5.06890137331e-05, 3.38634381478e-05, 1.87002788152e-05, 1.86536617548e-05, 1.27150997287e-05, 1.4330811382e-06, 4.4155484602e-07, 5.22591570018e-08, 1.34018378617e-08, 5.2172635101e-09, 2.71352607051e-09, 1.36746070023e-09, 1.13506515298e-09, 1.05189601474e-09],
        "mean": [2.44899388235e-06, 7.5627809565e-05, 0.00011135054956, 0.000910342088901, 0.000876894686371, 0.000407019892009, 0.000155265996, 0.000152488806634, 6.86225102982e-05, 4.20665091951e-05, 4.18883137172e-05, 2.22871749429e-05, 3.81692661904e-05, 1.43835368362e-05, 1.29811278384e-05, 9.78007756203e-06, 2.10927755688e-05, 1.00462148112e-05, 1.35378504638e-05, 3.88140142604e-06, 4.62038815385e-06, 4.05628043154e-06, 2.66442975771e-06, 3.61840625374e-06, 7.64800915931e-06, 8.18268381408e-06, 2.25818484978e-06, 1.11440419914e-06, 3.90958092567e-07, 2.31066920264e-07, 9.76518279572e-08, 1.61965019174e-08, 2.55734322607e-09, 7.35077221314e-10, 3.09952119526e-10, 1.49700488117e-10, 7.8247380797e-11, 3.73308571555e-11, 2.11025624058e-11, 1.35163798556e-11],