{
"metadata": {
    "version": {
        "essentia": "2.0.1",
        "extractor": "archive-music 1.0 mod ismir14"
    },
    "audio_properties": {
        "analysis_sample_rate": 44100,
        "bitrate": 32,
        "channels": 2,
        "equal_loudness": 0,
        "length": 30.0408172607,
        "replay_gain": -14.3899002075,
        "downmix": "mix"
    },
    "tags": {
        "track": 0,
        "year": 0,
        "album": "",
        "artist": "",
        "comment": "",
        "genre": "",
        "title": ""
    }
},
"rhythm": {
    "bpm": 109.314041138,
    "bpm_histogram_first_peak": 110,
    "bpm_histogram_first_peak_spread": 0.396226406097,
    "bpm_histogram_first_peak_weight": 0.603773593903,
    "bpm_histogram_second_peak": 0,
    "bpm_histogram_second_peak_spread": 0,
    "bpm_histogram_second_peak_weight": 0
},
"tonal": {
    "tuning_frequency": {
        "dmean": 0.0671193301678,
        "dmean2": 0.111199580133,
        "dvar": 0.484926432371,
        "dvar2": 0.976814508438,
        "max": 448.208557129,
        "mean": 442.438720703,
        "median": 442.804626465,
        "min": 433.191070557,
        "var": 0.893394827843
    },
    "hpcp": {
        "dmean": [0.100121416152, 0.0755596458912, 0.0619914494455, 0.129183486104, 0.0610407628119, 0.111528962851, 0.0521188043058, 0.0788029506803, 0.107738003135, 0.0507738515735, 0.114293307066, 0.0840132832527],
        "dmean2": [0.175492301583, 0.140462562442, 0.114336185157, 0.225855439901, 0.110850073397, 0.195156544447, 0.0995492488146, 0.140478059649, 0.183189347386, 0.094307243824, 0.198258087039, 0.156323730946],
        "dvar": [0.0460158213973, 0.042596206069, 0.031283993274, 0.0562516599894, 0.0276334863156, 0.0480837859213, 0.0252495203167, 0.0286595989019, 0.0399906374514, 0.0215613357723, 0.0481898151338, 0.0495003201067],
        "dvar2": [0.107279121876, 0.109957866371, 0.0864947736263, 0.129270941019, 0.0729558691382, 0.123349674046, 0.0733806937933, 0.0748514309525, 0.0981526151299, 0.0605505108833, 0.122627846897, 0.140948176384],
        "max": [1, 1, 1, 1, 1, 1, 1, 1, 1, 1, 1, 1],
        "mean": [0.159967452288, 0.213910236955, 0.0425354652107, 0.416932553053, 0.0441239625216, 0.216391921043, 0.0321476683021, 0.093654371798, 0.207569777966, 0.0314754322171, 0.207593917847, 0.0538376346231],
        "median": [0.0223708413541, 0.00474330270663, 0.00350018381141, 0.186360776424, 0.00262404931709, 0.0337690934539, 0.00246086297557, 0.0104632899165, 0.0711172819138, 0.00231295125559, 0.0584771186113, 0.00242759729736],
        "min": [5.49491971924e-07, 3.98126758228e-06, 3.09841402668e-06, 7.60642888054e-06, 2.941676712e-06, 2.27911436923e-06, 5.62024581541e-07, 4.47615821031e-05, 1.3711955944e-06, 1.64888081144e-06, 4.68561393063e-06, 1.00298086636e-06],
        "var": [0.0889938250184, 0.149092704058, 0.0203660745174, 0.189375802875, 0.0216588973999, 0.119378328323, 0.014422506094, 0.0447465963662, 0.0984007045627, 0.0127811906859, 0.10111618042, 0.0316489078104]
    }
},
"lowlevel": {
    "melbands": {
        "dmean": [0.00051642843755, 0.000877277925611, 0.000613784708548, 0.00037586374674, 0.000164777098689, 0.000148873936269, 8.41888395371e-05, 0.000120030534163, 0.000177103560418, 0.000110071661766, 2.66424012807e-05, 3.24066568282e-05, 1.89345155377e-05, 2.01156908588e-05, 2.21994032472e-05, 1.91420585907e-05, 1.995121238e-05, 1.78927548404e-05, 1.02408939711e-05, 1.66114878084e-05, 7.07251092535e-06, 5.02581451656e-06, 5.45318061995e-06, 3.23079257214e-06, 1.91724370779e-06, 1.42259625591e-06, 8.78366449797e-07, 6.39149732251e-07, 6.72230385135e-07, 4.8519137863e-07, 4.06340348036e-07, 4.01017587137e-07, 3.73841373857e-07, 2.72397784329e-07, 2.47127047714e-07, 2.0870763251e-07, 1.60454462161e-07, 1.06843479841e-07, 9.07482586854e-08, 7.4137460615e-08],
        "dmean2": [0.000876635895111, 0.00144051539246, 0.00096336635761, 0.000617955985945, 0.000269963173196, 0.000221079113544, 0.000132862027385, 0.000182383315405, 0.000282435066765, 0.000170864528627, 3.951720646e-05, 4.91382124892e-05, 2.83532499452e-05, 3.16174809996e-05, 3.61723796232e-05, 2.94956553262e-05, 3.25644396071e-05, 2.76663922705e-05, 1.65037999977e-05, 2.65816470346e-05, 1.11072949949e-05, 8.24884682515e-06, 8.90336377779e-06, 5.37252435606e-06, 3.00042142953e-06, 2.22060907618e-06, 1.37198958328e-06, 9.9187059277e-07, 9.97698066385e-07, 7.13985286893e-07, 5.92845367464e-07, 5.78806805152e-07, 5.53559516447e-07, 3.86875825598e-07, 3.69959224145e-07, 3.15899569614e-07, 2.3839128005e-07, 1.64646209555e-07, 1.3581441749e-07, 1.1564083735e-07],
        "dvar": [1.93279720406e-06, 1.38994357712e-06, 6.28914790468e-07, 5.13401289481e-07, 4.39156444543e-08, 6.2559585956e-08, 1.83167649936e-08, 5.927485347e-08, 1.3745062688e-07, 7.99339900937e-08, 5.12650588647e-09, 8.54966142327e-09, 2.60910337779e-09, 2.5432973505e-09, 4.6043058255e-09, 1.88987936411e-09, 1.868657451e-09, 1.78745251933e-09, 6.18939621777e-10, 3.6314367069e-09, 2.68370159429e-10, 7.69802555034e-11, 1.83405027276e-10, 4.55901774665e-11, 9.7869689783e-12, 5.74809600959e-12, 2.58471954777e-12, 1.55364707644e-12, 1.38176167556e-12, 9.01242947458e-13, 7.3980757501e-13, 7.53709974207e-13, 6.71587731173e-13, 4.23531625353e-13, 6.4262543854e-13, 7.60737610059e-13, 7.02926323919e-13, 2.31018736042e-13, 1.15081853552e-13, 9.92539993879e-14],
        "dvar2": [5.28737564309e-06, 3.47510467691e-06, 1.50915411723e-06, 1.42268447689e-06, 1.1683544443e-07, 1.25047534993e-07, 4.06618632098e-08, 1.25152837427e-07, 3.18963969903e-07, 1.84377299206e-07, 9.13351883014e-09, 1.68203957429e-08, 5.88736659424e-09, 6.03686522993e-09, 1.18516236824e-08, 4.01495547919e-09, 4.97615593176e-09, 4.03583122477e-09, 1.53106216594e-09, 9.85333237224e-09, 6.83417433756e-10, 1.92381097164e-10, 5.01523544916e-10, 1.18387827319e-10, 2.30065150958e-11, 1.36957060276e-11, 6.18937236532e-12, 3.59014337356e-12, 2.84150871235e-12, 2.03803055161e-12, 1.67496734798e-12, 1.59787114096e-12, 1.38447402414e-12, 8.19531725468e-13, 1.3508176782e-12, 1.59828931773e-12, 1.52216282114e-12, 4.2380495272e-13, 2.2639522364e-13, 1.87202426412e-13],
        "max": [0.0123139889911, 0.00999899674207, 0.00836475659162, 0.00553878769279, 0.00168511120137, 0.00239860452712, 0.00126913981512, 0.00290430150926, 0.00502792885527, 0.00383882084861, 0.00153980299365, 0.00189370545559, 0.00104443845339, 0.000500442227349, 0.000817691441625, 0.000486696226289, 0.00050478905905, 0.000633173796814, 0.000228139979299, 0.00118896132335, 0.000260768167209, 8.62646193127e-05, 0.000243757574935, 9.22234903555e-05, 3.32646013703e-05, 2.50655284617e-05, 1.28402152768e-05, 1.09836628326e-05, 1.2650062672e-05, 7.18544333722e-06, 8.03363036539e-06, 8.89684088179e-06, 1.03004467746e-05, 1.03449438029e-05, 1.59105893545e-05, 1.76881767402e-05, 1.75664335984e-05, 9.42535370996e-06, 6.99379143043e-06, 5.99525446887e-06],
        "mean": [0.000635670323391, 0.00264465902001, 0.00191590131726, 0.00070575758582, 0.000303137407172, 0.00026806499227, 0.000139346928336, 0.000174235421582, 0.00023777136812, 0.00017495463544, 3.76110438083e-05, 3.89739652746e-05, 2.55058785115e-05, 2.52634163189e-05, 2.47581392614e-05, 2.74488702416e-05, 2.51370856859e-05, 2.40762947215e-05, 1.32453242259e-05, 2.6172863727e-05, 1.13734622573e-05, 7.84111671237e-06, 1.04505261334e-05, 6.15096087131e-06, 3.03759293274e-06, 1.9255260213e-06, 1.09202994736e-06, 7.58405292345e-07, 8.37408720145e-07, 5.79731477046e-07, 4.7282199489e-07, 4.68421262667e-07, 4.30852736599e-07, 3.19515322644e-07, 2.76007369848e-07, 2.18968665422e-07, 1.69134125372e-07, 1.17008333689e-07, 9.36083424108e-08, 8.02964592594e-08],