{
"metadata": {
    "version": {
        "essentia": "2.0.1",
        "extractor": "archive-music 1.0 mod ismir14"
    },
    "audio_properties": {
        "analysis_sample_rate": 44100,
        "bitrate": 128,
        "channels": 2,
        "equal_loudness": 0,
        "length": 30.0669155121,
        "replay_gain": -8.87267494202,
        "downmix": "mix"
    },
    "tags": {
        "track": 7,
        "year": 0,
        "album": "The Cool Jazz Collection",
        "artist": "Astrud Gilberto",
        "comment": "",
        "genre": "Jazz",
        "title": "Girl From Ipanema"
    }
},
"rhythm": {
    "bpm": 130.002792358,
    "bpm_histogram_first_peak": 129,
    "bpm_histogram_first_peak_spread": 0.490909099579,
    "bpm_histogram_first_peak_weight": 0.444444447756,
    "bpm_histogram_second_peak": 136,
    "bpm_histogram_second_peak_spread": 0.199999988079,
    "bpm_histogram_second_peak_weight": 0.0634920671582
},
"tonal": {
    "tuning_frequency": {
        "dmean": 0.141636788845,
        "dmean2": 0.26265078783,
        "dvar": 1.31660342216,
        "dvar2": 3.35750794411,
        "max": 454.990661621,
        "mean": 439.81741333,
        "median": 439.491973877,
        "min": 431.443084717,
        "var": 4.39198064804
    },
    "hpcp": {
        "dmean": [0.0912541896105, 0.141993328929, 0.119108118117, 0.163462504745, 0.104849532247, 0.0947977975011, 0.120657622814, 0.0406840406358, 0.119269132614, 0.0995927602053, 0.123379707336, 0.0937011986971],
        "dmean2": [0.169424325228, 0.242745488882, 0.222280159593, 0.29704734683, 0.187849879265, 0.168172284961, 0.21260650456, 0.0739633962512, 0.20667591691, 0.181404486299, 0.225676447153, 0.167356163263],
        "dvar": [0.0497257076204, 0.064599275589, 0.0700991898775, 0.0855829715729, 0.0488923043013, 0.0508813261986, 0.0579296350479, 0.0219962093979, 0.0545006804168, 0.0604883246124, 0.0660311952233, 0.0459097586572],
        "dvar2": [0.12854629755, 0.13208399713, 0.192825809121, 0.190886750817, 0.117925703526, 0.133026435971, 0.127385944128, 0.0533779673278, 0.116917900741, 0.145230919123, 0.163106277585, 0.103841967881],
        "max": [1, 1, 1, 1, 1, 1, 1, 1, 1, 1, 1, 1],
        "mean": [0.0698105692863, 0.243965566158, 0.0742471814156, 0.261675804853, 0.120756164193, 0.0970354899764, 0.21248331666, 0.06086531654, 0.161937147379, 0.0868343636394, 0.115297608078, 0.137655541301],
        "median": [0.00213203509338, 0.0362487882376, 0.00101658841595, 0.0211072564125, 0.00695478264242, 0.00413720868528, 0.0248623266816, 0.00111367111094, 0.0132728423923, 0.00132398842834, 0.00680130440742, 0.00717007927597],
        "min": [0, 0, 1.25939902773e-06, 7.61172850616e-06, 0, 4.10425718655e-06, 0, 0, 1.22393066704e-06, 0, 0, 0],
        "var": [0.0417346283793, 0.132171884179, 0.04746767506, 0.155714571476, 0.0693186894059, 0.0612155869603, 0.124334186316, 0.0450925603509, 0.0928883552551, 0.0607005096972, 0.0671851336956, 0.0841261744499]
    }
},
"lowlevel": {
    "melbands": {
        "dmean": [0.000257365463767, 0.000724360463209, 0.000798297172878, 0.000428799918154, 0.000248506927164, 9.5421273727e-05, 5.93315671722e-05, 6.60145451548e-05, 2.51874116657e-05, 1.69109662238e-05, 1.48802091644e-05, 1.4479460333e-05, 3.5873727029e-06, 2.53322605204e-06, 3.78372169507e-06, 2.43679642153e-06, 1.99947385227e-06, 6.77083335177e-07, 6.91016452947e-07, 6.65681568535e-07, 4.1294060793e-07, 5.90901436226e-07, 7.23082621334e-07, 6.48289301353e-07, 2.57696171957e-07, 1.52908157247e-07, 1.99404084356e-07, 3.23321671658e-07, 2.67559812528e-07, 3.62557500466e-07, 6.20714047272e-07, 9.00538509541e-07, 1.16518458526e-06, 6.86180783305e-07, 2.91896384397e-07, 1.52228906813e-07, 8.79518395891e-08, 3.29693250478e-08, 1.08589270909e-08, 1.26373844722e-09],
        "dmean2": [0.000356175471097, 0.00104025891051, 0.00115920021199, 0.000652630988043, 0.000358457851689, 0.00014357494365, 9.11734096007e-05, 9.60550169111e-05, 3.71355381503e-05, 2.28209210036e-05, 2.147073792e-05, 2.00954746106e-05, 5.22925529367e-06, 3.66576023225e-06, 5.00583837493e-06, 3.43288957083e-06, 2.91960100185e-06, 1.04450987237e-06, 1.05709182208e-06, 1.00922500224e-06, 6.57369696455e-07, 9.33803391945e-07, 1.09724010144e-06, 1.0751505215e-06, 4.05645550927e-07, 2.24264766757e-07, 2.9121724765e-07, 4.71267895819e-07, 4.10765608194e-07, 5.58624606128e-07, 9.01851080926e-07, 1.27022155993e-06, 1.9575704755e-06, 9.22538504255e-07, 4.03485955758e-07, 2.07175503419e-07, 1.14261368367e-07, 4.36794778125e-08, 1.4023829209e-08, 1.77049697125e-09],
        "dvar": [3.8758298615e-07, 1.34347590119e-06, 1.06221682472e-06, 5.20298044648e-07, 1.65331584867e-07, 4.23730064369e-08, 3.67292507519e-08, 3.26271134554e-08, 5.02620611798e-09, 3.59238505609e-09, 1.66789770883e-09, 9.03629704396e-09, 8.20816539737e-11, 4.15905157536e-11, 2.19178467042e-10, 8.79733369485e-11, 1.01331269764e-10, 3.58658957568e-12, 8.76515093146e-12, 9.96924071073e-12, 1.81678142582e-12, 2.39732452639e-12, 3.47632990103e-12, 4.44698401367e-12, 5.99691899871e-13, 1.55882224446e-13, 3.57944387021e-13, 1.56263955768e-12, 6.11892318498e-13, 2.19991212747e-12, 6.96983096238e-12, 1.49398184796e-11, 5.14430512077e-11, 1.25783515548e-11, 1.15499981541e-12, 1.86495540148e-13, 5.3096422929e-14, 9.26624991066e-15, 1.37856549754e-15, 3.71392415246e-17],
        "dvar2": [7.42724694192e-07, 2.61376726485e-06, 1.84604584774e-06, 1.05875096779e-06, 3.3227786389e-07, 9.07402082362e-08, 7.85061970987e-08, 6.63593979766e-08, 9.43555811261e-09, 6.54189280525e-09, 2.81683831815e-09, 1.56717163691e-08, 1.60136057192e-10, 8.24851506542e-11, 3.89313886684e-10, 1.95637256395e-10, 2.38955855103e-10, 7.34758434651e-12, 1.95506839884e-11, 1.76980565619e-11, 4.61855640538e-12, 6.12579865306e-12, 7.95669519854e-12, 1.12471993524e-11, 1.49065352076e-12, 3.19271627365e-13, 6.46044632721e-13, 3.23263269451e-12, 1.34061370945e-12, 5.18869929661e-12, 1.52204863296e-11, 2.74386503102e-11, 1.40086331424e-10, 2.04366558398e-11, 1.85157184723e-12, 3.21866665265e-13, 8.83338947778e-14, 1.4971058315e-14, 2.12784014889e-15, 8.26259067176e-17],
        "max": [0.0100054601207, 0.0112976655364, 0.0116527369246, 0.0139637254179, 0.00508434465155, 0.00206470722333, 0.00237532379106, 0.00207491824403, 0.00101315777283, 0.000990454223938, 0.000406464794651, 0.00214140536264, 0.000115782189823, 0.000128419924295, 0.000338278798154, 0.000166661629919, 0.000200840746402, 2.27527125389e-05, 4.06556755479e-05, 3.94430862798e-05, 1.65346318681e-05, 1.68076767295e-05, 1.77336169145e-05, 2.50624289038e-05, 1.15665388876e-05, 6.47582601232e-06, 9.83084100881e-06, 2.32643051277e-05, 8.95106950338e-06, 2.3888746e-05, 3.92852307414e-05, 5.82511020184e-05, 0.000114278402179, 8.21962676127e-05, 1.95239972527e-05, 5.36337074664e-06, 2.64179379883e-06, 1.58048896992e-06, 5.4702138641e-07, 1.12088599735e-07],
        "mean": [0.000454131368315, 0.00156320154201, 0.00199939520098, 0.000755580374971, 0.000556055339985, 0.000166780650034, 6.81930541759e-05, 7.8825156379e-05, 3.21525512845e-05, 2.19746925723e-05, 2.06981258088e-05, 2.14289902942e-05, 4.69738779429e-06, 3.16759428642e-06, 5.03690944242e-06, 2.8698582355e-06, 2.04994989872e-06, 8.10619440017e-07, 7.93678566424e-07, 8.00991415417e-07, 4.21076549628e-07, 6.56898009765e-07, 7.77094157911e-07, 6.22597838174e-07, 2.63877609541e-07, 1.8153174608e-07, 2.44354481538e-07, 3.27269447098e-07, 2.75359866464e-07, 3.43656722634e-07, 6.09335245372e-07, 9.76175442702e-07, 1.0634711316e-06, 7.24254675788e-07, 3.26314847143e-07, 1.79035055226e-07, 1.00011064319e-07, 3.75944786413e-08, 1.19986358627e-08, 1.23240095906e-09],