{
"metadata": {
    "version": {
        "essentia": "2.0.1",
        "extractor": "archive-music 1.0 mod ismir14"
    },
    "audio_properties": {
        "analysis_sample_rate": 44100,
        "bitrate": 128,
        "channels": 2,
        "equal_loudness": 0,
        "length": 30.0669155121,
        "replay_gain": -12.1708602905,
        "downmix": "mix"
    },
    "tags": {
        "track": 6,
        "year": 0,
        "album": "Swing Classics (Jazz & Tzaz 70)",
        "artist": "Benny Carter",
        "comment": "",
        "genre": "Jazz",
        "title": "Babalu"
    }
},
"rhythm": {
    "bpm": 92.6367721558,
    "bpm_histogram_first_peak": 94,
    "bpm_histogram_first_peak_spread": 0.555555582047,
    "bpm_histogram_first_peak_weight": 0.355555564165,
    "bpm_histogram_second_peak": 89,
    "bpm_histogram_second_peak_spread": 0,
    "bpm_histogram_second_peak_weight": 0.177777782083
},
"tonal": {
    "tuning_frequency": {
        "dmean": 0.127219215035,
        "dmean2": 0.240459412336,
        "dvar": 1.54017710686,
        "dvar2": 4.2646522522,
        "max": 452.37008667,
        "mean": 438.69140625,
        "median": 440.254241943,
        "min": 431.941772461,
        "var": 6.56342077255
    },
    "hpcp": {
        "dmean": [0.109762594104, 0.126832202077, 0.0684003978968, 0.164351791143, 0.12212216109, 0.101850748062, 0.148020491004, 0.0805941596627, 0.18678483367, 0.0904370620847, 0.181603059173, 0.19800619781],
        "dmean2": [0.200769066811, 0.211411461234, 0.123487479985, 0.276143908501, 0.209600791335, 0.180060371757, 0.25458201766, 0.143653169274, 0.316517412663, 0.162333160639, 0.316281527281, 0.336968928576],
        "dvar": [0.0526557043195, 0.0356578305364, 0.0294229816645, 0.0539521239698, 0.0480273328722, 0.0294189658016, 0.0448044501245, 0.027605978772, 0.0471318401396, 0.0307390075177, 0.061251912266, 0.0600187443197],
        "dvar2": [0.149639263749, 0.0898598134518, 0.073009043932, 0.116861179471, 0.11146492511, 0.0757565274835, 0.0955038145185, 0.0733734294772, 0.109833374619, 0.0794198960066, 0.16386885941, 0.127559319139],
        "max": [1, 1, 1, 1, 1, 1, 1, 1, 1, 1, 1, 1],
        "mean": [0.0976602435112, 0.208658531308, 0.0643904656172, 0.431892722845, 0.225434735417, 0.105431072414, 0.308718562126, 0.0672438815236, 0.369123965502, 0.0786826536059, 0.233195632696, 0.340795129538],
        "median": [0.0149465436116, 0.0648314058781, 0.00914015527815, 0.280554413795, 0.0437718778849, 0.0396863929927, 0.141576990485, 0.0158869847655, 0.239822104573, 0.0139520904049, 0.117003679276, 0.200204119086],
        "min": [0, 0, 0, 0, 0, 0.000333835429046, 0, 0, 0.000451315863756, 0, 0, 0.000119468975754],
        "var": [0.0444927737117, 0.0745378881693, 0.0312941335142, 0.158731073141, 0.11746557802, 0.030738607049, 0.128120169044, 0.0235250741243, 0.11781321466, 0.0269933063537, 0.0795462876558, 0.124106571078]
    }
},
"lowlevel": {
    "melbands": {
        "dmean": [8.66808204592e-06, 4.06511207984e-05, 2.58003092313e-05, 5.10657046107e-05, 5.26941730641e-05, 8.33050798974e-05, 6.35561009403e-05, 0.000142269360367, 9.49956011027e-05, 7.14061607141e-05, 4.13083434978e-05, 3.47989407601e-05, 3.30707116518e-05, 2.47692369157e-05, 4.95682870678e-05, 4.21740733145e-05, 2.45601459028e-05, 1.644522672e-05, 1.31359010993e-05, 1.65046458278e-05, 4.85496684632e-06, 6.49955563858e-06, 3.02309217659e-06, 2.78694551525e-06, 3.98681140723e-06, 1.22888047827e-06, 6.54079258311e-07, 7.66747575653e-07, 7.84542862675e-07, 7.72430496454e-07, 3.82012444788e-07, 1.88737459439e-07, 1.3335720439e-07, 5.11497759703e-08, 2.07673860331e-08, 1.57669841627e-08, 3.05153791125e-09, 3.08375991409e-10, 3.32183967833e-11, 2.51976239353e-12],
        "dmean2": [1.46028532981e-05, 6.92955145496e-05, 4.00608296331e-05, 7.5948817539e-05, 7.99810586614e-05, 0.000128361891257, 9.88513347693e-05, 0.000212863218621, 0.000144134930451, 0.000109616063128, 6.57783311908e-05, 5.40751461813e-05, 5.14813109476e-05, 3.80424899049e-05, 7.89313271525e-05, 6.85990016791e-05, 3.71817295672e-05, 2.43668910116e-05, 2.0376239263e-05, 2.48870237556e-05, 7.58512805987e-06, 9.82715482678e-06, 4.51372443422e-06, 4.22862103733e-06, 5.98411588726e-06, 1.83738711712e-06, 9.53262258463e-07, 1.18420405215e-06, 1.14870113066e-06, 1.18677883165e-06, 5.32289959665e-07, 2.69989726576e-07, 1.83276242183e-07, 7.02938223185e-08, 2.91071593495e-08, 2.33542216677e-08, 4.63280525054e-09, 4.8207610126e-10, 5.23199678026e-11, 4.0313833001e-12],
        "dvar": [1.14311303478e-10, 2.42466313694e-09, 1.97225147325e-09, 5.72579805791e-09, 5.06173458703e-09, 1.70303167124e-08, 8.02425770274e-09, 8.22801240474e-08, 2.65539839006e-08, 1.39412046352e-08, 5.71339064948e-09, 5.02716757111e-09, 5.79332493089e-09, 2.30000307688e-09, 9.99733718032e-09, 9.93941107197e-09, 2.88550983107e-09, 1.36874345191e-09, 8.21631263026e-10, 1.3524592557e-09, 7.24295901033e-11, 1.8168799798e-10, 2.75488330065e-11, 2.65316327935e-11, 6.51403792018e-11, 7.80985606047e-12, 1.79511082648e-12, 4.20717193722e-12, 2.2505517415e-12, 2.22566388063e-12, 6.34274804987e-13, 2.13330872065e-13, 1.34119237526e-13, 2.04055522479e-14, 2.30353638149e-15, 1.30602570181e-15, 3.88869385013e-17, 5.57344990956e-19, 6.80434248242e-21, 2.85160627017e-23],
        "dvar2": [2.62263238904e-10, 5.76752112735e-09, 5.13611242425e-09, 1.36843656406e-08, 1.00812842518e-08, 3.51964963841e-08, 1.70693716939e-08, 1.50492667217e-07, 5.3262972699e-08, 3.14074597441e-08, 1.20702736695e-08, 1.15902318854e-08, 1.47186778321e-08, 4.68485339411e-09, 2.20681712904e-08, 2.45816735855e-08, 6.40333031043e-09, 2.76600764515e-09, 1.84183690521e-09, 2.91444401945e-09, 1.53753190735e-10, 3.83024667538e-10, 5.64257252034e-11, 5.3389070942e-11, 1.35820160674e-10, 1.64192583141e-11, 3.533527854e-12, 9.05967575265e-12, 4.56478301339e-12, 4.26072371829e-12, 1.12275412491e-12, 3.94296439032e-13, 2.50244296856e-13, 3.55821261669e-14, 4.03092306983e-15, 2.65114726809e-15, 7.67514155911e-17, 1.23403425652e-18, 1.53855771649e-20, 6.97634442677e-23],
        "max": [8.37965344545e-05, 0.000567308277823, 0.000711081200279, 0.00112917495426, 0.00085229810793, 0.00123245362192, 0.00139553518966, 0.00401287339628, 0.00188176135998, 0.00107596511953, 0.000738745904528, 0.00088179501472, 0.00103959743865, 0.000707807426807, 0.00106765364762, 0.00108839513268, 0.000666348612867, 0.000427310878877, 0.000270219228696, 0.000581295869779, 0.000109492139018, 0.000152460794197, 7.47473022784e-05, 6.05153836659e-05, 6.81142191752e-05, 3.95157148887e-05, 1.29118834593e-05, 2.8195192499e-05, 1.27618486658e-05, 1.29398622448e-05, 7.80451864557e-06, 4.97543305755e-06, 4.14040368923e-06, 1.76116157036e-06, 4.56771545032e-07, 4.42953876245e-07, 6.69739321779e-08, 6.4130487587e-09, 8.58839055429e-10, 6.98344021499e-11],
        "mean": [1.14273771032e-05, 5.51212433493e-05, 3.88244516216e-05, 8.30999269965e-05, 0.000104701815872, 0.00014832537272, 0.000139802068588, 0.00033606091165, 0.000185636206879, 0.000108925625682, 7.23584380466e-05, 5.84058834647e-05, 4.83217663714e-05, 3.66557942471e-05, 7.64425640227e-05, 6.34396565147e-05, 4.3552594434e-05, 2.21291138587e-05, 1.83640731848e-05, 2.52718364209e-05, 7.55571727495e-06, 1.03216852949e-05, 5.27501151737e-06, 4.27278109782e-06, 6.06982166573e-06, 1.96972450794e-06, 1.02154376691e-06, 1.13194710138e-06, 1.15552120405e-06, 1.22774224565e-06, 5.78769686399e-07, 2.72192323791e-07, 1.76909125571e-07, 6.96682249668e-08, 2.90189881014e-08, 2.36960513433e-08, 5.0562127818e-09, 4.13338752114e-10, 4.29753246878e-11, 3.07671986846e-12],