{
"metadata": {
    "version": {
        "essentia": "2.0.1",
        "extractor": "archive-music 1.0 mod ismir14"
    },
    "audio_properties": {
        "analysis_sample_rate": 44100,
        "bitrate": 96,
        "channels": 2,
        "equal_loudness": 0,
        "length": 30.0669155121,
        "replay_gain": -9.77028656006,
        "downmix": "mix"
    },
    "tags": {
        "track": 0,
        "year": 0,
        "album": "",
        "artist": "",
        "comment": "",
        "genre": "",
        "title": ""
    }
},
"rhythm": {
    "bpm": 172.265594482,
    "bpm_histogram_first_peak": 172,
    "bpm_histogram_first_peak_spread": 0,
    "bpm_histogram_first_peak_weight": 0.5,
    "bpm_histogram_second_peak": 178,
    "bpm_histogram_second_peak_spread": 0,
    "bpm_histogram_second_peak_weight": 0.27380952239
},
"tonal": {
    "tuning_frequency": {
        "dmean": 0.0889651998878,
        "dmean2": 0.164486154914,
        "dvar": 1.53570055962,
        "dvar2": 3.55569958687,
        "max": 456.570251465,
        "mean": 435.983459473,
        "median": 434.193115234,
        "min": 431.193908691,
        "var": 38.9767570496
    },
    "hpcp": {
        "dmean": [0.136348903179, 0.119439862669, 0.162345647812, 0.135680422187, 0.0809598639607, 0.0738513022661, 0.0982832461596, 0.0899146273732, 0.106269963086, 0.0945673659444, 0.11092556268, 0.0849934890866],
        "dmean2": [0.256817817688, 0.223675623536, 0.299180179834, 0.2525857687, 0.153396621346, 0.136563748121, 0.187728583813, 0.168231412768, 0.199051812291, 0.171786025167, 0.200999706984, 0.158308640122],
        "dvar": [0.0796838328242, 0.0679721087217, 0.0853317752481, 0.0752366855741, 0.0506977289915, 0.0418029725552, 0.0679899007082, 0.0548165440559, 0.0662921071053, 0.0513233020902, 0.0558115951717, 0.0465287901461],
        "dvar2": [0.22790157795, 0.17883656919, 0.226771295071, 0.203486964107, 0.140851616859, 0.113109685481, 0.183294579387, 0.145080372691, 0.18475215137, 0.147527247667, 0.144998013973, 0.129624515772],
        "max": [1, 1, 1, 1, 1, 1, 1, 1, 1, 1, 1, 1],
        "mean": [0.122382156551, 0.135032951832, 0.152380540967, 0.29508921504, 0.0581454560161, 0.0877927839756, 0.131699457765, 0.113800942898, 0.0804891958833, 0.091732211411, 0.244100928307, 0.0740465372801],
        "median": [0.00857286248356, 0.00734211085364, 0.0194828286767, 0.0164707861841, 0.000739313429222, 0.0058513963595, 0.000433781649917, 0.00206343806349, 0.00142350152601, 0.00237629655749, 0.026665577665, 0.00266871484928],
        "min": [0, 0, 0, 0, 0, 0, 0, 0, 0, 0, 0, 0],
        "var": [0.0732151642442, 0.0833179503679, 0.0826239660382, 0.174642935395, 0.0384854339063, 0.0553895644844, 0.0998513102531, 0.0816507190466, 0.0550059787929, 0.0547328703105, 0.14161427319, 0.0420168042183]
    }
},
"lowlevel": {
    "melbands": {
        "dmean": [8.65180936671e-06, 0.000140923759318, 0.0003646776604, 0.00130890170112, 0.00149317842443, 0.000778912741225, 0.000266546732746, 0.000204367825063, 0.000111901150376, 7.41101248423e-05, 4.75852139061e-05, 3.63216458936e-05, 5.11897160322e-05, 2.57213196164e-05, 2.41235629801e-05, 1.86954766832e-05, 3.41882841894e-05, 2.05806445592e-05, 2.25134917855e-05, 6.80094308336e-06, 9.56602434599e-06, 8.77829370438e-06, 5.59719364901e-06, 6.71431371302e-06, 1.39518160722e-05, 1.30864546009e-05, 4.95014728585e-06, 2.63382003141e-06, 7.80604580086e-07, 4.99465443227e-07, 2.09950002272e-07, 3.85812946035e-08, 5.80673598094e-09, 1.47826162422e-09, 6.43454678428e-10, 2.70184652429e-10, 1.32422017796e-10, 7.24612245206e-11, 4.87212353795e-11, 2.7165072275e-11],
        "dmean2": [1.37633551276e-05, 0.000226758493227, 0.00063389504794, 0.00202895142138, 0.0023142057471, 0.00120390707161, 0.000383738661185, 0.000301288877381, 0.000151027998072, 9.39704623306e-05, 5.41295994481e-05, 4.51238956884e-05, 5.74768528168e-05, 3.12962511089e-05, 3.12184056384e-05, 2.58916134044e-05, 4.45351652161e-05, 2.99090625049e-05, 3.29255162796e-05, 9.9831222542e-06, 1.449352294e-05, 1.27804551084e-05, 7.60153898227e-06, 9.57200427365e-06, 1.93165415112e-05, 1.74038814293e-05, 7.20631851436e-06, 3.89875276596e-06, 1.12266195629e-06, 6.9950078796e-07, 3.09068497018e-07, 5.63666944231e-08, 8.03269006866e-09, 2.20047757793e-09, 1.01344332926e-09, 4.3011125217e-10, 2.24039536922e-10, 1.32034369549e-10, 9.08199626615e-11, 5.00456794061e-11],
        "dvar": [2.56207527416e-10, 4.7605258402e-08, 6.00150883656e-07, 6.87567353452e-06, 8.68808547239e-06, 2.16384296436e-06, 2.99186467601e-07, 2.58211230175e-07, 1.8437719973e-07, 1.29671064997e-07, 3.45570256854e-08, 2.49426843624e-08, 5.02831980498e-08, 1.09066116138e-08, 2.11500932323e-08, 2.98006619381e-09, 1.16145786322e-08, 2.73584843669e-09, 2.92752888598e-09, 2.95277191587e-10, 7.14453940454e-10, 6.48802178649e-10, 3.65342950337e-10, 3.44817091547e-10, 2.28877294894e-09, 2.25052709801e-09, 3.04303943155e-10, 1.21637408479e-10, 9.19020675533e-12, 9.87447883877e-12, 2.73597854442e-12, 6.92126477658e-14, 2.55524916242e-15, 5.68936479675e-17, 7.03947906639e-18, 1.71723170795e-18, 1.15619015023e-18, 7.18448496515e-19, 2.82836677778e-19, 1.19395903929e-20],
        "dvar2": [6.68152533301e-10, 1.17175574132e-07, 1.88273816093e-06, 1.75460918399e-05, 2.32521979342e-05, 5.44093154531e-06, 5.50381514586e-07, 4.71513942557e-07, 3.26611427681e-07, 2.35102604051e-07, 4.36419007599e-08, 3.9493336601e-08, 6.49864873026e-08, 1.74343384174e-08, 4.10429308317e-08, 5.27485166657e-09, 1.89751467872e-08, 5.83361803308e-09, 6.03606453708e-09, 7.07958858204e-10, 1.71399849869e-09, 1.50785717246e-09, 6.76345535133e-10, 7.069537733e-10, 4.32034941156e-09, 4.82601958396e-09, 7.40507599684e-10, 2.92181501216e-10, 1.82590609299e-11, 2.07464774526e-11, 6.45646557051e-12, 1.72018337617e-13, 4.71031760891e-15, 1.04740805387e-16, 1.68484299611e-17, 4.57968173909e-18, 3.31847098053e-18, 2.09289454237e-18, 8.32763823194e-19, 3.5811107641e-20],
        "max": [0.000373023707652, 0.00768308388069, 0.0153623688966, 0.0996804386377, 0.0717099905014, 0.0184877943248, 0.0106333028525, 0.0115315783769, 0.0124519001693, 0.0105918319896, 0.00735588883981, 0.00450703268871, 0.00683223456144, 0.00335629144683, 0.00543403904885, 0.00192208227236, 0.00516961794347, 0.000983484787866, 0.00185410236008, 0.00043404623284, 0.000450979510788, 0.000555964827072, 0.00043694867054, 0.000482438044855, 0.00185612437781, 0.00137791619636, 0.000463814882096, 0.000259408669081, 9.93293797364e-05, 0.00013502483489, 7.66984230722e-05, 1.0428618225e-05, 2.7855855933e-06, 2.79211292309e-07, 9.34258181928e-08, 3.76105084854e-08, 3.53002143072e-08, 2.68126303382e-08, 1.51041774643e-08, 3.45119333112e-09],
        "mean": [1.20477843666e-05, 0.000243885369855, 0.000573674042244, 0.00310370279476, 0.00346255395561, 0.00169379776344, 0.000673411646858, 0.000534805236384, 0.000283304427285, 0.00016994435282, 0.000154271896463, 8.89903094503e-05, 0.000144471865497, 6.18709382252e-05, 4.72218889627e-05, 4.05835853599e-05, 7.74643558543e-05, 4.00888784498e-05, 5.17169719387e-05, 1.51701688083e-05, 1.74911219801e-05, 1.54400422616e-05, 1.01046398413e-05, 1.36388698593e-05, 2.92862314382e-05, 3.12352567562e-05, 8.92728621693e-06, 4.33606828665e-06, 1.51359438405e-06, 8.9743184617e-07, 3.55171152933e-07, 6.31149035257e-08, 1.00914228085e-08, 2.91008661613e-09, 1.20876808563e-09, 5.07780095749e-10, 2.12485432027e-10, 7.86291726174e-11, 3.93155646927e-11, 2.14466413379e-11],