{
"metadata": {
    "version": {
        "essentia": "2.0.1",
        "extractor": "archive-music 1.0 mod ismir14"
    },
    "audio_properties": {
        "analysis_sample_rate": 44100,
        "bitrate": 96,
        "channels": 2,
        "equal_loudness": 0,
        "length": 30.0669155121,
        "replay_gain": -14.3366317749,
        "downmix": "mix"
    },
    "tags": {
        "track": 0,
        "year": 0,
        "album": "",
        "artist": "",
        "comment": "",
        "genre": "",
        "title": ""
    }
},
"rhythm": {
    "bpm": 109.23135376,
    "bpm_histogram_first_peak": 110,
    "bpm_histogram_first_peak_spread": 0.509433984756,
    "bpm_histogram_first_peak_weight": 0.490566045046,
    "bpm_histogram_second_peak": 0,
    "bpm_histogram_second_peak_spread": 0,
    "bpm_histogram_second_peak_weight": 0
},
"tonal": {
    "tuning_frequency": {
        "dmean": 0.0304388683289,
        "dmean2": 0.0556090399623,
        "dvar": 0.352144747972,
        "dvar2": 0.742029428482,
        "max": 454.465301514,
        "mean": 434.415435791,
        "median": 434.193115234,
        "min": 433.942382812,
        "var": 2.15246748924
    },
    "hpcp": {
        "dmean": [0.150586903095, 0.185985505581, 0.258016318083, 0.279320180416, 0.222725957632, 0.156497567892, 0.12121924758, 0.137447282672, 0.205202504992, 0.113941453397, 0.133768483996, 0.141003787518],
        "dmean2": [0.284684836864, 0.356948852539, 0.496203005314, 0.533645153046, 0.427194833755, 0.288027763367, 0.227695599198, 0.256729394197, 0.385695546865, 0.217850476503, 0.255686819553, 0.272449553013],
        "dvar": [0.0845558941364, 0.113689109683, 0.150788858533, 0.146102026105, 0.131492450833, 0.0863308236003, 0.0735741406679, 0.0772724822164, 0.0981819629669, 0.072514526546, 0.0804362371564, 0.0868585333228],
        "dvar2": [0.231407821178, 0.309634596109, 0.410549193621, 0.380736142397, 0.353675186634, 0.233928099275, 0.203109651804, 0.210844278336, 0.264290511608, 0.210156023502, 0.238294363022, 0.24405322969],
        "max": [1, 1, 1, 1, 1, 1, 1, 1, 1, 1, 1, 1],
        "mean": [0.116558536887, 0.126099914312, 0.186212792993, 0.243776232004, 0.148405998945, 0.132700547576, 0.0895987600088, 0.119326889515, 0.222322046757, 0.0720166042447, 0.0979704037309, 0.0899593010545],
        "median": [0.00721722329035, 0.00328694330528, 0.00587019184604, 0.0205015707761, 0.00316694960929, 0.00957244820893, 0.00225523579866, 0.0047928923741, 0.025710914284, 0.00204952387139, 0.00454869866371, 0.00297823641449],
        "min": [0, 0, 0, 0, 0, 0, 0, 0, 0, 0, 0, 0],
        "var": [0.0688531249762, 0.082925491035, 0.125142157078, 0.143274620175, 0.100442580879, 0.0789134651423, 0.05773537606, 0.0734706223011, 0.123543165624, 0.0463201999664, 0.0606906600296, 0.0577545464039]
    }
},
"lowlevel": {
    "melbands": {
        "dmean": [0.00176074681804, 0.00560355139896, 0.00517978193238, 0.00216759438626, 0.000916673161555, 0.000602686486673, 0.000360241625458, 0.00033454480581, 0.000430242333096, 0.000323512736941, 7.46628938941e-05, 8.69629147928e-05, 5.61367814953e-05, 5.01115246152e-05, 5.61473352718e-05, 5.68278228457e-05, 6.23582091066e-05, 5.05745920236e-05, 2.60852757492e-05, 5.20864923601e-05, 2.41975030804e-05, 1.68389142345e-05, 2.01045877475e-05, 1.17534473247e-05, 6.46630360279e-06, 4.4612252168e-06, 2.51012261288e-06, 1.77254844402e-06, 1.96005817088e-06, 1.35446737204e-06, 1.08496101348e-06, 1.05645472104e-06, 9.55341988629e-07, 6.65256607135e-07, 5.49379990389e-07, 3.81222520218e-07, 2.15213830757e-07, 6.28327612162e-08, 1.55580472949e-08, 1.58830271157e-09],
        "dmean2": [0.00290019111708, 0.0094701750204, 0.008629495278, 0.0035806465894, 0.00151123735122, 0.00104900763836, 0.000613400246948, 0.000505535746925, 0.00062234030338, 0.000475006207125, 0.000110522458272, 0.000130088359583, 8.31256766105e-05, 7.24133205949e-05, 8.20357527118e-05, 8.42304798425e-05, 9.91629640339e-05, 7.62363924878e-05, 3.86270658055e-05, 7.81044509495e-05, 3.68554829038e-05, 2.58842210314e-05, 3.16515142913e-05, 1.90461905731e-05, 1.03414249679e-05, 7.17990860721e-06, 4.02120122089e-06, 2.9502034522e-06, 3.20295112033e-06, 2.23262850341e-06, 1.68355802543e-06, 1.74190506641e-06, 1.51789413394e-06, 1.0419927321e-06, 8.83149539277e-07, 6.09219853231e-07, 3.42125844099e-07, 9.29302217401e-08, 2.4187814418e-08, 2.42254372118e-09],
        "dvar": [1.9004331989e-05, 4.43562494183e-05, 2.89856343443e-05, 8.47925093694e-06, 1.63143818099e-06, 9.80424260888e-07, 3.07711843561e-07, 4.12784402215e-07, 7.5670732258e-07, 6.60062369207e-07, 3.16720871751e-08, 6.37604600229e-08, 2.28594707607e-08, 2.24830802864e-08, 2.87868378024e-08, 2.54757885898e-08, 3.16294865854e-08, 1.57440478432e-08, 4.62134908119e-09, 5.00361885258e-08, 3.30178395735e-09, 1.64901081678e-09, 2.81257594992e-09, 9.01180796653e-10, 1.69715602683e-10, 1.35920316668e-10, 3.65370511624e-11, 2.32702832698e-11, 2.1072223827e-11, 1.38132049202e-11, 8.75476600937e-12, 1.00413080628e-11, 6.84576050361e-12, 4.68357817807e-12, 3.87186506814e-12, 3.04090628546e-12, 1.83511083933e-12, 9.54118782679e-14, 4.73429541758e-15, 8.24493003481e-17],
        "dvar2": [3.94575290557e-05, 0.000133407986141, 8.43230227474e-05, 2.16033477045e-05, 4.27707163908e-06, 3.0471323953e-06, 8.61021476339e-07, 8.64101423304e-07, 1.47975538312e-06, 1.24040730043e-06, 6.28368255207e-08, 1.20304136431e-07, 4.65953071682e-08, 4.4505245711e-08, 5.34520410156e-08, 5.80037031739e-08, 8.26683148603e-08, 3.53679361353e-08, 9.65536273156e-09, 1.21659638808e-07, 7.57612372837e-09, 4.0108680821e-09, 7.67913732602e-09, 2.55523691095e-09, 4.10868838951e-10, 3.66981611766e-10, 9.19828796464e-11, 6.15750228583e-11, 5.4607870309e-11, 3.49664359967e-11, 2.03398964338e-11, 2.58091551603e-11, 1.64123870744e-11, 1.06684244772e-11, 9.54892241667e-12, 7.23344864909e-12, 5.07046227921e-12, 1.6447279194e-13, 1.11064332237e-14, 1.47166640925e-16],
        "max": [0.0667638704181, 0.0687164440751, 0.0478871427476, 0.0336748920381, 0.0127015644684, 0.0118867810816, 0.00726035796106, 0.0125571265817, 0.0216840207577, 0.0182300359011, 0.00737978704274, 0.00900014396757, 0.00477946829051, 0.00402776012197, 0.0039601395838, 0.00295330723748, 0.0033241098281, 0.0026726545766, 0.00124466465786, 0.00651731621474, 0.00130330771208, 0.00107618735638, 0.00123507075477, 0.000515080813784, 0.000193404732272, 0.000286797148874, 0.000104511935206, 0.000106666113425, 6.53961178614e-05, 7.75737353251e-05, 8.35693645058e-05, 6.76258423482e-05, 6.03054577368e-05, 6.73444083077e-05, 7.59278482292e-05, 8.09356643003e-05, 5.87695467402e-05, 1.4389673197e-05, 2.70325585916e-06, 4.68165325174e-07],
        "mean": [0.00234400760382, 0.00926893297583, 0.00817097257823, 0.00317951641046, 0.00137362082023, 0.00103385245893, 0.000627875211649, 0.000709492072929, 0.000934231095016, 0.000734976842068, 0.0001731475204, 0.000157626054715, 0.000109023028926, 0.000105522798549, 0.000104034479591, 0.000107864194433, 0.0001013440924, 9.64209393715e-05, 5.44466456631e-05, 0.00010497844778, 4.71078237751e-05, 3.20268882206e-05, 4.23281089752e-05, 2.517224857e-05, 1.23198296933e-05, 7.81445760367e-06, 4.44142597189e-06, 3.07582013193e-06, 3.36400103151e-06, 2.40029567067e-06, 1.96445557776e-06, 1.95239817913e-06, 1.79623441454e-06, 1.32130719521e-06, 1.02260241874e-06, 6.85413340307e-07, 3.90259060623e-07, 1.32645567419e-07, 2.99834432838e-08, 2.3808632843e-09],