{
"metadata": {
    "version": {
        "essentia": "2.0.1",
        "extractor": "archive-music 1.0 mod ismir14"
    },
    "audio_properties": {
        "analysis_sample_rate": 44100,
        "bitrate": 160,
        "channels": 2,
        "equal_loudness": 0,
        "length": 30.0669155121,
        "replay_gain": -8.42432594299,
        "downmix": "mix"
    },
    "tags": {
        "track": 7,
        "year": 0,
        "album": "The Cool Jazz Collection",
        "artist": "Astrud Gilberto",
        "comment": "",
        "genre": "Jazz",
        "title": "Girl From Ipanema"
    }
},
"rhythm": {
    "bpm": 130.002792358,
    "bpm_histogram_first_peak": 129,
    "bpm_histogram_first_peak_spread": 0.490909099579,
    "bpm_histogram_first_peak_weight": 0.444444447756,
    "bpm_histogram_second_peak": 136,
    "bpm_histogram_second_peak_spread": 0.199999988079,
    "bpm_histogram_second_peak_weight": 0.0634920671582
},
"tonal": {
    "tuning_frequency": {
        "dmean": 0.119880490005,
        "dmean2": 0.226118847728,
        "dvar": 1.59106779099,
        "dvar2": 3.38910102844,
        "max": 456.306610107,
        "mean": 437.63494873,
        "median": 434.193115234,
        "min": 431.692352295,
        "var": 32.4111366272
    },
    "hpcp": {
        "dmean": [0.104682207108, 0.129501983523, 0.162353754044, 0.178327411413, 0.154414564371, 0.125567182899, 0.145480945706, 0.154176846147, 0.233111023903, 0.140325859189, 0.12118536979, 0.111136615276],
        "dmean2": [0.201921224594, 0.250494539738, 0.313567072153, 0.340550661087, 0.298156768084, 0.242261201143, 0.279202103615, 0.297554165125, 0.448848068714, 0.274149417877, 0.232185959816, 0.214722931385],
        "dvar": [0.0702531933784, 0.0863825529814, 0.107462890446, 0.105569131672, 0.0993917956948, 0.0820609405637, 0.0898196473718, 0.100830763578, 0.136299654841, 0.100535720587, 0.0776322707534, 0.0771208330989],
        "dvar2": [0.196485519409, 0.245165467262, 0.30282869935, 0.290939003229, 0.284843534231, 0.236624673009, 0.255587369204, 0.285954624414, 0.381571918726, 0.286161631346, 0.214604943991, 0.219110295177],
        "max": [1, 1, 1, 1, 1, 1, 1, 1, 1, 1, 1, 1],
        "mean": [0.0666890740395, 0.11561088264, 0.115039125085, 0.202671870589, 0.112644478679, 0.0959364622831, 0.135908842087, 0.116825692356, 0.205031782389, 0.0916281193495, 0.0949848815799, 0.0870317667723],
        "median": [0.000340421771398, 0.00174809538294, 0.000690309272613, 0.00313579919748, 0.00109452626202, 0.00104052689858, 0.0015373066999, 0.00105580838863, 0.00504146236926, 0.000326288136421, 0.00179732393008, 0.000619415135588],
        "min": [0, 0, 0, 0, 0, 0, 0, 0, 0, 0, 0, 0],
        "var": [0.0473003312945, 0.0827228575945, 0.0846557915211, 0.132668212056, 0.0791624933481, 0.0688197314739, 0.0943326279521, 0.0835328996181, 0.134617850184, 0.0716441273689, 0.0624707788229, 0.0651466995478]
    }
},
"lowlevel": {
    "melbands": {
        "dmean": [0.00078565190779, 0.00344606977887, 0.00357075757347, 0.00183893041685, 0.000991676817648, 0.000364971259842, 0.000129096632008, 0.000118940755783, 4.97749751958e-05, 2.66532806563e-05, 2.70488126262e-05, 2.70393302344e-05, 8.31064699014e-06, 6.0934225985e-06, 7.93908930063e-06, 4.62428533865e-06, 3.64873881153e-06, 1.62515573265e-06, 1.60739807598e-06, 1.57595582095e-06, 1.00215777366e-06, 1.23288657505e-06, 1.41772090956e-06, 1.53866972141e-06, 5.84847271057e-07, 3.7114676843e-07, 5.47759213987e-07, 8.33829915337e-07, 6.6535494625e-07, 8.81103630945e-07, 1.40406052651e-06, 2.20555421038e-06, 2.83415556623e-06, 1.68204860529e-06, 6.74148338931e-07, 3.03254836354e-07, 2.02119153414e-07, 7.49135011802e-08, 2.04797121484e-08, 2.91311863521e-09],
        "dmean2": [0.00132386852056, 0.00594392325729, 0.00619292678311, 0.0031099463813, 0.00163544039242, 0.000614841992501, 0.000191136496142, 0.000168616272276, 6.81840101606e-05, 3.52017705154e-05, 3.6002289562e-05, 3.51140843122e-05, 1.16408655231e-05, 9.01774365047e-06, 1.09410775622e-05, 6.94826712788e-06, 5.06012884216e-06, 2.43356907959e-06, 2.22517201109e-06, 2.27087048188e-06, 1.49492529999e-06, 1.83653969543e-06, 2.04647653845e-06, 2.31675085161e-06, 8.69234042966e-07, 5.66065466501e-07, 7.98849043804e-07, 1.34506410632e-06, 1.01058799373e-06, 1.29643842683e-06, 2.25740313908e-06, 3.48635512637e-06, 4.58103659184e-06, 2.58878117165e-06, 1.06366087493e-06, 4.42199535655e-07, 2.96648721587e-07, 1.16160848052e-07, 3.01536218217e-08, 4.68400385145e-09],
        "dvar": [2.27492591875e-06, 3.03984070342e-05, 3.74192786694e-05, 9.32099101192e-06, 2.57062743003e-06, 3.86862865298e-07, 1.43244832884e-07, 1.32846366796e-07, 1.78121961625e-08, 9.47787359706e-09, 6.55022303064e-09, 1.73712439988e-08, 6.86086409907e-10, 2.87660589793e-10, 7.09171998903e-10, 5.15514131383e-10, 4.90668561337e-10, 4.85379375581e-11, 7.7188977432e-11, 7.60638843578e-11, 1.69614045031e-11, 1.58040247555e-11, 2.06300011796e-11, 5.07065084365e-11, 6.95861597511e-12, 1.3563987173e-12, 3.99530408757e-12, 1.49664811794e-11, 6.77196536694e-12, 2.54867654759e-11, 6.08887038012e-11, 1.59278409906e-10, 6.27046359281e-10, 1.59873239647e-10, 1.04867850514e-11, 1.04547837401e-12, 4.66882988433e-13, 8.64704832802e-14, 7.76100121262e-15, 3.08744885703e-16],
        "dvar2": [5.90580884818e-06, 9.17821016628e-05, 0.00012080482702, 2.57737574429e-05, 6.97827363183e-06, 1.06048855741e-06, 2.28900290722e-07, 1.96632711891e-07, 2.76551812561e-08, 1.17180274373e-08, 1.13169633664e-08, 1.89469560041e-08, 1.38934830307e-09, 5.81491244045e-10, 1.16436271735e-09, 1.09193054598e-09, 7.72030495089e-10, 9.95544618965e-11, 1.20577881013e-10, 1.57385854349e-10, 3.63584613805e-11, 3.14619025277e-11, 3.98914443145e-11, 1.35890895758e-10, 1.71865178339e-11, 3.23314161901e-12, 8.38808363046e-12, 3.9429511739e-11, 1.56575603177e-11, 5.6073656135e-11, 1.41453390667e-10, 3.695350137e-10, 1.68121883082e-09, 3.51759149586e-10, 2.87538638732e-11, 2.21579872506e-12, 1.10239844597e-12, 2.14495007042e-13, 1.56056249059e-14, 8.56487529012e-16],
        "max": [0.0355494655669, 0.0800166428089, 0.0597771555185, 0.0814377516508, 0.0257384218276, 0.0113415829837, 0.00937692448497, 0.00820390600711, 0.00362013559788, 0.00418292358518, 0.00214404519647, 0.00977329537272, 0.000928524241317, 0.000612225732766, 0.00159434450325, 0.000818457570858, 0.00108273408841, 0.000275366212009, 0.00038590549957, 0.000306500296574, 0.000124772646814, 9.01172679733e-05, 9.06920031412e-05, 0.000174514309037, 0.000101174620795, 2.89880954369e-05, 6.27038098173e-05, 0.000131209337269, 6.89482694725e-05, 0.000168083468452, 0.000194581400137, 0.00027147581568, 0.000940833298955, 0.000619841099251, 8.81573432707e-05, 2.46472918661e-05, 1.35951704578e-05, 1.03420306914e-05, 2.99999601339e-06, 6.73257886774e-07],
        "mean": [0.00150866771583, 0.00614829361439, 0.00744007667527, 0.00365393678658, 0.00226469757035, 0.000809902208857, 0.000303300534142, 0.00029904404073, 0.000140647243825, 8.67820563144e-05, 8.47467017593e-05, 8.57738195919e-05, 2.2369047656e-05, 1.25714122987e-05, 1.97200843104e-05, 1.18315701911e-05, 8.2020105765e-06, 3.38092308994e-06, 3.28837631969e-06, 3.16980435855e-06, 1.722020329e-06, 2.61173772742e-06, 3.07397294819e-06, 2.46356694333e-06, 1.05811784579e-06, 7.16686884061e-07, 9.87363705462e-07, 1.2745741742e-06, 1.09396205517e-06, 1.37812321555e-06, 2.36120013142e-06, 3.86696410715e-06, 4.11756491303e-06, 2.85075930151e-06, 1.26271106637e-06, 6.7963088668e-07, 4.04349691507e-07, 1.49425815721e-07, 4.70669689889e-08, 4.72619632319e-09],