{
"metadata": {
    "version": {
        "essentia": "2.0.1",
        "extractor": "archive-music 1.0 mod ismir14"
    },
    "audio_properties": {
        "analysis_sample_rate": 44100,
        "bitrate": 160,
        "channels": 2,
        "equal_loudness": 0,
        "length": 30.0669155121,
        "replay_gain": -11.7208919525,
        "downmix": "mix"
    },
    "tags": {
        "track": 6,
        "year": 0,
        "album": "Swing Classics (Jazz & Tzaz 70)",
        "artist": "Benny Carter",
        "comment": "",
        "genre": "Jazz",
        "title": "Babalu"
    }
},
"rhythm": {
    "bpm": 92.6367721558,
    "bpm_histogram_first_peak": 94,
    "bpm_histogram_first_peak_spread": 0.555555582047,
    "bpm_histogram_first_peak_weight": 0.355555564165,
    "bpm_histogram_second_peak": 89,
    "bpm_histogram_second_peak_spread": 0,
    "bpm_histogram_second_peak_weight": 0.177777782083
},
"tonal": {
    "tuning_frequency": {
        "dmean": 0.0682714134455,
        "dmean2": 0.130506977439,
        "dvar": 0.736004054546,
        "dvar2": 1.58839130402,
        "max": 456.570251465,
        "mean": 439.201843262,
        "median": 437.213165283,
        "min": 432.940917969,
        "var": 15.5955543518
    },
    "hpcp": {
        "dmean": [0.148537442088, 0.143165498972, 0.151220738888, 0.204823166132, 0.146972879767, 0.126224189997, 0.146239504218, 0.125013768673, 0.194360017776, 0.135744780302, 0.180258825421, 0.183242917061],
        "dmean2": [0.275188982487, 0.260467082262, 0.285830408335, 0.369474023581, 0.272343665361, 0.235553860664, 0.253579288721, 0.23368434608, 0.3518024683, 0.254354655743, 0.325503379107, 0.329345673323],
        "dvar": [0.0672560483217, 0.0598724074662, 0.0798579752445, 0.0874136388302, 0.0702819079161, 0.0598145648837, 0.0517264939845, 0.0567381232977, 0.0736621543765, 0.061554864049, 0.0707146078348, 0.0687449947],
        "dvar2": [0.189679950476, 0.163621708751, 0.230710297823, 0.23763166368, 0.188923254609, 0.171549603343, 0.137114718556, 0.154095485806, 0.196693375707, 0.175474599004, 0.188619792461, 0.180048510432],
        "max": [1, 1, 1, 1, 1, 1, 1, 1, 1, 1, 1, 1],
        "mean": [0.113328740001, 0.15101057291, 0.107757896185, 0.401944428682, 0.168409079313, 0.102874547243, 0.235505864024, 0.100351572037, 0.287506878376, 0.0997543334961, 0.195084288716, 0.226662188768],
        "median": [0.0125191332772, 0.0203241612762, 0.00379851157777, 0.195187985897, 0.0124586476013, 0.011596057564, 0.0608372949064, 0.00823901128024, 0.100522384048, 0.00842226296663, 0.0640824213624, 0.0599786192179],
        "min": [0, 0, 0, 0, 0, 0, 0, 0, 0, 0, 0, 0],
        "var": [0.0555419288576, 0.0687560290098, 0.0636105760932, 0.176306068897, 0.0990745350718, 0.0505148544908, 0.111874081194, 0.0503251366317, 0.128882676363, 0.0469858497381, 0.0806124582887, 0.102790720761]
    }
},
"lowlevel": {
    "melbands": {
        "dmean": [2.84485231532e-05, 0.000126550483401, 0.000140970849316, 0.000269249896519, 0.000319670711178, 0.000350168527802, 0.000269927084446, 0.000359257537639, 0.000258588872384, 0.000159609189723, 0.000119707066915, 0.000102469253761, 9.53133858275e-05, 8.06054740679e-05, 0.000146454345668, 0.00013214640785, 7.36458096071e-05, 3.78048789571e-05, 3.92391339119e-05, 4.43425524281e-05, 1.48583576447e-05, 2.24680752581e-05, 1.04369864857e-05, 6.89681246513e-06, 8.95698303793e-06, 3.04083255287e-06, 1.8350776827e-06, 2.22909898184e-06, 1.8024493329e-06, 1.66658071521e-06, 8.00155476099e-07, 3.84149842603e-07, 2.57700406792e-07, 9.72449996084e-08, 4.08123135287e-08, 3.31819336452e-08, 7.19045045727e-09, 7.12251757573e-10, 9.52993309267e-11, 2.37403274123e-11],
        "dmean2": [4.37386188423e-05, 0.000205151169212, 0.000247320742346, 0.000490221427754, 0.000584125751629, 0.000595557794441, 0.000419111689553, 0.000501412898302, 0.000353209470632, 0.000214769665035, 0.000186668330571, 0.00015955514391, 0.000146184422192, 0.000127421037178, 0.000225100200623, 0.000213404680835, 0.000111704597657, 5.36042061867e-05, 5.86312053201e-05, 6.65344123263e-05, 2.28893659369e-05, 3.5749617382e-05, 1.68325514096e-05, 1.04521586763e-05, 1.32811446747e-05, 4.60930368718e-06, 2.87699026558e-06, 3.42857606483e-06, 2.75174056696e-06, 2.37497056332e-06, 1.15447357985e-06, 5.6277258409e-07, 3.70701201291e-07, 1.42134652492e-07, 5.96191824798e-08, 4.83697064624e-08, 1.04906066056e-08, 1.10161413325e-09, 1.48394796451e-10, 4.30070319635e-11],
        "dvar": [1.38908184955e-09, 2.68342343901e-08, 5.83439785373e-08, 1.82773376878e-07, 2.27994846114e-07, 2.77958719153e-07, 1.47492073665e-07, 5.34138678177e-07, 2.1635695191e-07, 8.00277675239e-08, 8.54096313674e-08, 7.21417308114e-08, 5.58564750008e-08, 3.36764536257e-08, 9.08106869701e-08, 1.27785881432e-07, 3.95589161428e-08, 8.07595856855e-09, 1.21896368555e-08, 1.24711512228e-08, 7.18029247171e-10, 4.37951985788e-09, 5.60500423852e-10, 1.96675550845e-10, 4.78424744266e-10, 6.24154755657e-11, 1.97590936668e-11, 5.16522866145e-11, 2.04711924495e-11, 1.57372708615e-11, 4.22567319677e-12, 1.19955434474e-12, 6.76112811571e-13, 1.02745625051e-13, 1.34448463986e-14, 9.3689831487e-15, 2.8672014972e-16, 4.47579943468e-18, 7.32567435595e-20, 2.33623694058e-21],
        "dvar2": [2.87837798041e-09, 6.97979132269e-08, 1.71746137312e-07, 5.51165612706e-07, 7.20875902971e-07, 7.94705101725e-07, 3.62601440429e-07, 1.14611486879e-06, 4.55400595456e-07, 1.54195063828e-07, 2.28073190556e-07, 1.97274687253e-07, 1.45750746583e-07, 9.35535808821e-08, 2.13271292182e-07, 3.28482570922e-07, 1.01746273629e-07, 1.58673412187e-08, 2.75387073145e-08, 2.77455356468e-08, 1.64672253611e-09, 1.17662573018e-08, 1.55013835101e-09, 4.48389880781e-10, 1.02737274243e-09, 1.4017173533e-10, 4.60607836594e-11, 1.21135892983e-10, 4.71336615571e-11, 3.36709445048e-11, 9.04588036421e-12, 2.4739513823e-12, 1.44996569005e-12, 2.0089954548e-13, 2.73984868539e-14, 2.11255251709e-14, 6.38155363615e-16, 9.97064402499e-18, 1.59123248097e-19, 6.95401774465e-21],
        "max": [0.000497680099215, 0.00242622289807, 0.00595943257213, 0.0096576390788, 0.00640186108649, 0.0082817915827, 0.00634769583121, 0.0179863646626, 0.00842300616205, 0.00557068595663, 0.0065950746648, 0.00566358584911, 0.00501744542271, 0.00368937384337, 0.00525342579931, 0.00565749546513, 0.00455440767109, 0.0023650447838, 0.00192309520207, 0.00249055703171, 0.000553768710233, 0.00152951618657, 0.000482725183247, 0.000297456717817, 0.000409073312767, 0.000190631399164, 8.99406950339e-05, 0.000147304715938, 7.74302607169e-05, 7.43019554648e-05, 4.78234833281e-05, 2.84375328192e-05, 2.16480875679e-05, 7.11286156729e-06, 2.24746077038e-06, 2.23514348363e-06, 2.5693040584e-07, 3.98185342476e-08, 5.88666582146e-09, 7.70635166791e-10],
        "mean": [4.02494551963e-05, 0.000179685244802, 0.000179156049853, 0.000331124872901, 0.000423352583311, 0.00057436444331, 0.000619380327407, 0.00125393969938, 0.000791121274233, 0.000442226708401, 0.000301907304674, 0.000249315955443, 0.000194475986063, 0.000148521736264, 0.000300194165902, 0.00024341030803, 0.000179571376066, 9.35811985983e-05, 7.37585505703e-05, 9.90200423985e-05, 3.13076743623e-05, 4.06745639339e-05, 2.20510792133e-05, 1.69929735421e-05, 2.42321439146e-05, 7.99727695266e-06, 4.06868457503e-06, 4.46466037829e-06, 4.65021912532e-06, 4.97299242852e-06, 2.3059801606e-06, 1.09965924366e-06, 7.05933473455e-07, 2.80097310679e-07, 1.16969886221e-07, 9.50022496227e-08, 2.03047267888e-08, 1.71191349985e-09, 1.96687360843e-10, 2.68796252617e-11],