{
"metadata": {
    "version": {
        "essentia": "2.0.1",
        "extractor": "archive-music 1.0 mod ismir14"
    },
    "audio_properties": {
        "analysis_sample_rate": 44100,
        "bitrate": 1444,
        "channels": 2,
        "equal_loudness": 0,
        "length": 30,
        "replay_gain": -8.87187004089,
        "downmix": "mix"
    },
    "tags": {
        "track": 0,
        "year": 0,
        "album": "",
        "artist": "",
        "comment": "",
        "genre": "",
        "title": ""
    }
},
"rhythm": {
    "bpm": 130.42539978,
    "bpm_histogram_first_peak": 129,
    "bpm_histogram_first_peak_spread": 0.438596487045,
    "bpm_histogram_first_peak_weight": 0.507936537266,
    "bpm_histogram_second_peak": 123,
    "bpm_histogram_second_peak_spread": 0,
    "bpm_histogram_second_peak_weight": 0.047619048506
},
"tonal": {
    "tuning_frequency": {
        "dmean": 0.144221678376,
        "dmean2": 0.277041405439,
        "dvar": 1.21372938156,
        "dvar2": 3.03159475327,
        "max": 455.779724121,
        "mean": 437.019378662,
        "median": 438.224517822,
        "min": 433.942382812,
        "var": 5.38762331009
    },
    "hpcp": {
        "dmean": [0.0910199433565, 0.139985173941, 0.110878333449, 0.157642513514, 0.100567631423, 0.08897100389, 0.121753171086, 0.0375168137252, 0.116735100746, 0.0962904468179, 0.121128320694, 0.0936549678445],
        "dmean2": [0.170086428523, 0.241094976664, 0.207904696465, 0.288367718458, 0.180341929197, 0.158383443952, 0.215632587671, 0.0663867592812, 0.198195949197, 0.176965132356, 0.222445771098, 0.165333241224],
        "dvar": [0.0494537986815, 0.0642887428403, 0.0689971745014, 0.0832612663507, 0.0449372977018, 0.0463064908981, 0.060115005821, 0.0199714452028, 0.0538416393101, 0.0575535260141, 0.0644285157323, 0.0425490140915],
        "dvar2": [0.127976864576, 0.137135222554, 0.185689494014, 0.185624286532, 0.107735425234, 0.11934299022, 0.131421282887, 0.049796897918, 0.11639072746, 0.134897023439, 0.156725227833, 0.0915552452207],
        "max": [1, 1, 1, 1, 1, 1, 1, 1, 1, 1, 1, 1],
        "mean": [0.067220300436, 0.241102918983, 0.0733884349465, 0.260333091021, 0.117355830967, 0.090201638639, 0.214385822415, 0.0584723167121, 0.162765622139, 0.0864074751735, 0.113702021539, 0.139002978802],
        "median": [0.00197679689154, 0.0369145572186, 0.00104783615097, 0.0211195461452, 0.00672518042848, 0.00378228304908, 0.0271074753255, 0.00097508484032, 0.0122612267733, 0.00130906119011, 0.00672239577398, 0.00740136764944],
        "min": [3.7207778405e-06, 3.6127137264e-06, 1.20073389098e-06, 9.74493468675e-06, 2.42588157562e-06, 5.70071961192e-06, 9.17825764191e-06, 4.59617103843e-06, 9.04384705791e-07, 9.22635365441e-07, 1.402721864e-06, 8.66839968694e-07],
        "var": [0.0406375527382, 0.131480410695, 0.0492016598582, 0.156093746424, 0.0667806714773, 0.0566286742687, 0.125758200884, 0.0436064116657, 0.0949076488614, 0.0596109107137, 0.0663887038827, 0.0844740718603]
    }
},
"lowlevel": {
    "melbands": {
        "dmean": [0.000258113665041, 0.000722064403817, 0.000802445865702, 0.000433589273598, 0.000245904229814, 9.39476522035e-05, 5.82173961448e-05, 6.34012030787e-05, 2.48965079663e-05, 1.67232210515e-05, 1.49058232637e-05, 1.49427823999e-05, 3.57311409971e-06, 2.57463079834e-06, 3.79947846341e-06, 2.41086308961e-06, 1.9455403617e-06, 6.99785175584e-07, 7.18115188647e-07, 6.50494030197e-07, 3.95751982296e-07, 5.86927740187e-07, 7.08251548076e-07, 6.3557803287e-07, 2.47572330636e-07, 1.50656248366e-07, 1.97834552296e-07, 3.14222944553e-07, 2.59041286199e-07, 3.52497011136e-07, 6.31777140825e-07, 9.41223902373e-07, 1.23574579902e-06, 6.63950459057e-07, 3.06043773435e-07, 1.93197692511e-07, 1.59687104428e-07, 1.20049534758e-07, 1.70577635572e-07, 2.24092488565e-07],
        "dmean2": [0.000358867080649, 0.00103061564732, 0.00117801793385, 0.000660347926896, 0.000358697696356, 0.000141167241964, 8.64890171215e-05, 9.19507219805e-05, 3.53806462954e-05, 2.22109829338e-05, 2.14674582821e-05, 2.03425588552e-05, 5.19563400303e-06, 3.69490885532e-06, 4.93086190545e-06, 3.34872447638e-06, 2.80028393718e-06, 1.08590700165e-06, 1.04660739453e-06, 9.78870048129e-07, 6.35480375877e-07, 9.16946078178e-07, 1.08563926915e-06, 1.0633337979e-06, 3.9242593175e-07, 2.20672532691e-07, 2.86379304271e-07, 4.59473682213e-07, 3.83897315714e-07, 5.54147675302e-07, 9.43681015997e-07, 1.34024890031e-06, 2.06963545679e-06, 9.82635697255e-07, 4.30348052305e-07, 2.70734346941e-07, 2.1955088414e-07, 1.62516641922e-07, 2.24366544899e-07, 2.99192464581e-07],
        "dvar": [3.8777884015e-07, 1.32168861455e-06, 1.07614607714e-06, 5.27291604158e-07, 1.65197931778e-07, 4.13988523462e-08, 3.40064580939e-08, 2.90179329454e-08, 4.65770311209e-09, 3.4071909738e-09, 1.6849288631e-09, 9.69216173985e-09, 7.95734866887e-11, 4.24519031039e-11, 2.14694553802e-10, 7.49540846057e-11, 7.98659680057e-11, 4.4099580758e-12, 9.45873154107e-12, 9.2565573262e-12, 1.71837056303e-12, 2.2371384259e-12, 3.23763650438e-12, 4.25265725412e-12, 5.34293909029e-13, 1.52168005301e-13, 3.88394936872e-13, 1.55942012775e-12, 5.62206477119e-13, 2.16266718076e-12, 7.29356939427e-12, 1.70073208988e-11, 5.76794723095e-11, 1.28525905196e-11, 1.31992940883e-12, 3.23410704684e-13, 1.78019179801e-13, 1.25968273356e-13, 4.16278204398e-13, 7.62389392069e-13],
        "dvar2": [7.45858926621e-07, 2.50313041761e-06, 1.85953661003e-06, 1.09302766305e-06, 3.28443377384e-07, 8.7174818475e-08, 6.9707816408e-08, 5.4039475117e-08, 8.39153635468e-09, 5.91731863508e-09, 2.88562418405e-09, 1.74468866021e-08, 1.52889076399e-10, 8.8421638067e-11, 3.73685998811e-10, 1.59155771895e-10, 1.77197895246e-10, 9.76166543432e-12, 2.16644705647e-11, 1.5981105328e-11, 4.27193436875e-12, 5.58180368246e-12, 7.19716517286e-12, 1.07023036267e-11, 1.29986310344e-12, 2.99773227075e-13, 7.28795658805e-13, 3.20857273042e-12, 1.18195394878e-12, 5.05504275591e-12, 1.58758822061e-11, 3.24576129862e-11, 1.58592000643e-10, 2.09570381882e-11, 2.10931445921e-12, 5.77681945248e-13, 2.91581645981e-13, 1.87581341519e-13, 7.27148159393e-13, 1.17324032434e-12],
        "max": [0.00971895642579, 0.0113620851189, 0.0114313466474, 0.0141424871981, 0.0049853483215, 0.0021301319357, 0.00235473737121, 0.00202575651929, 0.00102469173726, 0.000961553538218, 0.000426004320616, 0.00227361288853, 0.000113576170406, 0.000126055107103, 0.000346724846167, 0.000152991196956, 0.000181750117918, 2.98276590911e-05, 4.73175678053e-05, 4.01554098062e-05, 1.62921733136e-05, 1.44173045555e-05, 1.74675224116e-05, 2.38935808738e-05, 1.04017035483e-05, 6.2702656578e-06, 1.07892556116e-05, 2.45313221967e-05, 8.86333782546e-06, 2.33321825363e-05, 3.89489214285e-05, 5.95715609961e-05, 0.000120147888083, 7.49212777009e-05, 2.06761778827e-05, 6.64710250931e-06, 5.16980344401e-06, 5.54079679205e-06, 1.0943082998e-05, 1.26585018734e-05],
        "mean": [0.000455701083411, 0.0015743986005, 0.00201185466722, 0.000757630332373, 0.000557593419217, 0.00016763372696, 6.82020327076e-05, 7.87328681326e-05, 3.21320330841e-05, 2.20980327867e-05, 2.07362754736e-05, 2.1602065317e-05, 4.69872156827e-06, 3.16255091093e-06, 5.05107072968e-06, 2.8544466204e-06, 2.02515798264e-06, 8.17261536668e-07, 7.94382174263e-07, 7.9065398495e-07, 4.22550044732e-07, 6.59199713482e-07, 7.74688089678e-07, 6.16686065769e-07, 2.58766988281e-07, 1.81867378046e-07, 2.42889910851e-07, 3.23202044683e-07, 2.7244584544e-07, 3.39558312135e-07, 6.13314682596e-07, 9.96582457446e-07, 1.08847734737e-06, 7.40218808915e-07, 3.47885162455e-07, 2.29862706647e-07, 1.85428291388e-07, 1.41249401509e-07, 1.81179473202e-07, 2.52888838759e-07],