{
"metadata": {
    "version": {
        "essentia": "2.0.1",
        "extractor": "archive-music 1.0 mod ismir14"
    },
    "audio_properties": {
        "analysis_sample_rate": 44100,
        "bitrate": 32,
        "channels": 2,
        "equal_loudness": 0,
        "length": 30.0408172607,
        "replay_gain": -10.0465621948,
        "downmix": "mix"
    },
    "tags": {
        "track": 0,
        "year": 0,
        "album": "",
        "artist": "",
        "comment": "",
        "genre": "",
        "title": ""
    }
},
"rhythm": {
    "bpm": 172.265594482,
    "bpm_histogram_first_peak": 172,
    "bpm_histogram_first_peak_spread": 0,
    "bpm_histogram_first_peak_weight": 0.529411792755,
    "bpm_histogram_second_peak": 178,
    "bpm_histogram_second_peak_spread": 0,
    "bpm_histogram_second_peak_weight": 0.282352954149
},
"tonal": {
    "tuning_frequency": {
        "dmean": 0.0291329659522,
        "dmean2": 0.0579688958824,
        "dvar": 0.0717371627688,
        "dvar2": 0.180841431022,
        "max": 437.971466064,
        "mean": 434.742919922,
        "median": 435.448913574,
        "min": 432.940917969,
        "var": 1.05136585236
    },
    "hpcp": {
        "dmean": [0.0825090631843, 0.145209953189, 0.157589301467, 0.155715435743, 0.0390557236969, 0.0749773159623, 0.0966282784939, 0.124255865812, 0.0586466304958, 0.0601283945143, 0.138951867819, 0.0715885683894],
        "dmean2": [0.149054914713, 0.266273111105, 0.293211519718, 0.277131825686, 0.0732552558184, 0.127029821277, 0.180794551969, 0.214898571372, 0.105697005987, 0.107977494597, 0.2282859236, 0.127173915505],
        "dvar": [0.0420815050602, 0.0673831030726, 0.0801703482866, 0.0822068154812, 0.0238678939641, 0.0372814796865, 0.0591133572161, 0.0664531961083, 0.0295152626932, 0.0250571276993, 0.0553213655949, 0.0367541499436],
        "dvar2": [0.0994920879602, 0.169305101037, 0.213856175542, 0.162455946207, 0.0651751160622, 0.0836883038282, 0.139960765839, 0.140462979674, 0.0698976814747, 0.0583044886589, 0.107376344502, 0.0968803912401],
        "max": [1, 1, 1, 1, 1, 1, 1, 1, 1, 1, 1, 1],
        "mean": [0.0798587873578, 0.183436825871, 0.140754818916, 0.317669540644, 0.0282380282879, 0.106659017503, 0.13113720715, 0.188097909093, 0.0560150556266, 0.0618466921151, 0.332959681749, 0.0573545284569],
        "median": [0.00974139943719, 0.0316234156489, 0.0292351990938, 0.0599210932851, 0.00111927744001, 0.0110910963267, 0.00138367398176, 0.0107291536406, 0.00260967900977, 0.00383229972795, 0.11014188081, 0.00338194193318],
        "min": [1.05734325189e-05, 2.17053329834e-05, 4.21448794441e-06, 2.0091888473e-06, 1.86073259556e-06, 3.11031681122e-06, 2.90394609692e-06, 7.21633978173e-06, 1.05201615952e-05, 2.51405731433e-06, 1.41274858834e-06, 1.54766112246e-05],
        "var": [0.0434419102967, 0.0999451652169, 0.0668337270617, 0.171310096979, 0.0173625778407, 0.0664935484529, 0.0935605987906, 0.116886541247, 0.0362336263061, 0.033167168498, 0.158363714814, 0.0298256017268]
    }
},
"lowlevel": {
    "melbands": {
        "dmean": [2.15350814869e-06, 4.43658937002e-05, 5.89670598856e-05, 0.00048536574468, 0.000508967321366, 0.00027583327028, 0.000111511530122, 9.4782684755e-05, 5.51423327124e-05, 3.96228169848e-05, 3.42003622791e-05, 1.84676118806e-05, 3.2367908716e-05, 1.25067535919e-05, 1.37014194479e-05, 8.85465397005e-06, 1.7888887669e-05, 8.6471418399e-06, 1.0289048987e-05, 2.91038213618e-06, 4.07997322327e-06, 3.80612254958e-06, 2.84636007564e-06, 3.17061972055e-06, 7.00509963281e-06, 7.00926466379e-06, 2.2898655061e-06, 1.1865547549e-06, 3.97052076551e-07, 2.50702044013e-07, 1.09269407744e-07, 1.85597777147e-08, 2.98852897984e-09, 7.55238593886e-10, 2.59961357996e-10, 1.14555503972e-10, 6.03730537785e-11, 2.0998185829e-11, 6.3767663025e-12, 4.4929719667e-12],
        "dmean2": [3.7293391415e-06, 6.81033852743e-05, 8.60347645357e-05, 0.00073964369949, 0.00076381926192, 0.000419542921009, 0.000171789099113, 0.000144655699842, 8.49330535857e-05, 6.35427277302e-05, 4.79440386698e-05, 2.75651636912e-05, 4.88717996632e-05, 1.79315702553e-05, 2.33686805586e-05, 1.32876712087e-05, 2.55960567301e-05, 1.37011074912e-05, 1.56149108079e-05, 4.40152507508e-06, 6.5512990659e-06, 6.24493304713e-06, 4.82236100652e-06, 5.0600870054e-06, 1.11666504381e-05, 1.06095621959e-05, 3.74165870198e-06, 1.92255060938e-06, 6.43946634682e-07, 4.26259617825e-07, 1.78394614636e-07, 2.9751991093e-08, 4.76945372085e-09, 1.18471132904e-09, 4.10562889241e-10, 1.74644951279e-10, 9.30835755697e-11, 3.17133888594e-11, 9.23193032437e-12, 6.41863385359e-12],
        "dvar": [1.17507392705e-11, 9.38699429298e-09, 1.31017845462e-08, 1.46332786244e-06, 7.63587593156e-07, 1.46968758941e-07, 3.67977435189e-08, 4.64421852087e-08, 3.22933004782e-08, 1.44966803006e-08, 1.25630190695e-08, 4.53342785534e-09, 1.30710740009e-08, 1.73972791728e-09, 3.92980714636e-09, 4.20573881277e-10, 2.71652078609e-09, 2.52432935666e-10, 5.08951603084e-10, 2.9136908164e-11, 6.09215386471e-11, 6.2562351133e-11, 6.13432707408e-11, 5.37798555689e-11, 3.53787610319e-10, 3.05037495263e-10, 2.79973665779e-11, 9.77062528107e-12, 1.57235563545e-12, 1.35440378531e-12, 3.97282846811e-13, 6.37333296964e-15, 5.15471905628e-16, 1.26412057316e-17, 7.112428745e-19, 1.19542358518e-19, 2.47390673442e-20, 2.58963087732e-21, 1.6037828465e-21, 1.1633209843e-21],
        "dvar2": [3.217071054e-11, 1.49196228705e-08, 2.54705199154e-08, 2.42921464633e-06, 1.56798944317e-06, 3.33702331545e-07, 8.36052862496e-08, 1.02577850214e-07, 6.44526920723e-08, 3.54259661606e-08, 2.6994511515e-08, 8.10882827551e-09, 2.6812514875e-08, 3.26808757833e-09, 1.07739221988e-08, 9.15536035873e-10, 3.98928179379e-09, 5.58454449351e-10, 9.86699499883e-10, 6.90463936026e-11, 1.49695048024e-10, 1.45742029556e-10, 1.70126246424e-10, 1.23148352627e-10, 7.15726033995e-10, 5.31090893485e-10, 7.22690310373e-11, 2.31071307921e-11, 3.20960293933e-12, 2.76215920796e-12, 8.30494852576e-13, 1.48003015551e-14, 1.2355140206e-15, 3.13628540187e-17, 1.75555250419e-18, 2.58353010526e-19, 4.86609707161e-20, 4.07453740886e-21, 2.47996684215e-21, 1.93447636719e-21],
        "max": [3.60771700798e-05, 0.00254443427548, 0.00149140460417, 0.0295356567949, 0.00965464208275, 0.00307935616001, 0.00189747777767, 0.00255062314682, 0.00256568938494, 0.00122820364777, 0.00146747066174, 0.000825099821668, 0.00169132591691, 0.000619261467364, 0.000799651257694, 0.000376527808839, 0.00135233986657, 0.000187674013432, 0.000397034571506, 8.73655590112e-05, 7.4162191595e-05, 8.30748685985e-05, 8.46449765959e-05, 0.000105667430034, 0.00025484370417, 0.000321661238559, 5.21379988641e-05, 3.39314137818e-05, 1.88730482478e-05, 1.82190724445e-05, 1.25734022731e-05, 1.52826464728e-06, 4.79856339552e-07, 5.43229496941e-08, 1.37948505952e-08, 6.09642825111e-09, 2.54011678358e-09, 1.25913512949e-09, 1.01240260619e-09, 8.12765243996e-10],
        "mean": [2.47521097663e-06, 7.53385393182e-05, 0.000111009489046, 0.000906674598809, 0.000872361997608, 0.000404774182243, 0.000154685345478, 0.000152416425408, 6.85360355419e-05, 4.20391988882e-05, 4.16763650719e-05, 2.23262577492e-05, 3.80402052542e-05, 1.43222205224e-05, 1.29237159854e-05, 9.80148615781e-06, 2.10088401218e-05, 1.00607894638e-05, 1.35248938022e-05, 3.87984073313e-06, 4.62438174509e-06, 4.05715354646e-06, 2.67786572294e-06, 3.61919433089e-06, 7.71105169406e-06, 8.1833677541e-06, 2.26869406106e-06, 1.11581698548e-06, 3.95786258878e-07, 2.35976571616e-07, 9.78459908652e-08, 1.64143010295e-08, 2.57418397709e-09, 7.55053852775e-10, 3.25111770838e-10, 1.47793541294e-10, 7.14340323005e-11, 2.48908602063e-11, 7.17487267515e-12, 4.93266148413e-12],