{
"metadata": {
    "version": {
        "essentia": "2.0.1",
        "extractor": "archive-music 1.0 mod ismir14"
    },
    "audio_properties": {
        "analysis_sample_rate": 44100,
        "bitrate": 32,
        "channels": 2,
        "equal_loudness": 0,
        "length": 30.0408172607,
        "replay_gain": -14.8179531097,
        "downmix": "mix"
    },
    "tags": {
        "track": 0,
        "year": 0,
        "album": "",
        "artist": "",
        "comment": "",
        "genre": "",
        "title": ""
    }
},
"rhythm": {
    "bpm": 109.314041138,
    "bpm_histogram_first_peak": 110,
    "bpm_histogram_first_peak_spread": 0.396226406097,
    "bpm_histogram_first_peak_weight": 0.603773593903,
    "bpm_histogram_second_peak": 0,
    "bpm_histogram_second_peak_spread": 0,
    "bpm_histogram_second_peak_weight": 0
},
"tonal": {
    "tuning_frequency": {
        "dmean": 0.0738843753934,
        "dmean2": 0.130957067013,
        "dvar": 0.381208598614,
        "dvar2": 0.849872231483,
        "max": 448.726654053,
        "mean": 442.260620117,
        "median": 443.060424805,
        "min": 437.718536377,
        "var": 1.3902361393
    },
    "hpcp": {
        "dmean": [0.0993908122182, 0.0767466053367, 0.0616385377944, 0.128489524126, 0.0650378093123, 0.110834620893, 0.0521487258375, 0.0800794288516, 0.107358142734, 0.0520645454526, 0.112721003592, 0.0826851800084],
        "dmean2": [0.173878848553, 0.14403103292, 0.113421097398, 0.222729921341, 0.120125681162, 0.194898724556, 0.0992547646165, 0.143154799938, 0.182206571102, 0.0969107747078, 0.194511160254, 0.154263928533],
        "dvar": [0.0461942069232, 0.0441237278283, 0.0300294272602, 0.0564335361123, 0.0296563412994, 0.0468376278877, 0.0245962943882, 0.030103623867, 0.038795940578, 0.0218925587833, 0.0469406396151, 0.0489743091166],
        "dvar2": [0.107973314822, 0.115351803601, 0.0826183855534, 0.130555525422, 0.0795263722539, 0.119886592031, 0.071294747293, 0.0783470869064, 0.0952134355903, 0.0609709136188, 0.119666270912, 0.140064746141],
        "max": [1, 1, 1, 1, 1, 1, 1, 1, 1, 1, 1, 1],
        "mean": [0.160147979856, 0.215506747365, 0.0425096563995, 0.419531583786, 0.0453085750341, 0.217231869698, 0.0323779322207, 0.0935744121671, 0.207698985934, 0.032383557409, 0.207519695163, 0.0530772134662],
        "median": [0.0225385744125, 0.00516533944756, 0.00361391855404, 0.183839648962, 0.00250581838191, 0.0348033793271, 0.00263364915736, 0.010022544302, 0.0715366005898, 0.00249488651752, 0.0570399612188, 0.00244199438021],
        "min": [6.05029867984e-07, 4.34646790382e-06, 3.10958603222e-06, 1.26486784211e-05, 2.72748457064e-06, 1.18760704026e-06, 4.13695289581e-07, 4.90725178679e-05, 1.17975844205e-06, 1.51478650423e-06, 8.13586211734e-06, 9.64041873885e-07],
        "var": [0.0892992839217, 0.150500893593, 0.0198527928442, 0.190301701427, 0.0224653314799, 0.119263440371, 0.0140903079882, 0.045237954706, 0.0977496132255, 0.0131224896759, 0.10112849623, 0.0312655568123]
    }
},
"lowlevel": {
    "melbands": {
        "dmean": [0.000532502424903, 0.000883241591509, 0.000622995663434, 0.000380067533115, 0.000169474747963, 0.000151894855662, 8.55605248944e-05, 0.000121778102766, 0.000176327725057, 0.000112271874968, 2.71129247267e-05, 3.29787399096e-05, 1.8999005988e-05, 2.02833489311e-05, 2.20905367314e-05, 1.93349715119e-05, 2.06503264053e-05, 1.87362493307e-05, 1.05152885226e-05, 1.68228561961e-05, 7.21850619811e-06, 5.07537970407e-06, 5.66401513424e-06, 3.35212257596e-06, 1.95234702005e-06, 1.44942600855e-06, 9.31266868065e-07, 6.97505242897e-07, 6.91750756232e-07, 5.06992819282e-07, 4.45249781933e-07, 4.57033905832e-07, 4.27202678566e-07, 3.18028781976e-07, 2.73803749451e-07, 2.32430750202e-07, 1.87858788081e-07, 1.27182431697e-07, 1.03004616392e-07, 8.25667996196e-08],
        "dmean2": [0.000908579444513, 0.00144607201219, 0.000981038087048, 0.000628991692793, 0.000276900798781, 0.000225712588872, 0.000134637928568, 0.000184521122719, 0.000282066874206, 0.000174980130396, 4.03854501201e-05, 5.02062503074e-05, 2.83124918496e-05, 3.17157428071e-05, 3.56623786502e-05, 2.97703627439e-05, 3.37486417266e-05, 2.95356203424e-05, 1.71713818418e-05, 2.69841639238e-05, 1.13332444016e-05, 8.33371996123e-06, 9.30787246034e-06, 5.4952379287e-06, 3.08277276417e-06, 2.28125622925e-06, 1.43057991409e-06, 1.07409596239e-06, 1.02254296053e-06, 7.37811944873e-07, 6.46573425911e-07, 6.58403791931e-07, 6.29233625205e-07, 4.58147496829e-07, 4.20996315142e-07, 3.4841048091e-07, 2.73864174005e-07, 1.96555618004e-07, 1.58579737786e-07, 1.32324828428e-07],
        "dvar": [2.09897757486e-06, 1.39979488267e-06, 6.37078585441e-07, 5.21699121236e-07, 4.62383269451e-08, 6.51642722005e-08, 1.83243127339e-08, 6.03935461641e-08, 1.35767820097e-07, 8.34087359181e-08, 5.00332664188e-09, 8.86090045782e-09, 2.5196631448e-09, 2.62818922181e-09, 4.51951231994e-09, 1.97610616759e-09, 2.10004813539e-09, 2.05874584047e-09, 6.62374599614e-10, 3.90760623858e-09, 2.81384443523e-10, 7.80796052813e-11, 1.76994793821e-10, 4.36398001069e-11, 9.45776530009e-12, 5.9558525646e-12, 2.75111834355e-12, 1.90059014533e-12, 1.38881983171e-12, 9.21676905803e-13, 8.99403706893e-13, 1.02265038885e-12, 8.84069076626e-13, 6.12558452313e-13, 7.52403564799e-13, 9.05092407272e-13, 8.76345003509e-13, 3.50423141025e-13, 1.55978013708e-13, 1.5685993086e-13],
        "dvar2": [5.76414231546e-06, 3.50376058122e-06, 1.52589507252e-06, 1.43769659644e-06, 1.23277118291e-07, 1.29413479044e-07, 4.12954896944e-08, 1.29457433218e-07, 3.1517109278e-07, 1.95338984099e-07, 8.95038176907e-09, 1.75445009631e-08, 5.49852341436e-09, 6.22551254992e-09, 1.15966045655e-08, 4.25828039496e-09, 5.76131986563e-09, 4.85714357623e-09, 1.6358863153e-09, 1.07656470405e-08, 7.29246329989e-10, 1.94804061771e-10, 4.83803164197e-10, 1.14413395425e-10, 2.25296396122e-11, 1.42988199406e-11, 6.42807595347e-12, 4.42431247888e-12, 2.81486704605e-12, 2.02294821519e-12, 2.01194573154e-12, 2.2972383544e-12, 1.90363805448e-12, 1.19930064144e-12, 1.50081086881e-12, 2.0194694441e-12, 2.01621185025e-12, 6.51689477122e-13, 2.97032960294e-13, 3.0153497429e-13],
        "max": [0.0128965703771, 0.0097426623106, 0.00842340104282, 0.00548906577751, 0.00173882150557, 0.00252624531277, 0.00120279088151, 0.00285457563587, 0.00491733429953, 0.00386533583514, 0.00149945577141, 0.00193418585695, 0.00104101619218, 0.000533247075509, 0.000823894806672, 0.000487524433993, 0.000540005741641, 0.000641659134999, 0.000243404167122, 0.00120000483003, 0.000262748100795, 7.85336524132e-05, 0.000228948745644, 8.78715873114e-05, 3.20907456626e-05, 2.70290875051e-05, 1.40554038808e-05, 1.20240692922e-05, 1.18218140415e-05, 7.50322124077e-06, 1.0119793842e-05, 1.0886252312e-05, 1.12080997496e-05, 1.18834759633e-05, 1.59236387844e-05, 1.93992509594e-05, 1.95451666514e-05, 1.14642998597e-05, 7.57378393246e-06, 7.63863317843e-06],
        "mean": [0.000645048217848, 0.00265623675659, 0.00192648230586, 0.000712682784069, 0.000307570211589, 0.000272332777968, 0.000140650896356, 0.000176067274879, 0.000238899490796, 0.000175830689841, 3.78958102374e-05, 3.94207927457e-05, 2.57806623267e-05, 2.54426067841e-05, 2.48993437708e-05, 2.76351183857e-05, 2.52591216849e-05, 2.43218219111e-05, 1.34127121783e-05, 2.61910900008e-05, 1.13812293421e-05, 7.86724467616e-06, 1.05713334051e-05, 6.21338767814e-06, 3.09117399411e-06, 1.96005998987e-06, 1.1534539226e-06, 8.14994848497e-07, 8.65698552843e-07, 6.16277645804e-07, 5.21809340626e-07, 5.19738705407e-07, 4.7996337571e-07, 3.62178042224e-07, 3.06212484702e-07, 2.41872669449e-07, 1.93378554059e-07, 1.35541128543e-07, 1.06786480103e-07, 8.95920280186e-08],