{
"metadata": {
    "version": {
        "essentia": "2.0.1",
        "extractor": "archive-music 1.0 mod ismir14"
    },
    "audio_properties": {
        "analysis_sample_rate": 44100,
        "bitrate": 32,
        "channels": 2,
        "equal_loudness": 0,
        "length": 30.0408172607,
        "replay_gain": -8.37746620178,
        "downmix": "mix"
    },
    "tags": {
        "track": 7,
        "year": 0,
        "album": "The Cool Jazz Collection",
        "artist": "Astrud Gilberto",
        "comment": "",
        "genre": "Jazz",
        "title": "Girl From Ipanema"
    }
},
"rhythm": {
    "bpm": 130.358261108,
    "bpm_histogram_first_peak": 129,
    "bpm_histogram_first_peak_spread": 0.55172419548,
    "bpm_histogram_first_peak_weight": 0.412698417902,
    "bpm_histogram_second_peak": 123,
    "bpm_histogram_second_peak_spread": 0,
    "bpm_histogram_second_peak_weight": 0.047619048506
},
"tonal": {
    "tuning_frequency": {
        "dmean": 0.141676411033,
        "dmean2": 0.25115031004,
        "dvar": 1.7646548748,
        "dvar2": 3.43302226067,
        "max": 456.570251465,
        "mean": 438.240203857,
        "median": 437.971466064,
        "min": 433.441375732,
        "var": 16.0461959839
    },
    "hpcp": {
        "dmean": [0.0822943076491, 0.139275327325, 0.079986050725, 0.142737597227, 0.105412252247, 0.0676389485598, 0.133287057281, 0.0481789335608, 0.127898871899, 0.0929863080382, 0.119826823473, 0.104940585792],
        "dmean2": [0.155112802982, 0.238346397877, 0.151143118739, 0.258197456598, 0.187094196677, 0.122657902539, 0.228983268142, 0.0916309133172, 0.229936137795, 0.171416327357, 0.219861134887, 0.190842345357],
        "dvar": [0.0389258638024, 0.0669543966651, 0.0498306229711, 0.0732304081321, 0.051888089627, 0.0353061743081, 0.0633467361331, 0.0259777382016, 0.0653807222843, 0.0571556501091, 0.0638588070869, 0.0495376586914],
        "dvar2": [0.112502321601, 0.141528204083, 0.140027657151, 0.158024132252, 0.123811587691, 0.0929318219423, 0.138452470303, 0.0722955390811, 0.148997604847, 0.14090116322, 0.158360347152, 0.122777268291],
        "max": [1, 1, 1, 1, 1, 1, 1, 1, 1, 1, 1, 1],
        "mean": [0.0525035522878, 0.257258653641, 0.0512770786881, 0.273232161999, 0.125885933638, 0.0737356022, 0.237129345536, 0.0616417825222, 0.170903623104, 0.0786425322294, 0.112179733813, 0.137236505747],
        "median": [0.00176041107625, 0.0416016951203, 0.000969734159298, 0.0188064165413, 0.00647639390081, 0.00296215293929, 0.034492097795, 0.00126872514375, 0.0131030660123, 0.00132217549253, 0.00755128916353, 0.00683481665328],
        "min": [1.88587921457e-06, 3.37883875545e-06, 1.90912601283e-06, 6.86225257596e-06, 1.08010226541e-06, 3.55250426765e-06, 4.28956218457e-06, 3.16918681165e-06, 9.1386806389e-07, 1.53182770646e-06, 6.93656329531e-06, 4.43114913651e-06],
        "var": [0.0260285530239, 0.142632097006, 0.0329625308514, 0.163960859179, 0.0750220939517, 0.0481109544635, 0.135384052992, 0.0441127307713, 0.102555014193, 0.0550745427608, 0.0645739808679, 0.0807370096445]
    }
},
"lowlevel": {
    "melbands": {
        "dmean": [0.000258005864453, 0.000730411149561, 0.000859216088429, 0.000453913788078, 0.000257025763858, 9.61220430327e-05, 5.76710990572e-05, 7.06636128598e-05, 2.51190776908e-05, 1.66934296431e-05, 1.64029715961e-05, 1.58027651196e-05, 3.4847923871e-06, 2.39819246417e-06, 3.64462357538e-06, 2.34891103901e-06, 1.96640780814e-06, 8.02976842351e-07, 8.58607279497e-07, 7.84851295066e-07, 4.44708149416e-07, 6.00593409672e-07, 7.21736057585e-07, 6.11824930274e-07, 2.52607719631e-07, 1.54413044129e-07, 2.28601095387e-07, 3.24750203617e-07, 2.9857227446e-07, 3.41534359904e-07, 5.99580005201e-07, 1.05851813714e-06, 1.0244096984e-06, 7.70795850258e-07, 3.30847257146e-07, 2.0063285433e-07, 1.63131161912e-07, 1.3193429993e-07, 1.76276628849e-07, 2.52124237932e-07],
        "dmean2": [0.000360495148925, 0.00105805578642, 0.00130238756537, 0.000652948103379, 0.000379818404326, 0.000144234843901, 8.85723566171e-05, 0.000112175315735, 3.56865384674e-05, 2.42457754212e-05, 2.3235241315e-05, 1.89688762475e-05, 4.97262954013e-06, 3.47538775713e-06, 4.73757745567e-06, 3.35867571266e-06, 2.9099664971e-06, 1.19427352274e-06, 1.39634551033e-06, 1.13300291105e-06, 7.16578028914e-07, 9.17997624583e-07, 1.10228359063e-06, 9.70546125245e-07, 3.85160035421e-07, 2.21343398721e-07, 3.35303212751e-07, 5.10835320711e-07, 4.7269347192e-07, 5.53815027615e-07, 9.1726883511e-07, 1.63252070706e-06, 1.57869772011e-06, 1.31646140744e-06, 4.68629110628e-07, 2.86426796947e-07, 2.47438265433e-07, 1.92775146957e-07, 2.55494938983e-07, 3.57237382786e-07],
        "dvar": [3.78872414331e-07, 1.22390656543e-06, 1.30806472498e-06, 5.95441861151e-07, 2.14741845639e-07, 3.6564383521e-08, 3.53900730943e-08, 4.79720654312e-08, 4.31755653452e-09, 3.99708977028e-09, 2.15079154486e-09, 8.08277267339e-09, 7.15184855782e-11, 2.91014833759e-11, 1.72553707434e-10, 7.66686089615e-11, 9.52664960807e-11, 5.83045070557e-12, 1.88366440501e-11, 1.23389302248e-11, 2.39813572646e-12, 1.77617285029e-12, 3.68333185133e-12, 3.55559266925e-12, 6.17021462136e-13, 1.36930112973e-13, 4.92192007637e-13, 1.59574708048e-12, 8.75419257484e-13, 1.8997351435e-12, 7.4760293442e-12, 2.62696323028e-11, 2.03383161007e-11, 3.21268810166e-11, 1.458407505e-12, 3.20553398278e-13, 2.1649610544e-13, 1.69410533236e-13, 4.53752947759e-13, 9.73761652909e-13],
        "dvar2": [7.23086657217e-07, 2.2741205612e-06, 2.52941026702e-06, 1.15395880584e-06, 4.67876589028e-07, 7.78117339451e-08, 7.39377341574e-08, 1.09774916268e-07, 7.19632531343e-09, 7.31937399578e-09, 4.43490000279e-09, 1.12673976815e-08, 1.29435628882e-10, 5.96779362039e-11, 2.32430477642e-10, 1.4114912017e-10, 2.06629283128e-10, 1.42054978891e-11, 5.06816810741e-11, 2.6840986031e-11, 6.35463600143e-12, 4.01465926475e-12, 8.05828147266e-12, 8.24159837598e-12, 1.45375269982e-12, 2.69782216315e-13, 9.41113398149e-13, 3.30659024467e-12, 2.11976920392e-12, 3.85428754884e-12, 1.71778320734e-11, 5.68267759238e-11, 4.6022876482e-11, 9.0181209722e-11, 2.64468264996e-12, 5.77427103528e-13, 3.83848958478e-13, 2.66304475216e-13, 8.69798482371e-13, 1.73270957044e-12],
        "max": [0.00914510153234, 0.0118360705674, 0.0120208673179, 0.0201282743365, 0.00531796133146, 0.00242135720327, 0.00218751421198, 0.00200439454056, 0.000971376779489, 0.000953518960159, 0.000519319437444, 0.00250641559251, 0.000112819434435, 8.2358106738e-05, 0.000324317719787, 0.000144033663673, 0.000180617629667, 3.78730292141e-05, 7.33486012905e-05, 5.39522370673e-05, 2.52607424045e-05, 1.32447403303e-05, 1.85406170203e-05, 2.26389074669e-05, 1.37075585371e-05, 5.9768653955e-06, 9.96826292976e-06, 2.04808293347e-05, 1.07904124889e-05, 1.69516824826e-05, 3.75871240976e-05, 6.68907523504e-05, 5.54068028578e-05, 0.000114569855214, 2.06382283068e-05, 6.32585170024e-06, 4.81284723719e-06, 5.99986924499e-06, 7.96906078904e-06, 1.36285980261e-05],
        "mean": [0.000463247357402, 0.00157117377967, 0.00201490079053, 0.000767729419749, 0.000572692544665, 0.000168167360243, 6.88809668645e-05, 8.20029745228e-05, 3.30859074893e-05, 2.23140123126e-05, 2.0948556994e-05, 2.20311721932e-05, 4.68664757136e-06, 3.11631788463e-06, 5.05926527694e-06, 2.96881762551e-06, 2.14013266486e-06, 8.38552125515e-07, 8.41667485929e-07, 8.20289301373e-07, 4.41390255901e-07, 6.80857908719e-07, 8.01144267371e-07, 6.26365419976e-07, 2.69589918389e-07, 1.83606459814e-07, 2.54562763757e-07, 3.30325264031e-07, 2.90419592375e-07, 3.49343025619e-07, 6.12783424003e-07, 1.05157641883e-06, 1.00602539987e-06, 7.4678416695e-07, 3.60453185522e-07, 2.30012460634e-07, 1.94750597871e-07, 1.54879913339e-07, 1.91932443272e-07, 2.71858993983e-07],