{
"metadata": {
    "version": {
        "essentia": "2.0.1",
        "extractor": "archive-music 1.0 mod ismir14"
    },
    "audio_properties": {
        "analysis_sample_rate": 44100,
        "bitrate": 32,
        "channels": 2,
        "equal_loudness": 0,
        "length": 30.0408172607,
        "replay_gain": -11.7791290283,
        "downmix": "mix"
    },
    "tags": {
        "track": 6,
        "year": 0,
        "album": "Swing Classics (Jazz & Tzaz 70)",
        "artist": "Benny Carter",
        "comment": "",
        "genre": "Jazz",
        "title": "Babalu"
    }
},
"rhythm": {
    "bpm": 92.4049606323,
    "bpm_histogram_first_peak": 92,
    "bpm_histogram_first_peak_spread": 0.613636374474,
    "bpm_histogram_first_peak_weight": 0.377777785063,
    "bpm_histogram_second_peak": 99,
    "bpm_histogram_second_peak_spread": 0,
    "bpm_histogram_second_peak_weight": 0.0222222227603
},
"tonal": {
    "tuning_frequency": {
        "dmean": 0.0766410529613,
        "dmean2": 0.125754252076,
        "dvar": 1.0259244442,
        "dvar2": 1.78129720688,
        "max": 456.04309082,
        "mean": 440.307525635,
        "median": 441.017791748,
        "min": 434.695007324,
        "var": 2.96316218376
    },
    "hpcp": {
        "dmean": [0.0885592550039, 0.132771670818, 0.0709405988455, 0.191724926233, 0.13152256608, 0.111206494272, 0.14585788548, 0.0638963356614, 0.197894155979, 0.102856747806, 0.191324681044, 0.199023097754],
        "dmean2": [0.159292519093, 0.225713044405, 0.128663510084, 0.333976000547, 0.221940785646, 0.191112160683, 0.239747539163, 0.110790193081, 0.336118340492, 0.18178139627, 0.33375954628, 0.336101233959],
        "dvar": [0.0305786132812, 0.0427850112319, 0.0299532115459, 0.0663778409362, 0.0487903691828, 0.0290819015354, 0.0442952141166, 0.019194740802, 0.0582441836596, 0.0400866791606, 0.0572293736041, 0.0625468939543],
        "dvar2": [0.0775709375739, 0.109426409006, 0.0759026706219, 0.146183803678, 0.109180957079, 0.0707202926278, 0.0922935456038, 0.0507537312806, 0.140676781535, 0.106174044311, 0.14457693696, 0.139850527048],
        "max": [1, 1, 1, 1, 1, 1, 1, 1, 1, 1, 1, 1],
        "mean": [0.0843725502491, 0.225583299994, 0.0645914375782, 0.432449579239, 0.221350759268, 0.122124776244, 0.308013826609, 0.0583802759647, 0.373953253031, 0.0820943489671, 0.251752883196, 0.342956721783],
        "median": [0.0159226134419, 0.0702462792397, 0.00876787304878, 0.277279496193, 0.0383552387357, 0.0453474409878, 0.132112383842, 0.0153634073213, 0.25076007843, 0.0187400244176, 0.133801311255, 0.21968498826],
        "min": [0.000234577688389, 9.31700706133e-05, 5.69881194679e-05, 0.000227001466556, 6.23447413091e-05, 0.000365677988157, 0.000574695528485, 3.83124424843e-05, 0.000385631981771, 0.000101890364022, 5.46528099221e-05, 0.000225194205996],
        "var": [0.0311620403081, 0.0856406763196, 0.0311756376177, 0.157183423638, 0.11350004375, 0.0389151126146, 0.129705905914, 0.0170043557882, 0.12195404619, 0.0304787196219, 0.0869414880872, 0.125238731503]
    }
},
"lowlevel": {
    "melbands": {
        "dmean": [8.651330063e-06, 3.97862604586e-05, 2.3652890377e-05, 5.22285590705e-05, 5.2061615861e-05, 8.09910779935e-05, 6.30246286164e-05, 0.000138975272421, 8.99314545677e-05, 6.68918801239e-05, 4.14987880504e-05, 3.48240500898e-05, 3.06581314362e-05, 2.45510073e-05, 5.01510112372e-05, 3.96724863094e-05, 2.43112590397e-05, 1.62878241099e-05, 1.41797299875e-05, 1.55357902258e-05, 5.01542399434e-06, 6.99896099832e-06, 2.98290183309e-06, 2.7433827654e-06, 3.74128399017e-06, 1.17105139452e-06, 6.58153680888e-07, 8.04720002634e-07, 7.62333684179e-07, 7.69440248405e-07, 3.67804943835e-07, 1.9363179149e-07, 1.26744595264e-07, 5.26104919629e-08, 2.25414780175e-08, 1.84543242909e-08, 5.0577435573e-09, 9.55503898226e-10, 3.8954997561e-10, 2.07864767066e-10],
        "dmean2": [1.39984458656e-05, 6.68116772431e-05, 3.59204022971e-05, 7.93092258391e-05, 7.64634023653e-05, 0.000123942314531, 9.91848137346e-05, 0.000216852058657, 0.000135234280606, 0.000101772551716, 6.39622739982e-05, 5.31444893568e-05, 4.63620272058e-05, 3.71824098693e-05, 7.82250135671e-05, 6.37518969597e-05, 3.6847719457e-05, 2.37368822127e-05, 2.07173852687e-05, 2.46733907261e-05, 7.71989471104e-06, 1.08076810648e-05, 4.49259187008e-06, 4.00175213144e-06, 5.76077809455e-06, 1.76078856384e-06, 9.63675688581e-07, 1.23268364405e-06, 1.12026964416e-06, 1.14448357635e-06, 5.36566574283e-07, 2.67678530008e-07, 1.83593016345e-07, 7.46720303368e-08, 3.22941140496e-08, 2.65461395088e-08, 7.61460672294e-09, 1.5343365467e-09, 6.09009953578e-10, 3.27565391478e-10],
        "dvar": [1.02804244284e-10, 2.28464158702e-09, 1.48658652055e-09, 7.04120406425e-09, 4.84107109955e-09, 1.87047461964e-08, 8.23741697076e-09, 9.16665214845e-08, 2.46993092645e-08, 1.21361622973e-08, 6.20304430043e-09, 5.06680608581e-09, 3.64988617108e-09, 1.87121984574e-09, 8.97956198287e-09, 1.01123323049e-08, 3.2892106816e-09, 1.30908406337e-09, 1.12832521104e-09, 1.18148280048e-09, 6.56559112633e-11, 3.22056020741e-10, 2.48226699612e-11, 2.46221897038e-11, 5.98224594861e-11, 6.74547570578e-12, 1.89719832726e-12, 4.46305275723e-12, 2.26477322139e-12, 2.01969495815e-12, 5.93490642915e-13, 1.97359042628e-13, 1.17969598933e-13, 2.06315779077e-14, 2.91080288873e-15, 1.75703961776e-15, 1.07104457444e-16, 6.28355675489e-18, 8.72350360865e-19, 2.02719711808e-19],
        "dvar2": [2.29767940785e-10, 5.37389377442e-09, 3.5980705082e-09, 1.67581291066e-08, 9.9385619734e-09, 4.0727574202e-08, 1.7775709793e-08, 1.84033538631e-07, 4.8824059462e-08, 2.43330440242e-08, 1.38820652751e-08, 1.1795085797e-08, 7.7641066909e-09, 3.63498608991e-09, 1.99017158309e-08, 2.59727048757e-08, 7.71496644347e-09, 2.61704768967e-09, 2.62120392058e-09, 2.51061815781e-09, 1.45117834416e-10, 7.59373230963e-10, 5.30285537703e-11, 5.07113309678e-11, 1.23750176773e-10, 1.26527928759e-11, 3.88031273779e-12, 1.003914573e-11, 4.38236686523e-12, 3.66578512337e-12, 9.97019849493e-13, 3.26229684542e-13, 2.07943227524e-13, 3.63121059371e-14, 5.36209421523e-15, 3.14564637325e-15, 2.1377878097e-16, 1.4945601878e-17, 2.09490831357e-18, 4.88315372972e-19],
        "max": [8.84171458893e-05, 0.00064055796247, 0.000625755288638, 0.00122341385577, 0.000775018183049, 0.00127279746812, 0.00121290120296, 0.00408518081531, 0.00180957489647, 0.00102116994094, 0.000790715159383, 0.000818536849692, 0.000839056679979, 0.000502578739543, 0.000835449493024, 0.00140781945083, 0.000703918514773, 0.000415059796069, 0.000357189157512, 0.000533860002179, 0.000112315276056, 0.000243132744799, 5.3026007663e-05, 5.92922478972e-05, 6.8470275437e-05, 3.60729536624e-05, 1.43886591104e-05, 2.30179848586e-05, 1.27913408505e-05, 1.38877230711e-05, 9.05374599824e-06, 5.62291006645e-06, 3.49804690813e-06, 1.56504916049e-06, 5.10926952302e-07, 5.31057253284e-07, 9.32964425715e-08, 2.35761081768e-08, 9.18676335004e-09, 4.2975796255e-09],
        "mean": [1.11645667857e-05, 5.35913131898e-05, 3.86440806324e-05, 8.36868421175e-05, 0.000103318801848, 0.000146770544234, 0.000140099378768, 0.000330989569193, 0.000181183524546, 0.000107856285467, 7.1315364039e-05, 5.75884114369e-05, 4.76484965475e-05, 3.58156539733e-05, 7.55715009291e-05, 6.13417141722e-05, 4.43498829554e-05, 2.21539958147e-05, 1.90071623365e-05, 2.46777635766e-05, 7.45452780393e-06, 1.04990413092e-05, 5.24538427271e-06, 4.19107436755e-06, 5.94262473896e-06, 1.94243602891e-06, 1.01203613667e-06, 1.09604127374e-06, 1.14949909857e-06, 1.22242386169e-06, 5.71307566588e-07, 2.71577420108e-07, 1.75844036221e-07, 7.19427930562e-08, 3.19034469953e-08, 3.0006891194e-08, 8.54103454628e-09, 1.30278710042e-09, 4.89016771521e-10, 2.89610779802e-10],