{
"metadata": {
    "version": {
        "essentia": "2.0.1",
        "extractor": "archive-music 1.0 mod ismir14"
    },
    "audio_properties": {
        "analysis_sample_rate": 44100,
        "bitrate": 128,
        "channels": 2,
        "equal_loudness": 0,
        "length": 30.0669155121,
        "replay_gain": -8.87267494202,
        "downmix": "mix"
    },
    "tags": {
        "track": 7,
        "year": 0,
        "album": "The Cool Jazz Collection",
        "artist": "Astrud Gilberto",
        "comment": "",
        "genre": "Jazz",
        "title": "Girl From Ipanema"
    }
},
"rhythm": {
    "bpm": 130.002792358,
    "bpm_histogram_first_peak": 129,
    "bpm_histogram_first_peak_spread": 0.490909099579,
    "bpm_histogram_first_peak_weight": 0.444444447756,
    "bpm_histogram_second_peak": 136,
    "bpm_histogram_second_peak_spread": 0.199999988079,
    "bpm_histogram_second_peak_weight": 0.0634920671582
},
"tonal": {
    "tuning_frequency": {
        "dmean": 0.0720349177718,
        "dmean2": 0.127495929599,
        "dvar": 1.03641939163,
        "dvar2": 1.98441934586,
        "max": 456.04309082,
        "mean": 436.616455078,
        "median": 434.193115234,
        "min": 431.692352295,
        "var": 48.0420608521
    },
    "hpcp": {
        "dmean": [0.111285082996, 0.128406390548, 0.165783509612, 0.176580145955, 0.154329285026, 0.12431178987, 0.147216767073, 0.151862829924, 0.234484478831, 0.140010923147, 0.121794968843, 0.110274381936],
        "dmean2": [0.215126037598, 0.247949913144, 0.321639955044, 0.336197376251, 0.295745581388, 0.239876061678, 0.28328320384, 0.292278826237, 0.450142323971, 0.273527830839, 0.233182072639, 0.212416604161],
        "dvar": [0.0740191042423, 0.0850654840469, 0.110305443406, 0.104640558362, 0.0990087762475, 0.082298412919, 0.0912653505802, 0.0981143936515, 0.136865958571, 0.0999414995313, 0.0782691985369, 0.0771994739771],
        "dvar2": [0.208378449082, 0.240768253803, 0.313576668501, 0.291313260794, 0.284271270037, 0.238252848387, 0.259625673294, 0.278563708067, 0.383919864893, 0.284144550562, 0.21731261909, 0.221659764647],
        "max": [1, 1, 1, 1, 1, 1, 1, 1, 1, 1, 1, 1],
        "mean": [0.0696190595627, 0.114480316639, 0.115722209215, 0.201911970973, 0.112720839679, 0.0948189496994, 0.13729287684, 0.115083910525, 0.206558987498, 0.0911972746253, 0.0938115790486, 0.0849967971444],
        "median": [0.000367341330275, 0.00183205038775, 0.000696956762113, 0.00298162782565, 0.00103910686448, 0.00106822210364, 0.00160441722255, 0.00106856774073, 0.00531289773062, 0.000334337673848, 0.0018456367543, 0.000586024718359],
        "min": [0, 0, 0, 0, 0, 0, 0, 0, 0, 0, 0, 0],
        "var": [0.0492181293666, 0.0816786438227, 0.0855207741261, 0.132286652923, 0.0792977511883, 0.0687007308006, 0.0954769104719, 0.0818651020527, 0.135298490524, 0.0711897388101, 0.0615994185209, 0.0641474574804]
    }
},
"lowlevel": {
    "melbands": {
        "dmean": [0.000786426418927, 0.00344350142404, 0.00356711982749, 0.00183988118079, 0.000991808716208, 0.000365036306903, 0.000129788793856, 0.00011965509475, 5.01315553265e-05, 2.66886836471e-05, 2.70664459094e-05, 2.69953779934e-05, 8.36610888655e-06, 6.14964392298e-06, 7.92959963292e-06, 4.58205295217e-06, 3.68066889678e-06, 1.60278364092e-06, 1.59645890108e-06, 1.54303450017e-06, 9.84235498436e-07, 1.24321070416e-06, 1.43925592511e-06, 1.59630815233e-06, 5.89493367897e-07, 3.70951511286e-07, 5.66634696497e-07, 8.15433395474e-07, 6.87171791469e-07, 8.95826588021e-07, 1.39040321301e-06, 2.18498666982e-06, 2.75239881375e-06, 1.68354063135e-06, 6.57938528548e-07, 3.02549949538e-07, 1.95837614569e-07, 7.80672522183e-08, 2.07371879668e-08, 3.00509506168e-09],
        "dmean2": [0.00132448947988, 0.00593884754926, 0.00618443079293, 0.00311179389246, 0.00163605890702, 0.000615244091023, 0.000191746541532, 0.000168149286765, 6.84341357555e-05, 3.53329742211e-05, 3.61095189874e-05, 3.45210937667e-05, 1.17441459224e-05, 9.07837602426e-06, 1.095182688e-05, 6.90773867973e-06, 5.001104455e-06, 2.37658514379e-06, 2.22386552196e-06, 2.20874994739e-06, 1.45911940308e-06, 1.87000557617e-06, 2.0822087663e-06, 2.44956117967e-06, 8.70290648436e-07, 5.71319333176e-07, 8.34225090784e-07, 1.28729914195e-06, 1.05831156816e-06, 1.34733818413e-06, 2.23202323468e-06, 3.48145817952e-06, 4.48940636488e-06, 2.58366185335e-06, 1.01867658486e-06, 4.45071520971e-07, 2.9036681326e-07, 1.20241026025e-07, 3.05551566271e-08, 4.84795270594e-09],
        "dvar": [2.27541590903e-06, 3.03330343741e-05, 3.74559022021e-05, 9.34887520998e-06, 2.58419231614e-06, 3.85036742045e-07, 1.4484255928e-07, 1.3572429225e-07, 1.80759300861e-08, 9.48415301849e-09, 6.65863764127e-09, 1.66345337504e-08, 6.93507418159e-10, 3.02980696087e-10, 7.25057736073e-10, 5.12531406205e-10, 5.14705111865e-10, 4.5370169427e-11, 7.03824221127e-11, 6.76181471926e-11, 1.57796796463e-11, 1.55876717783e-11, 2.14126286147e-11, 6.30043864303e-11, 5.8239689113e-12, 1.42040773674e-12, 4.41435863557e-12, 1.39971957636e-11, 7.53530918218e-12, 2.73322753319e-11, 5.92419099887e-11, 1.55948864933e-10, 5.91653781523e-10, 1.59075488892e-10, 9.36668190926e-12, 1.03078244724e-12, 4.48612392893e-13, 1.02353198074e-13, 7.74290011854e-15, 3.45764354783e-16],
        "dvar2": [5.91062553212e-06, 9.16333228815e-05, 0.000121039774967, 2.58514664893e-05, 7.03123077983e-06, 1.05755145796e-06, 2.30209820984e-07, 1.98802098339e-07, 2.80213150461e-08, 1.17592406923e-08, 1.180309539e-08, 1.72658776165e-08, 1.42279465987e-09, 6.04589045494e-10, 1.19494591999e-09, 1.04287234404e-09, 8.00057187167e-10, 9.20202594679e-11, 1.06811573475e-10, 1.3663922771e-10, 3.23985907547e-11, 3.15381679106e-11, 4.18393722446e-11, 1.72577119262e-10, 1.4012509035e-11, 3.43166814409e-12, 9.46291482673e-12, 3.68693409136e-11, 1.84998370789e-11, 5.91577412057e-11, 1.35623540176e-10, 3.65252966761e-10, 1.59567892233e-09, 3.39001160476e-10, 2.43345604084e-11, 2.20072267701e-12, 1.03057113624e-12, 2.59340129666e-13, 1.62699680931e-14, 9.80514540072e-16],
        "max": [0.035775333643, 0.0795403718948, 0.0605924353004, 0.0814110934734, 0.0256450287998, 0.0110803935677, 0.00954318977892, 0.00851713120937, 0.00356513075531, 0.00418405979872, 0.00211387290619, 0.00960689038038, 0.000931964081246, 0.000643096806016, 0.00156828458421, 0.000809445453342, 0.00114790431689, 0.000261657667579, 0.000349910114892, 0.00029484697734, 0.000130398504552, 8.89745788299e-05, 9.32563561946e-05, 0.00019749677449, 9.06565765035e-05, 2.87152579403e-05, 6.11255672993e-05, 0.000122769910377, 6.90668966854e-05, 0.000163979522767, 0.000202255730983, 0.000280531647149, 0.000909849361051, 0.000626315828413, 8.53704550536e-05, 2.56569110206e-05, 1.38746709126e-05, 1.15188286145e-05, 2.84197858491e-06, 7.26838777609e-07],
        "mean": [0.00150825071614, 0.00614025536925, 0.00743411108851, 0.00365286204033, 0.00226179114543, 0.000808387936559, 0.000303588021779, 0.000300171144772, 0.000140726144309, 8.68103670655e-05, 8.48348863656e-05, 8.54275713209e-05, 2.23657316383e-05, 1.25979195218e-05, 1.96566779778e-05, 1.18029183795e-05, 8.23727623356e-06, 3.36540256285e-06, 3.28427699969e-06, 3.15061038236e-06, 1.71463534571e-06, 2.60431056631e-06, 3.0858707305e-06, 2.504887334e-06, 1.06383004095e-06, 7.17691250429e-07, 9.92370928543e-07, 1.28269687139e-06, 1.09433176476e-06, 1.39345843309e-06, 2.35277775573e-06, 3.8621319618e-06, 4.09243648392e-06, 2.86154636342e-06, 1.26718919091e-06, 6.90607862452e-07, 4.05102639434e-07, 1.52470391868e-07, 4.73787906685e-08, 4.9879291808e-09],