{
"metadata": {
    "version": {
        "essentia": "2.0.1",
        "extractor": "archive-music 1.0 mod ismir14"
    },
    "audio_properties": {
        "analysis_sample_rate": 44100,
        "bitrate": 128,
        "channels": 2,
        "equal_loudness": 0,
        "length": 30.0669155121,
        "replay_gain": -12.1708602905,
        "downmix": "mix"
    },
    "tags": {
        "track": 6,
        "year": 0,
        "album": "Swing Classics (Jazz & Tzaz 70)",
        "artist": "Benny Carter",
        "comment": "",
        "genre": "Jazz",
        "title": "Babalu"
    }
},
"rhythm": {
    "bpm": 92.6367721558,
    "bpm_histogram_first_peak": 94,
    "bpm_histogram_first_peak_spread": 0.555555582047,
    "bpm_histogram_first_peak_weight": 0.355555564165,
    "bpm_histogram_second_peak": 89,
    "bpm_histogram_second_peak_spread": 0,
    "bpm_histogram_second_peak_weight": 0.177777782083
},
"tonal": {
    "tuning_frequency": {
        "dmean": 0.0434243120253,
        "dmean2": 0.0767939090729,
        "dvar": 0.406712174416,
        "dvar2": 0.878351688385,
        "max": 456.570251465,
        "mean": 436.264526367,
        "median": 437.465789795,
        "min": 434.193115234,
        "var": 3.11063218117
    },
    "hpcp": {
        "dmean": [0.149462744594, 0.143778532743, 0.15361495316, 0.204909533262, 0.145611748099, 0.12741522491, 0.146019548178, 0.124091282487, 0.194539949298, 0.136386036873, 0.180796504021, 0.184740185738],
        "dmean2": [0.278025448322, 0.261438220739, 0.289582043886, 0.370961457491, 0.270009875298, 0.23829716444, 0.252808213234, 0.231731683016, 0.350972920656, 0.254889070988, 0.325989603996, 0.330726504326],
        "dvar": [0.0687651783228, 0.0603370591998, 0.0809441655874, 0.0879464372993, 0.069527477026, 0.0597078166902, 0.051640689373, 0.0564441643655, 0.0738686472178, 0.0621542334557, 0.0703909620643, 0.069598890841],
        "dvar2": [0.194521322846, 0.165247187018, 0.234201937914, 0.238688036799, 0.187665298581, 0.171234667301, 0.137094914913, 0.152125373483, 0.195998951793, 0.177723929286, 0.188371181488, 0.182028144598],
        "max": [1, 1, 1, 1, 1, 1, 1, 1, 1, 1, 1, 1],
        "mean": [0.113467276096, 0.151963487267, 0.109158188105, 0.403471767902, 0.166943773627, 0.103958904743, 0.235784843564, 0.100070402026, 0.288009881973, 0.100125901401, 0.195025160909, 0.228599444032],
        "median": [0.012772416696, 0.0199113152921, 0.00360973528586, 0.195975720882, 0.0121467588469, 0.0121332667768, 0.0617904365063, 0.00803929567337, 0.103244028986, 0.008529455401, 0.0646213963628, 0.0602393485606],
        "min": [0, 0, 0, 0, 0, 0, 0, 0, 0, 0, 0, 0],
        "var": [0.0562209300697, 0.0692780613899, 0.0647571608424, 0.176704868674, 0.0981398746371, 0.0507566519082, 0.112229213119, 0.0503612756729, 0.129324182868, 0.047272875905, 0.0800949782133, 0.103912457824]
    }
},
"lowlevel": {
    "melbands": {
        "dmean": [2.84125453618e-05, 0.000126613987959, 0.000140799747896, 0.00026903374237, 0.000319040293107, 0.000349727022694, 0.000270007818472, 0.000359451136319, 0.000258292246144, 0.000159492468811, 0.000119710763101, 0.000102484606032, 9.52132468228e-05, 8.06830212241e-05, 0.000146354010212, 0.000131920663989, 7.34257337172e-05, 3.78677759727e-05, 3.91216308344e-05, 4.43540229753e-05, 1.48086692207e-05, 2.24687864829e-05, 1.04934106275e-05, 6.90859633323e-06, 9.04619082576e-06, 3.04115587824e-06, 1.82875089649e-06, 2.22716448661e-06, 1.79006633516e-06, 1.68565713921e-06, 8.06098967132e-07, 3.88410427377e-07, 2.63856264837e-07, 9.8376105484e-08, 4.3176346054e-08, 3.34622711762e-08, 7.49589723625e-09, 7.84999010239e-10, 9.4714874832e-11, 2.37297455991e-11],
        "dmean2": [4.37360286014e-05, 0.000205214571906, 0.000247030489845, 0.000489880796522, 0.000583064858802, 0.00059512880398, 0.000419200543547, 0.000501262547914, 0.000353062670911, 0.000214825457078, 0.000186912802747, 0.000159606555826, 0.000146151520312, 0.0001276031835, 0.000224937452003, 0.000213108913158, 0.000111799156002, 5.39909815416e-05, 5.85260859225e-05, 6.64276594762e-05, 2.27910604735e-05, 3.57458193321e-05, 1.69402374013e-05, 1.04861073851e-05, 1.34262054416e-05, 4.63271089757e-06, 2.86691260953e-06, 3.43991086993e-06, 2.75690899798e-06, 2.41283828473e-06, 1.16124272154e-06, 5.69803773942e-07, 3.79332277589e-07, 1.45040132793e-07, 6.2659843536e-08, 4.8679591913e-08, 1.08954543165e-08, 1.18829202034e-09, 1.47298451214e-10, 4.32140503936e-11],
        "dvar": [1.37633515696e-09, 2.68704773987e-08, 5.8052304297e-08, 1.82050072794e-07, 2.27719240797e-07, 2.77462163467e-07, 1.4747219268e-07, 5.34087803317e-07, 2.16563734057e-07, 7.97273003172e-08, 8.55460484672e-08, 7.25665785239e-08, 5.61322082149e-08, 3.39018129125e-08, 9.11494666411e-08, 1.27023596974e-07, 3.95826909028e-08, 8.17690537502e-09, 1.21318910473e-08, 1.24504140331e-08, 7.11150471844e-10, 4.40943015434e-09, 5.72170810731e-10, 1.98718694278e-10, 4.85720852428e-10, 6.25100041174e-11, 1.97006421593e-11, 5.23951784737e-11, 1.99165857417e-11, 1.59053777093e-11, 4.22182818219e-12, 1.23603980783e-12, 7.18147221378e-13, 1.05676060892e-13, 1.47330606916e-14, 9.14972189404e-15, 2.96690574542e-16, 4.9848099877e-18, 6.67327894554e-20, 2.4529196921e-21],
        "dvar2": [2.84874546175e-09, 6.99847859664e-08, 1.71208483835e-07, 5.49503567981e-07, 7.19467038834e-07, 7.93157482804e-07, 3.61932848136e-07, 1.146700356e-06, 4.57138696675e-07, 1.53630054456e-07, 2.28546142012e-07, 1.98506057814e-07, 1.46931441236e-07, 9.45282963016e-08, 2.14701913137e-07, 3.27247278165e-07, 1.01894478632e-07, 1.6075832221e-08, 2.74201550354e-08, 2.76672071919e-08, 1.6201477937e-09, 1.1848211301e-08, 1.58981694476e-09, 4.56786108938e-10, 1.04970365733e-09, 1.406677691e-10, 4.54515661219e-11, 1.22878845987e-10, 4.58040862183e-11, 3.45191514262e-11, 8.95456365307e-12, 2.48594526041e-12, 1.53056224379e-12, 2.08500005997e-13, 3.12380973682e-14, 1.99869079078e-14, 6.5027651097e-16, 1.09520847228e-17, 1.39780753921e-19, 7.32982431462e-21],
        "max": [0.000495212618262, 0.00242054485716, 0.00589865725487, 0.0095832189545, 0.00637070648372, 0.00825235620141, 0.00637601967901, 0.0179479736835, 0.00838269013911, 0.00559062650427, 0.00658629601821, 0.00560673000291, 0.0050211045891, 0.00360540766269, 0.00535595882684, 0.00566555932164, 0.00455508986488, 0.00245145591907, 0.00190104136709, 0.00248645571992, 0.000554184254725, 0.00152393127792, 0.000490627833642, 0.000302731845295, 0.000414218084188, 0.000186000543181, 8.91336749191e-05, 0.000145956422784, 7.71827471908e-05, 7.35245339456e-05, 4.62677708128e-05, 3.10371106025e-05, 2.32441998378e-05, 7.89093337517e-06, 2.5399608603e-06, 2.06132585845e-06, 3.03897280673e-07, 4.03554878403e-08, 5.26833376924e-09, 7.2010647445e-10],
        "mean": [4.02570331062e-05, 0.00017965742154, 0.000179017224582, 0.000330709153786, 0.000422667973908, 0.000573771598283, 0.000619161583018, 0.00125305191614, 0.000790407822933, 0.000441798649263, 0.000301528751152, 0.000249053642619, 0.000194364736672, 0.000148500243085, 0.000300025654724, 0.000242897716817, 0.000179276321433, 9.34469062486e-05, 7.35058565624e-05, 9.89957698039e-05, 3.1281128031e-05, 4.06111175835e-05, 2.20357887883e-05, 1.69817176356e-05, 2.41940706474e-05, 7.98772907729e-06, 4.0782947508e-06, 4.48200898973e-06, 4.64434015157e-06, 4.97038399772e-06, 2.30532532441e-06, 1.10454493552e-06, 7.0998225965e-07, 2.79725696828e-07, 1.17385653198e-07, 9.56104315719e-08, 2.03410781552e-08, 1.70893332818e-09, 1.89123230965e-10, 2.62602856127e-11],