{
"metadata": {
    "version": {
        "essentia": "2.0.1",
        "extractor": "archive-music 1.0 mod ismir14"
    },
    "audio_properties": {
        "analysis_sample_rate": 44100,
        "bitrate": 32,
        "channels": 2,
        "equal_loudness": 0,
        "length": 30.0408172607,
        "replay_gain": -9.58456420898,
        "downmix": "mix"
    },
    "tags": {
        "track": 0,
        "year": 0,
        "album": "",
        "artist": "",
        "comment": "",
        "genre": "",
        "title": ""
    }
},
"rhythm": {
    "bpm": 172.265594482,
    "bpm_histogram_first_peak": 172,
    "bpm_histogram_first_peak_spread": 0,
    "bpm_histogram_first_peak_weight": 0.529411792755,
    "bpm_histogram_second_peak": 178,
    "bpm_histogram_second_peak_spread": 0,
    "bpm_histogram_second_peak_weight": 0.258823543787
},
"tonal": {
    "tuning_frequency": {
        "dmean": 0.0773843228817,
        "dmean2": 0.153812676668,
        "dvar": 1.58240175247,
        "dvar2": 3.14960479736,
        "max": 455.779724121,
        "mean": 449.272155762,
        "median": 455.779724121,
        "min": 431.443084717,
        "var": 107.156661987
    },
    "hpcp": {
        "dmean": [0.130689516664, 0.157945632935, 0.141025781631, 0.0994665250182, 0.0727542415261, 0.093933865428, 0.0968803241849, 0.106515489519, 0.0925932079554, 0.119059823453, 0.0904720574617, 0.115377873182],
        "dmean2": [0.244178518653, 0.290934324265, 0.26025184989, 0.190031513572, 0.135148793459, 0.178280666471, 0.182987034321, 0.201329782605, 0.169187873602, 0.213538840413, 0.168052390218, 0.21444965899],
        "dvar": [0.0760055333376, 0.0827673301101, 0.0758573189378, 0.0603131391108, 0.0425754263997, 0.0622968263924, 0.0603165179491, 0.0672818571329, 0.0502922087908, 0.0598481409252, 0.046713847667, 0.0657476484776],
        "dvar2": [0.208014681935, 0.224792674184, 0.204641893506, 0.167198777199, 0.12047149241, 0.170569673181, 0.16234408319, 0.191211089492, 0.141788542271, 0.159364312887, 0.129982680082, 0.182360783219],
        "max": [1, 1, 1, 1, 1, 1, 1, 1, 1, 1, 1, 1],
        "mean": [0.143221840262, 0.144150719047, 0.298629552126, 0.0736019834876, 0.0793723315001, 0.131236493587, 0.121355324984, 0.0831585004926, 0.0865436941385, 0.24024297297, 0.0734485760331, 0.113009087741],
        "median": [0.00928845163435, 0.0176521316171, 0.022207705304, 0.00112304848153, 0.00518825883046, 0.000466898170998, 0.00279165129177, 0.00151873508003, 0.00188543042168, 0.0253578275442, 0.00281334808096, 0.00799926370382],
        "min": [0, 0, 0, 0, 0, 0, 0, 0, 0, 0, 0, 0],
        "var": [0.0883929952979, 0.0761424899101, 0.174597144127, 0.0478979386389, 0.0488800853491, 0.0984619632363, 0.0859244167805, 0.0572267360985, 0.0524177253246, 0.13950997591, 0.0392546653748, 0.0668278858066]
    }
},
"lowlevel": {
    "melbands": {
        "dmean": [8.72254804563e-06, 0.000147743048728, 0.000383463309845, 0.00135188538115, 0.00153893278912, 0.000823569833301, 0.000273533019936, 0.000213952487684, 0.000115542097774, 7.82520073699e-05, 5.03188130097e-05, 3.80581986974e-05, 5.27662159584e-05, 2.68481508101e-05, 2.54410060734e-05, 1.99893511308e-05, 3.6441746488e-05, 2.13681596506e-05, 2.34107155848e-05, 6.99381735103e-06, 1.01387713585e-05, 9.14439351618e-06, 5.59467343919e-06, 6.73124486639e-06, 1.43399611261e-05, 1.37274755616e-05, 5.08327229909e-06, 2.85071337203e-06, 7.94821858108e-07, 5.37846972293e-07, 2.25717045055e-07, 3.78923594724e-08, 6.18761930582e-09, 1.55574142457e-09, 7.38972993908e-10, 4.2629230701e-10, 2.77905420898e-10, 1.56212001667e-10, 1.25048124633e-10, 1.15162226977e-10],
        "dmean2": [1.37883725984e-05, 0.000237191648921, 0.000666311883833, 0.00210630707443, 0.00238771387376, 0.00127239990979, 0.000393883674406, 0.000320832739817, 0.00015523743059, 9.55798095674e-05, 5.88866023463e-05, 4.7396759328e-05, 6.00422572461e-05, 3.16575060424e-05, 3.2221993024e-05, 2.79592841252e-05, 4.78395413666e-05, 3.02261723846e-05, 3.40431179211e-05, 1.00776760519e-05, 1.57408576342e-05, 1.31711503855e-05, 7.60163129598e-06, 9.27192013478e-06, 1.92890220205e-05, 1.77885285666e-05, 7.25219251763e-06, 4.28484054282e-06, 1.14547208341e-06, 8.01483906798e-07, 3.40692253076e-07, 5.59344499607e-08, 9.11510955603e-09, 2.30790719868e-09, 1.12635356597e-09, 7.09671932331e-10, 4.81268358499e-10, 2.85730716865e-10, 2.36563296729e-10, 2.20809898144e-10],
        "dvar": [2.4148263944e-10, 5.42030598183e-08, 7.21924209302e-07, 8.04003047961e-06, 9.3301096058e-06, 2.32919819609e-06, 3.10686147031e-07, 2.89457034341e-07, 1.94948569288e-07, 1.45125952145e-07, 4.44870558169e-08, 3.01672713476e-08, 5.31828021622e-08, 1.1588502602e-08, 2.21039950787e-08, 3.29603411231e-09, 1.34820075104e-08, 2.90109292145e-09, 3.32419292093e-09, 2.66978272823e-10, 9.33171206974e-10, 6.93400947771e-10, 3.35448724353e-10, 3.32229410649e-10, 2.21522267196e-09, 2.1529815708e-09, 3.04097691473e-10, 1.28705837654e-10, 9.46505113869e-12, 1.41071850382e-11, 2.41789097424e-12, 5.23863687618e-14, 2.9086399901e-15, 6.98343526379e-17, 1.76512418329e-17, 1.29553738913e-17, 1.14969130235e-17, 6.14074733085e-18, 5.16775669659e-18, 5.19325743411e-18],
        "dvar2": [6.18503748218e-10, 1.36258648809e-07, 2.29386341744e-06, 2.09984555113e-05, 2.4477199986e-05, 5.91616526435e-06, 5.42072314147e-07, 5.46580679384e-07, 3.3746863437e-07, 2.6662394248e-07, 6.88781867098e-08, 5.08643367425e-08, 6.55457697007e-08, 1.78338162016e-08, 4.19797032691e-08, 6.12008355105e-09, 2.34365611362e-08, 6.01119243271e-09, 6.94028834403e-09, 5.79410186496e-10, 2.29576757604e-09, 1.59410606937e-09, 5.59167767644e-10, 6.37319474972e-10, 4.02292910096e-09, 4.38445457718e-09, 7.22763682237e-10, 3.16715764725e-10, 1.87337124979e-11, 2.99823117722e-11, 5.98657885417e-12, 1.19600455841e-13, 7.08514388313e-15, 1.42943586113e-16, 4.79532152093e-17, 3.76690440895e-17, 3.41986673865e-17, 1.83766610321e-17, 1.54207228413e-17, 1.54755616072e-17],
        "max": [0.000298898172332, 0.00801212154329, 0.0166726224124, 0.106145061553, 0.0811070501804, 0.0186799261719, 0.0101269576699, 0.0122240008786, 0.0130178071558, 0.0107137449086, 0.00824616570026, 0.00490732491016, 0.00713027548045, 0.0036923524458, 0.00548288272694, 0.00191835372243, 0.00532223237678, 0.000981409102678, 0.00203403737396, 0.000402692036005, 0.000516215222888, 0.000560317886993, 0.000424606521847, 0.000476020621136, 0.00184791453648, 0.00147722591646, 0.000476188433822, 0.00022305289167, 0.000103205769847, 0.000157136237249, 6.5721658757e-05, 8.53696019476e-06, 2.67155519396e-06, 2.55063810073e-07, 1.29183732156e-07, 1.20027607409e-07, 1.05670146411e-07, 8.58440856177e-08, 7.61609086908e-08, 7.52273763283e-08],
        "mean": [1.19811202239e-05, 0.000255660561379, 0.000602091080509, 0.00323263392784, 0.00360539183021, 0.00176662695594, 0.000702755118255, 0.000558218045626, 0.00029548961902, 0.000177616049768, 0.000161745745572, 9.33379851631e-05, 0.000151182801346, 6.46149055683e-05, 4.94018968311e-05, 4.25802209065e-05, 8.11792197055e-05, 4.18943964178e-05, 5.40401415492e-05, 1.58437105711e-05, 1.83552474482e-05, 1.61509415193e-05, 1.05152266769e-05, 1.41553809954e-05, 3.04043569486e-05, 3.26061272062e-05, 9.26469056139e-06, 4.51396135759e-06, 1.57321710503e-06, 9.46794102674e-07, 3.72787155811e-07, 6.45284004008e-08, 1.03495869652e-08, 3.0330109535e-09, 1.33640742916e-09, 6.98269886357e-10, 3.90194127009e-10, 1.99882776997e-10, 1.30828514688e-10, 9.95491397648e-11],