{
"metadata": {
    "version": {
        "essentia": "2.0.1",
        "extractor": "archive-music 1.0 mod ismir14"
    },
    "audio_properties": {
        "analysis_sample_rate": 44100,
        "bitrate": 32,
        "channels": 2,
        "equal_loudness": 0,
        "length": 30.0408172607,
        "replay_gain": -14.3674125671,
        "downmix": "mix"
    },
    "tags": {
        "track": 0,
        "year": 0,
        "album": "",
        "artist": "",
        "comment": "",
        "genre": "",
        "title": ""
    }
},
"rhythm": {
    "bpm": 109.314041138,
    "bpm_histogram_first_peak": 110,
    "bpm_histogram_first_peak_spread": 0.396226406097,
    "bpm_histogram_first_peak_weight": 0.603773593903,
    "bpm_histogram_second_peak": 0,
    "bpm_histogram_second_peak_spread": 0,
    "bpm_histogram_second_peak_weight": 0
},
"tonal": {
    "tuning_frequency": {
        "dmean": 0.0401966869831,
        "dmean2": 0.0777361392975,
        "dvar": 0.588384687901,
        "dvar2": 1.16828966141,
        "max": 455.779724121,
        "mean": 434.413330078,
        "median": 434.193115234,
        "min": 434.193115234,
        "var": 2.49388408661
    },
    "hpcp": {
        "dmean": [0.154734492302, 0.202087163925, 0.245980381966, 0.290327519178, 0.212364420295, 0.15702649951, 0.125877723098, 0.13346645236, 0.203753396869, 0.118622332811, 0.118998497725, 0.127362415195],
        "dmean2": [0.292756229639, 0.388115108013, 0.471265077591, 0.554262280464, 0.407809495926, 0.290297240019, 0.236003816128, 0.24932281673, 0.37697198987, 0.22491247952, 0.223614245653, 0.244807913899],
        "dvar": [0.0864573568106, 0.124592542648, 0.14370071888, 0.151304572821, 0.126901090145, 0.0856670662761, 0.0744170472026, 0.0758024826646, 0.0961623117328, 0.0736471414566, 0.0684267058969, 0.0769521221519],
        "dvar2": [0.233610630035, 0.343058675528, 0.375287681818, 0.397700160742, 0.330527544022, 0.23147585988, 0.206534281373, 0.203642651439, 0.250147968531, 0.217740342021, 0.195455893874, 0.214327186346],
        "max": [1, 1, 1, 1, 1, 1, 1, 1, 1, 1, 1, 1],
        "mean": [0.115643210709, 0.134214758873, 0.182122081518, 0.249098777771, 0.141225337982, 0.129526644945, 0.0936456248164, 0.121199555695, 0.225306913257, 0.0772959366441, 0.0951588973403, 0.0841397866607],
        "median": [0.00794476736337, 0.00360890454613, 0.0057653253898, 0.0216567516327, 0.00274840253405, 0.00975500792265, 0.00218869606033, 0.00503093237057, 0.0255487542599, 0.00196188734844, 0.00445597711951, 0.00304970424622],
        "min": [0, 0, 0, 0, 0, 1.63717317037e-07, 0, 0, 0, 0, 0, 0],
        "var": [0.0679199323058, 0.0910481438041, 0.121017366648, 0.1476842314, 0.0961320474744, 0.0748586282134, 0.0596214532852, 0.0765725374222, 0.12463927269, 0.0496715530753, 0.0570177920163, 0.052517361939]
    }
},
"lowlevel": {
    "melbands": {
        "dmean": [0.00177821167745, 0.00530488137156, 0.00514973979443, 0.00215975637548, 0.000925621192437, 0.000595729914494, 0.000348560250131, 0.000333566626068, 0.000415673071984, 0.000320135732181, 7.28135200916e-05, 8.78807986737e-05, 5.42802335985e-05, 5.03154042235e-05, 5.74147888983e-05, 5.77667160542e-05, 6.43281309749e-05, 4.97323308082e-05, 2.59794578596e-05, 5.15603023814e-05, 2.44837337959e-05, 1.69537161128e-05, 1.97322624444e-05, 1.1573075426e-05, 6.75443834552e-06, 4.59076909465e-06, 2.5431506856e-06, 1.78239486104e-06, 1.92269953914e-06, 1.39395683618e-06, 1.1404227962e-06, 1.04007074242e-06, 9.36470939905e-07, 7.09834239387e-07, 5.83712562729e-07, 4.81379004214e-07, 3.42969627809e-07, 2.56050441294e-07, 2.14960223843e-07, 1.68304083559e-07],
        "dmean2": [0.002884847112, 0.00900334399194, 0.00862401630729, 0.00355726899579, 0.00154571654275, 0.00103114813101, 0.000590088253375, 0.000505803152919, 0.000611671595834, 0.000462515745312, 0.00010730107897, 0.000130331172841, 7.93733343016e-05, 7.35960056772e-05, 8.28175179777e-05, 8.59705760377e-05, 0.000102844751382, 7.67002420616e-05, 3.84554659831e-05, 7.89325931692e-05, 3.88644548366e-05, 2.62954581558e-05, 3.10056966555e-05, 1.83222273336e-05, 1.08788099169e-05, 7.30156307327e-06, 4.1536613935e-06, 2.89272315968e-06, 3.14049248118e-06, 2.26818156079e-06, 1.87914668004e-06, 1.68444262272e-06, 1.48382434872e-06, 1.08337007987e-06, 9.23714310375e-07, 7.56782924327e-07, 4.97810162869e-07, 3.93777185081e-07, 3.21317486396e-07, 2.47576139145e-07],
        "dvar": [1.95659704332e-05, 4.14570058638e-05, 2.80773929262e-05, 8.21771573101e-06, 1.7109550754e-06, 9.34596300795e-07, 2.92198450325e-07, 3.97879546199e-07, 7.22109916751e-07, 6.60517287088e-07, 2.54561829394e-08, 6.66555237672e-08, 1.93777331958e-08, 2.43575861703e-08, 2.77169078799e-08, 2.75334883781e-08, 3.89556440439e-08, 1.62427102879e-08, 4.1822167951e-09, 5.04226775888e-08, 3.40499628493e-09, 1.48956780244e-09, 2.72816813585e-09, 8.18543288705e-10, 1.94893046146e-10, 1.34634456361e-10, 4.09132693002e-11, 2.20962831365e-11, 1.98311783661e-11, 1.32886011223e-11, 9.3480041416e-12, 7.93452543252e-12, 6.93635079929e-12, 6.10891025266e-12, 3.97857484805e-12, 4.32248030771e-12, 2.52328865268e-12, 1.55176576883e-12, 1.07693454848e-12, 4.99951154694e-13],
        "dvar2": [4.14626010752e-05, 0.000123462639749, 8.18990374682e-05, 2.1519672373e-05, 4.56916404801e-06, 2.81263214674e-06, 7.96592928509e-07, 8.42757117425e-07, 1.36916935389e-06, 1.27417968088e-06, 4.89077045529e-08, 1.33724867624e-07, 3.60600864724e-08, 5.13066567009e-08, 4.97998762228e-08, 6.5022589979e-08, 1.05987993493e-07, 3.68806816198e-08, 8.20613799135e-09, 1.25461994571e-07, 8.02470712102e-09, 3.50741902189e-09, 7.40051575576e-09, 2.27806085107e-09, 5.0289800102e-10, 3.4552294359e-10, 1.03362131354e-10, 5.72631352058e-11, 5.09890948908e-11, 3.40593907244e-11, 2.43073339234e-11, 1.92480215794e-11, 1.62354261979e-11, 1.45620477482e-11, 8.37044582952e-12, 8.31577688654e-12, 3.74194121869e-12, 3.86017129719e-12, 2.28691913497e-12, 8.01996002161e-13],
        "max": [0.0715918168426, 0.0603525452316, 0.0516166165471, 0.0372625850141, 0.0129259321839, 0.0129576185718, 0.0082447770983, 0.0118989031762, 0.0200409851968, 0.0191435236484, 0.00668867956847, 0.00941393151879, 0.00478023663163, 0.00434453878552, 0.0040671788156, 0.0033303166274, 0.00365930446424, 0.00277894642204, 0.00121924758423, 0.00619096215814, 0.00125972053502, 0.00101981346961, 0.0012159437174, 0.000527917698491, 0.000212439568713, 0.000244625931373, 0.000150919207954, 9.22550243558e-05, 7.17069633538e-05, 7.03317855368e-05, 6.98992298567e-05, 6.45665786578e-05, 5.69191797695e-05, 8.38751293486e-05, 8.03047805675e-05, 9.23403858906e-05, 9.92890418274e-05, 5.94770499447e-05, 5.27525953657e-05, 3.95982497139e-05],
        "mean": [0.00234645348974, 0.00918571185321, 0.00811593793333, 0.00315810297616, 0.00135376059916, 0.00102650397457, 0.000619340920821, 0.000706676102709, 0.000929019588511, 0.00072669488145, 0.00016971353034, 0.000156582522322, 0.000108553213067, 0.000104551785626, 0.000104099308373, 0.0001081006194, 0.000101555378933, 9.60364632192e-05, 5.44594622625e-05, 0.000104401275166, 4.67103964183e-05, 3.16939222103e-05, 4.20464639319e-05, 2.49729673669e-05, 1.2313528714e-05, 7.85620704846e-06, 4.46065723736e-06, 3.06664946947e-06, 3.33761227012e-06, 2.39489031628e-06, 1.92894617612e-06, 1.91130857274e-06, 1.76106175331e-06, 1.3619804804e-06, 1.1380811884e-06, 9.30765622797e-07, 7.3536381251e-07, 5.02466320995e-07, 4.03534073712e-07, 3.57125571782e-07],