{
"metadata": {
    "version": {
        "essentia": "2.0.1",
        "extractor": "archive-music 1.0 mod ismir14"
    },
    "audio_properties": {
        "analysis_sample_rate": 44100,
        "bitrate": 32,
        "channels": 2,
        "equal_loudness": 0,
        "length": 30.0408172607,
        "replay_gain": -8.86828994751,
        "downmix": "mix"
    },
    "tags": {
        "track": 7,
        "year": 0,
        "album": "The Cool Jazz Collection",
        "artist": "Astrud Gilberto",
        "comment": "",
        "genre": "Jazz",
        "title": "Girl From Ipanema"
    }
},
"rhythm": {
    "bpm": 130.229049683,
    "bpm_histogram_first_peak": 129,
    "bpm_histogram_first_peak_spread": 0.542372882366,
    "bpm_histogram_first_peak_weight": 0.428571432829,
    "bpm_histogram_second_peak": 123,
    "bpm_histogram_second_peak_spread": 0,
    "bpm_histogram_second_peak_weight": 0.0317460335791
},
"tonal": {
    "tuning_frequency": {
        "dmean": 0.0815288200974,
        "dmean2": 0.154122307897,
        "dvar": 1.0913233757,
        "dvar2": 2.73227286339,
        "max": 456.570251465,
        "mean": 437.849609375,
        "median": 434.193115234,
        "min": 431.941772461,
        "var": 23.9510211945
    },
    "hpcp": {
        "dmean": [0.118687354028, 0.11857483536, 0.14810885489, 0.17908988893, 0.16474211216, 0.124954506755, 0.13849234581, 0.162248030305, 0.225255548954, 0.138658389449, 0.133453309536, 0.116810441017],
        "dmean2": [0.229735165834, 0.227394342422, 0.287154972553, 0.339887350798, 0.31889462471, 0.239909261465, 0.265819609165, 0.316410243511, 0.432578414679, 0.270154446363, 0.254733532667, 0.22911593318],
        "dvar": [0.0819960162044, 0.0782117247581, 0.0983662083745, 0.105665072799, 0.108003936708, 0.080600194633, 0.0852710753679, 0.109512574971, 0.130391061306, 0.0990078672767, 0.0864321887493, 0.0827369987965],
        "dvar2": [0.240244030952, 0.225592374802, 0.274653971195, 0.298624247313, 0.306949973106, 0.233985543251, 0.242882430553, 0.313635468483, 0.360334455967, 0.286221206188, 0.244092360139, 0.243203267455],
        "max": [1, 1, 1, 1, 1, 1, 1, 1, 1, 1, 1, 1],
        "mean": [0.072879396379, 0.104875996709, 0.108320608735, 0.204207628965, 0.117965713143, 0.0940391421318, 0.12779930234, 0.120251446962, 0.194604411721, 0.0941244885325, 0.0967573225498, 0.0811595693231],
        "median": [0.00035467161797, 0.00159442971926, 0.000675410730764, 0.00333920726553, 0.00118914258201, 0.00102276739199, 0.00149663968477, 0.000998768140562, 0.00433461135253, 0.000301236665109, 0.00163982389495, 0.00056906422833],
        "min": [0, 0, 0, 0, 0, 0, 0, 0, 0, 0, 0, 0],
        "var": [0.0530881695449, 0.0748268291354, 0.0800591111183, 0.133001610637, 0.0840534642339, 0.0674268901348, 0.089162491262, 0.0887702330947, 0.127817511559, 0.0734473466873, 0.0645705834031, 0.0610438510776]
    }
},
"lowlevel": {
    "melbands": {
        "dmean": [0.000817811407614, 0.00339163071476, 0.00356231047772, 0.00185563613195, 0.00101058464497, 0.000383260019589, 0.000131135573611, 0.00012486432388, 5.27211013832e-05, 2.78484112641e-05, 2.91511278192e-05, 2.90444568236e-05, 8.92597199709e-06, 6.66042114972e-06, 7.87408134784e-06, 4.8105193855e-06, 3.70744805878e-06, 1.64714901985e-06, 1.62418120908e-06, 1.54615361225e-06, 1.00624504284e-06, 1.31813669668e-06, 1.57659439992e-06, 1.49810614403e-06, 6.20636456006e-07, 3.99089572056e-07, 6.33041963738e-07, 9.11150891625e-07, 7.39438348774e-07, 9.14752035897e-07, 1.47173636833e-06, 2.49321874435e-06, 2.94767710329e-06, 1.68845326698e-06, 8.34756576751e-07, 4.57794385511e-07, 3.83738779419e-07, 3.0099690207e-07, 3.81967481644e-07, 5.92663809584e-07],
        "dmean2": [0.00138461298775, 0.00579188251868, 0.00614044535905, 0.00308866333216, 0.00169215130154, 0.00064983451739, 0.000195675878786, 0.000179329901584, 7.48991296859e-05, 3.6357294448e-05, 3.94176313421e-05, 3.91475732613e-05, 1.3064977793e-05, 1.01023651951e-05, 1.12152265501e-05, 7.24490928405e-06, 5.54668622499e-06, 2.5074534733e-06, 2.36712367041e-06, 2.27574582823e-06, 1.58684338203e-06, 1.96998098545e-06, 2.36078130911e-06, 2.35413881455e-06, 9.57042630034e-07, 6.28757504728e-07, 9.58603664003e-07, 1.52822451582e-06, 1.1160767599e-06, 1.37708718739e-06, 2.26148767979e-06, 3.84384793506e-06, 4.64178174298e-06, 2.64294521912e-06, 1.35252855671e-06, 6.95268965956e-07, 5.87106228522e-07, 4.53207178452e-07, 5.74628927552e-07, 8.76631588653e-07],
        "dvar": [2.55975123764e-06, 2.87036837108e-05, 3.51955350197e-05, 9.18969271879e-06, 2.79052915175e-06, 4.45037642294e-07, 1.47804598782e-07, 1.5460675229e-07, 2.01995309368e-08, 1.05699342612e-08, 7.43636618949e-09, 1.92652898079e-08, 1.11904741029e-09, 4.41026465348e-10, 6.9193650809e-10, 4.70438243916e-10, 5.4353499479e-10, 4.10246767113e-11, 6.62795512918e-11, 6.96327093208e-11, 1.58500521735e-11, 1.53540166692e-11, 2.53907346537e-11, 4.31767017972e-11, 5.82830658735e-12, 1.30332149153e-12, 6.36075480481e-12, 1.9420741057e-11, 8.71774961247e-12, 3.28420832196e-11, 6.5125779769e-11, 2.09998476941e-10, 7.6484402145e-10, 1.66520949807e-10, 1.82781949298e-11, 2.7192037684e-12, 1.65247481497e-12, 1.33626985345e-12, 4.0494868743e-12, 1.05182746193e-11],
        "dvar2": [6.81239089317e-06, 8.69205541676e-05, 0.000113059562864, 2.53455164057e-05, 7.55969131205e-06, 1.2512595049e-06, 2.24737704002e-07, 2.46057879849e-07, 3.1876314921e-08, 1.34376350047e-08, 1.36829321207e-08, 2.28612595521e-08, 2.6983664192e-09, 1.01005503961e-09, 1.16250487014e-09, 9.79850312e-10, 1.02796338108e-09, 8.59114307472e-11, 1.06965374058e-10, 1.46709339122e-10, 3.32547669957e-11, 3.20278421839e-11, 5.69663448358e-11, 1.04928357669e-10, 1.38043925249e-11, 3.14832925355e-12, 1.39470449079e-11, 5.31834611073e-11, 2.11046978504e-11, 7.59862867072e-11, 1.45706696708e-10, 5.05591124522e-10, 2.02795225057e-09, 3.54729995378e-10, 5.29411584016e-11, 6.58355878494e-12, 3.86721427451e-12, 3.22826205872e-12, 1.04131668566e-11, 2.9436446336e-11],
        "max": [0.0352640785277, 0.0713467299938, 0.0713279023767, 0.0804475694895, 0.0248903520405, 0.0119770877063, 0.010086286813, 0.00934271980077, 0.00418899487704, 0.004109762609, 0.00215558824129, 0.00984680559486, 0.0009530162788, 0.000622802297585, 0.00127982150298, 0.00080732058268, 0.000958171498496, 0.000255404040217, 0.000370102323359, 0.000292488868581, 0.000144215315231, 7.27248334442e-05, 9.51376059675e-05, 0.000150235471665, 8.92187163117e-05, 2.74199555861e-05, 8.42809095047e-05, 0.000169243023265, 9.13403346203e-05, 0.000197625166038, 0.000213612933294, 0.000346895016264, 0.00107301492244, 0.000612617470324, 0.00011370768334, 4.52910353488e-05, 2.69785432465e-05, 4.08011255786e-05, 7.76732122176e-05, 0.0001032308719],
        "mean": [0.00152013415936, 0.00617257785052, 0.0074561634101, 0.00364549201913, 0.00227505969815, 0.000822160800453, 0.000308071408654, 0.000304380751913, 0.000143011609907, 8.83257671376e-05, 8.58144921949e-05, 8.57652703417e-05, 2.23780116357e-05, 1.25569622469e-05, 1.94352542167e-05, 1.15198108688e-05, 8.03205693956e-06, 3.31091678163e-06, 3.17558578899e-06, 3.09552387989e-06, 1.69474446921e-06, 2.59979697148e-06, 3.08510107061e-06, 2.43627687269e-06, 1.07767255031e-06, 7.11249413143e-07, 1.03609954749e-06, 1.36658013616e-06, 1.14858482902e-06, 1.48757760599e-06, 2.5089891551e-06, 4.08079631598e-06, 4.33061040894e-06, 3.00867441183e-06, 1.47585092236e-06, 9.64561763794e-07, 7.96499875833e-07, 6.16280715349e-07, 7.57337659252e-07, 1.11948338599e-06],