{
"metadata": {
    "version": {
        "essentia": "2.0.1",
        "extractor": "archive-music 1.0 mod ismir14"
    },
    "audio_properties": {
        "analysis_sample_rate": 44100,
        "bitrate": 128,
        "channels": 2,
        "equal_loudness": 0,
        "length": 30.0669155121,
        "replay_gain": -8.42338752747,
        "downmix": "mix"
    },
    "tags": {
        "track": 7,
        "year": 0,
        "album": "The Cool Jazz Collection",
        "artist": "Astrud Gilberto",
        "comment": "",
        "genre": "Jazz",
        "title": "Girl From Ipanema"
    }
},
"rhythm": {
    "bpm": 130.002792358,
    "bpm_histogram_first_peak": 129,
    "bpm_histogram_first_peak_spread": 0.490909099579,
    "bpm_histogram_first_peak_weight": 0.444444447756,
    "bpm_histogram_second_peak": 136,
    "bpm_histogram_second_peak_spread": 0.199999988079,
    "bpm_histogram_second_peak_weight": 0.0634920671582
},
"tonal": {
    "tuning_frequency": {
        "dmean": 0.145327538252,
        "dmean2": 0.252589941025,
        "dvar": 1.46878302097,
        "dvar2": 3.11296105385,
        "max": 456.04309082,
        "mean": 440.739074707,
        "median": 442.804626465,
        "min": 434.695007324,
        "var": 7.74717998505
    },
    "hpcp": {
        "dmean": [0.0915946513414, 0.140988007188, 0.116920009255, 0.163861647248, 0.104310117662, 0.0901349410415, 0.120176576078, 0.0440713092685, 0.120900258422, 0.101552598178, 0.121441051364, 0.0955845266581],
        "dmean2": [0.169986888766, 0.240194559097, 0.21914434433, 0.29791033268, 0.185013800859, 0.160134479403, 0.214111804962, 0.0794402137399, 0.211196765304, 0.185974746943, 0.224312663078, 0.170916050673],
        "dvar": [0.050613231957, 0.0637187808752, 0.0693477317691, 0.0869723334908, 0.04831404984, 0.0476211719215, 0.0595066100359, 0.0258646570146, 0.0563420318067, 0.0609175898135, 0.066737242043, 0.0474027022719],
        "dvar2": [0.130625188351, 0.132995426655, 0.191481411457, 0.19187656045, 0.114836834371, 0.124581187963, 0.128885105252, 0.060894254595, 0.124005228281, 0.146679207683, 0.166446745396, 0.107817232609],
        "max": [1, 1, 1, 1, 1, 1, 1, 1, 1, 1, 1, 1],
        "mean": [0.0698664039373, 0.244625359774, 0.0719101130962, 0.263394415379, 0.122450441122, 0.0932618156075, 0.215708076954, 0.0639002770185, 0.162328153849, 0.087421528995, 0.112098373473, 0.139210134745],
        "median": [0.00211084261537, 0.0350842028856, 0.0011241317261, 0.0202829316258, 0.00732065550983, 0.00392469810322, 0.0245658680797, 0.00109278247692, 0.0133722852916, 0.00126800290309, 0.00673124520108, 0.00757661974058],
        "min": [0, 1.89695265362e-06, 1.19768435525e-06, 0, 2.39653240897e-06, 0, 2.242964365e-05, 6.39776226308e-06, 0, 0, 0, 0],
        "var": [0.0419005639851, 0.132191985846, 0.0461595840752, 0.157251909375, 0.070369258523, 0.0584048964083, 0.126697286963, 0.0480890981853, 0.0942180082202, 0.0606685094535, 0.0657871887088, 0.0854533612728]
    }
},
"lowlevel": {
    "melbands": {
        "dmean": [0.000257737003267, 0.000725039280951, 0.000800414476544, 0.000428860163083, 0.000248983415077, 9.52505943133e-05, 5.93419317738e-05, 6.50562433293e-05, 2.50353241427e-05, 1.69441609614e-05, 1.49671022882e-05, 1.44639307109e-05, 3.57311637345e-06, 2.52116842603e-06, 3.76827279069e-06, 2.42683540819e-06, 1.98479483515e-06, 6.78827120737e-07, 6.89682167376e-07, 6.72940188906e-07, 4.16824150307e-07, 5.88709610838e-07, 7.33505032713e-07, 6.49102503303e-07, 2.58835171962e-07, 1.55482538844e-07, 2.00412699769e-07, 3.16189101568e-07, 2.65416929324e-07, 3.54257508661e-07, 6.32175840565e-07, 9.02727776975e-07, 1.18691548323e-06, 6.82935137775e-07, 2.8840904065e-07, 1.48308757275e-07, 8.82926443069e-08, 3.20124868836e-08, 1.05508659587e-08, 1.16268550343e-09],
        "dmean2": [0.000357100536348, 0.00104105775245, 0.00116257485934, 0.000652524875477, 0.000361190730473, 0.000143640660099, 9.12473333301e-05, 9.44686544244e-05, 3.67068205378e-05, 2.28994413192e-05, 2.15615636989e-05, 1.99838650587e-05, 5.23707331013e-06, 3.62484956895e-06, 4.9522336667e-06, 3.37178676091e-06, 2.89053332381e-06, 1.04710056803e-06, 1.0467967968e-06, 1.02496630916e-06, 6.6514661512e-07, 9.31424665396e-07, 1.1214094684e-06, 1.07908863356e-06, 4.18138995428e-07, 2.26328793929e-07, 2.92887904152e-07, 4.65582871811e-07, 4.03212055744e-07, 5.39666473287e-07, 9.1225064125e-07, 1.26968859604e-06, 1.98365933102e-06, 9.19138187783e-07, 3.96470852593e-07, 2.03321363301e-07, 1.16042620846e-07, 4.22225916452e-08, 1.41111460294e-08, 1.62135727066e-09],
        "dvar": [3.86388478546e-07, 1.34968558996e-06, 1.06266804778e-06, 5.18458080023e-07, 1.6682534465e-07, 4.25588595476e-08, 3.67667709611e-08, 3.15156505337e-08, 4.98777152913e-09, 3.62442098556e-09, 1.7071473124e-09, 9.1435135019e-09, 8.17212408855e-11, 3.79800184358e-11, 2.21018772728e-10, 8.39830566202e-11, 9.5589564042e-11, 3.6285596923e-12, 8.43333736178e-12, 1.06493624683e-11, 1.946556848e-12, 2.37217472228e-12, 3.55402578027e-12, 4.48134801836e-12, 6.60343470443e-13, 1.58016205372e-13, 3.70300876551e-13, 1.55086783259e-12, 5.84557955426e-13, 1.99090050002e-12, 6.99685665309e-12, 1.50447779235e-11, 5.50401980937e-11, 1.27514075687e-11, 1.19697708776e-12, 1.79135799618e-13, 5.29489748216e-14, 8.82757578244e-15, 1.30504399063e-15, 2.63494926514e-17],
        "dvar2": [7.37019661301e-07, 2.62807679974e-06, 1.84264365544e-06, 1.04999526229e-06, 3.35769954063e-07, 9.13318629614e-08, 7.85411700122e-08, 6.33302477127e-08, 9.38021305075e-09, 6.62197097157e-09, 2.90185386831e-09, 1.55355159848e-08, 1.59511584497e-10, 7.44568712241e-11, 3.89938914491e-10, 1.83379089691e-10, 2.20586646171e-10, 7.47321302064e-12, 1.84935313591e-11, 1.91199747007e-11, 4.96618631635e-12, 5.99565406004e-12, 8.32590767164e-12, 1.13900486265e-11, 1.6699763317e-12, 3.20342466746e-13, 6.84947595603e-13, 3.24214049705e-12, 1.26218978845e-12, 4.6000920087e-12, 1.52232636219e-11, 2.70379604123e-11, 1.50303686164e-10, 2.05968801043e-11, 1.9209861566e-12, 3.14487531069e-13, 8.67267818975e-14, 1.35164842101e-14, 2.03165871069e-15, 5.31112852073e-17],
        "max": [0.00998380966485, 0.0113293016329, 0.0116580426693, 0.0140558080748, 0.00509017333388, 0.00207694526762, 0.00235268939286, 0.00206098589115, 0.00101955898572, 0.00098930275999, 0.000410117238062, 0.00214921240695, 0.000116223818623, 0.000119839758554, 0.00034399292781, 0.000161193471286, 0.000194424865185, 2.30722998822e-05, 4.174501737e-05, 4.26784463343e-05, 1.82243165909e-05, 1.63462555065e-05, 1.77899528353e-05, 2.57796018559e-05, 1.17487525131e-05, 6.59663601255e-06, 1.03116553873e-05, 2.39824057644e-05, 8.43793077365e-06, 2.29530451179e-05, 3.86133651773e-05, 5.9996618802e-05, 0.000119625976367, 8.30983553897e-05, 1.9775592591e-05, 5.09176288688e-06, 2.75491720458e-06, 1.56220983172e-06, 5.44402212199e-07, 9.32159736067e-08],
        "mean": [0.000454367807833, 0.00156566267833, 0.00200112652965, 0.000755492248572, 0.000556767627131, 0.000167067832081, 6.81791643729e-05, 7.84665826359e-05, 3.21164770867e-05, 2.20353667828e-05, 2.07521952689e-05, 2.15154122998e-05, 4.69282394988e-06, 3.15829629471e-06, 5.03804494656e-06, 2.86886870526e-06, 2.04261641557e-06, 8.16520412172e-07, 7.91614240825e-07, 8.10635754078e-07, 4.2767211994e-07, 6.59808165437e-07, 7.77545494657e-07, 6.18263470642e-07, 2.64382123305e-07, 1.83058020298e-07, 2.43198371663e-07, 3.22617182746e-07, 2.73388138794e-07, 3.38764778007e-07, 6.12476981132e-07, 9.83928202913e-07, 1.07604603272e-06, 7.21999413145e-07, 3.24444869193e-07, 1.75573362071e-07, 1.00534620628e-07, 3.73091424422e-08, 1.19129319742e-08, 1.17561560486e-09],