{
"metadata": {
    "version": {
        "essentia": "2.0.1",
        "extractor": "archive-music 1.0 mod ismir14"
    },
    "audio_properties": {
        "analysis_sample_rate": 44100,
        "bitrate": 128,
        "channels": 2,
        "equal_loudness": 0,
        "length": 30.0669155121,
        "replay_gain": -11.7153892517,
        "downmix": "mix"
    },
    "tags": {
        "track": 6,
        "year": 0,
        "album": "Swing Classics (Jazz & Tzaz 70)",
        "artist": "Benny Carter",
        "comment": "",
        "genre": "Jazz",
        "title": "Babalu"
    }
},
"rhythm": {
    "bpm": 92.6367721558,
    "bpm_histogram_first_peak": 94,
    "bpm_histogram_first_peak_spread": 0.555555582047,
    "bpm_histogram_first_peak_weight": 0.355555564165,
    "bpm_histogram_second_peak": 89,
    "bpm_histogram_second_peak_spread": 0,
    "bpm_histogram_second_peak_weight": 0.177777782083
},
"tonal": {
    "tuning_frequency": {
        "dmean": 0.100851505995,
        "dmean2": 0.189560011029,
        "dvar": 1.19205451012,
        "dvar2": 3.34288787842,
        "max": 452.37008667,
        "mean": 438.303985596,
        "median": 438.731048584,
        "min": 431.941772461,
        "var": 7.86255836487
    },
    "hpcp": {
        "dmean": [0.109702460468, 0.12729036808, 0.0686420500278, 0.166291967034, 0.122151620686, 0.102096736431, 0.147507473826, 0.0821320936084, 0.185273364186, 0.0901564285159, 0.181901618838, 0.19590549171],
        "dmean2": [0.200784385204, 0.212300077081, 0.124070085585, 0.278783559799, 0.209424898028, 0.180936843157, 0.252987772226, 0.145231798291, 0.315214544535, 0.161728560925, 0.316346853971, 0.335305422544],
        "dvar": [0.0527172423899, 0.0361588336527, 0.029534207657, 0.0554706081748, 0.0477900989354, 0.0298992414027, 0.0445212386549, 0.0283750630915, 0.0466351471841, 0.0307166669518, 0.0606753379107, 0.0592466294765],
        "dvar2": [0.14986422658, 0.0915128812194, 0.0732628107071, 0.120823889971, 0.110360898077, 0.0771453231573, 0.0937325283885, 0.0734535604715, 0.108502663672, 0.0791101306677, 0.163316786289, 0.126828029752],
        "max": [1, 1, 1, 1, 1, 1, 1, 1, 1, 1, 1, 1],
        "mean": [0.0975109636784, 0.208662569523, 0.0645312741399, 0.43271368742, 0.225626990199, 0.104975022376, 0.309989690781, 0.0688103064895, 0.368748426437, 0.0788361877203, 0.233707845211, 0.338716238737],
        "median": [0.0150564890355, 0.0650419294834, 0.00909598823637, 0.28697270155, 0.0430058278143, 0.0394464470446, 0.145649850368, 0.016053121537, 0.24031932652, 0.0147116053849, 0.117319956422, 0.196946486831],
        "min": [0, 0, 0, 0, 0, 0, 0, 0, 0, 0, 0, 0],
        "var": [0.044545892626, 0.0747741758823, 0.0312975086272, 0.158930391073, 0.117259740829, 0.0308861397207, 0.128412932158, 0.0246061719954, 0.11806511879, 0.0271129608154, 0.0793966725469, 0.12317699939]
    }
},
"lowlevel": {
    "melbands": {
        "dmean": [8.69249288371e-06, 4.06909821322e-05, 2.58808940998e-05, 5.10169084009e-05, 5.27401753061e-05, 8.35354003357e-05, 6.37542325421e-05, 0.000142141288961, 9.51630281634e-05, 7.16059294064e-05, 4.14485293732e-05, 3.48321154888e-05, 3.29919967044e-05, 2.48135602305e-05, 4.95741696795e-05, 4.24216123065e-05, 2.47321240749e-05, 1.64705998031e-05, 1.31928400151e-05, 1.65925903275e-05, 4.89365174872e-06, 6.55534449834e-06, 3.02099920191e-06, 2.8036963613e-06, 3.98421025238e-06, 1.229902864e-06, 6.49091703053e-07, 7.67016274494e-07, 7.85594750141e-07, 7.77962100074e-07, 3.83409144433e-07, 1.87852663203e-07, 1.32410221454e-07, 4.95239902421e-08, 2.01867926819e-08, 1.59245132636e-08, 3.09845726854e-09, 3.03777419886e-10, 3.49577346237e-11, 2.58338901486e-12],
        "dmean2": [1.46178908835e-05, 6.93611364113e-05, 4.02744917665e-05, 7.59450776968e-05, 8.00107445684e-05, 0.000128636456793, 9.90434127743e-05, 0.000212314116652, 0.000144407022162, 0.000110025277536, 6.5929700213e-05, 5.41215777048e-05, 5.14120874868e-05, 3.81818426831e-05, 7.88816032582e-05, 6.90278029651e-05, 3.74350966013e-05, 2.44695438596e-05, 2.04621337616e-05, 2.4985318305e-05, 7.63388015912e-06, 9.91275283013e-06, 4.52413041785e-06, 4.2452074922e-06, 5.99947452429e-06, 1.83568715784e-06, 9.54160441324e-07, 1.18856985409e-06, 1.13586327188e-06, 1.19055971481e-06, 5.42173381746e-07, 2.66667228743e-07, 1.82403340432e-07, 6.95127368999e-08, 2.85261023691e-08, 2.38636541638e-08, 4.65658267501e-09, 4.78455219888e-10, 5.47434424181e-11, 4.2675398805e-12],
        "dvar": [1.1453180071e-10, 2.41554065639e-09, 2.00306149445e-09, 5.82216808098e-09, 5.04189712203e-09, 1.70346030615e-08, 8.07072364495e-09, 8.21690377961e-08, 2.65824269263e-08, 1.40230635992e-08, 5.77857939277e-09, 5.02879560216e-09, 5.77464165374e-09, 2.31406893647e-09, 9.97304905326e-09, 1.00618198218e-08, 2.91072477232e-09, 1.3778551633e-09, 8.34011137929e-10, 1.36599098699e-09, 7.36526464817e-11, 1.85114340523e-10, 2.77445028757e-11, 2.64027098795e-11, 6.52490839137e-11, 7.85762427347e-12, 1.80317555592e-12, 4.21039115031e-12, 2.23863484174e-12, 2.24164610485e-12, 6.42011238009e-13, 2.1135113245e-13, 1.31822653379e-13, 1.94081709525e-14, 2.2377314506e-15, 1.36147787837e-15, 3.84517422374e-17, 5.48121306741e-19, 7.78637469838e-21, 2.92945800628e-23],
        "dvar2": [2.63191912708e-10, 5.72943292809e-09, 5.20817255989e-09, 1.39111770991e-08, 1.00389234703e-08, 3.52212552457e-08, 1.7189865531e-08, 1.49964435536e-07, 5.32446442492e-08, 3.15890602565e-08, 1.21928724894e-08, 1.15965734793e-08, 1.47000882578e-08, 4.74295624997e-09, 2.20299476439e-08, 2.4868494819e-08, 6.46719833242e-09, 2.77800560333e-09, 1.86891324638e-09, 2.94220847685e-09, 1.5633964956e-10, 3.91007615175e-10, 5.7260800268e-11, 5.3125628896e-11, 1.37309524861e-10, 1.69120724369e-11, 3.57212328293e-12, 9.12069898773e-12, 4.54792366961e-12, 4.31382056812e-12, 1.13710093858e-12, 3.94734483815e-13, 2.44967891458e-13, 3.30009965481e-14, 3.84620678338e-15, 2.81435251758e-15, 7.53112809097e-17, 1.14590529669e-18, 1.78469580908e-20, 7.59207245141e-23],
        "max": [8.33642770885e-05, 0.000560656597372, 0.000719152914826, 0.00114657229278, 0.000854237820022, 0.0012342572445, 0.00140098901466, 0.0040242113173, 0.00188060326036, 0.00107980740722, 0.000735030334909, 0.000881588377524, 0.00104361400008, 0.000710730673745, 0.00107174401637, 0.00110155774746, 0.000658295117319, 0.000432778295362, 0.000271621305728, 0.000586201029364, 0.00011075000657, 0.000153084198246, 7.40500399843e-05, 6.02962645644e-05, 6.65496554575e-05, 4.1398598114e-05, 1.30887838168e-05, 2.79056312138e-05, 1.18736661534e-05, 1.30574389914e-05, 7.85160318628e-06, 5.11841653861e-06, 4.0459021875e-06, 1.70057546711e-06, 4.56595842024e-07, 4.25704968166e-07, 5.53864580866e-08, 6.54039400416e-09, 9.85711956503e-10, 5.96754728965e-11],
        "mean": [1.14438898891e-05, 5.51844168513e-05, 3.89114757127e-05, 8.32585865282e-05, 0.000104907179775, 0.000148612976773, 0.000140028379974, 0.000336625555065, 0.000185921162483, 0.000109210152004, 7.26651633158e-05, 5.85723100812e-05, 4.83717703901e-05, 3.67085958715e-05, 7.65080112615e-05, 6.36712138657e-05, 4.37131966464e-05, 2.22016060434e-05, 1.84283017006e-05, 2.5334298698e-05, 7.58199666961e-06, 1.03681204564e-05, 5.29506587554e-06, 4.28966768595e-06, 6.07040874456e-06, 1.96879864234e-06, 1.02131468793e-06, 1.12944576358e-06, 1.15755335628e-06, 1.23060260648e-06, 5.80163259656e-07, 2.70949954029e-07, 1.76093180926e-07, 6.98897153484e-08, 2.91314652401e-08, 2.38815847098e-08, 5.09803710358e-09, 4.29453417272e-10, 4.43448229526e-11, 2.794538689e-12],