{
"metadata": {
    "version": {
        "essentia": "2.0.1",
        "extractor": "archive-music 1.0 mod ismir14"
    },
    "audio_properties": {
        "analysis_sample_rate": 44100,
        "bitrate": 32,
        "channels": 2,
        "equal_loudness": 0,
        "length": 30.0408172607,
        "replay_gain": -10.0199260712,
        "downmix": "mix"
    },
    "tags": {
        "track": 0,
        "year": 0,
        "album": "",
        "artist": "",
        "comment": "",
        "genre": "",
        "title": ""
    }
},
"rhythm": {
    "bpm": 172.265594482,
    "bpm_histogram_first_peak": 172,
    "bpm_histogram_first_peak_spread": 0,
    "bpm_histogram_first_peak_weight": 0.529411792755,
    "bpm_histogram_second_peak": 178,
    "bpm_histogram_second_peak_spread": 0,
    "bpm_histogram_second_peak_weight": 0.282352954149
},
"tonal": {
    "tuning_frequency": {
        "dmean": 0.0902734622359,
        "dmean2": 0.179319813848,
        "dvar": 1.77260279655,
        "dvar2": 3.5278775692,
        "max": 455.779724121,
        "mean": 441.294281006,
        "median": 432.940917969,
        "min": 431.443084717,
        "var": 116.542549133
    },
    "hpcp": {
        "dmean": [0.121662132442, 0.120673805475, 0.166009142995, 0.131841957569, 0.0824223533273, 0.0748820751905, 0.0942792966962, 0.0931106358767, 0.105792440474, 0.0951260402799, 0.112469777465, 0.0831472501159],
        "dmean2": [0.227421760559, 0.224066570401, 0.307686060667, 0.243293732405, 0.156180292368, 0.141031473875, 0.175934121013, 0.176352217793, 0.201847985387, 0.173085257411, 0.202405065298, 0.154402196407],
        "dvar": [0.0725843980908, 0.0688177570701, 0.0883757248521, 0.0728324949741, 0.0487944036722, 0.0432447753847, 0.0619519986212, 0.0593522153795, 0.0676963180304, 0.0509871244431, 0.056740667671, 0.043278336525],
        "dvar2": [0.19965043664, 0.18394741416, 0.240158766508, 0.197258099914, 0.138239055872, 0.118682987988, 0.169871091843, 0.158014073968, 0.195068776608, 0.142934292555, 0.148688882589, 0.120650425553],
        "max": [1, 1, 1, 1, 1, 1, 1, 1, 1, 1, 1, 1],
        "mean": [0.118690997362, 0.137142241001, 0.150910153985, 0.296549141407, 0.0597830116749, 0.086673848331, 0.127371430397, 0.120456591249, 0.0808302462101, 0.0915845632553, 0.242425560951, 0.0707184672356],
        "median": [0.00816258229315, 0.00760769005865, 0.0189487878233, 0.0198117177933, 0.000854287180118, 0.00561162363738, 0.000407504732721, 0.00238259881735, 0.00140406342689, 0.00212416285649, 0.0262300726026, 0.00267128902487],
        "min": [0, 0, 0, 0, 0, 0, 0, 0, 0, 0, 0, 0],
        "var": [0.0720529481769, 0.0844591632485, 0.0821156725287, 0.174988090992, 0.037606600672, 0.0549365915358, 0.0952250808477, 0.0865778848529, 0.0561990737915, 0.0544117614627, 0.140577077866, 0.0385011658072]
    }
},
"lowlevel": {
    "melbands": {
        "dmean": [8.76280864759e-06, 0.000148307415657, 0.000384254963137, 0.00135536363814, 0.00154216110241, 0.000825541908853, 0.000274440913927, 0.000215073785512, 0.000115820752399, 7.84321091487e-05, 5.0494018069e-05, 3.83293736377e-05, 5.29390345037e-05, 2.69351148745e-05, 2.57137653534e-05, 2.00591257453e-05, 3.65353953384e-05, 2.13705516217e-05, 2.34498729696e-05, 7.04780313754e-06, 1.01668119896e-05, 9.15428427106e-06, 5.61706247026e-06, 6.73843987897e-06, 1.44067053043e-05, 1.37956731123e-05, 5.10484323968e-06, 2.87200737148e-06, 7.94518825842e-07, 5.35065623808e-07, 2.28323571605e-07, 3.80474887152e-08, 6.34027230717e-09, 1.6770596023e-09, 7.81297304631e-10, 4.10611988855e-10, 2.60921950712e-10, 1.72077990745e-10, 1.37927350097e-10, 1.14357863457e-10],
        "dmean2": [1.38212444654e-05, 0.000238086751779, 0.000667841988616, 0.0021123518236, 0.00239434838295, 0.00127541518304, 0.000395880604628, 0.000322701031109, 0.000155583809828, 9.5591043646e-05, 5.94285083935e-05, 4.76493696624e-05, 6.02816726314e-05, 3.18010970659e-05, 3.24938700942e-05, 2.80502717942e-05, 4.80725429952e-05, 3.02267744701e-05, 3.42345774698e-05, 1.02176836663e-05, 1.5757725123e-05, 1.31874603539e-05, 7.63246134738e-06, 9.33823594096e-06, 1.93391115317e-05, 1.78465670615e-05, 7.29704515834e-06, 4.30274349128e-06, 1.14476756607e-06, 7.92783566794e-07, 3.46351555436e-07, 5.65609425962e-08, 9.18138720607e-09, 2.52370502274e-09, 1.23850263378e-09, 6.66367128144e-10, 4.56392312831e-10, 3.19129028759e-10, 2.61969973492e-10, 2.19156290338e-10],
        "dvar": [2.45309356162e-10, 5.48435536984e-08, 7.26760504222e-07, 8.09607627161e-06, 9.42594397202e-06, 2.34913113673e-06, 3.14001169954e-07, 2.9279493674e-07, 1.97429045556e-07, 1.46496120124e-07, 4.43541416928e-08, 3.09149292832e-08, 5.3177629411e-08, 1.15878400209e-08, 2.24865388532e-08, 3.32570482264e-09, 1.36050655186e-08, 2.87638668439e-09, 3.33976268863e-09, 2.77048606279e-10, 9.32412591581e-10, 7.00888402871e-10, 3.37774724857e-10, 3.35105443394e-10, 2.22132001682e-09, 2.16448436952e-09, 3.0780755722e-10, 1.29987673403e-10, 9.46100489618e-12, 1.35126475981e-11, 2.46846857191e-12, 5.23146420118e-14, 3.0130598825e-15, 8.16148206938e-17, 2.20092544706e-17, 1.05664820725e-17, 9.81896474325e-18, 7.48752723545e-18, 6.53107649113e-18, 4.87012180936e-18],
        "dvar2": [6.2848276583e-10, 1.37882480544e-07, 2.30917748922e-06, 2.11388833122e-05, 2.47483512794e-05, 5.96623794991e-06, 5.46748026409e-07, 5.53710606255e-07, 3.41493745282e-07, 2.71907794058e-07, 6.87188830284e-08, 5.22757517274e-08, 6.52417142533e-08, 1.77172019278e-08, 4.26599910952e-08, 6.14898842954e-09, 2.37063684239e-08, 5.95627813738e-09, 6.98623958684e-09, 6.05639871587e-10, 2.2958763779e-09, 1.61716173785e-09, 5.63889490657e-10, 6.44462261334e-10, 3.99898958392e-09, 4.41636771598e-09, 7.29641402852e-10, 3.1977573367e-10, 1.90799095273e-11, 2.85441201925e-11, 6.21679357299e-12, 1.21619660415e-13, 7.16807222031e-15, 1.79839388383e-16, 6.09971123154e-17, 3.04198714291e-17, 2.92125880902e-17, 2.24274290119e-17, 1.95003461896e-17, 1.45037782431e-17],
        "max": [0.00029897474451, 0.00800888799131, 0.0167728736997, 0.106531098485, 0.0816710814834, 0.0187426768243, 0.0101994182914, 0.0122795812786, 0.0132019119337, 0.0107616111636, 0.00815147068352, 0.00502745481208, 0.00716576725245, 0.00369771011174, 0.00550319673494, 0.00190610100981, 0.00539275119081, 0.000982364523225, 0.00203963113017, 0.000399352662498, 0.000513433828019, 0.000561707187444, 0.000424780533649, 0.000469211488962, 0.00186731317081, 0.00147237477358, 0.000481741852127, 0.000227298325626, 0.000101484947663, 0.000154840163304, 6.57422351651e-05, 8.44876831252e-06, 2.73600676337e-06, 2.57254527014e-07, 1.30047283164e-07, 1.07167387853e-07, 1.03812297425e-07, 8.84869777451e-08, 8.28826358656e-08, 6.94183910355e-08],
        "mean": [1.20270897241e-05, 0.000256299303146, 0.000603467808105, 0.0032407832332, 0.00361532950774, 0.00177202525083, 0.000705199898221, 0.000559500884265, 0.000296153273666, 0.000177861613338, 0.000161968637258, 9.36368887778e-05, 0.000151672691572, 6.4837942773e-05, 4.9697348004e-05, 4.27173799835e-05, 8.14010199974e-05, 4.20083306381e-05, 5.42146190128e-05, 1.59192259162e-05, 1.84114578587e-05, 1.62000760611e-05, 1.05441567939e-05, 1.41781256389e-05, 3.04797358694e-05, 3.26856861648e-05, 9.30224359763e-06, 4.52966332887e-06, 1.57195563588e-06, 9.48837396209e-07, 3.74590058527e-07, 6.48234816936e-08, 1.07033280017e-08, 3.02709812772e-09, 1.33594180163e-09, 6.69313715562e-10, 3.67327501749e-10, 2.03732211657e-10, 1.35192579354e-10, 9.87673415276e-11],