{
"metadata": {
    "version": {
        "essentia": "2.0.1",
        "extractor": "archive-music 1.0 mod ismir14"
    },
    "audio_properties": {
        "analysis_sample_rate": 44100,
        "bitrate": 32,
        "channels": 2,
        "equal_loudness": 0,
        "length": 30.0408172607,
        "replay_gain": -14.8404006958,
        "downmix": "mix"
    },
    "tags": {
        "track": 0,
        "year": 0,
        "album": "",
        "artist": "",
        "comment": "",
        "genre": "",
        "title": ""
    }
},
"rhythm": {
    "bpm": 109.314041138,
    "bpm_histogram_first_peak": 110,
    "bpm_histogram_first_peak_spread": 0.396226406097,
    "bpm_histogram_first_peak_weight": 0.603773593903,
    "bpm_histogram_second_peak": 0,
    "bpm_histogram_second_peak_spread": 0,
    "bpm_histogram_second_peak_weight": 0
},
"tonal": {
    "tuning_frequency": {
        "dmean": 0.0474782288074,
        "dmean2": 0.086660310626,
        "dvar": 0.755812585354,
        "dvar2": 1.76564443111,
        "max": 455.516601562,
        "mean": 434.60824585,
        "median": 434.193115234,
        "min": 434.193115234,
        "var": 6.34560346603
    },
    "hpcp": {
        "dmean": [0.155575990677, 0.207090452313, 0.246929779649, 0.286406248808, 0.211812600493, 0.155552476645, 0.125316292048, 0.137161850929, 0.202689543366, 0.11736843735, 0.121368423104, 0.126142188907],
        "dmean2": [0.294272184372, 0.399042844772, 0.475615948439, 0.545449018478, 0.405853688717, 0.288303434849, 0.235279202461, 0.256335169077, 0.373109519482, 0.222453087568, 0.228605613112, 0.24116936326],
        "dvar": [0.0867287144065, 0.127619594336, 0.144161865115, 0.149376392365, 0.125424191356, 0.0841507390141, 0.07270167768, 0.0783151686192, 0.0957643985748, 0.0719133540988, 0.0709716007113, 0.0754773020744],
        "dvar2": [0.235132783651, 0.353810220957, 0.37775015831, 0.39016070962, 0.324957162142, 0.228743702173, 0.204523637891, 0.212343379855, 0.244020625949, 0.212152287364, 0.203089863062, 0.213900953531],
        "max": [1, 1, 1, 1, 1, 1, 1, 1, 1, 1, 1, 1],
        "mean": [0.116724893451, 0.136005610228, 0.184277161956, 0.249342858791, 0.143028646708, 0.128118857741, 0.0925136953592, 0.123614661396, 0.230034053326, 0.0764133930206, 0.096952073276, 0.0807360336185],
        "median": [0.00836626347154, 0.00339621654712, 0.00591657310724, 0.0217070393264, 0.00317915412597, 0.00937737524509, 0.00215254304931, 0.00514203263447, 0.024397470057, 0.00198337296024, 0.00440810807049, 0.00293646706268],
        "min": [0, 0, 0, 0, 0, 1.70103163555e-07, 0, 0, 0, 0, 0, 0],
        "var": [0.0685063898563, 0.0925438627601, 0.122536845505, 0.147452145815, 0.0966942310333, 0.0732112303376, 0.0583964362741, 0.0777663588524, 0.127624407411, 0.0484489761293, 0.0584585703909, 0.049461774528]
    }
},
"lowlevel": {
    "melbands": {
        "dmean": [0.00176122435369, 0.00526086520404, 0.00510401464999, 0.00215169135481, 0.0009187006508, 0.000589704839513, 0.000346457061823, 0.000331383227604, 0.000412495835917, 0.000320338702295, 7.23173652659e-05, 8.72535529197e-05, 5.46668161405e-05, 4.99308480357e-05, 5.63354296901e-05, 5.68923387618e-05, 6.3982392021e-05, 4.95571803185e-05, 2.53106609307e-05, 5.09354395035e-05, 2.4285618565e-05, 1.71921838046e-05, 2.00894301088e-05, 1.14361928354e-05, 6.58985663904e-06, 4.44954821432e-06, 2.51170581578e-06, 1.75641423539e-06, 1.93672804016e-06, 1.39688961553e-06, 1.1111310414e-06, 1.01006787645e-06, 8.80563050032e-07, 6.60051057366e-07, 5.8702721617e-07, 4.621649623e-07, 3.39739699484e-07, 2.51213435831e-07, 2.3184529141e-07, 1.83402946163e-07],
        "dmean2": [0.00285598356277, 0.00892621651292, 0.00855519995093, 0.00355321308598, 0.00153148151003, 0.00102046155371, 0.000589747040067, 0.000502622278873, 0.00060233019758, 0.000462936761323, 0.000106833656901, 0.000129965948872, 8.06299212854e-05, 7.33671113267e-05, 8.23289083201e-05, 8.48618074087e-05, 0.000101916688436, 7.56843655836e-05, 3.74877490685e-05, 7.78673929744e-05, 3.83194674214e-05, 2.67421983153e-05, 3.18881975545e-05, 1.83302418009e-05, 1.0562159332e-05, 7.03344676367e-06, 4.08385312767e-06, 2.89259105557e-06, 3.13871078106e-06, 2.27056466429e-06, 1.82928192771e-06, 1.67141195107e-06, 1.38844279718e-06, 1.03061165646e-06, 9.37784307098e-07, 7.42927625197e-07, 4.94250571137e-07, 3.60498830787e-07, 3.53312060497e-07, 2.73628415925e-07],
        "dvar": [1.9051538402e-05, 4.0657883801e-05, 2.74306221399e-05, 8.22298261483e-06, 1.68920917076e-06, 9.17700162972e-07, 2.90100672373e-07, 3.94317908103e-07, 6.99119937053e-07, 6.63624234676e-07, 2.49606841862e-08, 6.53050804544e-08, 2.06213481846e-08, 2.3585691622e-08, 2.66743160893e-08, 2.67863882186e-08, 3.91045240633e-08, 1.61169726454e-08, 3.90368626313e-09, 4.93097651599e-08, 3.36920202848e-09, 1.487947765e-09, 2.7770954425e-09, 8.38656810664e-10, 1.88523419098e-10, 1.2728897103e-10, 4.32353007562e-11, 1.99968236414e-11, 2.15579429308e-11, 1.46802969087e-11, 8.09800143609e-12, 7.93489579598e-12, 5.11812770984e-12, 4.24508952296e-12, 3.48913606341e-12, 3.42543571633e-12, 3.08510877435e-12, 1.82421243909e-12, 2.63988982584e-12, 9.8966234513e-13],
        "dvar2": [3.97207841161e-05, 0.00012086697825, 7.99178014859e-05, 2.15688924072e-05, 4.5453821258e-06, 2.75654338111e-06, 7.94435550233e-07, 8.3849118937e-07, 1.32153411414e-06, 1.28067915739e-06, 4.74197250355e-08, 1.30047752123e-07, 3.83939067206e-08, 4.94295697706e-08, 4.70088465931e-08, 6.32563796898e-08, 1.06564975511e-07, 3.69960488911e-08, 7.54062323693e-09, 1.23204529245e-07, 7.86815235188e-09, 3.54972118366e-09, 7.69241381704e-09, 2.33769603675e-09, 4.78612760535e-10, 3.14434728255e-10, 1.06952328938e-10, 4.91255751356e-11, 5.56185514311e-11, 3.68539469775e-11, 2.05045563861e-11, 1.99305936338e-11, 1.16333930336e-11, 9.19072630501e-12, 8.006869473e-12, 8.07585248674e-12, 4.97748413666e-12, 3.44459378555e-12, 5.7829834671e-12, 1.95927584053e-12],
        "max": [0.0709405466914, 0.0609766915441, 0.0528637580574, 0.0370825380087, 0.0132236275822, 0.013027719222, 0.00823986250907, 0.0118165612221, 0.0196426734328, 0.0194096565247, 0.00662553496659, 0.00932491477579, 0.00477231247351, 0.00416981102899, 0.00388710014522, 0.00331227225251, 0.00362450489774, 0.00267748697661, 0.0012110354146, 0.00597653770819, 0.00123864517082, 0.000967473781202, 0.00119894964155, 0.000516317959409, 0.000244759314228, 0.00027299465728, 0.000170985411387, 8.635193808e-05, 9.64260252658e-05, 9.04812986846e-05, 4.36462287325e-05, 5.24073184351e-05, 4.29182291555e-05, 6.4055340772e-05, 6.95519338478e-05, 7.67251331126e-05, 9.42210608628e-05, 7.24206111045e-05, 8.34234087961e-05, 5.60652770218e-05],
        "mean": [0.0023303902708, 0.00911910925061, 0.0080530885607, 0.0031369139906, 0.00134540349245, 0.00101929961238, 0.000613372540101, 0.000699621916283, 0.000920678605326, 0.000724873156287, 0.000169986044057, 0.000156317139044, 0.000108585132693, 0.000104301565443, 0.000103281308839, 0.000106862033135, 0.000100850658782, 9.49358654907e-05, 5.36743100383e-05, 0.000104363971332, 4.65511075163e-05, 3.15087745548e-05, 4.18536110374e-05, 2.46950912697e-05, 1.20550212159e-05, 7.67281017033e-06, 4.4112643991e-06, 3.03944375446e-06, 3.31471005666e-06, 2.36111031882e-06, 1.88672481727e-06, 1.87225475656e-06, 1.71320118625e-06, 1.32947434395e-06, 1.09805273496e-06, 8.61773571614e-07, 7.20551213362e-07, 4.99690600009e-07, 4.02924143827e-07, 3.54649984047e-07],