{
"metadata": {
    "version": {
        "essentia": "2.0.1",
        "extractor": "archive-music 1.0 mod ismir14"
    },
    "audio_properties": {
        "analysis_sample_rate": 44100,
        "bitrate": 721,
        "channels": 2,
        "equal_loudness": 0,
        "length": 29.9995231628,
        "replay_gain": -8.87201309204,
        "downmix": "mix"
    },
    "tags": {
        "track": 0,
        "year": 0,
        "album": "",
        "artist": "",
        "comment": "",
        "genre": "",
        "title": ""
    }
},
"rhythm": {
    "bpm": 131.233383179,
    "bpm_histogram_first_peak": 133,
    "bpm_histogram_first_peak_spread": 0.5,
    "bpm_histogram_first_peak_weight": 0.428571432829,
    "bpm_histogram_second_peak": 126,
    "bpm_histogram_second_peak_spread": 0.375,
    "bpm_histogram_second_peak_weight": 0.0793650820851
},
"tonal": {
    "tuning_frequency": {
        "dmean": 0.144221678376,
        "dmean2": 0.277041405439,
        "dvar": 1.21372938156,
        "dvar2": 3.03159475327,
        "max": 455.779724121,
        "mean": 437.019378662,
        "median": 438.224517822,
        "min": 433.942382812,
        "var": 5.38762331009
    },
    "hpcp": {
        "dmean": [0.0910209193826, 0.139992088079, 0.110878393054, 0.157643198967, 0.100556746125, 0.0889714434743, 0.121752157807, 0.0375175699592, 0.117039367557, 0.0962613001466, 0.121127963066, 0.0940935835242],
        "dmean2": [0.170087710023, 0.241108521819, 0.207904413342, 0.288368672132, 0.180332303047, 0.158385381103, 0.215630754828, 0.0663885697722, 0.19850024581, 0.176931962371, 0.22244463861, 0.166568726301],
        "dvar": [0.0494537837803, 0.0642868876457, 0.068997040391, 0.0832622423768, 0.0449385493994, 0.0463077388704, 0.060115147382, 0.019972383976, 0.0543034151196, 0.0575582385063, 0.0644280314445, 0.0420538932085],
        "dvar2": [0.127977788448, 0.137130483985, 0.185688897967, 0.185627922416, 0.107739128172, 0.119347162545, 0.131422206759, 0.0497991591692, 0.116802692413, 0.134846583009, 0.156724184752, 0.0917441174388],
        "max": [1, 1, 1, 1, 1, 1, 1, 1, 1, 1, 1, 1],
        "mean": [0.067219093442, 0.241106018424, 0.0733891054988, 0.260331839323, 0.117344595492, 0.0902005955577, 0.214384287596, 0.0584725104272, 0.163070201874, 0.0863745734096, 0.113700054586, 0.139042586088],
        "median": [0.00197593937628, 0.0369151644409, 0.00103851070162, 0.0211232174188, 0.00672332150862, 0.00378180202097, 0.027107656002, 0.000973345129751, 0.012261220254, 0.00130889820866, 0.00672099692747, 0.00740017881617],
        "min": [3.72453951059e-06, 3.61147999683e-06, 1.20272625281e-06, 9.74185149971e-06, 2.42785290538e-06, 5.70034717384e-06, 9.18447040021e-06, 4.6061759349e-06, 9.04015507786e-07, 9.25907272631e-07, 1.40042095609e-06, 8.67615824518e-07],
        "var": [0.0406371131539, 0.131479233503, 0.0492019951344, 0.156094551086, 0.066780410707, 0.0566285662353, 0.12575827539, 0.0436070114374, 0.0953578948975, 0.0596112012863, 0.066387757659, 0.0839476659894]
    }
},
"lowlevel": {
    "melbands": {
        "dmean": [0.000258118729107, 0.000722087337635, 0.000802463502623, 0.000433596258517, 0.000245908420766, 9.39478850341e-05, 5.82173415751e-05, 6.33992021903e-05, 2.48961114266e-05, 1.67217767739e-05, 1.49043598867e-05, 1.49413017425e-05, 3.57272756446e-06, 2.57402621173e-06, 3.79873495149e-06, 2.41041470872e-06, 1.94510153051e-06, 6.99652389358e-07, 7.17960915608e-07, 6.50349704756e-07, 3.9567572685e-07, 5.86831674809e-07, 7.08151162598e-07, 6.3549805418e-07, 2.47547006893e-07, 1.50672391896e-07, 1.97820398284e-07, 3.1423320479e-07, 2.59094207422e-07, 3.52534641479e-07, 6.31813691143e-07, 9.41061841786e-07, 1.2310947568e-06, 6.50213621611e-07, 2.827984531e-07, 1.46911744991e-07, 8.62816023073e-08, 3.15211963198e-08, 1.06468727168e-08, 1.42106593159e-09],
        "dmean2": [0.000358875404345, 0.00103064591531, 0.00117804459296, 0.000660360674374, 0.000358702731319, 0.000141167343827, 8.64867834025e-05, 9.19478115975e-05, 3.53798350261e-05, 2.2209746021e-05, 2.14654828596e-05, 2.03397648875e-05, 5.19502827956e-06, 3.69414442503e-06, 4.92996559842e-06, 3.34802621182e-06, 2.79967798633e-06, 1.08570179691e-06, 1.04641424059e-06, 9.78711909738e-07, 6.35383685221e-07, 9.16818748919e-07, 1.08549386368e-06, 1.06319771476e-06, 3.92389154058e-07, 2.20678714413e-07, 2.86369385094e-07, 4.59497044858e-07, 3.83962145634e-07, 5.54193604785e-07, 9.43735699366e-07, 1.34006211283e-06, 2.06188997254e-06, 9.65022877608e-07, 3.9825798126e-07, 2.06368085287e-07, 1.18975002295e-07, 4.26556212574e-08, 1.37169919867e-08, 1.97651250922e-09],
        "dvar": [3.87795154211e-07, 1.32176910483e-06, 1.07619371192e-06, 5.27312352006e-07, 1.65201711866e-07, 4.1398457995e-08, 3.40053212255e-08, 2.90162489591e-08, 4.65727900689e-09, 3.40674088939e-09, 1.68461766759e-09, 9.68980806704e-09, 7.95500609829e-11, 4.24389343112e-11, 2.14619877426e-10, 7.49242543008e-11, 7.98328972373e-11, 4.40807503346e-12, 9.45505652938e-12, 9.25324834117e-12, 1.71781718624e-12, 2.23650113186e-12, 3.23672794296e-12, 4.25152404601e-12, 5.34188470368e-13, 1.52149668732e-13, 3.88423505599e-13, 1.55976728929e-12, 5.62317716262e-13, 2.16279706818e-12, 7.29442201086e-12, 1.70035426711e-11, 5.72058442283e-11, 1.23837277238e-11, 1.15596876689e-12, 1.88006145482e-13, 5.29737894989e-14, 8.53986410125e-15, 1.30569250023e-15, 3.81473364633e-17],
        "dvar2": [7.4589166843e-07, 2.50327366302e-06, 1.85961710031e-06, 1.09307109142e-06, 3.28450994402e-07, 8.71737526609e-08, 6.97058624155e-08, 5.40364162305e-08, 8.39081337745e-09, 5.91654103488e-09, 2.88509194313e-09, 1.74425629496e-08, 1.52844875645e-10, 8.83949996533e-11, 3.73563763256e-10, 1.59093543894e-10, 1.77124176437e-10, 9.75746653614e-12, 2.16559530725e-11, 1.59753165557e-11, 4.27055699831e-12, 5.58020600214e-12, 7.19517587872e-12, 1.06994179142e-11, 1.29961829059e-12, 2.997331387e-13, 7.28834635873e-13, 3.2093008806e-12, 1.18221122995e-12, 5.05534850093e-12, 1.58777088699e-11, 3.24506810312e-11, 1.57279536617e-10, 2.02870602262e-11, 1.84942057328e-12, 3.40085137785e-13, 8.70635960787e-14, 1.3304385466e-14, 2.00739989884e-15, 7.77368259286e-17],
        "max": [0.0097192088142, 0.0113623701036, 0.0114315897226, 0.0141427395865, 0.00498542562127, 0.00213011656888, 0.0023546917364, 0.00202569155954, 0.00102464319207, 0.000961484445725, 0.000425963924499, 0.00227333488874, 0.000113557187433, 0.000126034530695, 0.000346661079675, 0.000152959866682, 0.000181713068741, 2.98212289636e-05, 4.73087675346e-05, 4.01483302994e-05, 1.62898941198e-05, 1.44154328154e-05, 1.7465215933e-05, 2.38900647673e-05, 1.04005030153e-05, 6.27012423138e-06, 1.0789614862e-05, 2.45339524554e-05, 8.8644292191e-06, 2.33326754824e-05, 3.89509696106e-05, 5.9570727899e-05, 0.000119578180602, 7.31826585252e-05, 1.96114324353e-05, 5.08298171553e-06, 2.72453235084e-06, 1.47426374042e-06, 5.45318982859e-07, 1.10245110818e-07],
        "mean": [0.000455714995041, 0.00157443445642, 0.00201190263033, 0.000757644360419, 0.000557598017622, 0.000167633566889, 6.82002864778e-05, 7.8730583482e-05, 3.21312800224e-05, 2.20968304347e-05, 2.07344164664e-05, 2.15991931327e-05, 4.69794576929e-06, 3.16219029628e-06, 5.05014941155e-06, 2.85385385723e-06, 2.02477031053e-06, 8.17076681869e-07, 7.9423830357e-07, 7.90532567407e-07, 4.22492661301e-07, 6.59118313706e-07, 7.74584009378e-07, 6.16610691395e-07, 2.5874152243e-07, 1.81838188951e-07, 2.42922709504e-07, 3.23253544821e-07, 2.72444509619e-07, 3.39545522365e-07, 6.13340716882e-07, 9.96410221887e-07, 1.08442600322e-06, 7.25349252662e-07, 3.20674502063e-07, 1.74510802253e-07, 1.0003968498e-07, 3.66840779975e-08, 1.18548983963e-08, 1.43332390401e-09],