{
"metadata": {
    "version": {
        "essentia": "2.0.1",
        "extractor": "archive-music 1.0 mod ismir14"
    },
    "audio_properties": {
        "analysis_sample_rate": 44100,
        "bitrate": 721,
        "channels": 2,
        "equal_loudness": 0,
        "length": 29.9995231628,
        "replay_gain": -12.2078838348,
        "downmix": "mix"
    },
    "tags": {
        "track": 0,
        "year": 0,
        "album": "",
        "artist": "",
        "comment": "",
        "genre": "",
        "title": ""
    }
},
"rhythm": {
    "bpm": 92.4695205688,
    "bpm_histogram_first_peak": 92,
    "bpm_histogram_first_peak_spread": 0.54545456171,
    "bpm_histogram_first_peak_weight": 0.444444447756,
    "bpm_histogram_second_peak": 99,
    "bpm_histogram_second_peak_spread": 0,
    "bpm_histogram_second_peak_weight": 0.0222222227603
},
"tonal": {
    "tuning_frequency": {
        "dmean": 0.0864845961332,
        "dmean2": 0.158628195524,
        "dvar": 1.31812870502,
        "dvar2": 3.54711270332,
        "max": 452.631469727,
        "mean": 437.665374756,
        "median": 440.254241943,
        "min": 431.941772461,
        "var": 15.2361679077
    },
    "hpcp": {
        "dmean": [0.104469239712, 0.134640187025, 0.0744930654764, 0.174316495657, 0.131417915225, 0.10896987468, 0.148796409369, 0.0780774950981, 0.196097910404, 0.100727744401, 0.187582790852, 0.196459978819],
        "dmean2": [0.185928419232, 0.23061311245, 0.136940583587, 0.291078418493, 0.227015703917, 0.193598926067, 0.251273155212, 0.140107363462, 0.33299022913, 0.180762156844, 0.324599862099, 0.333717495203],
        "dvar": [0.0479846596718, 0.0426149852574, 0.0323746018112, 0.0589770898223, 0.0510112419724, 0.0346463508904, 0.0460251681507, 0.0268303900957, 0.0519664883614, 0.0413451902568, 0.0601988919079, 0.0594859942794],
        "dvar2": [0.124159663916, 0.105053044856, 0.0775014013052, 0.130242034793, 0.117257267237, 0.0885836258531, 0.0994628667831, 0.0695703998208, 0.130336076021, 0.107832349837, 0.16226400435, 0.12622359395],
        "max": [1, 1, 1, 1, 1, 1, 1, 1, 1, 1, 1, 1],
        "mean": [0.0982970222831, 0.218686699867, 0.0693931728601, 0.430265367031, 0.220265999436, 0.114537879825, 0.310562252998, 0.0662988871336, 0.372427850962, 0.0852645561099, 0.240328758955, 0.343401640654],
        "median": [0.0160809699446, 0.0743700712919, 0.00891275703907, 0.28304451704, 0.0401088967919, 0.0431240312755, 0.137304827571, 0.0162044502795, 0.248968496919, 0.0154552077875, 0.126987010241, 0.200776785612],
        "min": [0.000129784879391, 9.65198487393e-05, 3.77898068109e-05, 0.00059147272259, 3.06495312543e-05, 0.000297133985441, 0.000390712171793, 4.78706751892e-05, 0.00025411482784, 6.19714992354e-05, 0.000292571639875, 0.000128741929075],
        "var": [0.0451338738203, 0.0816364735365, 0.0345422625542, 0.157672286034, 0.112495481968, 0.0366307981312, 0.129975363612, 0.0231341682374, 0.118568584323, 0.033835567534, 0.0803333073854, 0.126728862524]
    }
},
"lowlevel": {
    "melbands": {
        "dmean": [8.65358924784e-06, 4.0643644752e-05, 2.51759738603e-05, 4.96000247949e-05, 5.22584014107e-05, 8.27829790069e-05, 6.40096186544e-05, 0.000142266828334, 9.47877633735e-05, 7.14163907105e-05, 4.05395621783e-05, 3.41311388183e-05, 3.28067653754e-05, 2.51213132287e-05, 5.02404582221e-05, 4.17970004492e-05, 2.43274007516e-05, 1.63656277437e-05, 1.30564276333e-05, 1.61442294484e-05, 4.964841537e-06, 6.58122644381e-06, 3.04461218548e-06, 2.7473092814e-06, 3.92415722672e-06, 1.22437404571e-06, 6.43613645934e-07, 7.63449634178e-07, 7.64081789839e-07, 7.68860502376e-07, 3.79472737677e-07, 1.88080349517e-07, 1.29247013092e-07, 4.9265690194e-08, 2.00598897493e-08, 1.58288706587e-08, 3.0042937027e-09, 2.96734442573e-10, 3.44815113962e-11, 3.2632963172e-12],
        "dmean2": [1.43662546179e-05, 6.87510182615e-05, 3.8446047256e-05, 7.24497658666e-05, 7.9059136624e-05, 0.00012765955762, 9.87025778159e-05, 0.000213382198126, 0.000144075325807, 0.000110318185762, 6.41101214569e-05, 5.29855606146e-05, 5.1603634347e-05, 3.82113030355e-05, 7.85666852607e-05, 6.81557576172e-05, 3.72624599549e-05, 2.47679563472e-05, 1.98634097615e-05, 2.45704522968e-05, 7.75982698542e-06, 1.01038876892e-05, 4.63833202957e-06, 4.30382760896e-06, 5.86582109463e-06, 1.81401048849e-06, 9.53347296218e-07, 1.16082730983e-06, 1.12844429623e-06, 1.16871808586e-06, 5.37769267339e-07, 2.70553670134e-07, 1.79651038934e-07, 7.00822795352e-08, 2.87944104116e-08, 2.38770958561e-08, 4.57660753739e-09, 4.57014093236e-10, 5.40092900958e-11, 5.00556063612e-12],
        "dvar": [1.17414425405e-10, 2.49488407711e-09, 1.57515578358e-09, 4.55275772637e-09, 4.96550756068e-09, 1.72306773294e-08, 8.10139422214e-09, 8.66515108555e-08, 2.61044093008e-08, 1.39374192187e-08, 5.52898882233e-09, 4.850148283e-09, 5.68785551991e-09, 2.34281238853e-09, 1.03478861035e-08, 9.51721901288e-09, 2.80484524495e-09, 1.43217571136e-09, 8.15070066995e-10, 1.31048227825e-09, 7.38439448478e-11, 1.9797453954e-10, 2.84325028799e-11, 2.65945581529e-11, 6.22586843191e-11, 7.63631345657e-12, 1.82631275554e-12, 3.89333313852e-12, 2.20122141001e-12, 2.1915861053e-12, 6.3521469985e-13, 2.11771152372e-13, 1.23526528091e-13, 1.89652625066e-14, 2.25706476587e-15, 1.34134517577e-15, 3.7354831262e-17, 5.26982189199e-19, 7.68696277527e-21, 2.18941616838e-22],
        "dvar2": [2.70060362961e-10, 6.07650774143e-09, 3.92403887162e-09, 1.02596215967e-08, 1.00888835064e-08, 3.64098831085e-08, 1.76415522191e-08, 1.64576889006e-07, 5.24358512166e-08, 3.16487280827e-08, 1.15567457826e-08, 1.09185878117e-08, 1.44184379991e-08, 4.83866235967e-09, 2.35457147113e-08, 2.32848265114e-08, 6.15000939064e-09, 2.91417778797e-09, 1.74922620833e-09, 2.87372725616e-09, 1.59751184503e-10, 4.4329889759e-10, 6.03458533144e-11, 5.23907653371e-11, 1.26275864765e-10, 1.59834628172e-11, 3.74426054398e-12, 8.27415479882e-12, 4.39477230649e-12, 4.17115907786e-12, 1.11579018594e-12, 4.03047061871e-13, 2.23965702754e-13, 3.21470111544e-14, 3.96932683391e-15, 2.82232479168e-15, 7.34648086417e-17, 1.16807022159e-18, 1.80118691475e-20, 2.48458898645e-22],
        "max": [7.67091551097e-05, 0.000595512043219, 0.000616253819317, 0.0009252615273, 0.000777148117777, 0.00129890360404, 0.00143076945096, 0.00412076944485, 0.00186979852151, 0.00105325330514, 0.000743549026083, 0.000850137730595, 0.00105148495641, 0.0007028428372, 0.00107876874972, 0.000946348125581, 0.000598630635068, 0.000446465011919, 0.000267473427812, 0.000573817698751, 0.000113477304694, 0.000148671955685, 7.07354702172e-05, 5.79849547648e-05, 6.62240490783e-05, 4.04803722631e-05, 1.26685536088e-05, 2.4609546017e-05, 1.15550219562e-05, 1.35460632009e-05, 7.8293523984e-06, 5.02240618516e-06, 3.985521289e-06, 1.57035697157e-06, 4.63841246301e-07, 4.03244627023e-07, 5.5911502983e-08, 6.70328459407e-09, 9.02261931834e-10, 3.59885732326e-10],
        "mean": [1.14005142677e-05, 5.48028219782e-05, 3.84765007766e-05, 8.23146256153e-05, 0.000104060338344, 0.000147369661136, 0.000138932708069, 0.00033392990008, 0.000184810749488, 0.000108412466943, 7.18743831385e-05, 5.80652231292e-05, 4.77873254567e-05, 3.64172628906e-05, 7.61560804676e-05, 6.27896079095e-05, 4.31388507423e-05, 2.20535403059e-05, 1.84370655916e-05, 2.50195771514e-05, 7.51741936256e-06, 1.02813000922e-05, 5.25055065737e-06, 4.2503415898e-06, 6.01901820119e-06, 1.96084874915e-06, 1.01160776467e-06, 1.11488759558e-06, 1.14522140393e-06, 1.21798120745e-06, 5.75126080093e-07, 2.69312181445e-07, 1.74356358684e-07, 6.90674113457e-08, 2.85277135248e-08, 2.33441355135e-08, 4.96339858103e-09, 4.06964517641e-10, 4.3288650442e-11, 4.0351034146e-12],