{
"metadata": {
    "version": {
        "essentia": "2.0.1",
        "extractor": "archive-music 1.0 mod ismir14"
    },
    "audio_properties": {
        "analysis_sample_rate": 44100,
        "bitrate": 32,
        "channels": 2,
        "equal_loudness": 0,
        "length": 30.0408172607,
        "replay_gain": -13.5811634064,
        "downmix": "mix"
    },
    "tags": {
        "track": 0,
        "year": 0,
        "album": "",
        "artist": "",
        "comment": "",
        "genre": "",
        "title": ""
    }
},
"rhythm": {
    "bpm": 172.265625,
    "bpm_histogram_first_peak": 172,
    "bpm_histogram_first_peak_spread": 0,
    "bpm_histogram_first_peak_weight": 0.441860467196,
    "bpm_histogram_second_peak": 178,
    "bpm_histogram_second_peak_spread": 0,
    "bpm_histogram_second_peak_weight": 0.430232554674
},
"tonal": {
    "tuning_frequency": {
        "dmean": 0.313423424959,
        "dmean2": 0.60742110014,
        "dvar": 3.15353608131,
        "dvar2": 7.14075374603,
        "max": 456.04309082,
        "mean": 444.729858398,
        "median": 441.782684326,
        "min": 431.443084717,
        "var": 27.5183925629
    },
    "hpcp": {
        "dmean": [0.229257047176, 0.156907081604, 0.229839742184, 0.249858856201, 0.115686886013, 0.215788453817, 0.264286845922, 0.275081694126, 0.178696617484, 0.1151933074, 0.244559064507, 0.0821194648743],
        "dmean2": [0.393377125263, 0.275295168161, 0.424921125174, 0.441342175007, 0.203521817923, 0.349847227335, 0.460325807333, 0.482271045446, 0.305120557547, 0.19920489192, 0.452209770679, 0.147346511483],
        "dvar": [0.0459286309779, 0.0332772247493, 0.0590025484562, 0.0600931867957, 0.0280011110008, 0.0598675347865, 0.0656568184495, 0.0468066334724, 0.0398572683334, 0.0204994920641, 0.0683409497142, 0.0151235423982],
        "dvar2": [0.125932395458, 0.0876510441303, 0.168208599091, 0.176393285394, 0.0791054815054, 0.141061469913, 0.146812528372, 0.119917996228, 0.0981436893344, 0.0515899062157, 0.173516392708, 0.0442856661975],
        "max": [1, 1, 1, 1, 1, 1, 1, 1, 1, 0.986534893513, 1, 1],
        "mean": [0.305755674839, 0.181444197893, 0.234993845224, 0.307526797056, 0.131500095129, 0.325274914503, 0.351881235838, 0.401163905859, 0.249089404941, 0.138805553317, 0.786318004131, 0.0994081571698],
        "median": [0.247492864728, 0.11356690526, 0.132327437401, 0.216224864125, 0.0765875577927, 0.146139964461, 0.25412529707, 0.347995311022, 0.137092605233, 0.0850386992097, 1, 0.0711909607053],
        "min": [0.0184378456324, 0.00676268758252, 0.00705571332946, 0.0081823784858, 0.00735194189474, 0.0184887889773, 0.00806523021311, 0.00849085766822, 0.00570714706555, 0.00481056282297, 0.146631091833, 0.00477338442579],
        "var": [0.0655039548874, 0.0396728143096, 0.0612284950912, 0.0727956369519, 0.0254651959985, 0.111286491156, 0.0969416946173, 0.0861210003495, 0.0668547898531, 0.0260612722486, 0.0773179978132, 0.0110052870587]
    }
},
"lowlevel": {
    "melbands": {
        "dmean": [1.46345673784e-05, 6.22622465016e-05, 5.74046025577e-05, 3.79320190405e-05, 1.5559113308e-05, 2.80969579762e-05, 2.87026832666e-05, 3.55193769792e-05, 4.13140587625e-05, 2.28035405598e-05, 1.5760973838e-05, 1.03811726149e-05, 9.11003462534e-06, 5.11677581017e-06, 8.46253260534e-06, 4.86634917252e-06, 6.21212575425e-06, 3.81601103072e-06, 2.54245810538e-06, 2.35079414779e-06, 2.25733197112e-06, 2.30350428865e-06, 3.66226390724e-06, 3.84663007935e-06, 2.39524661083e-06, 1.54871111135e-06, 1.60609022259e-06, 1.01166176592e-06, 4.53554548585e-07, 3.90864897781e-07, 3.54654417833e-07, 1.82838007845e-07, 7.31360572104e-08, 4.80840469663e-08, 4.43696208663e-08, 3.74454742769e-08, 3.0994517175e-08, 2.68469673159e-08, 1.58723860721e-08, 8.07009037374e-09],
        "dmean2": [2.58305390162e-05, 0.000117121846415, 0.000103108723124, 6.88103245921e-05, 2.81076499959e-05, 5.08553021064e-05, 5.11094913236e-05, 6.48139975965e-05, 6.8428904342e-05, 4.05192586186e-05, 2.6869289286e-05, 1.88049361896e-05, 1.65158417076e-05, 8.93380547495e-06, 1.55850721058e-05, 8.64389221533e-06, 1.13989744932e-05, 6.72229862175e-06, 4.59670400232e-06, 3.8874418351e-06, 4.02892874263e-06, 4.09384983868e-06, 6.72545547786e-06, 6.49848470857e-06, 4.14089163314e-06, 2.64281220552e-06, 2.77239337265e-06, 1.74745764525e-06, 7.82229790275e-07, 7.08144739292e-07, 6.08839627603e-07, 3.18227307616e-07, 1.27074955003e-07, 8.37074267679e-08, 7.61061684784e-08, 6.37751895738e-08, 5.64284121651e-08, 4.71474805863e-08, 2.76886460426e-08, 1.47553995689e-08],
        "dvar": [4.53298204528e-10, 4.69509808809e-09, 2.75563238894e-09, 3.01501801303e-09, 2.0146112556e-10, 5.76554970433e-10, 6.87421786161e-10, 1.4412727678e-09, 6.27470653214e-09, 3.58135054945e-09, 4.85439966003e-10, 5.97614124853e-10, 4.96434504615e-10, 1.11635367617e-10, 3.42333356107e-10, 7.21402451664e-11, 2.07377684469e-10, 5.01105996975e-11, 1.46602487094e-11, 2.87506060626e-11, 1.09073097776e-11, 1.06145040674e-11, 3.97906360639e-11, 4.50663881213e-11, 1.63795227381e-11, 7.9599989794e-12, 1.07689811929e-11, 4.98533679616e-12, 4.45950378404e-13, 5.77326869037e-13, 5.15740119882e-13, 1.24747150001e-13, 1.34265860623e-14, 5.28118520459e-15, 5.16205722034e-15, 1.82846355346e-15, 1.25144321633e-15, 6.45577542755e-16, 2.60803985558e-16, 1.1153604118e-16],
        "dvar2": [1.18007348338e-09, 1.54193209312e-08, 7.99390864614e-09, 8.36420710471e-09, 5.5056387227e-10, 1.86079196496e-09, 1.87185800193e-09, 3.82590048531e-09, 1.31308990348e-08, 9.90697568426e-09, 1.21246634954e-09, 1.63770919048e-09, 1.36982047927e-09, 3.20042825575e-10, 1.00532993041e-09, 2.0690843483e-10, 5.88942228319e-10, 1.26093510633e-10, 3.90725091171e-11, 7.0314774836e-11, 2.68209308929e-11, 3.00361090166e-11, 1.15115986188e-10, 1.22209395381e-10, 3.73073238968e-11, 2.11312477932e-11, 2.73936394402e-11, 1.29717590835e-11, 1.09326404266e-12, 1.45073308835e-12, 1.46920333972e-12, 3.48247337001e-13, 2.99403446371e-14, 1.17818691543e-14, 9.85473113296e-15, 3.54614917346e-15, 2.9743322656e-15, 1.58359913978e-15, 6.7759311176e-16, 2.91861322072e-16],
        "max": [0.000166014739079, 0.000411138345953, 0.000263962487224, 0.000329203467118, 8.58509301906e-05, 0.000146369624417, 0.000150481166202, 0.000151355619892, 0.000846369832288, 0.000498782261275, 0.000148714258103, 0.000132261484396, 0.000141339405673, 7.61726769269e-05, 0.000127308274386, 4.65393859486e-05, 8.94113327377e-05, 6.889514043e-05, 2.32624079217e-05, 5.31521291123e-05, 2.02694518521e-05, 2.29967754422e-05, 3.14095341309e-05, 5.0114642363e-05, 3.27649322571e-05, 2.09607842407e-05, 2.40245881287e-05, 1.37668175739e-05, 5.03397495777e-06, 5.12139604325e-06, 4.87794068249e-06, 2.4522341846e-06, 7.68423774389e-07, 5.25632231074e-07, 6.05620471106e-07, 3.82065962867e-07, 3.15930520856e-07, 2.16782638063e-07, 1.5127798747e-07, 1.06662824351e-07],
        "mean": [1.85447042895e-05, 7.19827585272e-05, 7.74475556682e-05, 4.06026010751e-05, 2.19268349611e-05, 3.9993556129e-05, 3.94925846194e-05, 3.00851552311e-05, 4.75494853163e-05, 2.40765948547e-05, 1.85513781616e-05, 8.758875083e-06, 6.9178540798e-06, 4.75320348414e-06, 7.68588779465e-06, 4.15981958213e-06, 4.72416968478e-06, 3.812187515e-06, 2.57265355685e-06, 2.19388766709e-06, 2.10569874071e-06, 2.19608409679e-06, 3.40421252076e-06, 3.73587977265e-06, 2.40333838519e-06, 2.01746843231e-06, 1.6540282104e-06, 9.69732809608e-07, 5.19099387475e-07, 4.21290877739e-07, 3.46383359329e-07, 2.1546892981e-07, 1.05725355581e-07, 8.3693130648e-08, 7.99044599376e-08, 6.67459900683e-08, 6.17481958898e-08, 4.49759589571e-08, 2.38742305925e-08, 1.3292974721e-08],