{
"metadata": {
    "version": {
        "essentia": "2.0.1",
        "extractor": "archive-music 1.0 mod ismir14"
    },
    "audio_properties": {
        "analysis_sample_rate": 44100,
        "bitrate": 32,
        "channels": 2,
        "equal_loudness": 0,
        "length": 30.0408172607,
        "replay_gain": -13.720664978,
        "downmix": "mix"
    },
    "tags": {
        "track": 0,
        "year": 0,
        "album": "",
        "artist": "",
        "comment": "",
        "genre": "",
        "title": ""
    }
},
"rhythm": {
    "bpm": 90.2956161499,
    "bpm_histogram_first_peak": 91,
    "bpm_histogram_first_peak_spread": 0.341463446617,
    "bpm_histogram_first_peak_weight": 0.62790697813,
    "bpm_histogram_second_peak": 85,
    "bpm_histogram_second_peak_spread": 0,
    "bpm_histogram_second_peak_weight": 0.0465116277337
},
"tonal": {
    "tuning_frequency": {
        "dmean": 0.0740588158369,
        "dmean2": 0.134468600154,
        "dvar": 0.15423129499,
        "dvar2": 0.269159495831,
        "max": 454.465301514,
        "mean": 451.057434082,
        "median": 450.544708252,
        "min": 448.726654053,
        "var": 1.80628097057
    },
    "hpcp": {
        "dmean": [0.281260997057, 0.0797057151794, 0.151458263397, 0.16384421289, 0.412407487631, 0.293628782034, 0.119823977351, 0.316295385361, 0.13407933712, 0.0984332561493, 0.122480511665, 0.147958680987],
        "dmean2": [0.490939110518, 0.135478913784, 0.254927843809, 0.306670725346, 0.746182739735, 0.529224276543, 0.206625565886, 0.524556577206, 0.236007526517, 0.173405185342, 0.214126139879, 0.264605730772],
        "dvar": [0.095564134419, 0.0102621652186, 0.030469994992, 0.0558037161827, 0.0898672863841, 0.0815604999661, 0.0139710363001, 0.0874385163188, 0.0291257295758, 0.0172902848572, 0.0261804554611, 0.0310040898621],
        "dvar2": [0.170054495335, 0.0252867694944, 0.0753479748964, 0.156461238861, 0.238027021289, 0.19337618351, 0.0339101068676, 0.194600641727, 0.0850592553616, 0.0494140945375, 0.0729694068432, 0.0861083939672],
        "max": [1, 0.629453778267, 1, 1, 1, 1, 0.613788068295, 1, 1, 1, 1, 1],
        "mean": [0.562115967274, 0.0840859413147, 0.184509813786, 0.149121508002, 0.41349413991, 0.390009820461, 0.129824578762, 0.428482443094, 0.123024106026, 0.100486055017, 0.119921855628, 0.147606447339],
        "median": [0.520034372807, 0.0494138933718, 0.105104103684, 0.0742290988564, 0.273141205311, 0.264644771814, 0.0758148953319, 0.303359866142, 0.0674334168434, 0.0680463984609, 0.0705361068249, 0.0852778628469],
        "min": [0.00728080514818, 0.00231335847639, 0.00976787414402, 0.00498163374141, 0.0122236302122, 0.0101783555001, 0.00515866931528, 0.00721103465185, 0.00150932045653, 0.00435057049617, 0.00318421376869, 0.00430597458035],
        "var": [0.157125294209, 0.0111155435443, 0.041044048965, 0.0488419868052, 0.121211841702, 0.131467744708, 0.0188734028488, 0.141917169094, 0.0254743490368, 0.0142413266003, 0.0223352368921, 0.0294783972204]
    }
},
"lowlevel": {
    "melbands": {
        "dmean": [6.87251376803e-05, 0.000174881424755, 5.00829810335e-05, 3.15639263135e-05, 2.84080724668e-05, 2.09528116102e-05, 2.77671952063e-05, 4.27652557846e-05, 7.30576794012e-05, 5.4958378314e-05, 2.23687893595e-05, 2.58578875219e-05, 3.14089265885e-05, 1.03802649392e-05, 1.79334929271e-05, 2.19935463974e-05, 5.59555155633e-06, 3.74744877263e-06, 1.5574137251e-06, 1.75651837253e-06, 3.31455771629e-06, 2.40782674155e-06, 4.47308821094e-06, 3.59071896128e-06, 1.89932029571e-06, 2.2917372462e-06, 2.01098896468e-06, 1.21560321986e-06, 5.25130246842e-07, 4.6587430802e-07, 2.13196130971e-07, 8.14479363953e-08, 4.55862760873e-08, 4.11682918866e-08, 3.90981185205e-08, 3.6082500543e-08, 3.53398021957e-08, 4.69100278622e-08, 4.61440770039e-08, 3.47841400128e-08],
        "dmean2": [0.000108162101242, 0.000279459840385, 8.93493488547e-05, 5.53300924366e-05, 5.14669336553e-05, 3.82256621378e-05, 4.74480548291e-05, 8.07506512501e-05, 0.000134981251904, 0.000102201258414, 4.35066976934e-05, 4.87619545311e-05, 5.72280659981e-05, 1.95459015231e-05, 3.25120599882e-05, 4.00607641495e-05, 1.05352592072e-05, 6.95689777785e-06, 2.83060353468e-06, 3.10011000693e-06, 6.01973124503e-06, 4.43700673713e-06, 8.4372022684e-06, 6.62853926769e-06, 3.452387773e-06, 4.2425299398e-06, 3.71615055883e-06, 2.21674918066e-06, 9.785982229e-07, 8.83316886302e-07, 3.95376218876e-07, 1.48807174583e-07, 8.55699440194e-08, 7.53986384439e-08, 7.02381584006e-08, 6.48044888862e-08, 6.5159625251e-08, 8.55126316424e-08, 8.51365484777e-08, 6.33833820984e-08],
        "dvar": [2.2223185514e-09, 1.65324856027e-08, 2.72663602807e-09, 6.23213980422e-10, 1.38775158032e-09, 4.37421765476e-10, 1.99038874271e-09, 3.535829185e-09, 7.32964533512e-09, 1.55224721965e-08, 9.85913128915e-09, 2.01988137327e-09, 3.50332274301e-09, 2.36406311194e-10, 6.17263240521e-10, 1.33686295367e-09, 4.02890332207e-10, 6.60302784672e-11, 3.26914905736e-12, 1.79676076534e-12, 1.06262334001e-11, 5.68854555474e-12, 2.29129562546e-11, 9.99307928073e-12, 2.75175108394e-12, 4.99485348915e-12, 4.21927293451e-12, 1.44172000727e-12, 2.75402232486e-13, 2.46939892579e-13, 4.05197217738e-14, 5.93618688886e-15, 1.93298170168e-15, 1.26540157814e-15, 1.01757551377e-15, 1.29164096478e-15, 1.32256465538e-15, 2.7242824221e-15, 2.56930694473e-15, 1.57289560794e-15],
        "dvar2": [5.60264590277e-09, 4.85658979699e-08, 7.45042161299e-09, 1.68409819423e-09, 3.60948870792e-09, 9.71482227996e-10, 5.08704145474e-09, 1.0390027505e-08, 2.13508126734e-08, 4.39803073959e-08, 2.96595423777e-08, 5.98673688401e-09, 9.83943326816e-09, 6.87398304944e-10, 1.61631186213e-09, 3.71684083511e-09, 1.20585796903e-09, 1.9230270154e-10, 9.57462407969e-12, 5.26225764352e-12, 2.78515769475e-11, 1.64505891548e-11, 6.40501054971e-11, 2.67076569194e-11, 8.12605017997e-12, 1.36640846207e-11, 1.17020663992e-11, 4.1097728519e-12, 7.6810937168e-13, 6.88257827466e-13, 1.21937304546e-13, 1.89762993459e-14, 5.83467591936e-15, 3.6040154998e-15, 3.0156782731e-15, 3.82787614336e-15, 4.18251825047e-15, 8.4621632279e-15, 7.90547708134e-15, 4.78215828482e-15],
        "max": [0.000268876785412, 0.000817719846964, 0.00042567611672, 0.000190175822354, 0.000314849952701, 0.000161499163369, 0.000442086457042, 0.000301821477478, 0.00048811204033, 0.000962347141467, 0.000903595006093, 0.00027804999263, 0.000349900336005, 8.52570083225e-05, 0.00013571837917, 0.000172196145286, 0.000181912546395, 5.2084109484e-05, 1.4815560462e-05, 6.82348400005e-06, 1.83493357326e-05, 1.16146939035e-05, 2.33203099924e-05, 1.66855152202e-05, 8.99343740457e-06, 1.37618535518e-05, 1.15581979117e-05, 7.61778073866e-06, 2.87345278593e-06, 3.3334949876e-06, 1.32421826038e-06, 6.15516739799e-07, 2.79968503492e-07, 2.69603617653e-07, 1.93574777541e-07, 1.99400801648e-07, 1.89598964084e-07, 3.10739551423e-07, 3.36156404046e-07, 3.00769471551e-07],
        "mean": [0.0001022077995, 0.000269965297775, 8.71312440722e-05, 4.14317146351e-05, 2.77867457044e-05, 2.2506710593e-05, 2.91977248708e-05, 3.6443972931e-05, 6.08985646977e-05, 3.85842467949e-05, 1.54609660967e-05, 1.89821421372e-05, 2.17779434024e-05, 8.69289669936e-06, 1.49794495883e-05, 1.61118059623e-05, 4.0620125219e-06, 2.94490882879e-06, 1.61968728207e-06, 1.92283096112e-06, 2.88623641609e-06, 2.14781857721e-06, 3.75595368496e-06, 2.96980078929e-06, 1.81618759143e-06, 2.03930062526e-06, 1.65482288139e-06, 9.94239258034e-07, 4.81851657241e-07, 3.82976679703e-07, 2.04416110705e-07, 1.02133419944e-07, 6.40126600615e-08, 5.76266039332e-08, 5.52831345146e-08, 5.69515705706e-08, 4.73315893146e-08, 6.32646219856e-08, 5.83015662414e-08, 4.86325326676e-08],