{
"metadata": {
    "version": {
        "essentia": "2.0.1",
        "extractor": "archive-music 1.0 mod ismir14"
    },
    "audio_properties": {
        "analysis_sample_rate": 44100,
        "bitrate": 64,
        "channels": 2,
        "equal_loudness": 0,
        "length": 30.0669155121,
        "replay_gain": -9.80090904236,
        "downmix": "mix"
    },
    "tags": {
        "track": 0,
        "year": 0,
        "album": "",
        "artist": "",
        "comment": "",
        "genre": "",
        "title": ""
    }
},
"rhythm": {
    "bpm": 172.265563965,
    "bpm_histogram_first_peak": 172,
    "bpm_histogram_first_peak_spread": 0,
    "bpm_histogram_first_peak_weight": 0.511904776096,
    "bpm_histogram_second_peak": 178,
    "bpm_histogram_second_peak_spread": 0,
    "bpm_histogram_second_peak_weight": 0.25
},
"tonal": {
    "tuning_frequency": {
        "dmean": 0.09216298908,
        "dmean2": 0.161373078823,
        "dvar": 0.72242808342,
        "dvar2": 1.63551902771,
        "max": 448.726654053,
        "mean": 434.743988037,
        "median": 433.691802979,
        "min": 432.690917969,
        "var": 2.77129626274
    },
    "hpcp": {
        "dmean": [0.0834968388081, 0.14892603457, 0.156317725778, 0.154715284705, 0.0320786759257, 0.0820309743285, 0.0801007002592, 0.124234989285, 0.0559213645756, 0.0590364262462, 0.144966229796, 0.0634538158774],
        "dmean2": [0.148102089763, 0.269104987383, 0.285684913397, 0.277832090855, 0.0574330724776, 0.143114179373, 0.143434122205, 0.216527715325, 0.0990186706185, 0.103542879224, 0.244438141584, 0.115245491266],
        "dvar": [0.0409940257668, 0.0697451978922, 0.0798835158348, 0.0844140872359, 0.0187219660729, 0.0441312007606, 0.0443239435554, 0.0688575431705, 0.0311244614422, 0.0250570885837, 0.0605088993907, 0.0302243940532],
        "dvar2": [0.103824801743, 0.176680341363, 0.211203858256, 0.167293891311, 0.046623274684, 0.1021245718, 0.0888591110706, 0.134172290564, 0.0723087266088, 0.0605805590749, 0.122035607696, 0.0758484229445],
        "max": [1, 1, 1, 1, 1, 1, 1, 1, 1, 1, 1, 1],
        "mean": [0.0807820186019, 0.187991932034, 0.145077213645, 0.314370304346, 0.0251362547278, 0.109391503036, 0.123572222888, 0.186945199966, 0.0547265037894, 0.0623507499695, 0.332216203213, 0.0525066740811],
        "median": [0.0103528471664, 0.0356531143188, 0.0310764741153, 0.0516960918903, 0.00117694446817, 0.0117130484432, 0.00152660056483, 0.0100973956287, 0.00283258548006, 0.00459787761793, 0.0994201973081, 0.00360238878056],
        "min": [1.4209168512e-05, 3.16597579513e-05, 5.55651058676e-06, 1.00348106571e-05, 2.29863258028e-06, 2.58803120232e-05, 0, 1.9452579636e-06, 1.2675393009e-05, 3.21021730088e-06, 1.13355145004e-06, 1.01820714917e-05],
        "var": [0.0421384759247, 0.101821452379, 0.0716116651893, 0.172253608704, 0.0145716657862, 0.068791821599, 0.0873043164611, 0.11823143065, 0.0358863733709, 0.0335434488952, 0.159427329898, 0.0251444485039]
    }
},
"lowlevel": {
    "melbands": {
        "dmean": [1.71950978256e-06, 4.1266426706e-05, 5.5040945881e-05, 0.000502372742631, 0.000500987807754, 0.000266997289145, 0.000112032874313, 9.60151883191e-05, 5.652323307e-05, 3.95191673306e-05, 3.26235567627e-05, 2.00575996132e-05, 3.38762365573e-05, 1.29261461552e-05, 1.00588640635e-05, 8.4473631432e-06, 1.74958331627e-05, 8.4754819909e-06, 9.85965016298e-06, 2.78110928775e-06, 3.98723932449e-06, 3.86441934097e-06, 2.22840890274e-06, 2.7375474474e-06, 7.03353362042e-06, 7.33153319743e-06, 2.11697624763e-06, 1.15486636787e-06, 3.983487602e-07, 2.5590389896e-07, 9.95117872549e-08, 1.62933329051e-08, 2.90218693522e-09, 7.42097494566e-10, 2.60123977913e-10, 1.08307626756e-10, 4.92700151511e-11, 2.11970840186e-11, 1.14902158968e-11, 3.22470435771e-12],
        "dmean2": [2.74272565548e-06, 6.37327611912e-05, 8.22198417154e-05, 0.000774228770752, 0.000784931180533, 0.000413978355937, 0.000174694345333, 0.000148411694681, 9.05417837203e-05, 6.46114058327e-05, 4.91945029353e-05, 3.10939503834e-05, 5.26670482941e-05, 1.99157730094e-05, 1.65182609635e-05, 1.33998264573e-05, 2.83343742922e-05, 1.34530118885e-05, 1.4998208826e-05, 4.24858899351e-06, 6.44143847239e-06, 6.37134417047e-06, 3.64483344129e-06, 4.21671029471e-06, 1.09000702651e-05, 1.1237214494e-05, 3.38400832334e-06, 1.87020748399e-06, 6.19313595962e-07, 3.92522906623e-07, 1.52864075176e-07, 2.61796291312e-08, 4.60899629573e-09, 1.18721743547e-09, 4.18115236878e-10, 1.72419162281e-10, 7.45726674856e-11, 3.2631793101e-11, 1.79353164265e-11, 5.4826121941e-12],
        "dvar": [4.8356002362e-12, 7.99243959904e-09, 1.15468692385e-08, 1.82035785201e-06, 8.27033488804e-07, 1.43590483503e-07, 4.87780518199e-08, 6.09192980505e-08, 4.40905303378e-08, 1.55421275849e-08, 1.28802231103e-08, 5.49874012989e-09, 1.48621186469e-08, 1.9835673104e-09, 1.69234593006e-09, 4.03679895067e-10, 3.34768324173e-09, 3.2194411026e-10, 4.28896890226e-10, 2.62400205731e-11, 5.25682275487e-11, 6.96426458169e-11, 2.89807223358e-11, 3.6054471908e-11, 3.9255929063e-10, 3.85477427756e-10, 2.01144031986e-11, 7.90897295572e-12, 1.66147390984e-12, 1.65575918861e-12, 3.13609788095e-13, 4.19374990735e-15, 5.46635412428e-16, 1.47153065237e-17, 7.24024055735e-19, 1.50476677455e-19, 8.80118556169e-20, 4.24498944475e-20, 1.39023987058e-20, 4.35945892268e-22],
        "dvar2": [1.17557838464e-11, 1.29412267569e-08, 2.2492974594e-08, 3.83230008083e-06, 1.88424962744e-06, 3.38084817031e-07, 1.2320094811e-07, 1.48423637825e-07, 1.09748881982e-07, 3.55699469878e-08, 2.79465428576e-08, 1.18581322539e-08, 3.25618287889e-08, 3.75828790311e-09, 3.70100639024e-09, 8.66671678867e-10, 5.77941072777e-09, 7.87161336113e-10, 8.15320422287e-10, 5.79493501796e-11, 1.30358876471e-10, 1.75201603225e-10, 6.71797686924e-11, 6.94773266696e-11, 9.36260957651e-10, 7.65396024338e-10, 4.98567506724e-11, 1.92644407371e-11, 3.81952629247e-12, 4.00421709679e-12, 7.36487910588e-13, 9.44082085999e-15, 1.35776469769e-15, 3.41847542086e-17, 1.74245037687e-18, 3.91308180225e-19, 2.2093919198e-19, 1.06363380957e-19, 3.48391995019e-20, 1.09694216352e-21],
        "max": [3.18644997606e-05, 0.00223354413174, 0.00163007120136, 0.0302626397461, 0.0139776635915, 0.00360758602619, 0.00215090066195, 0.00277357175946, 0.00275117298588, 0.00146801501978, 0.00141108001117, 0.000915721117053, 0.00169029575773, 0.000613138487097, 0.000533917511348, 0.000286455993773, 0.00126937124878, 0.000182446005056, 0.000423790013883, 8.07458563941e-05, 7.00664677424e-05, 0.000106214225525, 5.46494484297e-05, 8.68137867656e-05, 0.000302970089251, 0.000313540862408, 4.14498281316e-05, 2.64169993898e-05, 2.09037079912e-05, 2.47900115937e-05, 1.15277198347e-05, 1.10215194127e-06, 4.89061733333e-07, 6.4663709054e-08, 1.11612745712e-08, 4.97452390391e-09, 4.77729811266e-09, 3.37891403746e-09, 1.60187441089e-09, 3.42043560142e-10],
        "mean": [2.27069381253e-06, 7.21507240087e-05, 0.00010670357733, 0.000873504322954, 0.000832873512991, 0.000384016952012, 0.00014779806952, 0.000147019469296, 6.51578229736e-05, 4.15764588979e-05, 3.97021358367e-05, 2.13608436752e-05, 3.78280237783e-05, 1.42121543831e-05, 1.17999024951e-05, 9.4615497801e-06, 2.01079037652e-05, 9.64854643826e-06, 1.28798537844e-05, 3.65907499145e-06, 4.310987606e-06, 3.85169141737e-06, 2.45782030106e-06, 3.34694868798e-06, 7.10270933268e-06, 7.94560673967e-06, 2.16356465899e-06, 1.07524226678e-06, 3.72437881424e-07, 2.18337603997e-07, 8.67250165015e-08, 1.49644705516e-08, 2.54182230819e-09, 7.53740847514e-10, 3.00623276273e-10, 1.26860119631e-10, 5.12635107974e-11, 1.71194725063e-11, 7.16998465808e-12, 2.09434943346e-12],