{
"metadata": {
    "version": {
        "essentia": "2.0.1",
        "extractor": "archive-music 1.0 mod ismir14"
    },
    "audio_properties": {
        "analysis_sample_rate": 44100,
        "bitrate": 64,
        "channels": 2,
        "equal_loudness": 0,
        "length": 30.0669155121,
        "replay_gain": -14.3417758942,
        "downmix": "mix"
    },
    "tags": {
        "track": 0,
        "year": 0,
        "album": "",
        "artist": "",
        "comment": "",
        "genre": "",
        "title": ""
    }
},
"rhythm": {
    "bpm": 109.229476929,
    "bpm_histogram_first_peak": 110,
    "bpm_histogram_first_peak_spread": 0.471698105335,
    "bpm_histogram_first_peak_weight": 0.528301894665,
    "bpm_histogram_second_peak": 0,
    "bpm_histogram_second_peak_spread": 0,
    "bpm_histogram_second_peak_weight": 0
},
"tonal": {
    "tuning_frequency": {
        "dmean": 0.109954364598,
        "dmean2": 0.19580899179,
        "dvar": 0.577803730965,
        "dvar2": 1.12077355385,
        "max": 448.726654053,
        "mean": 441.88772583,
        "median": 441.527557373,
        "min": 434.444000244,
        "var": 2.01395320892
    },
    "hpcp": {
        "dmean": [0.130817383528, 0.0765327960253, 0.073852583766, 0.132272869349, 0.0707749202847, 0.108473092318, 0.0545055419207, 0.0835762172937, 0.10650537163, 0.050747346133, 0.122756130993, 0.0824447572231],
        "dmean2": [0.233943775296, 0.140989035368, 0.131491079926, 0.222491845489, 0.129585295916, 0.191815793514, 0.10316491127, 0.144971013069, 0.178870335221, 0.0922509878874, 0.207875147462, 0.153742477298],
        "dvar": [0.0676599964499, 0.0428164415061, 0.0368057861924, 0.0576149635017, 0.0342716425657, 0.0472011230886, 0.0250335596502, 0.0300217885524, 0.0431544743478, 0.0230909474194, 0.0521551594138, 0.0453549958766],
        "dvar2": [0.179241940379, 0.105301305652, 0.0981118306518, 0.124099180102, 0.0889318361878, 0.119381606579, 0.0726939439774, 0.0753776356578, 0.103590302169, 0.063424937427, 0.13180243969, 0.122092612088],
        "max": [1, 1, 1, 1, 1, 1, 1, 1, 1, 1, 1, 1],
        "mean": [0.164712950587, 0.208058401942, 0.0550580844283, 0.41450291872, 0.0502910651267, 0.218646034598, 0.0340716838837, 0.102884292603, 0.20075596869, 0.0354451723397, 0.216924443841, 0.0547111816704],
        "median": [0.02340304479, 0.00489197811112, 0.00377906463109, 0.16123573482, 0.00328763131984, 0.038434188813, 0.00260527338833, 0.0118052996695, 0.0563349723816, 0.00256931083277, 0.0535497367382, 0.00251081236638],
        "min": [1.38547670758e-06, 8.93646938493e-06, 3.05630237563e-06, 1.81967025128e-05, 2.72225133813e-06, 2.11047790799e-06, 2.65703511104e-06, 3.20967483276e-05, 5.80631592584e-07, 2.16574494516e-06, 5.12623955728e-06, 2.1714331524e-06],
        "var": [0.0922294855118, 0.144370943308, 0.0280240178108, 0.189890295267, 0.0266455635428, 0.121442742646, 0.0145669812337, 0.0500055626035, 0.0979982987046, 0.0148811116815, 0.105566956103, 0.0304898377508]
    }
},
"lowlevel": {
    "melbands": {
        "dmean": [0.000515686173458, 0.000873595010489, 0.000635378004517, 0.000401702593081, 0.00016551547742, 0.000154620822286, 8.90477385838e-05, 0.000122823286802, 0.000168638740433, 0.000112627669296, 2.76102509815e-05, 3.35049990099e-05, 2.0576397219e-05, 2.19775083679e-05, 2.15275413211e-05, 2.11559654417e-05, 1.97349472728e-05, 1.65455858223e-05, 9.54320421442e-06, 1.55258439918e-05, 7.19399758964e-06, 5.12215183335e-06, 5.35584786121e-06, 3.58174406756e-06, 2.09045242627e-06, 1.53361372668e-06, 9.14454005851e-07, 6.72954399761e-07, 7.13962663212e-07, 5.35219840003e-07, 4.63463550204e-07, 4.63410003704e-07, 4.15804578324e-07, 2.992406678e-07, 2.52601154216e-07, 1.83316871016e-07, 9.75801128789e-08, 2.60936197094e-08, 6.0080691533e-09, 4.87287821205e-10],
        "dmean2": [0.000886417226866, 0.00142240326386, 0.000969525484834, 0.000665087776724, 0.000266900693532, 0.000233700993704, 0.000142775796121, 0.0001888598199, 0.000260976550635, 0.000178768430487, 4.17287956225e-05, 5.58078827453e-05, 3.11005060212e-05, 3.50007176166e-05, 3.43697392964e-05, 3.37513374689e-05, 3.27749366988e-05, 2.60811229964e-05, 1.49249217429e-05, 2.3310763936e-05, 1.14203130579e-05, 8.12279267848e-06, 8.47287083161e-06, 5.72329417992e-06, 3.37056440003e-06, 2.4104269869e-06, 1.43613033288e-06, 1.00519878288e-06, 1.042589588e-06, 7.86851671819e-07, 6.87995679982e-07, 6.64389176563e-07, 6.0175540284e-07, 4.3505124836e-07, 3.55768378313e-07, 2.56835022583e-07, 1.36133209594e-07, 3.97058492752e-08, 9.06577746207e-09, 8.46828662748e-10],
        "dvar": [1.90688274415e-06, 1.49085371959e-06, 5.55946996883e-07, 5.42131260772e-07, 4.69924010815e-08, 7.46858788148e-08, 2.19172466842e-08, 6.37055137531e-08, 1.00633769762e-07, 7.55008855435e-08, 4.3742716116e-09, 1.01555004406e-08, 3.00427371869e-09, 3.0530564743e-09, 3.77649067573e-09, 2.52311749271e-09, 1.67343761071e-09, 1.72455127956e-09, 4.47187398223e-10, 2.32184360627e-09, 2.03750974426e-10, 7.85355599997e-11, 1.41991224334e-10, 5.18189553766e-11, 1.29256674808e-11, 8.61958334569e-12, 2.51097385072e-12, 1.52854855509e-12, 1.66586601284e-12, 1.08901245226e-12, 8.44023418864e-13, 9.21554282537e-13, 7.81687702848e-13, 5.59647434731e-13, 6.33244216612e-13, 5.24197547348e-13, 2.03135929302e-13, 9.54855667462e-15, 5.25475629433e-16, 1.41588770148e-17],
        "dvar2": [5.18441129316e-06, 3.76604998564e-06, 1.40780514357e-06, 1.53350174514e-06, 1.2695967655e-07, 1.59361604801e-07, 5.22983576445e-08, 1.37127415201e-07, 2.15499653677e-07, 1.73191764929e-07, 7.54302043049e-09, 2.40869759693e-08, 6.86129641991e-09, 7.38361416452e-09, 8.71782468437e-09, 5.85087622795e-09, 4.22988311044e-09, 3.5602061299e-09, 9.74117453367e-10, 5.49944978445e-09, 5.02243024947e-10, 2.10401016054e-10, 3.34177574501e-10, 1.28707544622e-10, 3.07054694171e-11, 2.17338647079e-11, 5.96281054047e-12, 3.46207416034e-12, 3.69329306721e-12, 2.42773574681e-12, 1.83709124302e-12, 1.92469347751e-12, 1.44663805674e-12, 1.01510347437e-12, 1.02310954847e-12, 9.12736791529e-13, 3.94176526272e-13, 1.69839948447e-14, 8.9005438592e-16, 3.78178836602e-17],
        "max": [0.00969479605556, 0.00951454695314, 0.00844330806285, 0.00602853298187, 0.00167621788569, 0.00247660768218, 0.00137595809065, 0.00262110144831, 0.00375866889954, 0.00426797103137, 0.00115466443822, 0.0015279725194, 0.000880352628883, 0.000517121108714, 0.000679207150824, 0.000521293375641, 0.000404130929383, 0.000584927387536, 0.000223361785174, 0.00112289772369, 0.000252561061643, 9.25498243305e-05, 0.000196093722479, 9.86283703241e-05, 3.67914726667e-05, 3.35638105753e-05, 1.67594316736e-05, 1.0235760783e-05, 1.13212518045e-05, 9.2823884188e-06, 8.03128386906e-06, 8.87395526661e-06, 1.19006299428e-05, 1.16418141261e-05, 1.78814771061e-05, 1.71512183442e-05, 1.05765711851e-05, 1.82948713245e-06, 5.0303452781e-07, 7.56987859063e-08],
        "mean": [0.000650044414215, 0.0026577997487, 0.00192418519873, 0.000727120961528, 0.000305390974972, 0.000267264869763, 0.000142564269481, 0.000175741603016, 0.000240119843511, 0.000177654117579, 3.81314239348e-05, 3.92674737668e-05, 2.67663490376e-05, 2.63494839601e-05, 2.55519789789e-05, 2.78490933852e-05, 2.50239863817e-05, 2.36505475186e-05, 1.33533931148e-05, 2.73921050393e-05, 1.17006738947e-05, 8.18205808173e-06, 1.08714002636e-05, 6.54541054246e-06, 3.217469839e-06, 2.09133963835e-06, 1.16969863484e-06, 8.21942762741e-07, 8.90783155683e-07, 6.50960714665e-07, 5.51449318209e-07, 5.4689303397e-07, 5.00947294313e-07, 3.66615296343e-07, 3.01872347563e-07, 1.99156971803e-07, 1.04003163415e-07, 3.01588372054e-08, 5.93893823009e-09, 3.40147132682e-10],