{
"metadata": {
    "version": {
        "essentia": "2.0.1",
        "extractor": "archive-music 1.0 mod ismir14"
    },
    "audio_properties": {
        "analysis_sample_rate": 44100,
        "bitrate": 128,
        "channels": 2,
        "equal_loudness": 0,
        "length": 30.0669155121,
        "replay_gain": -9.77210235596,
        "downmix": "mix"
    },
    "tags": {
        "track": 0,
        "year": 0,
        "album": "",
        "artist": "",
        "comment": "",
        "genre": "",
        "title": ""
    }
},
"rhythm": {
    "bpm": 172.265594482,
    "bpm_histogram_first_peak": 172,
    "bpm_histogram_first_peak_spread": 0,
    "bpm_histogram_first_peak_weight": 0.5,
    "bpm_histogram_second_peak": 178,
    "bpm_histogram_second_peak_spread": 0,
    "bpm_histogram_second_peak_weight": 0.27380952239
},
"tonal": {
    "tuning_frequency": {
        "dmean": 0.0232630595565,
        "dmean2": 0.0405660122633,
        "dvar": 0.0318089127541,
        "dvar2": 0.0571695528924,
        "max": 435.952270508,
        "mean": 434.68447876,
        "median": 434.695007324,
        "min": 433.942382812,
        "var": 0.0335721559823
    },
    "hpcp": {
        "dmean": [0.127835229039, 0.209511294961, 0.180124640465, 0.276931464672, 0.0394496880472, 0.155115172267, 0.172777399421, 0.267508625984, 0.0953828394413, 0.0906722918153, 0.248109728098, 0.0868459194899],
        "dmean2": [0.237101584673, 0.388290643692, 0.313568383455, 0.501909792423, 0.0687963664532, 0.27048265934, 0.313504785299, 0.468093365431, 0.169948786497, 0.160238355398, 0.42760387063, 0.157874569297],
        "dvar": [0.0540532544255, 0.0784724876285, 0.0527751520276, 0.113325446844, 0.0068543353118, 0.0771568417549, 0.100783593953, 0.107338190079, 0.0456869527698, 0.0285037029535, 0.0784481838346, 0.0257582049817],
        "dvar2": [0.147358462214, 0.184943526983, 0.131099030375, 0.253705501556, 0.0203417576849, 0.180756241083, 0.242812424898, 0.275529175997, 0.127385750413, 0.0711267143488, 0.146868616343, 0.0749224498868],
        "max": [1, 1, 1, 1, 0.539981126785, 1, 1, 1, 1, 1, 1, 1],
        "mean": [0.105008490384, 0.239480212331, 0.176229536533, 0.400198847055, 0.0324566699564, 0.14667236805, 0.185531795025, 0.228848487139, 0.0670436024666, 0.0757185965776, 0.377653330564, 0.0707600042224],
        "median": [0.023239877075, 0.100219041109, 0.0744611173868, 0.150366857648, 0.00745384953916, 0.0261128228158, 0.0164121482521, 0.0470865741372, 0.0124517334625, 0.0193166937679, 0.20020224154, 0.0232452973723],
        "min": [0.000871553376783, 0.00460649374872, 0.000584671914112, 0.000170230472577, 7.22392142052e-05, 0.00113467511255, 0.000140177129651, 0.00036131075467, 0.00040917377919, 0.000121110773762, 0.000904383312445, 0.000538322841749],
        "var": [0.0434256270528, 0.0992528051138, 0.0621692724526, 0.173823148012, 0.00549707980826, 0.0819196105003, 0.120495967567, 0.113550759852, 0.0324952788651, 0.0251435618848, 0.145269498229, 0.0190032143146]
    }
},
"lowlevel": {
    "melbands": {
        "dmean": [2.86653033754e-07, 1.42180833791e-05, 1.79809339897e-05, 0.000196038890863, 0.000169041726622, 7.88913894212e-05, 3.62513528671e-05, 3.23356907757e-05, 2.08801975532e-05, 1.41830050779e-05, 1.19187207019e-05, 9.09552818484e-06, 1.08049589471e-05, 4.63390324512e-06, 4.32400975114e-06, 3.08836524709e-06, 6.38193978375e-06, 2.63289553004e-06, 3.71023884327e-06, 8.7154700168e-07, 1.11463623398e-06, 1.03787328953e-06, 6.90456886332e-07, 1.02594060536e-06, 2.37639028455e-06, 2.85535929834e-06, 6.67400229304e-07, 3.53706013811e-07, 1.49952668949e-07, 9.8176123231e-08, 3.96771646649e-08, 6.63593846539e-09, 1.10207010184e-09, 2.71485556258e-10, 7.43846512163e-11, 2.89912018003e-11, 1.01833437516e-11, 2.37251516176e-12, 1.29719943554e-12, 3.43830893661e-13],
        "dmean2": [4.61253108597e-07, 2.43691974902e-05, 3.11761323246e-05, 0.00033525240724, 0.000303860695567, 0.000138937917654, 6.22429215582e-05, 5.42895650142e-05, 3.89551714761e-05, 2.6748271921e-05, 2.21867157961e-05, 1.76454304892e-05, 1.99876139959e-05, 8.63731656864e-06, 8.27925032354e-06, 5.66881044506e-06, 1.16638948384e-05, 4.64002687295e-06, 6.6595393946e-06, 1.53721464358e-06, 1.94507288143e-06, 1.87257046491e-06, 1.21777566164e-06, 1.82439873697e-06, 4.37335438619e-06, 5.35159369974e-06, 1.19613071092e-06, 6.49207549941e-07, 2.81321860029e-07, 1.84623289101e-07, 7.81126274774e-08, 1.24341204e-08, 2.14148587752e-09, 5.21230170136e-10, 1.36951755492e-10, 5.24893913056e-11, 1.8260245746e-11, 3.60385592896e-12, 1.54205587102e-12, 4.66999594377e-13],
        "dvar": [9.73542671175e-14, 1.44337408692e-09, 7.73351105376e-10, 2.99913381241e-07, 3.91818204548e-08, 5.98011862252e-09, 1.75995784613e-09, 2.25696594747e-09, 3.22845572498e-09, 9.82779746472e-10, 8.7221119216e-10, 7.02788771623e-10, 9.96632110173e-10, 1.40049347119e-10, 1.7207858749e-10, 4.35024377632e-11, 3.85671883318e-10, 1.64751094711e-11, 5.16747963863e-11, 1.75475649636e-12, 2.27278265652e-12, 2.4668446539e-12, 1.43065724198e-12, 2.81917913493e-12, 3.32863354935e-11, 4.66725304238e-11, 9.54296862886e-13, 4.21568460479e-13, 1.15918586579e-13, 8.67009778858e-14, 2.15623654728e-14, 3.52363535536e-16, 2.6318824103e-17, 8.02220023979e-19, 2.57397167785e-20, 5.74652024674e-21, 8.86006765427e-22, 6.13828384462e-23, 8.11673689749e-23, 3.30020452737e-24],
        "dvar2": [2.17322619861e-13, 2.89835000444e-09, 2.02298799934e-09, 7.96845085915e-07, 1.10523195929e-07, 1.70850000814e-08, 4.82776796318e-09, 5.18261522586e-09, 9.78051684086e-09, 2.9858884254e-09, 2.68455546681e-09, 2.13629247625e-09, 2.86103118974e-09, 4.18895446108e-10, 5.3677229328e-10, 1.22558366233e-10, 1.11780917855e-09, 4.64989990956e-11, 1.47464929157e-10, 4.92796472032e-12, 6.75000983927e-12, 7.25471852731e-12, 4.15656745134e-12, 8.07058152946e-12, 9.83061548832e-11, 1.38409048112e-10, 2.52281377212e-12, 1.15926170573e-12, 3.27597432688e-13, 2.4566768975e-13, 6.42964075536e-14, 1.0059315636e-15, 7.78661109496e-17, 2.53966823289e-18, 7.88492599822e-20, 1.70722032807e-20, 2.60252608992e-21, 6.76843918857e-23, 7.81459118011e-23, 3.23257607361e-24],
        "max": [2.11312999454e-06, 0.000410046253819, 0.000231673824601, 0.00546222180128, 0.00118817936163, 0.000388089712942, 0.000226212912821, 0.000391493027564, 0.000372446142137, 0.000218226472498, 0.000160703653819, 0.000144457066199, 0.000250247481745, 9.26653083297e-05, 8.391780284e-05, 5.92752730881e-05, 0.00018381276459, 2.62034664047e-05, 7.08938678144e-05, 1.28083929667e-05, 9.77944273473e-06, 9.24873256736e-06, 7.69842426962e-06, 1.15730545076e-05, 3.73431430489e-05, 5.36165607627e-05, 4.81933648189e-06, 4.19182606493e-06, 1.84692646599e-06, 2.18649756789e-06, 1.26415886825e-06, 1.54412717279e-07, 4.66073402094e-08, 6.33311092457e-09, 9.87153137011e-10, 6.29972130017e-10, 2.66848154684e-10, 7.50457751497e-11, 1.00312848306e-10, 1.96476515613e-11],
        "mean": [4.37458794522e-07, 1.85041717486e-05, 2.56869716395e-05, 0.000221293070354, 0.00020435632905, 9.4595074188e-05, 3.6522596929e-05, 3.52183633368e-05, 1.52273123604e-05, 1.01402720247e-05, 9.53826656769e-06, 5.60674607186e-06, 8.83048141986e-06, 3.3400101529e-06, 2.96551115753e-06, 2.37223002841e-06, 4.95792255606e-06, 2.38655275098e-06, 3.42014755006e-06, 9.39307028602e-07, 1.06612230866e-06, 9.51746244482e-07, 6.11362452219e-07, 8.44553767365e-07, 1.84488237664e-06, 2.08346568797e-06, 5.51133950921e-07, 2.74268501244e-07, 9.9694197786e-08, 6.09370829352e-08, 2.50504381683e-08, 4.23499857405e-09, 6.83729350914e-10, 1.9165705134e-10, 7.05482131047e-11, 2.94823367109e-11, 1.10550891358e-11, 3.26776951852e-12, 1.52094406947e-12, 3.22834424124e-13],