{
"metadata": {
    "version": {
        "essentia": "2.0.1",
        "extractor": "archive-music 1.0 mod ismir14"
    },
    "audio_properties": {
        "analysis_sample_rate": 44100,
        "bitrate": 128,
        "channels": 2,
        "equal_loudness": 0,
        "length": 30.0669155121,
        "replay_gain": -14.3525009155,
        "downmix": "mix"
    },
    "tags": {
        "track": 0,
        "year": 0,
        "album": "",
        "artist": "",
        "comment": "",
        "genre": "",
        "title": ""
    }
},
"rhythm": {
    "bpm": 109.27457428,
    "bpm_histogram_first_peak": 110,
    "bpm_histogram_first_peak_spread": 0.490566015244,
    "bpm_histogram_first_peak_weight": 0.509433984756,
    "bpm_histogram_second_peak": 0,
    "bpm_histogram_second_peak_spread": 0,
    "bpm_histogram_second_peak_weight": 0
},
"tonal": {
    "tuning_frequency": {
        "dmean": 0.159304589033,
        "dmean2": 0.288723021746,
        "dvar": 0.374958366156,
        "dvar2": 0.558805763721,
        "max": 446.657836914,
        "mean": 441.805175781,
        "median": 441.782684326,
        "min": 440.254241943,
        "var": 1.71188545227
    },
    "hpcp": {
        "dmean": [0.128355786204, 0.09701538831, 0.0591752789915, 0.157662585378, 0.0422348789871, 0.138240888715, 0.0511649847031, 0.0986414253712, 0.140759810805, 0.0372800305486, 0.165640041232, 0.0645067989826],
        "dmean2": [0.240522488952, 0.178336173296, 0.11041944474, 0.262326270342, 0.076791882515, 0.226248443127, 0.0966012775898, 0.177912518382, 0.248122885823, 0.0718809142709, 0.267655968666, 0.120944477618],
        "dvar": [0.0466003865004, 0.0575628690422, 0.0104098496959, 0.0664279162884, 0.0120992604643, 0.0481807142496, 0.0169956162572, 0.0298291780055, 0.0358158834279, 0.00604572333395, 0.0620276890695, 0.0220275782049],
        "dvar2": [0.117739506066, 0.113402716815, 0.0252224132419, 0.153511971235, 0.0256987512112, 0.0995460301638, 0.0477101840079, 0.0719986706972, 0.0876940339804, 0.017231060192, 0.128211274743, 0.0601361840963],
        "max": [1, 1, 0.622778594494, 1, 1, 1, 1, 1, 1, 0.525016784668, 1, 0.910475373268],
        "mean": [0.168621957302, 0.24931012094, 0.0436796471477, 0.459584534168, 0.036583032459, 0.251835227013, 0.0351472273469, 0.102039501071, 0.229634031653, 0.0265670530498, 0.223395898938, 0.0445497557521],
        "median": [0.040540818125, 0.0155968572944, 0.0112665686756, 0.285309135914, 0.00928361341357, 0.078132301569, 0.0105468500406, 0.0250985398889, 0.108791001141, 0.0105645628646, 0.0875854119658, 0.0103306360543],
        "min": [7.85603915574e-05, 0.000180917457328, 0.000534150167368, 0.000877837825101, 0.000104338840174, 0.000592342054006, 0.000352092785761, 0.00098830438219, 0.000763068499509, 0.00020906458667, 0.000407352490583, 0.000642958446406],
        "var": [0.080400288105, 0.165226146579, 0.00830002315342, 0.190911129117, 0.0118039017543, 0.123593747616, 0.00981625914574, 0.036920864135, 0.0907324627042, 0.00340731092729, 0.0960722342134, 0.0143915526569]
    }
},
"lowlevel": {
    "melbands": {
        "dmean": [0.000147544735228, 0.000256374507444, 0.000171572086401, 0.000116021743452, 4.4937554776e-05, 5.64417532587e-05, 2.56594812527e-05, 4.0507693484e-05, 6.03957923886e-05, 4.40147523477e-05, 9.42538372328e-06, 1.09621851152e-05, 7.59635486247e-06, 7.8669290815e-06, 6.20461605649e-06, 6.88534555593e-06, 6.2185099523e-06, 6.71399629937e-06, 3.67149959857e-06, 5.39567326996e-06, 2.31037506637e-06, 1.6056583263e-06, 1.86091131127e-06, 1.20891752431e-06, 6.5168603669e-07, 4.37185065039e-07, 2.8762178772e-07, 2.13041403185e-07, 2.41284965341e-07, 1.78751548674e-07, 1.52669841214e-07, 1.57801068212e-07, 1.48410364886e-07, 1.1186388349e-07, 8.71458993856e-08, 6.54197833683e-08, 3.79221987146e-08, 1.29369670532e-08, 2.83685563929e-09, 2.30120603129e-10],
        "dmean2": [0.000271774857538, 0.00042922393186, 0.000268197298283, 0.000192848485312, 7.11806569598e-05, 9.62091144174e-05, 4.4118907681e-05, 6.73622926115e-05, 0.000101245212136, 7.03749756212e-05, 1.65271339938e-05, 2.01913117053e-05, 1.36180724439e-05, 1.43442175613e-05, 1.09300735858e-05, 1.21316461446e-05, 1.05576673377e-05, 1.15497950901e-05, 6.2761278059e-06, 8.23247683002e-06, 3.91186540583e-06, 2.85204714601e-06, 3.00918281937e-06, 1.95739653464e-06, 1.17390095511e-06, 7.95768244188e-07, 5.33505556177e-07, 3.94774303913e-07, 4.34093664126e-07, 3.29854714209e-07, 2.79484225985e-07, 2.90104196665e-07, 2.75325675148e-07, 2.09190744727e-07, 1.63079661775e-07, 1.25459834521e-07, 7.29288345269e-08, 2.501316132e-08, 5.43045919343e-09, 4.45384784609e-10],
        "dvar": [4.44262866495e-08, 8.62952731495e-08, 3.42011183818e-08, 1.22489653975e-08, 1.47962331276e-09, 5.58600854461e-09, 1.1364770236e-09, 4.59221594085e-09, 1.17009770761e-08, 7.08371672431e-09, 4.21939261308e-10, 9.73763070178e-10, 3.67966102033e-10, 1.88381241162e-10, 1.83440998502e-10, 1.94944380083e-10, 1.23735979796e-10, 1.61897148465e-10, 3.57490981262e-11, 2.27028909561e-10, 1.34757621728e-11, 5.03182565059e-12, 1.37663196814e-11, 3.80466925326e-12, 8.23347466594e-13, 2.52815807568e-13, 9.11653294088e-14, 5.75105284575e-14, 7.73839271741e-14, 4.71936603837e-14, 3.47560589792e-14, 4.71465890688e-14, 5.60780669947e-14, 4.58902901302e-14, 5.62121895797e-14, 5.04622385544e-14, 2.25299345966e-14, 2.3879116627e-15, 8.36299186928e-17, 8.23713174823e-19],
        "dvar2": [1.22859120211e-07, 2.03118361242e-07, 8.20408274649e-08, 3.73840620682e-08, 3.65002228442e-09, 1.41244482776e-08, 2.4490642847e-09, 1.13984919281e-08, 3.48883979484e-08, 1.65299969268e-08, 1.21763366057e-09, 2.83691981018e-09, 1.04316955074e-09, 5.67554503395e-10, 5.3000859257e-10, 5.15441411775e-10, 3.23899712606e-10, 4.1040393306e-10, 9.65439048151e-11, 3.90388249505e-10, 2.88932194142e-11, 1.51253853192e-11, 2.87864333065e-11, 7.29109828068e-12, 2.02598137919e-12, 6.34202597122e-13, 2.42065563557e-13, 1.42102543382e-13, 1.87783626539e-13, 1.10314792782e-13, 9.01509363037e-14, 1.2864554799e-13, 1.56592471737e-13, 1.3424249776e-13, 1.66852778339e-13, 1.50861433263e-13, 6.73656822599e-14, 7.11695462898e-15, 2.47354478785e-16, 2.44905245794e-18],
        "max": [0.000833226309624, 0.00188301643357, 0.00164529122412, 0.000719655537978, 0.000295626639854, 0.00041812742711, 0.000175903522177, 0.000480254704598, 0.000828621909022, 0.000667567248456, 0.000133790890686, 0.000264663394773, 0.000152461303514, 9.11937822821e-05, 0.000115719536552, 9.55277355388e-05, 7.80897535151e-05, 0.000107666848635, 3.52086717612e-05, 0.000184903823538, 3.54872099706e-05, 1.38181630973e-05, 3.12291231239e-05, 1.68021342688e-05, 5.40658948012e-06, 3.41973418472e-06, 1.33914522848e-06, 1.10194923764e-06, 1.68280985235e-06, 1.02630201582e-06, 7.66728305734e-07, 1.24401481116e-06, 1.74946592324e-06, 1.73787805124e-06, 2.14102647078e-06, 2.0594675334e-06, 1.38349594181e-06, 4.48029112476e-07, 8.40977278926e-08, 8.40155589543e-09],
        "mean": [0.000153755259817, 0.000665347732138, 0.000477308203699, 0.000178029120434, 7.48997263145e-05, 6.84323968017e-05, 3.42814091709e-05, 4.3870346417e-05, 6.12800067756e-05, 4.37347698607e-05, 9.09621576284e-06, 9.78697789833e-06, 6.34552634438e-06, 6.42344730295e-06, 5.83392011322e-06, 6.64486788082e-06, 6.17399018665e-06, 6.18011654296e-06, 3.38624181495e-06, 6.55240364722e-06, 2.80793051388e-06, 1.98286852537e-06, 2.60999149759e-06, 1.56414967023e-06, 7.72855344167e-07, 4.77145079003e-07, 2.66185566034e-07, 1.81906102625e-07, 2.08010476399e-07, 1.45650759009e-07, 1.17156709223e-07, 1.17641924646e-07, 1.08417367528e-07, 8.06321480695e-08, 6.42984403498e-08, 4.4776314212e-08, 2.50007570202e-08, 8.4386888588e-09, 1.89971705034e-09, 1.49409706829e-10],